ccdc_id,misc-dent-ax,misc-dent-eq,f-chi-0-ax,f-chi-1-ax,f-chi-2-ax,f-chi-3-ax,f-Z-0-ax,f-Z-1-ax,f-Z-2-ax,f-Z-3-ax,f-I-0-ax,f-I-1-ax,f-I-2-ax,f-I-3-ax,f-T-0-ax,f-T-1-ax,f-T-2-ax,f-T-3-ax,f-S-0-ax,f-S-1-ax,f-S-2-ax,f-S-3-ax,f-chi-0-eq,f-chi-1-eq,f-chi-2-eq,f-chi-3-eq,f-Z-0-eq,f-Z-1-eq,f-Z-2-eq,f-Z-3-eq,f-I-0-eq,f-I-1-eq,f-I-2-eq,f-I-3-eq,f-T-0-eq,f-T-1-eq,f-T-2-eq,f-T-3-eq,f-S-0-eq,f-S-1-eq,f-S-2-eq,f-S-3-eq,lc-chi-0-ax,lc-chi-1-ax,lc-chi-2-ax,lc-chi-3-ax,lc-Z-0-ax,lc-Z-1-ax,lc-Z-2-ax,lc-Z-3-ax,lc-I-1-ax,lc-I-2-ax,lc-I-3-ax,lc-T-0-ax,lc-T-1-ax,lc-T-2-ax,lc-T-3-ax,lc-S-0-ax,lc-S-1-ax,lc-S-2-ax,lc-S-3-ax,lc-chi-0-eq,lc-chi-1-eq,lc-chi-2-eq,lc-chi-3-eq,lc-Z-0-eq,lc-Z-1-eq,lc-Z-2-eq,lc-Z-3-eq,lc-I-1-eq,lc-I-2-eq,lc-I-3-eq,lc-T-0-eq,lc-T-1-eq,lc-T-2-eq,lc-T-3-eq,lc-S-0-eq,lc-S-1-eq,lc-S-2-eq,lc-S-3-eq,mc-chi-0-all,mc-chi-1-all,mc-chi-2-all,mc-chi-3-all,mc-Z-0-all,mc-Z-1-all,mc-Z-2-all,mc-Z-3-all,mc-I-2-all,mc-I-3-all,mc-T-1-all,mc-T-2-all,mc-T-3-all,mc-S-0-all,mc-S-1-all,mc-S-2-all,mc-S-3-all,f-chi-0-all,f-chi-1-all,f-chi-2-all,f-chi-3-all,f-Z-0-all,f-Z-1-all,f-Z-2-all,f-Z-3-all,f-I-0-all,f-I-1-all,f-I-2-all,f-I-3-all,f-T-0-all,f-T-1-all,f-T-2-all,f-T-3-all,f-S-0-all,f-S-1-all,f-S-2-all,f-S-3-all,D_lc-chi-1-ax,D_lc-chi-2-ax,D_lc-chi-3-ax,D_lc-Z-1-ax,D_lc-Z-2-ax,D_lc-Z-3-ax,D_lc-T-1-ax,D_lc-T-2-ax,D_lc-T-3-ax,D_lc-S-1-ax,D_lc-S-2-ax,D_lc-S-3-ax,D_lc-chi-1-eq,D_lc-chi-2-eq,D_lc-chi-3-eq,D_lc-Z-1-eq,D_lc-Z-2-eq,D_lc-Z-3-eq,D_lc-T-1-eq,D_lc-T-2-eq,D_lc-T-3-eq,D_lc-S-1-eq,D_lc-S-2-eq,D_lc-S-3-eq,D_mc-chi-1-all,D_mc-chi-2-all,D_mc-chi-3-all,D_mc-Z-1-all,D_mc-Z-2-all,D_mc-Z-3-all,D_mc-T-1-all,D_mc-T-2-all,D_mc-T-3-all,D_mc-S-1-all,D_mc-S-2-all,D_mc-S-3-all
ABISOV,4.000000,2.000000,241.131400,536.571000,872.502000,1067.775600,862.000000,2052.000000,2760.000000,2748.000000,40.000000,84.000000,138.000000,174.000000,222.000000,552.000000,774.000000,852.000000,15.386400,38.438400,56.405400,62.995800,95.310800,197.965000,301.291600,355.925200,514.666667,868.000000,1069.333333,916.000000,15.333333,30.666667,47.333333,58.000000,78.000000,189.333333,259.333333,284.000000,6.592667,14.630000,19.821800,20.998600,9.241600,15.504000,29.944000,43.745600,49.000000,84.000000,133.000000,119.000000,2.000000,4.000000,6.000000,4.000000,12.000000,22.000000,20.000000,0.562500,1.155000,2.010000,2.250000,9.241600,11.628000,20.783467,15.787733,49.000000,63.000000,124.833333,65.333333,1.500000,2.833333,2.000000,2.833333,9.333333,11.833333,10.833333,0.562500,0.866250,1.411250,0.945000,3.348900,33.379200,51.331500,73.675800,676.000000,1092.000000,1716.000000,2002.000000,11.000000,17.000000,102.000000,204.000000,174.000000,1.562500,5.625000,10.587500,12.487500,289.281300,660.653400,1283.785800,1919.373600,2220.000000,4788.000000,8110.000000,10574.000000,47.000000,104.000000,194.000000,300.000000,298.000000,840.000000,1524.000000,2016.000000,21.340500,55.140000,97.515400,141.190800,0.980000,2.310000,3.850000,2.000000,9.000000,25.000000,-2.000000,-3.000000,2.000000,-0.040000,0.320000,1.500000,0.735000,1.776667,0.886667,1.500000,2.000000,4.666667,-1.500000,1.500000,0.833333,-0.030000,0.243333,0.240000,-7.260000,-7.920000,-9.150000,114.000000,220.000000,365.000000,19.000000,32.000000,73.000000,3.000000,5.280000,11.260000
ABISOV02,4.000000,2.000000,241.131400,536.571000,872.502000,1067.775600,862.000000,2052.000000,2760.000000,2748.000000,40.000000,84.000000,138.000000,174.000000,222.000000,552.000000,774.000000,852.000000,15.386400,38.438400,56.405400,62.995800,95.310800,197.965000,301.291600,355.925200,514.666667,868.000000,1069.333333,916.000000,15.333333,30.666667,47.333333,58.000000,78.000000,189.333333,259.333333,284.000000,6.592667,14.630000,19.821800,20.998600,9.241600,15.504000,29.944000,43.745600,49.000000,84.000000,133.000000,119.000000,2.000000,4.000000,6.000000,4.000000,12.000000,22.000000,20.000000,0.562500,1.155000,2.010000,2.250000,9.241600,11.628000,20.783467,15.787733,49.000000,63.000000,124.833333,65.333333,1.500000,2.833333,2.000000,2.833333,9.333333,11.833333,10.833333,0.562500,0.866250,1.411250,0.945000,3.348900,33.379200,51.331500,73.675800,676.000000,1092.000000,1716.000000,2002.000000,11.000000,17.000000,102.000000,204.000000,174.000000,1.562500,5.625000,10.587500,12.487500,289.281300,660.653400,1283.785800,1919.373600,2220.000000,4788.000000,8110.000000,10574.000000,47.000000,104.000000,194.000000,300.000000,298.000000,840.000000,1524.000000,2016.000000,21.340500,55.140000,97.515400,141.190800,0.980000,2.310000,3.850000,2.000000,9.000000,25.000000,-2.000000,-3.000000,2.000000,-0.040000,0.320000,1.500000,0.735000,1.776667,0.886667,1.500000,2.000000,4.666667,-1.500000,1.500000,0.833333,-0.030000,0.243333,0.240000,-7.260000,-7.920000,-9.150000,114.000000,220.000000,365.000000,19.000000,32.000000,73.000000,3.000000,5.280000,11.260000
ABITEM,4.000000,2.000000,241.131400,536.571000,872.502000,1067.775600,862.000000,2052.000000,2760.000000,2748.000000,40.000000,84.000000,138.000000,174.000000,222.000000,552.000000,774.000000,852.000000,15.386400,38.438400,56.405400,62.995800,95.310800,197.965000,301.291600,355.925200,514.666667,868.000000,1069.333333,916.000000,15.333333,30.666667,47.333333,58.000000,78.000000,189.333333,259.333333,284.000000,6.592667,14.630000,19.821800,20.998600,9.241600,15.504000,29.944000,43.745600,49.000000,84.000000,133.000000,119.000000,2.000000,4.000000,6.000000,4.000000,12.000000,22.000000,20.000000,0.562500,1.155000,2.010000,2.250000,9.241600,11.628000,20.783467,15.787733,49.000000,63.000000,124.833333,65.333333,1.500000,2.833333,2.000000,2.833333,9.333333,11.833333,10.833333,0.562500,0.866250,1.411250,0.945000,3.348900,33.379200,51.331500,73.675800,676.000000,1092.000000,1716.000000,2002.000000,11.000000,17.000000,102.000000,204.000000,174.000000,1.562500,5.625000,10.587500,12.487500,289.281300,660.653400,1283.785800,1919.373600,2220.000000,4788.000000,8110.000000,10574.000000,47.000000,104.000000,194.000000,300.000000,298.000000,840.000000,1524.000000,2016.000000,21.340500,55.140000,97.515400,141.190800,0.980000,2.310000,3.850000,2.000000,9.000000,25.000000,-2.000000,-3.000000,2.000000,-0.040000,0.320000,1.500000,0.735000,1.776667,0.886667,1.500000,2.000000,4.666667,-1.500000,1.500000,0.833333,-0.030000,0.243333,0.240000,-7.260000,-7.920000,-9.150000,114.000000,220.000000,365.000000,19.000000,32.000000,73.000000,3.000000,5.280000,11.260000
ABITEM01,4.000000,2.000000,241.131400,536.571000,872.502000,1067.775600,862.000000,2052.000000,2760.000000,2748.000000,40.000000,84.000000,138.000000,174.000000,222.000000,552.000000,774.000000,852.000000,15.386400,38.438400,56.405400,62.995800,95.310800,197.965000,301.291600,355.925200,514.666667,868.000000,1069.333333,916.000000,15.333333,30.666667,47.333333,58.000000,78.000000,189.333333,259.333333,284.000000,6.592667,14.630000,19.821800,20.998600,9.241600,15.504000,29.944000,43.745600,49.000000,84.000000,133.000000,119.000000,2.000000,4.000000,6.000000,4.000000,12.000000,22.000000,20.000000,0.562500,1.155000,2.010000,2.250000,9.241600,11.628000,20.783467,15.787733,49.000000,63.000000,124.833333,65.333333,1.500000,2.833333,2.000000,2.833333,9.333333,11.833333,10.833333,0.562500,0.866250,1.411250,0.945000,3.348900,33.379200,51.331500,73.675800,676.000000,1092.000000,1716.000000,2002.000000,11.000000,17.000000,102.000000,204.000000,174.000000,1.562500,5.625000,10.587500,12.487500,289.281300,660.653400,1283.785800,1919.373600,2220.000000,4788.000000,8110.000000,10574.000000,47.000000,104.000000,194.000000,300.000000,298.000000,840.000000,1524.000000,2016.000000,21.340500,55.140000,97.515400,141.190800,0.980000,2.310000,3.850000,2.000000,9.000000,25.000000,-2.000000,-3.000000,2.000000,-0.040000,0.320000,1.500000,0.735000,1.776667,0.886667,1.500000,2.000000,4.666667,-1.500000,1.500000,0.833333,-0.030000,0.243333,0.240000,-7.260000,-7.920000,-9.150000,114.000000,220.000000,365.000000,19.000000,32.000000,73.000000,3.000000,5.280000,11.260000
ABITUC,4.000000,2.000000,241.131400,536.571000,872.502000,1067.775600,862.000000,2052.000000,2760.000000,2748.000000,40.000000,84.000000,138.000000,174.000000,222.000000,552.000000,774.000000,852.000000,15.386400,38.438400,56.405400,62.995800,95.310800,197.965000,301.291600,355.925200,514.666667,868.000000,1069.333333,916.000000,15.333333,30.666667,47.333333,58.000000,78.000000,189.333333,259.333333,284.000000,6.592667,14.630000,19.821800,20.998600,9.241600,15.504000,29.944000,43.745600,49.000000,84.000000,133.000000,119.000000,2.000000,4.000000,6.000000,4.000000,12.000000,22.000000,20.000000,0.562500,1.155000,2.010000,2.250000,9.241600,11.628000,20.783467,15.787733,49.000000,63.000000,124.833333,65.333333,1.500000,2.833333,2.000000,2.833333,9.333333,11.833333,10.833333,0.562500,0.866250,1.411250,0.945000,3.348900,33.379200,51.331500,73.675800,676.000000,1092.000000,1716.000000,2002.000000,11.000000,17.000000,102.000000,204.000000,174.000000,1.562500,5.625000,10.587500,12.487500,289.281300,660.653400,1283.785800,1919.373600,2220.000000,4788.000000,8110.000000,10574.000000,47.000000,104.000000,194.000000,300.000000,298.000000,840.000000,1524.000000,2016.000000,21.340500,55.140000,97.515400,141.190800,0.980000,2.310000,3.850000,2.000000,9.000000,25.000000,-2.000000,-3.000000,2.000000,-0.040000,0.320000,1.500000,0.735000,1.776667,0.886667,1.500000,2.000000,4.666667,-1.500000,1.500000,0.833333,-0.030000,0.243333,0.240000,-7.260000,-7.920000,-9.150000,114.000000,220.000000,365.000000,19.000000,32.000000,73.000000,3.000000,5.280000,11.260000
ABITUC01,4.000000,2.000000,241.131400,536.571000,872.502000,1067.775600,862.000000,2052.000000,2760.000000,2748.000000,40.000000,84.000000,138.000000,174.000000,222.000000,552.000000,774.000000,852.000000,15.386400,38.438400,56.405400,62.995800,95.310800,197.965000,301.291600,355.925200,514.666667,868.000000,1069.333333,916.000000,15.333333,30.666667,47.333333,58.000000,78.000000,189.333333,259.333333,284.000000,6.592667,14.630000,19.821800,20.998600,9.241600,15.504000,29.944000,43.745600,49.000000,84.000000,133.000000,119.000000,2.000000,4.000000,6.000000,4.000000,12.000000,22.000000,20.000000,0.562500,1.155000,2.010000,2.250000,9.241600,11.628000,20.783467,15.787733,49.000000,63.000000,124.833333,65.333333,1.500000,2.833333,2.000000,2.833333,9.333333,11.833333,10.833333,0.562500,0.866250,1.411250,0.945000,3.348900,33.379200,51.331500,73.675800,676.000000,1092.000000,1716.000000,2002.000000,11.000000,17.000000,102.000000,204.000000,174.000000,1.562500,5.625000,10.587500,12.487500,289.281300,660.653400,1283.785800,1919.373600,2220.000000,4788.000000,8110.000000,10574.000000,47.000000,104.000000,194.000000,300.000000,298.000000,840.000000,1524.000000,2016.000000,21.340500,55.140000,97.515400,141.190800,0.980000,2.310000,3.850000,2.000000,9.000000,25.000000,-2.000000,-3.000000,2.000000,-0.040000,0.320000,1.500000,0.735000,1.776667,0.886667,1.500000,2.000000,4.666667,-1.500000,1.500000,0.833333,-0.030000,0.243333,0.240000,-7.260000,-7.920000,-9.150000,114.000000,220.000000,365.000000,19.000000,32.000000,73.000000,3.000000,5.280000,11.260000
ABIVAK,4.000000,2.000000,241.131400,536.571000,872.502000,1067.775600,862.000000,2052.000000,2760.000000,2748.000000,40.000000,84.000000,138.000000,174.000000,222.000000,552.000000,774.000000,852.000000,15.386400,38.438400,56.405400,62.995800,95.310800,197.965000,301.291600,355.925200,514.666667,868.000000,1069.333333,916.000000,15.333333,30.666667,47.333333,58.000000,78.000000,189.333333,259.333333,284.000000,6.592667,14.630000,19.821800,20.998600,9.241600,15.504000,29.944000,43.745600,49.000000,84.000000,133.000000,119.000000,2.000000,4.000000,6.000000,4.000000,12.000000,22.000000,20.000000,0.562500,1.155000,2.010000,2.250000,9.241600,11.628000,20.783467,15.787733,49.000000,63.000000,124.833333,65.333333,1.500000,2.833333,2.000000,2.833333,9.333333,11.833333,10.833333,0.562500,0.866250,1.411250,0.945000,3.348900,33.379200,51.331500,73.675800,676.000000,1092.000000,1716.000000,2002.000000,11.000000,17.000000,102.000000,204.000000,174.000000,1.562500,5.625000,10.587500,12.487500,289.281300,660.653400,1283.785800,1919.373600,2220.000000,4788.000000,8110.000000,10574.000000,47.000000,104.000000,194.000000,300.000000,298.000000,840.000000,1524.000000,2016.000000,21.340500,55.140000,97.515400,141.190800,0.980000,2.310000,3.850000,2.000000,9.000000,25.000000,-2.000000,-3.000000,2.000000,-0.040000,0.320000,1.500000,0.735000,1.776667,0.886667,1.500000,2.000000,4.666667,-1.500000,1.500000,0.833333,-0.030000,0.243333,0.240000,-7.260000,-7.920000,-9.150000,114.000000,220.000000,365.000000,19.000000,32.000000,73.000000,3.000000,5.280000,11.260000
ABIVAK01,4.000000,2.000000,241.131400,536.571000,872.502000,1067.775600,862.000000,2052.000000,2760.000000,2748.000000,40.000000,84.000000,138.000000,174.000000,222.000000,552.000000,774.000000,852.000000,15.386400,38.438400,56.405400,62.995800,95.310800,197.965000,301.291600,355.925200,514.666667,868.000000,1069.333333,916.000000,15.333333,30.666667,47.333333,58.000000,78.000000,189.333333,259.333333,284.000000,6.592667,14.630000,19.821800,20.998600,9.241600,15.504000,29.944000,43.745600,49.000000,84.000000,133.000000,119.000000,2.000000,4.000000,6.000000,4.000000,12.000000,22.000000,20.000000,0.562500,1.155000,2.010000,2.250000,9.241600,11.628000,20.783467,15.787733,49.000000,63.000000,124.833333,65.333333,1.500000,2.833333,2.000000,2.833333,9.333333,11.833333,10.833333,0.562500,0.866250,1.411250,0.945000,3.348900,33.379200,51.331500,73.675800,676.000000,1092.000000,1716.000000,2002.000000,11.000000,17.000000,102.000000,204.000000,174.000000,1.562500,5.625000,10.587500,12.487500,289.281300,660.653400,1283.785800,1919.373600,2220.000000,4788.000000,8110.000000,10574.000000,47.000000,104.000000,194.000000,300.000000,298.000000,840.000000,1524.000000,2016.000000,21.340500,55.140000,97.515400,141.190800,0.980000,2.310000,3.850000,2.000000,9.000000,25.000000,-2.000000,-3.000000,2.000000,-0.040000,0.320000,1.500000,0.735000,1.776667,0.886667,1.500000,2.000000,4.666667,-1.500000,1.500000,0.833333,-0.030000,0.243333,0.240000,-7.260000,-7.920000,-9.150000,114.000000,220.000000,365.000000,19.000000,32.000000,73.000000,3.000000,5.280000,11.260000
ABIWAK,2.000000,2.000000,125.605500,275.574200,426.739400,402.286600,504.000000,1154.000000,1550.000000,1282.000000,19.000000,40.000000,62.000000,60.000000,102.000000,240.000000,310.000000,276.000000,7.921100,19.066000,26.699800,24.366000,125.605500,275.574200,426.739400,402.286600,504.000000,1154.000000,1550.000000,1282.000000,19.000000,40.000000,62.000000,60.000000,102.000000,240.000000,310.000000,276.000000,7.921100,19.066000,26.699800,24.366000,9.241600,15.504000,31.433600,32.923200,49.000000,84.000000,140.000000,147.000000,2.000000,4.000000,4.000000,4.000000,12.000000,19.000000,17.000000,0.562500,1.155000,1.995000,1.980000,9.241600,15.504000,31.433600,32.923200,49.000000,84.000000,140.000000,147.000000,2.000000,4.000000,4.000000,4.000000,12.000000,19.000000,17.000000,0.562500,1.155000,1.995000,1.980000,3.348900,33.379200,55.998000,85.534200,676.000000,1092.000000,1872.000000,2184.000000,12.000000,18.000000,108.000000,216.000000,234.000000,1.562500,5.625000,11.550000,14.175000,380.165400,893.481000,1669.462200,2159.694600,2188.000000,5646.000000,9864.000000,12456.000000,58.000000,132.000000,240.000000,318.000000,372.000000,1008.000000,1746.000000,2322.000000,25.325800,68.448000,120.074400,160.443000,0.980000,1.820000,1.330000,2.000000,8.000000,7.000000,-2.000000,-1.500000,-0.500000,-0.040000,0.340000,0.360000,0.980000,1.820000,1.330000,2.000000,8.000000,7.000000,-2.000000,-1.500000,-0.500000,-0.040000,0.340000,0.360000,-7.260000,-8.640000,-13.800000,114.000000,240.000000,384.000000,18.000000,36.000000,69.000000,3.000000,5.760000,11.160000
ABUFOV,3.000000,3.000000,244.018000,561.714000,913.158400,1061.959800,979.000000,2388.000000,3580.000000,3660.000000,39.000000,86.000000,140.000000,166.000000,226.000000,570.000000,830.000000,868.000000,16.587100,42.026600,64.211200,69.418200,244.018000,561.714000,913.158400,1061.959800,979.000000,2388.000000,3580.000000,3660.000000,39.000000,86.000000,140.000000,166.000000,226.000000,570.000000,830.000000,868.000000,16.587100,42.026600,64.211200,69.418200,9.241600,15.504000,32.497600,43.061600,49.000000,84.000000,175.000000,203.000000,2.000000,4.000000,5.500000,4.000000,12.000000,23.000000,28.000000,0.562500,1.155000,2.295000,2.861250,9.241600,15.504000,31.504533,53.083467,49.000000,84.000000,170.333333,235.666667,2.000000,4.000000,6.500000,4.000000,12.000000,23.666667,28.000000,0.562500,1.155000,2.305000,3.208750,3.348900,33.379200,55.998000,78.250800,676.000000,1092.000000,1872.000000,2600.000000,12.000000,16.000000,108.000000,216.000000,276.000000,1.562500,5.625000,11.550000,15.300000,491.384900,1190.186400,2215.560800,3012.696400,2634.000000,6960.000000,12374.000000,16496.000000,79.000000,184.000000,334.000000,460.000000,518.000000,1428.000000,2502.000000,3328.000000,34.736700,95.303200,168.397400,224.996400,0.980000,1.470000,2.555000,2.000000,3.000000,9.500000,-2.000000,-3.500000,-3.000000,-0.040000,-0.060000,0.310000,0.980000,1.796667,2.298333,2.000000,3.666667,11.833333,-2.000000,-3.833333,-1.000000,-0.040000,-0.073333,0.596667,-7.260000,-8.640000,-13.480000,114.000000,240.000000,316.000000,18.000000,36.000000,50.000000,3.000000,5.760000,7.760000
ABUGAI,3.000000,3.000000,260.200500,597.159000,981.066400,1163.737800,1017.000000,2484.000000,3712.000000,3834.000000,42.000000,92.000000,152.000000,184.000000,244.000000,618.000000,890.000000,934.000000,17.453800,44.352000,67.934000,73.958000,260.200500,597.159000,981.066400,1163.737800,1017.000000,2484.000000,3712.000000,3834.000000,42.000000,92.000000,152.000000,184.000000,244.000000,618.000000,890.000000,934.000000,17.453800,44.352000,67.934000,73.958000,9.241600,15.504000,32.497600,43.061600,49.000000,84.000000,175.000000,203.000000,2.000000,4.000000,5.500000,4.000000,12.000000,23.000000,28.000000,0.562500,1.155000,2.295000,2.861250,9.241600,15.504000,31.504533,53.083467,49.000000,84.000000,170.333333,235.666667,2.000000,4.000000,6.500000,4.000000,12.000000,23.666667,28.000000,0.562500,1.155000,2.305000,3.208750,3.348900,33.379200,55.998000,78.250800,676.000000,1092.000000,1872.000000,2600.000000,12.000000,16.000000,108.000000,216.000000,276.000000,1.562500,5.625000,11.550000,15.300000,523.749900,1261.076400,2351.376800,3216.252400,2710.000000,7152.000000,12638.000000,16844.000000,85.000000,196.000000,358.000000,496.000000,554.000000,1524.000000,2622.000000,3460.000000,36.470100,99.954000,175.843000,234.076000,0.980000,1.470000,2.555000,2.000000,3.000000,9.500000,-2.000000,-3.500000,-3.000000,-0.040000,-0.060000,0.310000,0.980000,1.796667,2.298333,2.000000,3.666667,11.833333,-2.000000,-3.833333,-1.000000,-0.040000,-0.073333,0.596667,-7.260000,-8.640000,-13.480000,114.000000,240.000000,316.000000,18.000000,36.000000,50.000000,3.000000,5.760000,7.760000
ADIYOB,3.000000,3.000000,161.295500,366.018400,568.646400,611.334400,650.000000,1552.000000,2172.000000,1828.000000,25.000000,54.000000,84.000000,94.000000,138.000000,342.000000,476.000000,424.000000,10.566500,26.104600,38.103600,36.132200,161.295500,366.018400,568.646400,611.334400,650.000000,1552.000000,2172.000000,1828.000000,25.000000,54.000000,84.000000,94.000000,138.000000,342.000000,476.000000,424.000000,10.566500,26.104600,38.103600,36.132200,9.241600,16.993600,29.944000,30.369600,49.000000,91.000000,133.000000,105.000000,2.000000,4.000000,4.000000,4.000000,12.000000,20.000000,14.000000,0.562500,1.140000,2.010000,1.695000,9.241600,16.000533,32.639467,46.866667,49.000000,86.333333,165.666667,193.666667,2.000000,4.000000,6.000000,4.000000,12.000000,22.666667,24.666667,0.562500,1.150000,2.190000,2.840000,3.348900,33.379200,59.584800,72.102000,676.000000,1092.000000,1976.000000,1976.000000,12.000000,16.000000,108.000000,216.000000,240.000000,1.562500,5.625000,11.450000,13.400000,325.939900,798.795200,1533.710400,2146.815200,1976.000000,5288.000000,9766.000000,11808.000000,51.000000,120.000000,222.000000,316.000000,342.000000,972.000000,1782.000000,2316.000000,22.695500,63.459200,115.982200,154.144400,0.490000,2.310000,2.170000,1.000000,9.000000,13.000000,-2.000000,-2.000000,1.000000,-0.020000,0.320000,0.740000,0.816667,1.423333,2.823333,1.666667,4.333333,14.333333,-2.000000,-3.333333,-0.333333,-0.033333,0.080000,0.713333,-7.260000,-10.600000,-10.120000,114.000000,236.000000,340.000000,18.000000,36.000000,56.000000,3.000000,5.840000,9.280000
ADIYUH,3.000000,3.000000,161.295500,366.018400,568.646400,611.334400,650.000000,1552.000000,2172.000000,1828.000000,25.000000,54.000000,84.000000,94.000000,138.000000,342.000000,476.000000,424.000000,10.566500,26.104600,38.103600,36.132200,161.295500,366.018400,568.646400,611.334400,650.000000,1552.000000,2172.000000,1828.000000,25.000000,54.000000,84.000000,94.000000,138.000000,342.000000,476.000000,424.000000,10.566500,26.104600,38.103600,36.132200,9.241600,16.993600,29.944000,30.369600,49.000000,91.000000,133.000000,105.000000,2.000000,4.000000,4.000000,4.000000,12.000000,20.000000,14.000000,0.562500,1.140000,2.010000,1.695000,9.241600,16.000533,32.639467,46.866667,49.000000,86.333333,165.666667,193.666667,2.000000,4.000000,6.000000,4.000000,12.000000,22.666667,24.666667,0.562500,1.150000,2.190000,2.840000,3.348900,33.379200,59.584800,72.102000,676.000000,1092.000000,1976.000000,1976.000000,12.000000,16.000000,108.000000,216.000000,240.000000,1.562500,5.625000,11.450000,13.400000,325.939900,798.795200,1533.710400,2146.815200,1976.000000,5288.000000,9766.000000,11808.000000,51.000000,120.000000,222.000000,316.000000,342.000000,972.000000,1782.000000,2316.000000,22.695500,63.459200,115.982200,154.144400,0.490000,2.310000,2.170000,1.000000,9.000000,13.000000,-2.000000,-2.000000,1.000000,-0.020000,0.320000,0.740000,0.816667,1.423333,2.823333,1.666667,4.333333,14.333333,-2.000000,-3.333333,-0.333333,-0.033333,0.080000,0.713333,-7.260000,-10.600000,-10.120000,114.000000,236.000000,340.000000,18.000000,36.000000,56.000000,3.000000,5.840000,9.280000
AFANEB,3.000000,3.000000,193.660500,436.908400,701.872400,769.816400,726.000000,1744.000000,2516.000000,2264.000000,31.000000,66.000000,108.000000,118.000000,174.000000,426.000000,584.000000,568.000000,12.299900,30.755400,45.597200,45.905000,193.660500,436.908400,701.872400,769.816400,726.000000,1744.000000,2516.000000,2264.000000,31.000000,66.000000,108.000000,118.000000,174.000000,426.000000,584.000000,568.000000,12.299900,30.755400,45.597200,45.905000,9.241600,16.993600,31.008000,50.433600,49.000000,91.000000,168.000000,126.000000,2.000000,4.000000,7.000000,4.000000,12.000000,26.000000,20.000000,0.562500,1.140000,2.310000,2.527500,9.241600,16.000533,32.994133,53.554667,49.000000,86.333333,177.333333,200.666667,2.000000,4.000000,7.000000,4.000000,12.000000,24.666667,26.666667,0.562500,1.150000,2.290000,3.117500,3.348900,33.379200,59.584800,74.664000,676.000000,1092.000000,1976.000000,2496.000000,12.000000,16.000000,108.000000,216.000000,312.000000,1.562500,5.625000,11.450000,15.400000,390.669900,940.575200,1800.162400,2468.903200,2128.000000,5672.000000,10454.000000,13720.000000,63.000000,144.000000,270.000000,364.000000,414.000000,1140.000000,2022.000000,2772.000000,26.162300,72.760800,130.969400,177.690000,0.490000,1.960000,4.690000,1.000000,4.000000,31.000000,-2.000000,-5.000000,4.000000,-0.020000,-0.080000,1.880000,0.816667,1.306667,3.663333,1.666667,2.666667,20.333333,-2.000000,-4.333333,0.666667,-0.033333,-0.053333,1.093333,-7.260000,-10.600000,-11.520000,114.000000,236.000000,320.000000,18.000000,36.000000,44.000000,3.000000,5.840000,7.680000
AFANEB02,3.000000,3.000000,193.660500,436.908400,701.872400,769.816400,726.000000,1744.000000,2516.000000,2264.000000,31.000000,66.000000,108.000000,118.000000,174.000000,426.000000,584.000000,568.000000,12.299900,30.755400,45.597200,45.905000,193.660500,436.908400,701.872400,769.816400,726.000000,1744.000000,2516.000000,2264.000000,31.000000,66.000000,108.000000,118.000000,174.000000,426.000000,584.000000,568.000000,12.299900,30.755400,45.597200,45.905000,9.241600,16.993600,31.008000,50.433600,49.000000,91.000000,168.000000,126.000000,2.000000,4.000000,7.000000,4.000000,12.000000,26.000000,20.000000,0.562500,1.140000,2.310000,2.527500,9.241600,16.000533,32.994133,53.554667,49.000000,86.333333,177.333333,200.666667,2.000000,4.000000,7.000000,4.000000,12.000000,24.666667,26.666667,0.562500,1.150000,2.290000,3.117500,3.348900,33.379200,59.584800,74.664000,676.000000,1092.000000,1976.000000,2496.000000,12.000000,16.000000,108.000000,216.000000,312.000000,1.562500,5.625000,11.450000,15.400000,390.669900,940.575200,1800.162400,2468.903200,2128.000000,5672.000000,10454.000000,13720.000000,63.000000,144.000000,270.000000,364.000000,414.000000,1140.000000,2022.000000,2772.000000,26.162300,72.760800,130.969400,177.690000,0.490000,1.960000,4.690000,1.000000,4.000000,31.000000,-2.000000,-5.000000,4.000000,-0.020000,-0.080000,1.880000,0.816667,1.306667,3.663333,1.666667,2.666667,20.333333,-2.000000,-4.333333,0.666667,-0.033333,-0.053333,1.093333,-7.260000,-10.600000,-11.520000,114.000000,236.000000,320.000000,18.000000,36.000000,44.000000,3.000000,5.840000,7.680000
AFANIF02,3.000000,3.000000,193.660500,436.908400,701.872400,769.816400,726.000000,1744.000000,2516.000000,2264.000000,31.000000,66.000000,108.000000,118.000000,174.000000,426.000000,584.000000,568.000000,12.299900,30.755400,45.597200,45.905000,193.660500,436.908400,701.872400,769.816400,726.000000,1744.000000,2516.000000,2264.000000,31.000000,66.000000,108.000000,118.000000,174.000000,426.000000,584.000000,568.000000,12.299900,30.755400,45.597200,45.905000,9.241600,16.993600,31.008000,50.433600,49.000000,91.000000,168.000000,126.000000,2.000000,4.000000,7.000000,4.000000,12.000000,26.000000,20.000000,0.562500,1.140000,2.310000,2.527500,9.241600,16.000533,32.994133,53.554667,49.000000,86.333333,177.333333,200.666667,2.000000,4.000000,7.000000,4.000000,12.000000,24.666667,26.666667,0.562500,1.150000,2.290000,3.117500,3.348900,33.379200,59.584800,74.664000,676.000000,1092.000000,1976.000000,2496.000000,12.000000,16.000000,108.000000,216.000000,312.000000,1.562500,5.625000,11.450000,15.400000,390.669900,940.575200,1800.162400,2468.903200,2128.000000,5672.000000,10454.000000,13720.000000,63.000000,144.000000,270.000000,364.000000,414.000000,1140.000000,2022.000000,2772.000000,26.162300,72.760800,130.969400,177.690000,0.490000,1.960000,4.690000,1.000000,4.000000,31.000000,-2.000000,-5.000000,4.000000,-0.020000,-0.080000,1.880000,0.816667,1.306667,3.663333,1.666667,2.666667,20.333333,-2.000000,-4.333333,0.666667,-0.033333,-0.053333,1.093333,-7.260000,-10.600000,-11.520000,114.000000,236.000000,320.000000,18.000000,36.000000,44.000000,3.000000,5.840000,7.680000
AFOYOM,4.000000,2.000000,241.131400,536.571000,872.502000,1067.775600,862.000000,2052.000000,2760.000000,2748.000000,40.000000,84.000000,138.000000,174.000000,222.000000,552.000000,774.000000,852.000000,15.386400,38.438400,56.405400,62.995800,95.208200,197.863000,301.170000,355.925200,1114.666667,1012.000000,1237.333333,916.000000,15.333333,30.666667,47.333333,58.000000,78.000000,189.333333,259.333333,284.000000,6.796133,14.773733,19.961800,20.998600,9.241600,15.504000,29.944000,43.745600,49.000000,84.000000,133.000000,119.000000,2.000000,4.000000,6.000000,4.000000,12.000000,22.000000,20.000000,0.562500,1.155000,2.010000,2.250000,9.241600,11.628000,20.722667,15.787733,49.000000,63.000000,208.833333,65.333333,1.500000,2.833333,2.000000,2.833333,9.333333,11.833333,10.833333,0.562500,0.866250,1.481250,0.945000,3.348900,33.379200,51.331500,73.566000,676.000000,1092.000000,1716.000000,2938.000000,11.000000,17.000000,102.000000,204.000000,174.000000,1.562500,5.625000,10.587500,12.837500,288.973500,660.347400,1283.421000,1919.154000,4020.000000,5220.000000,8614.000000,12446.000000,47.000000,104.000000,194.000000,300.000000,298.000000,840.000000,1524.000000,2016.000000,21.950900,55.571200,97.935400,141.890800,0.980000,2.310000,3.850000,2.000000,9.000000,25.000000,-2.000000,-3.000000,2.000000,-0.040000,0.320000,1.500000,0.735000,1.796667,0.886667,1.500000,-10.000000,4.666667,-1.500000,1.500000,0.833333,-0.030000,0.150000,0.240000,-7.260000,-7.920000,-9.090000,114.000000,220.000000,329.000000,19.000000,32.000000,73.000000,3.000000,5.280000,10.980000
AFOYUS,4.000000,2.000000,241.131400,536.571000,872.502000,1067.775600,862.000000,2052.000000,2760.000000,2748.000000,40.000000,84.000000,138.000000,174.000000,222.000000,552.000000,774.000000,852.000000,15.386400,38.438400,56.405400,62.995800,95.208200,197.863000,301.170000,355.925200,1114.666667,1012.000000,1237.333333,916.000000,15.333333,30.666667,47.333333,58.000000,78.000000,189.333333,259.333333,284.000000,6.796133,14.773733,19.961800,20.998600,9.241600,15.504000,29.944000,43.745600,49.000000,84.000000,133.000000,119.000000,2.000000,4.000000,6.000000,4.000000,12.000000,22.000000,20.000000,0.562500,1.155000,2.010000,2.250000,9.241600,11.628000,20.722667,15.787733,49.000000,63.000000,208.833333,65.333333,1.500000,2.833333,2.000000,2.833333,9.333333,11.833333,10.833333,0.562500,0.866250,1.481250,0.945000,3.348900,33.379200,51.331500,73.566000,676.000000,1092.000000,1716.000000,2938.000000,11.000000,17.000000,102.000000,204.000000,174.000000,1.562500,5.625000,10.587500,12.837500,288.973500,660.347400,1283.421000,1919.154000,4020.000000,5220.000000,8614.000000,12446.000000,47.000000,104.000000,194.000000,300.000000,298.000000,840.000000,1524.000000,2016.000000,21.950900,55.571200,97.935400,141.890800,0.980000,2.310000,3.850000,2.000000,9.000000,25.000000,-2.000000,-3.000000,2.000000,-0.040000,0.320000,1.500000,0.735000,1.796667,0.886667,1.500000,-10.000000,4.666667,-1.500000,1.500000,0.833333,-0.030000,0.150000,0.240000,-7.260000,-7.920000,-9.090000,114.000000,220.000000,329.000000,19.000000,32.000000,73.000000,3.000000,5.280000,10.980000
AFOYUS02,4.000000,2.000000,241.131400,536.571000,872.502000,1067.775600,862.000000,2052.000000,2760.000000,2748.000000,40.000000,84.000000,138.000000,174.000000,222.000000,552.000000,774.000000,852.000000,15.386400,38.438400,56.405400,62.995800,95.208200,197.863000,301.170000,355.925200,1114.666667,1012.000000,1237.333333,916.000000,15.333333,30.666667,47.333333,58.000000,78.000000,189.333333,259.333333,284.000000,6.796133,14.773733,19.961800,20.998600,9.241600,15.504000,29.944000,43.745600,49.000000,84.000000,133.000000,119.000000,2.000000,4.000000,6.000000,4.000000,12.000000,22.000000,20.000000,0.562500,1.155000,2.010000,2.250000,9.241600,11.628000,20.722667,15.787733,49.000000,63.000000,208.833333,65.333333,1.500000,2.833333,2.000000,2.833333,9.333333,11.833333,10.833333,0.562500,0.866250,1.481250,0.945000,3.348900,33.379200,51.331500,73.566000,676.000000,1092.000000,1716.000000,2938.000000,11.000000,17.000000,102.000000,204.000000,174.000000,1.562500,5.625000,10.587500,12.837500,288.973500,660.347400,1283.421000,1919.154000,4020.000000,5220.000000,8614.000000,12446.000000,47.000000,104.000000,194.000000,300.000000,298.000000,840.000000,1524.000000,2016.000000,21.950900,55.571200,97.935400,141.890800,0.980000,2.310000,3.850000,2.000000,9.000000,25.000000,-2.000000,-3.000000,2.000000,-0.040000,0.320000,1.500000,0.735000,1.796667,0.886667,1.500000,-10.000000,4.666667,-1.500000,1.500000,0.833333,-0.030000,0.150000,0.240000,-7.260000,-7.920000,-9.090000,114.000000,220.000000,329.000000,19.000000,32.000000,73.000000,3.000000,5.280000,10.980000
AFUJOD01,4.000000,2.000000,241.131400,536.571000,872.502000,1067.775600,862.000000,2052.000000,2760.000000,2748.000000,40.000000,84.000000,138.000000,174.000000,222.000000,552.000000,774.000000,852.000000,15.386400,38.438400,56.405400,62.995800,95.208200,197.863000,301.170000,355.925200,1114.666667,1012.000000,1237.333333,916.000000,15.333333,30.666667,47.333333,58.000000,78.000000,189.333333,259.333333,284.000000,6.796133,14.773733,19.961800,20.998600,9.241600,15.504000,29.944000,43.745600,49.000000,84.000000,133.000000,119.000000,2.000000,4.000000,6.000000,4.000000,12.000000,22.000000,20.000000,0.562500,1.155000,2.010000,2.250000,9.241600,11.628000,20.722667,15.787733,49.000000,63.000000,208.833333,65.333333,1.500000,2.833333,2.000000,2.833333,9.333333,11.833333,10.833333,0.562500,0.866250,1.481250,0.945000,3.348900,33.379200,51.331500,73.566000,676.000000,1092.000000,1716.000000,2938.000000,11.000000,17.000000,102.000000,204.000000,174.000000,1.562500,5.625000,10.587500,12.837500,288.973500,660.347400,1283.421000,1919.154000,4020.000000,5220.000000,8614.000000,12446.000000,47.000000,104.000000,194.000000,300.000000,298.000000,840.000000,1524.000000,2016.000000,21.950900,55.571200,97.935400,141.890800,0.980000,2.310000,3.850000,2.000000,9.000000,25.000000,-2.000000,-3.000000,2.000000,-0.040000,0.320000,1.500000,0.735000,1.796667,0.886667,1.500000,-10.000000,4.666667,-1.500000,1.500000,0.833333,-0.030000,0.150000,0.240000,-7.260000,-7.920000,-9.090000,114.000000,220.000000,329.000000,19.000000,32.000000,73.000000,3.000000,5.280000,10.980000
AJAXEP,2.000000,1.500000,271.082000,585.888000,918.929400,1064.416400,1956.000000,3384.000000,5588.000000,5956.000000,44.000000,92.000000,148.000000,174.000000,240.000000,584.000000,762.000000,772.000000,20.460000,47.586000,70.618200,76.362800,146.741250,307.275000,467.307900,532.208200,1148.500000,1830.000000,2906.000000,2978.000000,23.500000,48.000000,75.000000,87.000000,123.000000,296.000000,382.000000,386.000000,11.327900,25.155900,36.074100,38.181400,9.241600,15.504000,29.944000,36.632000,49.000000,84.000000,133.000000,140.000000,2.000000,4.000000,5.000000,4.000000,12.000000,20.000000,22.000000,0.562500,1.155000,2.010000,2.287500,9.241600,11.628000,18.893600,18.316000,49.000000,63.000000,122.500000,70.000000,1.500000,2.500000,2.500000,2.500000,7.000000,10.500000,11.000000,0.562500,0.866250,1.387500,1.143750,3.348900,33.379200,46.665000,72.211800,676.000000,1092.000000,1560.000000,2496.000000,10.000000,16.000000,96.000000,168.000000,216.000000,1.562500,5.625000,9.625000,14.025000,590.313900,1295.858400,2239.809600,2986.440400,5270.000000,9504.000000,16214.000000,20768.000000,95.000000,204.000000,350.000000,472.000000,554.000000,1432.000000,2160.000000,2728.000000,46.874100,111.873600,180.421400,233.905600,0.980000,2.310000,3.150000,2.000000,9.000000,15.000000,-2.000000,-2.000000,-1.000000,-0.040000,0.320000,0.700000,0.735000,1.385000,1.575000,1.500000,0.000000,7.500000,-1.500000,-1.000000,-0.500000,-0.030000,0.025000,0.350000,-7.260000,-7.200000,-10.180000,114.000000,200.000000,320.000000,20.000000,32.000000,60.000000,3.000000,4.800000,8.780000
AKEMUY,2.000000,1.500000,135.085700,287.691000,461.787000,527.550200,434.000000,984.000000,1254.000000,1106.000000,23.000000,46.000000,76.000000,88.000000,122.000000,292.000000,362.000000,340.000000,8.103900,19.758200,27.655200,28.311600,78.666150,158.100000,238.645500,263.775100,837.500000,738.000000,865.000000,553.000000,13.000000,25.000000,39.000000,44.000000,64.000000,150.000000,182.000000,170.000000,5.302450,11.349800,14.697600,14.155800,9.241600,15.504000,29.944000,37.057600,49.000000,84.000000,133.000000,112.000000,2.000000,4.000000,5.000000,4.000000,12.000000,20.000000,16.000000,0.562500,1.155000,2.010000,1.972500,9.241600,11.628000,22.192000,28.560800,49.000000,63.000000,189.000000,66.500000,1.500000,3.000000,4.000000,2.500000,8.000000,13.500000,11.000000,0.562500,0.866250,1.578750,1.402500,3.348900,33.379200,46.665000,70.821000,676.000000,1092.000000,1560.000000,3172.000000,10.000000,16.000000,96.000000,180.000000,216.000000,1.562500,5.625000,9.625000,13.375000,318.013500,699.158400,1325.160000,1872.960000,4026.000000,5136.000000,8050.000000,12224.000000,53.000000,112.000000,206.000000,296.000000,318.000000,852.000000,1396.000000,1872.000000,22.772300,56.649200,94.915400,134.253200,0.980000,2.310000,3.010000,2.000000,9.000000,19.000000,-2.000000,-2.000000,2.000000,-0.040000,0.320000,1.120000,0.735000,1.820000,2.765000,1.500000,-6.000000,18.500000,-2.000000,-1.500000,2.500000,-0.030000,0.145000,1.130000,-7.260000,-7.200000,-9.420000,114.000000,200.000000,294.000000,20.000000,30.000000,60.000000,3.000000,4.800000,9.300000
AKENAF,2.000000,1.500000,135.085700,287.691000,461.787000,527.550200,434.000000,984.000000,1254.000000,1106.000000,23.000000,46.000000,76.000000,88.000000,122.000000,292.000000,362.000000,340.000000,8.103900,19.758200,27.655200,28.311600,78.743100,158.176500,238.736700,263.775100,387.500000,630.000000,739.000000,553.000000,13.000000,25.000000,39.000000,44.000000,64.000000,150.000000,182.000000,170.000000,5.149850,11.242000,14.592600,14.155800,9.241600,15.504000,29.944000,37.057600,49.000000,84.000000,133.000000,112.000000,2.000000,4.000000,5.000000,4.000000,12.000000,20.000000,16.000000,0.562500,1.155000,2.010000,1.972500,9.241600,11.628000,22.237600,28.560800,49.000000,63.000000,126.000000,66.500000,1.500000,3.000000,4.000000,2.500000,8.000000,13.500000,11.000000,0.562500,0.866250,1.526250,1.402500,3.348900,33.379200,46.665000,70.930800,676.000000,1092.000000,1560.000000,2236.000000,10.000000,16.000000,96.000000,180.000000,216.000000,1.562500,5.625000,9.625000,13.025000,318.321300,699.464400,1325.524800,1873.179600,2226.000000,4704.000000,7546.000000,10352.000000,53.000000,112.000000,206.000000,296.000000,318.000000,852.000000,1396.000000,1872.000000,22.161900,56.218000,94.495400,133.553200,0.980000,2.310000,3.010000,2.000000,9.000000,19.000000,-2.000000,-2.000000,2.000000,-0.040000,0.320000,1.120000,0.735000,1.805000,2.765000,1.500000,3.000000,18.500000,-2.000000,-1.500000,2.500000,-0.030000,0.215000,1.130000,-7.260000,-7.200000,-9.480000,114.000000,200.000000,330.000000,20.000000,30.000000,60.000000,3.000000,4.800000,9.580000
AKENAF01,2.000000,1.500000,135.085700,287.691000,461.787000,527.550200,434.000000,984.000000,1254.000000,1106.000000,23.000000,46.000000,76.000000,88.000000,122.000000,292.000000,362.000000,340.000000,8.103900,19.758200,27.655200,28.311600,78.743100,158.176500,238.736700,263.775100,387.500000,630.000000,739.000000,553.000000,13.000000,25.000000,39.000000,44.000000,64.000000,150.000000,182.000000,170.000000,5.149850,11.242000,14.592600,14.155800,9.241600,15.504000,29.944000,37.057600,49.000000,84.000000,133.000000,112.000000,2.000000,4.000000,5.000000,4.000000,12.000000,20.000000,16.000000,0.562500,1.155000,2.010000,1.972500,9.241600,11.628000,22.237600,28.560800,49.000000,63.000000,126.000000,66.500000,1.500000,3.000000,4.000000,2.500000,8.000000,13.500000,11.000000,0.562500,0.866250,1.526250,1.402500,3.348900,33.379200,46.665000,70.930800,676.000000,1092.000000,1560.000000,2236.000000,10.000000,16.000000,96.000000,180.000000,216.000000,1.562500,5.625000,9.625000,13.025000,318.321300,699.464400,1325.524800,1873.179600,2226.000000,4704.000000,7546.000000,10352.000000,53.000000,112.000000,206.000000,296.000000,318.000000,852.000000,1396.000000,1872.000000,22.161900,56.218000,94.495400,133.553200,0.980000,2.310000,3.010000,2.000000,9.000000,19.000000,-2.000000,-2.000000,2.000000,-0.040000,0.320000,1.120000,0.735000,1.805000,2.765000,1.500000,3.000000,18.500000,-2.000000,-1.500000,2.500000,-0.030000,0.215000,1.130000,-7.260000,-7.200000,-9.480000,114.000000,200.000000,330.000000,20.000000,30.000000,60.000000,3.000000,4.800000,9.580000
APAFEH,2.000000,2.000000,96.218200,205.609000,309.949000,346.195200,322.000000,712.000000,874.000000,756.000000,16.000000,32.000000,50.000000,58.000000,82.000000,196.000000,244.000000,224.000000,5.777600,13.922800,19.029400,18.582600,96.218200,205.609000,309.949000,346.195200,322.000000,712.000000,874.000000,756.000000,16.000000,32.000000,50.000000,58.000000,82.000000,196.000000,244.000000,224.000000,5.777600,13.922800,19.029400,18.582600,9.241600,18.316000,25.536000,30.369600,49.000000,70.000000,94.500000,105.000000,2.500000,3.500000,4.000000,6.500000,15.000000,18.500000,17.500000,0.562500,1.143750,1.571250,1.695000,9.241600,18.316000,25.536000,30.369600,49.000000,70.000000,94.500000,105.000000,2.500000,3.500000,4.000000,6.500000,15.000000,18.500000,17.500000,0.562500,1.143750,1.571250,1.695000,3.348900,33.379200,66.154500,64.233000,676.000000,1092.000000,1560.000000,1170.000000,15.000000,15.000000,126.000000,216.000000,162.000000,1.562500,5.625000,11.437500,9.937500,292.003500,683.585400,1339.404000,2117.538000,1642.000000,4320.000000,7212.000000,8010.000000,49.000000,108.000000,210.000000,336.000000,318.000000,912.000000,1626.000000,2136.000000,18.895300,53.018400,96.838200,133.942800,1.575000,2.240000,2.170000,7.500000,11.000000,13.000000,0.500000,0.500000,1.500000,0.350000,0.530000,0.740000,1.575000,2.240000,2.170000,7.500000,11.000000,13.000000,0.500000,0.500000,1.500000,0.350000,0.530000,0.740000,-7.260000,-8.700000,-7.650000,114.000000,330.000000,345.000000,15.000000,54.000000,63.000000,3.000000,9.600000,10.800000
APAFEM01,2.000000,2.000000,96.218200,205.609000,309.949000,346.195200,322.000000,712.000000,874.000000,756.000000,16.000000,32.000000,50.000000,58.000000,82.000000,196.000000,244.000000,224.000000,5.777600,13.922800,19.029400,18.582600,96.218200,205.609000,309.949000,346.195200,322.000000,712.000000,874.000000,756.000000,16.000000,32.000000,50.000000,58.000000,82.000000,196.000000,244.000000,224.000000,5.777600,13.922800,19.029400,18.582600,9.241600,18.316000,25.536000,30.369600,49.000000,70.000000,94.500000,105.000000,2.500000,3.500000,4.000000,6.500000,15.000000,18.500000,17.500000,0.562500,1.143750,1.571250,1.695000,9.241600,18.316000,25.536000,30.369600,49.000000,70.000000,94.500000,105.000000,2.500000,3.500000,4.000000,6.500000,15.000000,18.500000,17.500000,0.562500,1.143750,1.571250,1.695000,3.348900,33.379200,66.154500,64.233000,676.000000,1092.000000,1560.000000,1170.000000,15.000000,15.000000,126.000000,216.000000,162.000000,1.562500,5.625000,11.437500,9.937500,292.003500,683.585400,1339.404000,2117.538000,1642.000000,4320.000000,7212.000000,8010.000000,49.000000,108.000000,210.000000,336.000000,318.000000,912.000000,1626.000000,2136.000000,18.895300,53.018400,96.838200,133.942800,1.575000,2.240000,2.170000,7.500000,11.000000,13.000000,0.500000,0.500000,1.500000,0.350000,0.530000,0.740000,1.575000,2.240000,2.170000,7.500000,11.000000,13.000000,0.500000,0.500000,1.500000,0.350000,0.530000,0.740000,-7.260000,-8.700000,-7.650000,114.000000,330.000000,345.000000,15.000000,54.000000,63.000000,3.000000,9.600000,10.800000
APAFEM05,2.000000,2.000000,96.218200,205.609000,309.949000,346.195200,322.000000,712.000000,874.000000,756.000000,16.000000,32.000000,50.000000,58.000000,82.000000,196.000000,244.000000,224.000000,5.777600,13.922800,19.029400,18.582600,96.218200,205.609000,309.949000,346.195200,322.000000,712.000000,874.000000,756.000000,16.000000,32.000000,50.000000,58.000000,82.000000,196.000000,244.000000,224.000000,5.777600,13.922800,19.029400,18.582600,9.241600,15.504000,29.944000,43.745600,49.000000,84.000000,133.000000,119.000000,2.000000,4.000000,6.000000,4.000000,12.000000,22.000000,20.000000,0.562500,1.155000,2.010000,2.250000,9.241600,20.190667,22.597333,21.452267,49.000000,60.666667,68.833333,95.666667,2.833333,3.166667,2.666667,8.166667,17.000000,16.166667,15.833333,0.562500,1.136250,1.278750,1.325000,3.348900,33.379200,66.154500,64.233000,676.000000,1092.000000,1560.000000,1170.000000,15.000000,15.000000,126.000000,216.000000,162.000000,1.562500,5.625000,11.437500,9.937500,292.003500,683.585400,1339.404000,2117.538000,1642.000000,4320.000000,7212.000000,8010.000000,49.000000,108.000000,210.000000,336.000000,318.000000,912.000000,1626.000000,2136.000000,18.895300,53.018400,96.838200,133.942800,0.980000,2.310000,3.850000,2.000000,9.000000,25.000000,-2.000000,-3.000000,2.000000,-0.040000,0.320000,1.500000,1.971667,2.193333,1.050000,11.166667,12.333333,5.000000,2.166667,2.833333,1.166667,0.610000,0.670000,0.233333,-7.260000,-8.700000,-7.650000,114.000000,330.000000,345.000000,15.000000,54.000000,63.000000,3.000000,9.600000,10.800000
ATAVAU,2.000000,1.500000,202.565300,472.784000,758.938200,886.525200,1074.000000,2330.000000,3430.000000,3422.000000,32.000000,72.000000,116.000000,138.000000,188.000000,480.000000,724.000000,760.000000,14.738700,37.037600,57.136400,61.216200,112.482900,250.723000,387.312300,443.262600,707.500000,1303.000000,1827.000000,1711.000000,17.500000,38.000000,59.000000,69.000000,97.000000,244.000000,363.000000,380.000000,8.467250,19.881700,29.333200,30.608100,9.241600,15.504000,29.944000,39.185600,49.000000,84.000000,133.000000,182.000000,2.000000,4.000000,5.000000,4.000000,12.000000,20.000000,24.000000,0.562500,1.155000,2.010000,2.572500,9.241600,11.628000,18.893600,19.592800,49.000000,63.000000,122.500000,91.000000,1.500000,2.500000,2.500000,2.500000,7.000000,10.500000,12.000000,0.562500,0.866250,1.387500,1.286250,3.348900,33.379200,46.665000,62.878800,676.000000,1092.000000,1560.000000,2184.000000,10.000000,14.000000,96.000000,168.000000,180.000000,1.562500,5.625000,9.625000,12.100000,453.280500,1069.650400,1919.827200,2575.025600,3506.000000,7396.000000,11898.000000,14880.000000,71.000000,164.000000,286.000000,392.000000,450.000000,1224.000000,2084.000000,2608.000000,35.431500,90.776800,153.457800,197.512400,0.980000,2.310000,2.310000,2.000000,9.000000,9.000000,-2.000000,-2.000000,-2.000000,-0.040000,0.320000,0.320000,0.735000,1.385000,1.155000,1.500000,0.000000,4.500000,-1.500000,-1.000000,-1.000000,-0.030000,0.025000,0.160000,-7.260000,-7.200000,-8.740000,114.000000,200.000000,280.000000,20.000000,32.000000,54.000000,3.000000,4.800000,7.820000
ATAVEY,2.000000,1.500000,202.565300,472.784000,758.959200,885.329000,1074.000000,2330.000000,3530.000000,3592.000000,32.000000,72.000000,116.000000,138.000000,188.000000,480.000000,720.000000,750.000000,14.738700,37.037600,57.336400,61.470200,112.482900,250.723000,387.322800,442.664500,707.500000,1303.000000,1877.000000,1796.000000,17.500000,38.000000,59.000000,69.000000,97.000000,244.000000,361.000000,375.000000,8.467250,19.881700,29.433200,30.735100,9.241600,15.504000,29.944000,39.185600,49.000000,84.000000,133.000000,182.000000,2.000000,4.000000,5.000000,4.000000,12.000000,20.000000,24.000000,0.562500,1.155000,2.010000,2.572500,9.241600,11.628000,18.893600,19.592800,49.000000,63.000000,122.500000,91.000000,1.500000,2.500000,2.500000,2.500000,7.000000,10.500000,12.000000,0.562500,0.866250,1.387500,1.286250,3.348900,33.379200,46.665000,62.878800,676.000000,1092.000000,1560.000000,2184.000000,10.000000,14.000000,96.000000,168.000000,180.000000,1.562500,5.625000,9.625000,12.100000,453.280500,1069.650400,1919.869200,2572.633200,3506.000000,7396.000000,12098.000000,15220.000000,71.000000,164.000000,286.000000,392.000000,450.000000,1224.000000,2076.000000,2588.000000,35.431500,90.776800,153.857800,198.020400,0.980000,2.310000,2.310000,2.000000,9.000000,9.000000,-2.000000,-2.000000,-2.000000,-0.040000,0.320000,0.320000,0.735000,1.385000,1.155000,1.500000,0.000000,4.500000,-1.500000,-1.000000,-1.000000,-0.030000,0.025000,0.160000,-7.260000,-7.200000,-8.740000,114.000000,200.000000,280.000000,20.000000,32.000000,54.000000,3.000000,4.800000,7.820000
ATAVEY01,2.000000,1.500000,202.565300,472.784000,758.959200,885.329000,1074.000000,2330.000000,3530.000000,3592.000000,32.000000,72.000000,116.000000,138.000000,188.000000,480.000000,720.000000,750.000000,14.738700,37.037600,57.336400,61.470200,112.482900,250.723000,387.322800,442.664500,707.500000,1303.000000,1877.000000,1796.000000,17.500000,38.000000,59.000000,69.000000,97.000000,244.000000,361.000000,375.000000,8.467250,19.881700,29.433200,30.735100,9.241600,15.504000,29.944000,39.185600,49.000000,84.000000,133.000000,182.000000,2.000000,4.000000,5.000000,4.000000,12.000000,20.000000,24.000000,0.562500,1.155000,2.010000,2.572500,9.241600,11.628000,18.893600,19.592800,49.000000,63.000000,122.500000,91.000000,1.500000,2.500000,2.500000,2.500000,7.000000,10.500000,12.000000,0.562500,0.866250,1.387500,1.286250,3.348900,33.379200,46.665000,62.878800,676.000000,1092.000000,1560.000000,2184.000000,10.000000,14.000000,96.000000,168.000000,180.000000,1.562500,5.625000,9.625000,12.100000,453.280500,1069.650400,1919.869200,2572.633200,3506.000000,7396.000000,12098.000000,15220.000000,71.000000,164.000000,286.000000,392.000000,450.000000,1224.000000,2076.000000,2588.000000,35.431500,90.776800,153.857800,198.020400,0.980000,2.310000,2.310000,2.000000,9.000000,9.000000,-2.000000,-2.000000,-2.000000,-0.040000,0.320000,0.320000,0.735000,1.385000,1.155000,1.500000,0.000000,4.500000,-1.500000,-1.000000,-1.000000,-0.030000,0.025000,0.160000,-7.260000,-7.200000,-8.740000,114.000000,200.000000,280.000000,20.000000,32.000000,54.000000,3.000000,4.800000,7.820000
AWUKEK01,3.000000,3.000000,240.889500,532.440000,949.038400,1144.010800,834.000000,1980.000000,3124.000000,3016.000000,39.000000,82.000000,148.000000,178.000000,230.000000,582.000000,844.000000,848.000000,14.247900,36.482600,58.049200,65.720600,240.889500,532.440000,949.038400,1144.010800,834.000000,1980.000000,3124.000000,3016.000000,39.000000,82.000000,148.000000,178.000000,230.000000,582.000000,844.000000,848.000000,14.247900,36.482600,58.049200,65.720600,9.241600,15.504000,41.465600,70.497600,49.000000,84.000000,224.000000,147.000000,2.000000,5.000000,10.000000,4.000000,14.000000,34.000000,26.000000,0.562500,1.155000,2.857500,3.360000,9.241600,15.504000,34.493867,63.850133,49.000000,84.000000,186.666667,226.333333,2.000000,4.333333,8.000000,4.000000,12.666667,27.333333,26.000000,0.562500,1.155000,2.492500,3.355000,3.348900,33.379200,55.998000,99.844800,676.000000,1092.000000,1872.000000,3328.000000,12.000000,20.000000,108.000000,240.000000,408.000000,1.562500,5.625000,11.550000,19.050000,485.127900,1131.638400,2287.320800,3219.986400,2344.000000,6144.000000,11462.000000,16664.000000,79.000000,176.000000,350.000000,492.000000,526.000000,1460.000000,2622.000000,3660.000000,30.058300,84.215200,156.073400,225.101200,0.980000,1.560000,7.210000,2.000000,3.000000,49.000000,-3.000000,-7.000000,7.000000,-0.040000,-0.060000,3.020000,0.980000,1.826667,3.316667,2.000000,3.666667,23.666667,-2.333333,-5.000000,3.000000,-0.040000,-0.073333,1.526667,-7.260000,-8.640000,-17.960000,114.000000,240.000000,392.000000,18.000000,32.000000,52.000000,3.000000,5.760000,9.760000
BAXXAB01,4.000000,2.000000,215.121400,473.359000,775.300000,944.877600,718.000000,1684.000000,2164.000000,2058.000000,36.000000,74.000000,124.000000,158.000000,198.000000,492.000000,656.000000,678.000000,13.014800,32.510600,47.239600,50.907000,86.640800,176.894333,268.890933,314.959200,466.666667,745.333333,870.666667,686.000000,14.000000,27.333333,42.666667,52.666667,70.000000,169.333333,220.000000,226.000000,5.802133,12.654067,16.766533,16.969000,9.241600,15.504000,29.944000,43.745600,49.000000,84.000000,133.000000,119.000000,2.000000,4.000000,6.000000,4.000000,12.000000,22.000000,20.000000,0.562500,1.155000,2.010000,2.250000,9.241600,12.565333,19.314133,13.203733,49.000000,58.333333,112.000000,51.333333,1.666667,2.666667,1.666667,3.666667,10.333333,11.666667,10.000000,0.562500,0.862500,1.265000,0.752500,3.348900,33.379200,54.717000,68.368800,676.000000,1092.000000,1612.000000,1716.000000,12.000000,16.000000,108.000000,204.000000,144.000000,1.562500,5.625000,10.550000,11.025000,263.271300,597.441400,1193.354800,1842.101600,2076.000000,4420.000000,7306.000000,9032.000000,43.000000,94.000000,182.000000,292.000000,276.000000,792.000000,1426.000000,1804.000000,18.968900,49.212200,88.274600,125.952000,0.980000,2.310000,3.850000,2.000000,9.000000,25.000000,-2.000000,-3.000000,2.000000,-0.040000,0.320000,1.500000,0.933333,1.753333,0.723333,3.333333,2.666667,4.333333,-0.666667,2.333333,1.666667,0.100000,0.313333,0.246667,-7.260000,-7.940000,-8.080000,114.000000,250.000000,350.000000,18.000000,38.000000,72.000000,3.000000,6.560000,11.180000
BAYZEH,2.000000,1.500000,171.231000,382.908000,583.019800,651.214000,1124.000000,2088.000000,3148.000000,2606.000000,28.000000,60.000000,92.000000,106.000000,152.000000,372.000000,510.000000,506.000000,12.875400,30.830800,44.817400,44.577400,96.815750,205.785000,299.353100,325.607000,732.500000,1182.000000,1686.000000,1303.000000,15.500000,32.000000,47.000000,53.000000,79.000000,190.000000,256.000000,253.000000,7.535600,16.778300,23.173700,22.288700,9.241600,15.504000,29.944000,36.632000,49.000000,84.000000,133.000000,140.000000,2.000000,4.000000,5.000000,4.000000,12.000000,20.000000,22.000000,0.562500,1.155000,2.010000,2.287500,9.241600,11.628000,18.893600,18.316000,49.000000,63.000000,122.500000,70.000000,1.500000,2.500000,2.500000,2.500000,7.000000,10.500000,11.000000,0.562500,0.866250,1.387500,1.143750,3.348900,33.379200,46.665000,72.211800,676.000000,1092.000000,1560.000000,2496.000000,10.000000,16.000000,96.000000,168.000000,216.000000,1.562500,5.625000,9.625000,14.025000,390.611900,889.898400,1567.990400,2160.035600,3606.000000,6912.000000,11334.000000,14068.000000,63.000000,140.000000,238.000000,336.000000,378.000000,1008.000000,1656.000000,2196.000000,31.704900,78.363200,128.819800,170.334800,0.980000,2.310000,3.150000,2.000000,9.000000,15.000000,-2.000000,-2.000000,-1.000000,-0.040000,0.320000,0.700000,0.735000,1.385000,1.575000,1.500000,0.000000,7.500000,-1.500000,-1.000000,-0.500000,-0.030000,0.025000,0.350000,-7.260000,-7.200000,-10.180000,114.000000,200.000000,320.000000,20.000000,32.000000,60.000000,3.000000,4.800000,8.780000
BAYZEH01,2.000000,1.500000,171.231000,382.908000,583.019800,651.214000,1124.000000,2088.000000,3148.000000,2606.000000,28.000000,60.000000,92.000000,106.000000,152.000000,372.000000,510.000000,506.000000,12.875400,30.830800,44.817400,44.577400,96.815750,205.785000,299.353100,325.607000,732.500000,1182.000000,1686.000000,1303.000000,15.500000,32.000000,47.000000,53.000000,79.000000,190.000000,256.000000,253.000000,7.535600,16.778300,23.173700,22.288700,9.241600,15.504000,29.944000,36.632000,49.000000,84.000000,133.000000,140.000000,2.000000,4.000000,5.000000,4.000000,12.000000,20.000000,22.000000,0.562500,1.155000,2.010000,2.287500,9.241600,11.628000,18.893600,18.316000,49.000000,63.000000,122.500000,70.000000,1.500000,2.500000,2.500000,2.500000,7.000000,10.500000,11.000000,0.562500,0.866250,1.387500,1.143750,3.348900,33.379200,46.665000,72.211800,676.000000,1092.000000,1560.000000,2496.000000,10.000000,16.000000,96.000000,168.000000,216.000000,1.562500,5.625000,9.625000,14.025000,390.611900,889.898400,1567.990400,2160.035600,3606.000000,6912.000000,11334.000000,14068.000000,63.000000,140.000000,238.000000,336.000000,378.000000,1008.000000,1656.000000,2196.000000,31.704900,78.363200,128.819800,170.334800,0.980000,2.310000,3.150000,2.000000,9.000000,15.000000,-2.000000,-2.000000,-1.000000,-0.040000,0.320000,0.700000,0.735000,1.385000,1.575000,1.500000,0.000000,7.500000,-1.500000,-1.000000,-0.500000,-0.030000,0.025000,0.350000,-7.260000,-7.200000,-10.180000,114.000000,200.000000,320.000000,20.000000,32.000000,60.000000,3.000000,4.800000,8.780000
BOCYOK,2.000000,1.500000,155.722500,336.804000,549.851400,555.548800,594.000000,1344.000000,1908.000000,1804.000000,24.000000,50.000000,82.000000,84.000000,132.000000,318.000000,434.000000,416.000000,9.488000,23.115400,33.882600,33.820400,89.061500,182.733000,282.768900,277.774400,467.500000,810.000000,1066.000000,902.000000,13.500000,27.000000,42.000000,42.000000,69.000000,163.000000,218.000000,208.000000,5.841900,12.920600,17.706300,16.910200,9.241600,15.504000,31.433600,32.649600,49.000000,84.000000,140.000000,147.000000,2.000000,4.000000,4.000000,4.000000,12.000000,20.000000,18.000000,0.562500,1.155000,1.995000,1.980000,9.241600,11.628000,19.638400,16.324800,49.000000,63.000000,126.000000,73.500000,1.500000,2.500000,2.000000,2.500000,7.000000,10.500000,9.000000,0.562500,0.866250,1.380000,0.990000,3.348900,33.379200,46.665000,75.798600,676.000000,1092.000000,1560.000000,2600.000000,10.000000,16.000000,96.000000,168.000000,216.000000,1.562500,5.625000,9.625000,13.925000,359.594900,797.690400,1501.653600,1975.878800,2546.000000,5424.000000,8854.000000,12672.000000,55.000000,120.000000,218.000000,292.000000,338.000000,900.000000,1504.000000,2000.000000,24.930100,62.932400,106.950200,148.620800,0.980000,1.820000,1.420000,2.000000,8.000000,7.000000,-2.000000,-2.000000,-1.000000,-0.040000,0.340000,0.360000,0.735000,1.140000,0.710000,1.500000,-0.500000,3.500000,-1.500000,-1.000000,-0.500000,-0.030000,0.035000,0.180000,-7.260000,-7.200000,-12.140000,114.000000,200.000000,316.000000,20.000000,32.000000,60.000000,3.000000,4.800000,8.860000
BOCYOK02,2.000000,1.500000,155.722500,336.804000,549.851400,555.548800,594.000000,1344.000000,1908.000000,1804.000000,24.000000,50.000000,82.000000,84.000000,132.000000,318.000000,434.000000,416.000000,9.488000,23.115400,33.882600,33.820400,89.061500,182.733000,282.768900,277.774400,467.500000,810.000000,1066.000000,902.000000,13.500000,27.000000,42.000000,42.000000,69.000000,163.000000,218.000000,208.000000,5.841900,12.920600,17.706300,16.910200,9.241600,15.504000,31.433600,32.649600,49.000000,84.000000,140.000000,147.000000,2.000000,4.000000,4.000000,4.000000,12.000000,20.000000,18.000000,0.562500,1.155000,1.995000,1.980000,9.241600,11.628000,19.638400,16.324800,49.000000,63.000000,126.000000,73.500000,1.500000,2.500000,2.000000,2.500000,7.000000,10.500000,9.000000,0.562500,0.866250,1.380000,0.990000,3.348900,33.379200,46.665000,75.798600,676.000000,1092.000000,1560.000000,2600.000000,10.000000,16.000000,96.000000,168.000000,216.000000,1.562500,5.625000,9.625000,13.925000,359.594900,797.690400,1501.653600,1975.878800,2546.000000,5424.000000,8854.000000,12672.000000,55.000000,120.000000,218.000000,292.000000,338.000000,900.000000,1504.000000,2000.000000,24.930100,62.932400,106.950200,148.620800,0.980000,1.820000,1.420000,2.000000,8.000000,7.000000,-2.000000,-2.000000,-1.000000,-0.040000,0.340000,0.360000,0.735000,1.140000,0.710000,1.500000,-0.500000,3.500000,-1.500000,-1.000000,-0.500000,-0.030000,0.035000,0.180000,-7.260000,-7.200000,-12.140000,114.000000,200.000000,316.000000,20.000000,32.000000,60.000000,3.000000,4.800000,8.860000
BOCZEB,2.000000,1.500000,155.722500,336.804000,549.851400,555.548800,594.000000,1344.000000,1908.000000,1804.000000,24.000000,50.000000,82.000000,84.000000,132.000000,318.000000,434.000000,416.000000,9.488000,23.115400,33.882600,33.820400,88.984550,182.656500,282.677700,277.774400,917.500000,918.000000,1192.000000,902.000000,13.500000,27.000000,42.000000,42.000000,69.000000,163.000000,218.000000,208.000000,5.994500,13.028400,17.811300,16.910200,9.241600,15.504000,31.433600,32.649600,49.000000,84.000000,140.000000,147.000000,2.000000,4.000000,4.000000,4.000000,12.000000,20.000000,18.000000,0.562500,1.155000,1.995000,1.980000,9.241600,11.628000,19.592800,16.324800,49.000000,63.000000,189.000000,73.500000,1.500000,2.500000,2.000000,2.500000,7.000000,10.500000,9.000000,0.562500,0.866250,1.432500,0.990000,3.348900,33.379200,46.665000,75.688800,676.000000,1092.000000,1560.000000,3536.000000,10.000000,16.000000,96.000000,168.000000,216.000000,1.562500,5.625000,9.625000,14.275000,359.287100,797.384400,1501.288800,1975.659200,4346.000000,5856.000000,9358.000000,14544.000000,55.000000,120.000000,218.000000,292.000000,338.000000,900.000000,1504.000000,2000.000000,25.540500,63.363600,107.370200,149.320800,0.980000,1.820000,1.420000,2.000000,8.000000,7.000000,-2.000000,-2.000000,-1.000000,-0.040000,0.340000,0.360000,0.735000,1.155000,0.710000,1.500000,-9.500000,3.500000,-1.500000,-1.000000,-0.500000,-0.030000,-0.035000,0.180000,-7.260000,-7.200000,-12.080000,114.000000,200.000000,280.000000,20.000000,32.000000,60.000000,3.000000,4.800000,8.580000
BOCZEB03,2.000000,1.500000,155.722500,336.804000,549.851400,555.548800,594.000000,1344.000000,1908.000000,1804.000000,24.000000,50.000000,82.000000,84.000000,132.000000,318.000000,434.000000,416.000000,9.488000,23.115400,33.882600,33.820400,88.984550,182.656500,282.677700,277.774400,917.500000,918.000000,1192.000000,902.000000,13.500000,27.000000,42.000000,42.000000,69.000000,163.000000,218.000000,208.000000,5.994500,13.028400,17.811300,16.910200,9.241600,15.504000,31.433600,32.649600,49.000000,84.000000,140.000000,147.000000,2.000000,4.000000,4.000000,4.000000,12.000000,20.000000,18.000000,0.562500,1.155000,1.995000,1.980000,9.241600,11.628000,19.592800,16.324800,49.000000,63.000000,189.000000,73.500000,1.500000,2.500000,2.000000,2.500000,7.000000,10.500000,9.000000,0.562500,0.866250,1.432500,0.990000,3.348900,33.379200,46.665000,75.688800,676.000000,1092.000000,1560.000000,3536.000000,10.000000,16.000000,96.000000,168.000000,216.000000,1.562500,5.625000,9.625000,14.275000,359.287100,797.384400,1501.288800,1975.659200,4346.000000,5856.000000,9358.000000,14544.000000,55.000000,120.000000,218.000000,292.000000,338.000000,900.000000,1504.000000,2000.000000,25.540500,63.363600,107.370200,149.320800,0.980000,1.820000,1.420000,2.000000,8.000000,7.000000,-2.000000,-2.000000,-1.000000,-0.040000,0.340000,0.360000,0.735000,1.155000,0.710000,1.500000,-9.500000,3.500000,-1.500000,-1.000000,-0.500000,-0.030000,-0.035000,0.180000,-7.260000,-7.200000,-12.080000,114.000000,200.000000,280.000000,20.000000,32.000000,60.000000,3.000000,4.800000,8.580000
BUNSIN,6.000000,6.000000,363.064600,810.928000,1434.716000,1894.588800,1120.000000,2740.000000,3668.000000,3948.000000,62.000000,128.000000,232.000000,320.000000,360.000000,924.000000,1304.000000,1532.000000,21.073400,54.486400,83.902400,101.251200,363.064600,810.928000,1434.716000,1894.588800,1120.000000,2740.000000,3668.000000,3948.000000,62.000000,128.000000,232.000000,320.000000,360.000000,924.000000,1304.000000,1532.000000,21.073400,54.486400,83.902400,101.251200,9.241600,18.848000,36.100000,43.745600,49.000000,87.500000,122.500000,119.000000,2.500000,5.000000,6.000000,6.500000,19.500000,29.000000,26.500000,0.562500,1.293750,2.137500,2.250000,9.241600,21.052000,49.742000,52.242400,49.000000,106.750000,145.250000,164.500000,2.750000,7.000000,7.000000,7.750000,27.750000,40.000000,37.250000,0.562500,1.513125,2.767500,2.820000,3.348900,33.379200,73.383000,116.571000,676.000000,1092.000000,2236.000000,1508.000000,16.000000,28.000000,132.000000,324.000000,252.000000,1.562500,5.625000,14.400000,15.950000,366.413500,877.686400,1858.730000,3086.790000,1796.000000,4924.000000,9610.000000,11584.000000,63.000000,140.000000,294.000000,504.000000,434.000000,1296.000000,2514.000000,3696.000000,22.635900,65.736400,129.577400,201.191200,1.400000,3.325000,3.850000,5.000000,17.500000,25.000000,-1.000000,1.500000,4.500000,0.150000,0.900000,1.500000,1.435000,4.917500,4.095000,4.000000,28.250000,25.500000,-2.000000,5.750000,6.250000,0.045000,1.560000,1.490000,-7.260000,-10.820000,-12.460000,114.000000,330.000000,670.000000,14.000000,42.000000,126.000000,3.000000,8.480000,22.240000
BUNSIN01,6.000000,6.000000,363.064600,810.928000,1434.716000,1894.588800,1120.000000,2740.000000,3668.000000,3948.000000,62.000000,128.000000,232.000000,320.000000,360.000000,924.000000,1304.000000,1532.000000,21.073400,54.486400,83.902400,101.251200,363.064600,810.928000,1434.716000,1894.588800,1120.000000,2740.000000,3668.000000,3948.000000,62.000000,128.000000,232.000000,320.000000,360.000000,924.000000,1304.000000,1532.000000,21.073400,54.486400,83.902400,101.251200,9.241600,18.848000,36.100000,43.745600,49.000000,87.500000,122.500000,119.000000,2.500000,5.000000,6.000000,6.500000,19.500000,29.000000,26.500000,0.562500,1.293750,2.137500,2.250000,9.241600,21.052000,49.742000,52.242400,49.000000,106.750000,145.250000,164.500000,2.750000,7.000000,7.000000,7.750000,27.750000,40.000000,37.250000,0.562500,1.513125,2.767500,2.820000,3.348900,33.379200,73.383000,116.571000,676.000000,1092.000000,2236.000000,1508.000000,16.000000,28.000000,132.000000,324.000000,252.000000,1.562500,5.625000,14.400000,15.950000,366.413500,877.686400,1858.730000,3086.790000,1796.000000,4924.000000,9610.000000,11584.000000,63.000000,140.000000,294.000000,504.000000,434.000000,1296.000000,2514.000000,3696.000000,22.635900,65.736400,129.577400,201.191200,1.400000,3.325000,3.850000,5.000000,17.500000,25.000000,-1.000000,1.500000,4.500000,0.150000,0.900000,1.500000,1.435000,4.917500,4.095000,4.000000,28.250000,25.500000,-2.000000,5.750000,6.250000,0.045000,1.560000,1.490000,-7.260000,-10.820000,-12.460000,114.000000,330.000000,670.000000,14.000000,42.000000,126.000000,3.000000,8.480000,22.240000
CATWUS,2.000000,2.000000,130.884300,289.935000,462.139000,537.855200,564.000000,1296.000000,1924.000000,2030.000000,20.000000,44.000000,70.000000,82.000000,114.000000,288.000000,422.000000,408.000000,9.001200,22.206800,33.773400,35.824200,130.884300,289.935000,462.139000,537.855200,564.000000,1296.000000,1924.000000,2030.000000,20.000000,44.000000,70.000000,82.000000,114.000000,288.000000,422.000000,408.000000,9.001200,22.206800,33.773400,35.824200,9.241600,15.504000,29.944000,39.185600,49.000000,84.000000,133.000000,182.000000,2.000000,4.000000,5.000000,4.000000,12.000000,20.000000,24.000000,0.562500,1.155000,2.010000,2.572500,9.241600,15.504000,29.944000,39.185600,49.000000,84.000000,133.000000,182.000000,2.000000,4.000000,5.000000,4.000000,12.000000,20.000000,24.000000,0.562500,1.155000,2.010000,2.572500,3.348900,33.379200,55.998000,80.154000,676.000000,1092.000000,1872.000000,2028.000000,12.000000,18.000000,108.000000,216.000000,252.000000,1.562500,5.625000,11.550000,14.325000,396.001800,936.563400,1775.661000,2555.640000,2368.000000,6072.000000,10986.000000,14388.000000,61.000000,144.000000,264.000000,384.000000,408.000000,1152.000000,2088.000000,2796.000000,28.566100,77.870400,141.295200,195.117600,0.980000,2.310000,2.310000,2.000000,9.000000,9.000000,-2.000000,-2.000000,-2.000000,-0.040000,0.320000,0.320000,0.980000,2.310000,2.310000,2.000000,9.000000,9.000000,-2.000000,-2.000000,-2.000000,-0.040000,0.320000,0.320000,-7.260000,-8.640000,-10.860000,114.000000,240.000000,390.000000,18.000000,36.000000,66.000000,3.000000,5.760000,11.040000
CECVUD,4.000000,2.000000,276.821400,624.036000,1021.765000,1278.038600,1008.000000,2436.000000,3394.000000,3506.000000,46.000000,98.000000,162.000000,208.000000,260.000000,654.000000,938.000000,1046.000000,18.031800,45.507000,68.155000,77.868800,107.207467,227.120000,351.045933,426.012867,563.333333,996.000000,1280.666667,1168.666667,17.333333,35.333333,55.333333,69.333333,90.666667,223.333333,314.000000,348.666667,7.474467,16.986200,23.738333,25.956267,9.241600,15.504000,30.476000,51.497600,49.000000,84.000000,150.500000,161.000000,2.000000,4.000000,7.000000,4.000000,12.000000,24.000000,26.000000,0.562500,1.155000,2.160000,2.827500,9.241600,11.628000,20.783467,15.787733,49.000000,63.000000,124.833333,65.333333,1.500000,2.833333,2.000000,2.833333,9.333333,11.833333,10.833333,0.562500,0.866250,1.411250,0.945000,3.348900,33.379200,51.331500,74.316300,676.000000,1092.000000,1716.000000,2132.000000,11.000000,17.000000,102.000000,204.000000,186.000000,1.562500,5.625000,10.587500,12.987500,324.971300,748.118400,1433.048800,2130.917600,2366.000000,5172.000000,8744.000000,11592.000000,53.000000,118.000000,218.000000,334.000000,336.000000,942.000000,1692.000000,2246.000000,23.985900,62.208600,109.265000,157.063800,0.980000,2.135000,4.340000,2.000000,6.500000,26.000000,-2.000000,-4.000000,1.000000,-0.040000,0.120000,1.480000,0.735000,1.776667,0.886667,1.500000,2.000000,4.666667,-1.500000,1.500000,0.833333,-0.030000,0.243333,0.240000,-7.260000,-7.920000,-9.500000,114.000000,220.000000,360.000000,19.000000,32.000000,71.000000,3.000000,5.280000,10.860000
CERDEJ01,3.000000,3.000000,273.456200,615.562200,1021.219200,1224.156200,987.000000,2388.000000,3576.000000,3844.000000,45.000000,96.000000,162.000000,192.000000,258.000000,648.000000,942.000000,1056.000000,17.507700,44.622000,68.848200,77.980800,273.456200,615.562200,1021.219200,1224.156200,987.000000,2388.000000,3576.000000,3844.000000,45.000000,96.000000,162.000000,192.000000,258.000000,648.000000,942.000000,1056.000000,17.507700,44.622000,68.848200,77.980800,9.241600,16.993600,29.457600,59.675200,49.000000,91.000000,161.000000,175.000000,2.000000,4.000000,8.000000,4.000000,12.000000,28.000000,28.000000,0.562500,1.140000,2.370000,3.090000,9.241600,16.993600,29.457600,59.675200,49.000000,91.000000,161.000000,175.000000,2.000000,4.000000,8.000000,4.000000,12.000000,28.000000,28.000000,0.562500,1.140000,2.370000,3.090000,3.348900,33.379200,61.378200,91.463400,676.000000,1092.000000,2028.000000,3068.000000,12.000000,20.000000,108.000000,216.000000,408.000000,1.562500,5.625000,11.400000,19.450000,550.261300,1297.882800,2442.442800,3429.056800,2650.000000,6960.000000,12678.000000,18108.000000,91.000000,204.000000,378.000000,520.000000,582.000000,1584.000000,2754.000000,3960.000000,36.577900,100.494000,177.371400,249.761600,0.490000,2.470000,4.690000,1.000000,5.000000,31.000000,-2.000000,-6.000000,2.000000,-0.020000,-0.160000,1.880000,0.490000,2.470000,4.690000,1.000000,5.000000,31.000000,-2.000000,-6.000000,2.000000,-0.020000,-0.160000,1.880000,-7.260000,-11.580000,-13.380000,114.000000,234.000000,402.000000,18.000000,36.000000,52.000000,3.000000,5.880000,9.440000
COLJAO,3.000000,3.000000,176.555300,394.754000,603.438200,672.844200,930.000000,1898.000000,2708.000000,2318.000000,28.000000,60.000000,92.000000,106.000000,152.000000,372.000000,506.000000,484.000000,12.367100,29.922800,43.087600,42.443200,176.555300,394.754000,603.438200,672.844200,930.000000,1898.000000,2708.000000,2318.000000,28.000000,60.000000,92.000000,106.000000,152.000000,372.000000,506.000000,484.000000,12.367100,29.922800,43.087600,42.443200,9.241600,15.504000,30.688800,36.844800,49.000000,84.000000,136.500000,126.000000,2.000000,4.000000,5.000000,4.000000,12.000000,20.000000,19.000000,0.562500,1.155000,2.002500,2.130000,9.241600,15.504000,31.955467,37.696000,49.000000,84.000000,208.833333,140.000000,2.000000,4.000000,5.000000,4.000000,12.000000,21.333333,19.666667,0.562500,1.155000,2.322500,2.225000,3.348900,33.379200,55.998000,83.338200,676.000000,1092.000000,1872.000000,2860.000000,12.000000,18.000000,108.000000,216.000000,264.000000,1.562500,5.625000,11.550000,15.900000,356.459500,856.266400,1596.120400,2281.606400,2536.000000,5980.000000,10630.000000,14528.000000,57.000000,132.000000,238.000000,348.000000,370.000000,1032.000000,1838.000000,2516.000000,26.296700,71.095600,126.150200,174.496400,0.980000,2.065000,3.080000,2.000000,8.500000,17.000000,-2.000000,-2.000000,0.500000,-0.040000,0.330000,0.910000,0.980000,1.648333,2.800000,2.000000,-1.833333,15.000000,-2.000000,-2.666667,0.166667,-0.040000,-0.096667,0.783333,-7.260000,-8.640000,-12.600000,114.000000,240.000000,358.000000,18.000000,36.000000,64.000000,3.000000,5.760000,9.780000
COMQUR,2.000000,1.500000,251.983200,566.661000,872.536000,1075.479200,978.000000,2328.000000,3196.000000,3272.000000,42.000000,90.000000,140.000000,178.000000,230.000000,572.000000,800.000000,834.000000,17.545000,43.381800,63.079600,70.286200,137.191850,297.661500,444.111200,537.739600,659.500000,1302.000000,1710.000000,1636.000000,22.500000,47.000000,71.000000,89.000000,118.000000,290.000000,401.000000,417.000000,9.870400,23.053800,32.304800,35.143100,9.241600,15.504000,29.944000,37.057600,49.000000,84.000000,133.000000,112.000000,2.000000,4.000000,5.000000,4.000000,12.000000,20.000000,16.000000,0.562500,1.155000,2.010000,1.972500,9.241600,11.628000,18.893600,22.936800,49.000000,63.000000,122.500000,94.500000,1.500000,2.500000,3.000000,2.500000,7.000000,10.500000,13.000000,0.562500,0.866250,1.387500,1.425000,3.348900,33.379200,46.665000,62.878800,676.000000,1092.000000,1560.000000,2184.000000,10.000000,14.000000,96.000000,168.000000,180.000000,1.562500,5.625000,9.625000,12.100000,552.116300,1257.404400,2147.022800,2952.933600,3314.000000,7392.000000,11430.000000,14580.000000,91.000000,200.000000,334.000000,472.000000,534.000000,1408.000000,2236.000000,2744.000000,41.044100,103.465200,165.344200,215.652400,0.980000,2.310000,3.010000,2.000000,9.000000,19.000000,-2.000000,-2.000000,2.000000,-0.040000,0.320000,1.120000,0.735000,1.385000,1.575000,1.500000,0.000000,7.500000,-1.500000,-1.000000,-0.500000,-0.030000,0.025000,0.350000,-7.260000,-7.200000,-8.740000,114.000000,200.000000,280.000000,20.000000,32.000000,54.000000,3.000000,4.800000,7.820000
COMQUR01,2.000000,1.500000,251.983200,566.661000,872.536000,1075.479200,978.000000,2328.000000,3196.000000,3272.000000,42.000000,90.000000,140.000000,178.000000,230.000000,572.000000,800.000000,834.000000,17.545000,43.381800,63.079600,70.286200,137.191850,297.661500,444.111200,537.739600,659.500000,1302.000000,1710.000000,1636.000000,22.500000,47.000000,71.000000,89.000000,118.000000,290.000000,401.000000,417.000000,9.870400,23.053800,32.304800,35.143100,9.241600,15.504000,29.944000,37.057600,49.000000,84.000000,133.000000,112.000000,2.000000,4.000000,5.000000,4.000000,12.000000,20.000000,16.000000,0.562500,1.155000,2.010000,1.972500,9.241600,11.628000,18.893600,22.936800,49.000000,63.000000,122.500000,94.500000,1.500000,2.500000,3.000000,2.500000,7.000000,10.500000,13.000000,0.562500,0.866250,1.387500,1.425000,3.348900,33.379200,46.665000,62.878800,676.000000,1092.000000,1560.000000,2184.000000,10.000000,14.000000,96.000000,168.000000,180.000000,1.562500,5.625000,9.625000,12.100000,552.116300,1257.404400,2147.022800,2952.933600,3314.000000,7392.000000,11430.000000,14580.000000,91.000000,200.000000,334.000000,472.000000,534.000000,1408.000000,2236.000000,2744.000000,41.044100,103.465200,165.344200,215.652400,0.980000,2.310000,3.010000,2.000000,9.000000,19.000000,-2.000000,-2.000000,2.000000,-0.040000,0.320000,1.120000,0.735000,1.385000,1.575000,1.500000,0.000000,7.500000,-1.500000,-1.000000,-0.500000,-0.030000,0.025000,0.350000,-7.260000,-7.200000,-8.740000,114.000000,200.000000,280.000000,20.000000,32.000000,54.000000,3.000000,4.800000,7.820000
COMRAY,3.000000,3.000000,163.531100,368.364400,573.338400,620.074400,3458.000000,2176.000000,3420.000000,3284.000000,25.000000,54.000000,84.000000,94.000000,138.000000,342.000000,476.000000,424.000000,12.389600,27.690800,41.276000,40.829000,163.531100,368.364400,573.338400,620.074400,3458.000000,2176.000000,3420.000000,3284.000000,25.000000,54.000000,84.000000,94.000000,138.000000,342.000000,476.000000,424.000000,12.389600,27.690800,41.276000,40.829000,9.241600,16.993600,29.944000,30.369600,49.000000,91.000000,133.000000,105.000000,2.000000,4.000000,4.000000,4.000000,12.000000,20.000000,14.000000,0.562500,1.140000,2.010000,1.695000,9.241600,16.000533,32.639467,46.866667,49.000000,86.333333,165.666667,193.666667,2.000000,4.000000,6.000000,4.000000,12.000000,22.666667,24.666667,0.562500,1.150000,2.190000,2.840000,3.348900,33.379200,59.584800,72.102000,676.000000,1092.000000,1976.000000,1976.000000,12.000000,16.000000,108.000000,216.000000,240.000000,1.562500,5.625000,11.450000,13.400000,330.411100,803.487200,1543.094400,2164.295200,7592.000000,6536.000000,12262.000000,14720.000000,51.000000,120.000000,222.000000,316.000000,342.000000,972.000000,1782.000000,2316.000000,26.341700,66.631600,122.327000,163.538000,0.490000,2.310000,2.170000,1.000000,9.000000,13.000000,-2.000000,-2.000000,1.000000,-0.020000,0.320000,0.740000,0.816667,1.423333,2.823333,1.666667,4.333333,14.333333,-2.000000,-3.333333,-0.333333,-0.033333,0.080000,0.713333,-7.260000,-10.600000,-10.120000,114.000000,236.000000,340.000000,18.000000,36.000000,56.000000,3.000000,5.840000,9.280000
COMREC,3.000000,3.000000,231.504100,523.393400,812.324400,954.389400,934.000000,2204.000000,3168.000000,2988.000000,36.000000,78.000000,122.000000,148.000000,200.000000,502.000000,722.000000,726.000000,15.204400,37.779000,56.198600,59.342400,231.504100,523.393400,812.324400,954.389400,934.000000,2204.000000,3168.000000,2988.000000,36.000000,78.000000,122.000000,148.000000,200.000000,502.000000,722.000000,726.000000,15.204400,37.779000,56.198600,59.342400,9.241600,16.993600,29.944000,30.369600,49.000000,91.000000,133.000000,105.000000,2.000000,4.000000,4.000000,4.000000,12.000000,20.000000,14.000000,0.562500,1.140000,2.010000,1.695000,9.241600,16.000533,32.639467,46.866667,49.000000,86.333333,165.666667,193.666667,2.000000,4.000000,6.000000,4.000000,12.000000,22.666667,24.666667,0.562500,1.150000,2.190000,2.840000,3.348900,33.379200,59.584800,72.102000,676.000000,1092.000000,1976.000000,1976.000000,12.000000,16.000000,108.000000,216.000000,240.000000,1.562500,5.625000,11.450000,13.400000,466.357100,1113.545200,2021.066400,2832.925200,2544.000000,6592.000000,11758.000000,14128.000000,73.000000,168.000000,298.000000,424.000000,466.000000,1292.000000,2274.000000,2920.000000,31.971300,86.808000,152.172200,200.564800,0.490000,2.310000,2.170000,1.000000,9.000000,13.000000,-2.000000,-2.000000,1.000000,-0.020000,0.320000,0.740000,0.816667,1.423333,2.823333,1.666667,4.333333,14.333333,-2.000000,-3.333333,-0.333333,-0.033333,0.080000,0.713333,-7.260000,-10.600000,-10.120000,114.000000,236.000000,340.000000,18.000000,36.000000,56.000000,3.000000,5.840000,9.280000
DEDNOQ,3.000000,3.000000,159.194600,359.796400,555.516400,578.472000,662.000000,1564.000000,2176.000000,1842.000000,24.000000,52.000000,80.000000,86.000000,132.000000,324.000000,448.000000,392.000000,10.399200,25.473200,36.872800,34.355000,159.194600,359.796400,555.516400,578.472000,662.000000,1564.000000,2176.000000,1842.000000,24.000000,52.000000,80.000000,86.000000,132.000000,324.000000,448.000000,392.000000,10.399200,25.473200,36.872800,34.355000,9.241600,16.993600,29.944000,30.369600,49.000000,91.000000,133.000000,105.000000,2.000000,4.000000,4.000000,4.000000,12.000000,20.000000,14.000000,0.562500,1.140000,2.010000,1.695000,9.241600,16.000533,32.639467,47.859733,49.000000,86.333333,165.666667,198.333333,2.000000,4.000000,6.000000,4.000000,12.000000,22.666667,23.333333,0.562500,1.150000,2.190000,2.830000,3.348900,33.379200,59.584800,72.102000,676.000000,1092.000000,1976.000000,1976.000000,12.000000,16.000000,108.000000,216.000000,240.000000,1.562500,5.625000,11.450000,13.400000,321.738100,786.351200,1507.450400,2081.090400,2000.000000,5312.000000,9774.000000,11836.000000,49.000000,116.000000,214.000000,300.000000,330.000000,936.000000,1726.000000,2248.000000,22.360900,62.196400,113.520600,150.590000,0.490000,2.310000,2.170000,1.000000,9.000000,13.000000,-2.000000,-2.000000,1.000000,-0.020000,0.320000,0.740000,0.816667,1.423333,2.496667,1.666667,4.333333,13.666667,-2.000000,-3.333333,0.333333,-0.033333,0.080000,0.726667,-7.260000,-10.600000,-10.120000,114.000000,236.000000,340.000000,18.000000,36.000000,56.000000,3.000000,5.840000,9.280000
DEVDUD,2.000000,2.000000,90.171000,198.543000,292.334800,231.334200,830.000000,1368.000000,1780.000000,990.000000,14.000000,30.000000,44.000000,36.000000,74.000000,174.000000,232.000000,166.000000,7.310800,16.739800,23.205200,15.802400,90.171000,198.543000,292.334800,231.334200,830.000000,1368.000000,1780.000000,990.000000,14.000000,30.000000,44.000000,36.000000,74.000000,174.000000,232.000000,166.000000,7.310800,16.739800,23.205200,15.802400,9.241600,15.504000,30.035200,23.681600,49.000000,84.000000,203.000000,98.000000,2.000000,4.000000,3.000000,4.000000,12.000000,18.000000,12.000000,0.562500,1.155000,2.197500,1.417500,9.241600,15.504000,30.035200,23.681600,49.000000,84.000000,203.000000,98.000000,2.000000,4.000000,3.000000,4.000000,12.000000,18.000000,12.000000,0.562500,1.155000,2.197500,1.417500,3.348900,33.379200,55.998000,80.483400,676.000000,1092.000000,1872.000000,3588.000000,12.000000,18.000000,108.000000,216.000000,216.000000,1.562500,5.625000,11.550000,16.200000,273.861900,662.387400,1266.248400,1636.735800,3166.000000,6288.000000,10554.000000,14388.000000,43.000000,102.000000,186.000000,246.000000,288.000000,810.000000,1506.000000,1926.000000,23.494900,61.469400,109.590600,138.802200,0.980000,2.280000,1.330000,2.000000,-1.000000,7.000000,-2.000000,-1.000000,0.000000,-0.040000,0.070000,0.360000,0.980000,2.280000,1.330000,2.000000,-1.000000,7.000000,-2.000000,-1.000000,0.000000,-0.040000,0.070000,0.360000,-7.260000,-8.640000,-11.040000,114.000000,240.000000,330.000000,18.000000,36.000000,72.000000,3.000000,5.760000,9.540000
DIXLUR10,2.000000,2.000000,96.218200,205.609000,309.949000,346.195200,322.000000,712.000000,874.000000,756.000000,16.000000,32.000000,50.000000,58.000000,82.000000,196.000000,244.000000,224.000000,5.777600,13.922800,19.029400,18.582600,96.218200,205.609000,309.949000,346.195200,322.000000,712.000000,874.000000,756.000000,16.000000,32.000000,50.000000,58.000000,82.000000,196.000000,244.000000,224.000000,5.777600,13.922800,19.029400,18.582600,9.241600,15.504000,29.944000,43.745600,49.000000,84.000000,133.000000,119.000000,2.000000,4.000000,6.000000,4.000000,12.000000,22.000000,20.000000,0.562500,1.155000,2.010000,2.250000,9.241600,20.190667,22.597333,21.452267,49.000000,60.666667,68.833333,95.666667,2.833333,3.166667,2.666667,8.166667,17.000000,16.166667,15.833333,0.562500,1.136250,1.278750,1.325000,3.348900,33.379200,66.154500,64.233000,676.000000,1092.000000,1560.000000,1170.000000,15.000000,15.000000,126.000000,216.000000,162.000000,1.562500,5.625000,11.437500,9.937500,292.003500,683.585400,1339.404000,2117.538000,1642.000000,4320.000000,7212.000000,8010.000000,49.000000,108.000000,210.000000,336.000000,318.000000,912.000000,1626.000000,2136.000000,18.895300,53.018400,96.838200,133.942800,0.980000,2.310000,3.850000,2.000000,9.000000,25.000000,-2.000000,-3.000000,2.000000,-0.040000,0.320000,1.500000,1.971667,2.193333,1.050000,11.166667,12.333333,5.000000,2.166667,2.833333,1.166667,0.610000,0.670000,0.233333,-7.260000,-8.700000,-7.650000,114.000000,330.000000,345.000000,15.000000,54.000000,63.000000,3.000000,9.600000,10.800000
DOMQED,3.000000,3.000000,218.593900,507.923000,816.596200,1002.417600,892.000000,2186.000000,3280.000000,3450.000000,35.000000,78.000000,126.000000,158.000000,204.000000,522.000000,778.000000,826.000000,15.157900,38.593000,59.445400,66.340200,218.593900,507.923000,816.596200,1002.417600,892.000000,2186.000000,3280.000000,3450.000000,35.000000,78.000000,126.000000,158.000000,204.000000,522.000000,778.000000,826.000000,15.157900,38.593000,59.445400,66.340200,9.241600,15.504000,31.220800,42.529600,49.000000,84.000000,154.000000,185.500000,2.000000,4.000000,5.500000,4.000000,12.000000,22.000000,25.000000,0.562500,1.155000,2.152500,2.711250,9.241600,15.504000,31.078933,52.622400,49.000000,84.000000,163.333333,248.500000,2.000000,4.000000,6.500000,4.000000,12.000000,23.333333,31.000000,0.562500,1.155000,2.257500,3.368750,3.348900,33.379200,55.998000,75.176400,676.000000,1092.000000,1872.000000,2288.000000,12.000000,16.000000,108.000000,216.000000,264.000000,1.562500,5.625000,11.550000,14.350000,440.536700,1082.604400,2022.436400,2887.463200,2460.000000,6556.000000,11774.000000,15452.000000,71.000000,168.000000,306.000000,444.000000,474.000000,1332.000000,2394.000000,3220.000000,31.878300,88.436000,158.865800,216.940400,0.980000,1.890000,2.730000,2.000000,6.000000,12.000000,-2.000000,-3.000000,-1.500000,-0.040000,0.130000,0.510000,0.980000,1.936667,2.450000,2.000000,4.666667,10.000000,-2.000000,-3.666667,-2.500000,-0.040000,-0.010000,0.383333,-7.260000,-8.640000,-11.800000,114.000000,240.000000,328.000000,18.000000,36.000000,52.000000,3.000000,5.760000,8.520000
DOMQIH,3.000000,3.000000,213.753900,494.547000,794.156200,955.381600,891.000000,2172.000000,3256.000000,3400.000000,34.000000,76.000000,122.000000,150.000000,198.000000,504.000000,744.000000,780.000000,15.021000,38.038000,58.305800,64.075800,213.753900,494.547000,794.156200,955.381600,891.000000,2172.000000,3256.000000,3400.000000,34.000000,76.000000,122.000000,150.000000,198.000000,504.000000,744.000000,780.000000,15.021000,38.038000,58.305800,64.075800,9.241600,15.504000,31.220800,39.185600,49.000000,84.000000,154.000000,182.000000,2.000000,4.000000,5.000000,4.000000,12.000000,21.000000,24.000000,0.562500,1.155000,2.152500,2.572500,9.241600,15.504000,31.078933,51.507733,49.000000,84.000000,163.333333,247.333333,2.000000,4.000000,6.333333,4.000000,12.000000,23.000000,29.333333,0.562500,1.155000,2.257500,3.322500,3.348900,33.379200,55.998000,75.176400,676.000000,1092.000000,1872.000000,2288.000000,12.000000,16.000000,108.000000,216.000000,252.000000,1.562500,5.625000,11.550000,14.350000,430.856700,1055.852400,1977.556400,2793.391200,2458.000000,6528.000000,11726.000000,15352.000000,69.000000,164.000000,298.000000,428.000000,462.000000,1296.000000,2322.000000,3096.000000,31.604500,87.326000,156.586600,212.411600,0.980000,1.890000,2.310000,2.000000,6.000000,9.000000,-2.000000,-2.500000,-2.000000,-0.040000,0.130000,0.320000,0.980000,1.936667,2.310000,2.000000,4.666667,9.000000,-2.000000,-3.500000,-2.000000,-0.040000,-0.010000,0.320000,-7.260000,-8.640000,-11.800000,114.000000,240.000000,328.000000,18.000000,36.000000,54.000000,3.000000,5.760000,8.520000
DOMQON,3.000000,3.000000,234.776400,543.368000,883.209200,1081.315600,930.000000,2282.000000,3452.000000,3658.000000,38.000000,84.000000,138.000000,170.000000,222.000000,564.000000,832.000000,898.000000,16.024600,40.918400,63.192200,71.242600,234.776400,543.368000,883.209200,1081.315600,930.000000,2282.000000,3452.000000,3658.000000,38.000000,84.000000,138.000000,170.000000,222.000000,564.000000,832.000000,898.000000,16.024600,40.918400,63.192200,71.242600,9.241600,15.504000,31.752800,52.561600,49.000000,84.000000,171.500000,196.000000,2.000000,4.000000,7.000000,4.000000,12.000000,25.000000,28.000000,0.562500,1.155000,2.302500,3.127500,9.241600,15.504000,31.256267,55.966400,49.000000,84.000000,169.166667,252.000000,2.000000,4.000000,7.000000,4.000000,12.000000,24.333333,32.000000,0.562500,1.155000,2.307500,3.507500,3.348900,33.379200,55.998000,76.457400,676.000000,1092.000000,1872.000000,2548.000000,12.000000,16.000000,108.000000,216.000000,300.000000,1.562500,5.625000,11.550000,15.350000,472.901700,1153.494400,2155.662400,3047.821200,2536.000000,6748.000000,12118.000000,16388.000000,77.000000,180.000000,330.000000,468.000000,510.000000,1416.000000,2514.000000,3448.000000,33.611700,93.086800,166.359400,228.745200,0.980000,1.715000,3.990000,2.000000,3.500000,21.000000,-2.000000,-4.500000,0.000000,-0.040000,-0.070000,1.080000,0.980000,1.878333,2.870000,2.000000,3.833333,13.000000,-2.000000,-4.166667,-2.000000,-0.040000,-0.076667,0.573333,-7.260000,-8.640000,-12.500000,114.000000,240.000000,318.000000,18.000000,36.000000,46.000000,3.000000,5.760000,7.720000
DOMQUT,3.000000,3.000000,229.936400,529.992000,860.769200,1034.279600,929.000000,2268.000000,3428.000000,3608.000000,37.000000,82.000000,134.000000,162.000000,216.000000,546.000000,798.000000,852.000000,15.887700,40.363400,62.052600,68.978200,229.936400,529.992000,860.769200,1034.279600,929.000000,2268.000000,3428.000000,3608.000000,37.000000,82.000000,134.000000,162.000000,216.000000,546.000000,798.000000,852.000000,15.887700,40.363400,62.052600,68.978200,9.241600,15.504000,31.752800,49.217600,49.000000,84.000000,171.500000,192.500000,2.000000,4.000000,6.500000,4.000000,12.000000,24.000000,27.000000,0.562500,1.155000,2.302500,2.988750,9.241600,15.504000,31.256267,54.851733,49.000000,84.000000,169.166667,250.833333,2.000000,4.000000,6.833333,4.000000,12.000000,24.000000,30.333333,0.562500,1.155000,2.307500,3.461250,3.348900,33.379200,55.998000,76.457400,676.000000,1092.000000,1872.000000,2548.000000,12.000000,16.000000,108.000000,216.000000,288.000000,1.562500,5.625000,11.550000,15.350000,463.221700,1126.742400,2110.782400,2953.749200,2534.000000,6720.000000,12070.000000,16288.000000,75.000000,176.000000,322.000000,452.000000,498.000000,1380.000000,2442.000000,3324.000000,33.337900,91.976800,164.080200,224.216400,0.980000,1.715000,3.570000,2.000000,3.500000,18.000000,-2.000000,-4.000000,-0.500000,-0.040000,-0.070000,0.890000,0.980000,1.878333,2.730000,2.000000,3.833333,12.000000,-2.000000,-4.000000,-1.500000,-0.040000,-0.076667,0.510000,-7.260000,-8.640000,-12.500000,114.000000,240.000000,318.000000,18.000000,36.000000,48.000000,3.000000,5.760000,7.720000
DOMQUT01,3.000000,3.000000,229.936400,529.992000,860.769200,1034.279600,929.000000,2268.000000,3428.000000,3608.000000,37.000000,82.000000,134.000000,162.000000,216.000000,546.000000,798.000000,852.000000,15.887700,40.363400,62.052600,68.978200,229.936400,529.992000,860.769200,1034.279600,929.000000,2268.000000,3428.000000,3608.000000,37.000000,82.000000,134.000000,162.000000,216.000000,546.000000,798.000000,852.000000,15.887700,40.363400,62.052600,68.978200,9.241600,15.504000,31.752800,49.217600,49.000000,84.000000,171.500000,192.500000,2.000000,4.000000,6.500000,4.000000,12.000000,24.000000,27.000000,0.562500,1.155000,2.302500,2.988750,9.241600,15.504000,31.256267,54.851733,49.000000,84.000000,169.166667,250.833333,2.000000,4.000000,6.833333,4.000000,12.000000,24.000000,30.333333,0.562500,1.155000,2.307500,3.461250,3.348900,33.379200,55.998000,76.457400,676.000000,1092.000000,1872.000000,2548.000000,12.000000,16.000000,108.000000,216.000000,288.000000,1.562500,5.625000,11.550000,15.350000,463.221700,1126.742400,2110.782400,2953.749200,2534.000000,6720.000000,12070.000000,16288.000000,75.000000,176.000000,322.000000,452.000000,498.000000,1380.000000,2442.000000,3324.000000,33.337900,91.976800,164.080200,224.216400,0.980000,1.715000,3.570000,2.000000,3.500000,18.000000,-2.000000,-4.000000,-0.500000,-0.040000,-0.070000,0.890000,0.980000,1.878333,2.730000,2.000000,3.833333,12.000000,-2.000000,-4.000000,-1.500000,-0.040000,-0.076667,0.510000,-7.260000,-8.640000,-12.500000,114.000000,240.000000,318.000000,18.000000,36.000000,48.000000,3.000000,5.760000,7.720000
DOMQUT02,3.000000,3.000000,229.936400,529.992000,860.769200,1034.279600,929.000000,2268.000000,3428.000000,3608.000000,37.000000,82.000000,134.000000,162.000000,216.000000,546.000000,798.000000,852.000000,15.887700,40.363400,62.052600,68.978200,229.936400,529.992000,860.769200,1034.279600,929.000000,2268.000000,3428.000000,3608.000000,37.000000,82.000000,134.000000,162.000000,216.000000,546.000000,798.000000,852.000000,15.887700,40.363400,62.052600,68.978200,9.241600,15.504000,31.752800,49.217600,49.000000,84.000000,171.500000,192.500000,2.000000,4.000000,6.500000,4.000000,12.000000,24.000000,27.000000,0.562500,1.155000,2.302500,2.988750,9.241600,15.504000,31.256267,54.851733,49.000000,84.000000,169.166667,250.833333,2.000000,4.000000,6.833333,4.000000,12.000000,24.000000,30.333333,0.562500,1.155000,2.307500,3.461250,3.348900,33.379200,55.998000,76.457400,676.000000,1092.000000,1872.000000,2548.000000,12.000000,16.000000,108.000000,216.000000,288.000000,1.562500,5.625000,11.550000,15.350000,463.221700,1126.742400,2110.782400,2953.749200,2534.000000,6720.000000,12070.000000,16288.000000,75.000000,176.000000,322.000000,452.000000,498.000000,1380.000000,2442.000000,3324.000000,33.337900,91.976800,164.080200,224.216400,0.980000,1.715000,3.570000,2.000000,3.500000,18.000000,-2.000000,-4.000000,-0.500000,-0.040000,-0.070000,0.890000,0.980000,1.878333,2.730000,2.000000,3.833333,12.000000,-2.000000,-4.000000,-1.500000,-0.040000,-0.076667,0.510000,-7.260000,-8.640000,-12.500000,114.000000,240.000000,318.000000,18.000000,36.000000,48.000000,3.000000,5.760000,7.720000
DOQRAC,2.000000,1.666667,112.326950,238.170000,424.504500,499.774800,308.000000,708.000000,873.000000,948.000000,19.500000,38.000000,70.000000,84.000000,108.000000,262.000000,355.000000,438.000000,6.028750,14.984200,21.943800,26.573400,87.140167,179.503000,309.071000,346.559200,246.666667,536.000000,624.000000,646.000000,15.000000,28.666667,51.333333,58.000000,80.000000,189.333333,245.333333,294.000000,4.738833,11.339533,15.857800,18.270600,9.241600,15.504000,35.036000,32.649600,49.000000,84.000000,87.500000,73.500000,2.000000,5.000000,4.500000,5.000000,19.000000,24.500000,16.500000,0.562500,1.155000,1.837500,1.533750,9.241600,12.920000,25.941333,28.454400,49.000000,70.000000,72.333333,56.000000,1.666667,3.666667,4.000000,3.666667,13.333333,17.666667,12.000000,0.562500,0.962500,1.417500,1.300000,3.348900,33.379200,55.998000,98.545500,676.000000,1092.000000,1872.000000,1014.000000,12.000000,24.000000,108.000000,252.000000,198.000000,1.562500,5.625000,11.550000,12.600000,301.536000,667.436400,1394.661000,2058.663000,1540.000000,3984.000000,7212.000000,8250.000000,52.000000,108.000000,222.000000,330.000000,330.000000,912.000000,1644.000000,2280.000000,17.938000,49.318800,91.234200,140.671800,0.980000,3.675000,2.940000,2.000000,22.500000,21.000000,-2.000000,4.500000,4.000000,-0.040000,1.300000,1.330000,0.816667,2.613333,2.800000,1.666667,15.333333,20.000000,-1.666667,2.000000,2.666667,-0.033333,0.860000,1.266667,-7.260000,-8.640000,-9.930000,114.000000,240.000000,585.000000,18.000000,30.000000,111.000000,3.000000,5.760000,19.920000
DOQRAC01,2.000000,1.666667,112.326950,238.170000,424.504500,499.774800,308.000000,708.000000,873.000000,948.000000,19.500000,38.000000,70.000000,84.000000,108.000000,262.000000,355.000000,438.000000,6.028750,14.984200,21.943800,26.573400,87.140167,179.503000,309.071000,346.559200,246.666667,536.000000,624.000000,646.000000,15.000000,28.666667,51.333333,58.000000,80.000000,189.333333,245.333333,294.000000,4.738833,11.339533,15.857800,18.270600,9.241600,15.504000,35.036000,32.649600,49.000000,84.000000,87.500000,73.500000,2.000000,5.000000,4.500000,5.000000,19.000000,24.500000,16.500000,0.562500,1.155000,1.837500,1.533750,9.241600,12.920000,25.941333,28.454400,49.000000,70.000000,72.333333,56.000000,1.666667,3.666667,4.000000,3.666667,13.333333,17.666667,12.000000,0.562500,0.962500,1.417500,1.300000,3.348900,33.379200,55.998000,98.545500,676.000000,1092.000000,1872.000000,1014.000000,12.000000,24.000000,108.000000,252.000000,198.000000,1.562500,5.625000,11.550000,12.600000,301.536000,667.436400,1394.661000,2058.663000,1540.000000,3984.000000,7212.000000,8250.000000,52.000000,108.000000,222.000000,330.000000,330.000000,912.000000,1644.000000,2280.000000,17.938000,49.318800,91.234200,140.671800,0.980000,3.675000,2.940000,2.000000,22.500000,21.000000,-2.000000,4.500000,4.000000,-0.040000,1.300000,1.330000,0.816667,2.613333,2.800000,1.666667,15.333333,20.000000,-1.666667,2.000000,2.666667,-0.033333,0.860000,1.266667,-7.260000,-8.640000,-9.930000,114.000000,240.000000,585.000000,18.000000,30.000000,111.000000,3.000000,5.760000,19.920000
DUCFOW,6.000000,6.000000,356.709600,803.250000,1396.788000,1825.237200,1188.000000,2916.000000,4020.000000,4386.000000,60.000000,126.000000,222.000000,300.000000,348.000000,888.000000,1290.000000,1578.000000,21.711600,55.763400,85.590600,104.221200,356.709600,803.250000,1396.788000,1825.237200,1188.000000,2916.000000,4020.000000,4386.000000,60.000000,126.000000,222.000000,300.000000,348.000000,888.000000,1290.000000,1578.000000,21.711600,55.763400,85.590600,104.221200,9.241600,19.380000,46.664000,52.987200,49.000000,105.000000,150.500000,168.000000,2.500000,6.500000,7.000000,6.500000,24.000000,36.500000,32.500000,0.562500,1.443750,2.703750,2.812500,9.241600,19.380000,46.664000,52.987200,49.000000,105.000000,150.500000,168.000000,2.500000,6.500000,7.000000,6.500000,24.000000,36.500000,32.500000,0.562500,1.443750,2.703750,2.812500,3.348900,33.379200,69.997500,112.545000,676.000000,1092.000000,2340.000000,1482.000000,15.000000,27.000000,126.000000,324.000000,234.000000,1.562500,5.625000,14.437500,15.487500,360.058500,870.008400,1814.031000,2916.180000,1864.000000,5100.000000,10170.000000,12054.000000,61.000000,138.000000,282.000000,468.000000,420.000000,1248.000000,2472.000000,3576.000000,23.274100,67.013400,131.340600,201.211200,1.225000,4.410000,3.850000,2.500000,24.000000,25.000000,-2.500000,3.500000,5.500000,-0.050000,1.270000,1.500000,1.225000,4.410000,3.850000,2.500000,24.000000,25.000000,-2.500000,3.500000,5.500000,-0.050000,1.270000,1.500000,-7.260000,-10.800000,-12.090000,114.000000,300.000000,645.000000,15.000000,36.000000,123.000000,3.000000,7.200000,21.360000
DUKJAW,2.000000,1.500000,216.493000,501.701000,803.123200,964.529200,904.000000,2198.000000,3274.000000,3550.000000,34.000000,76.000000,122.000000,150.000000,198.000000,504.000000,754.000000,822.000000,14.990600,37.961600,58.230600,65.540600,119.446750,265.181500,409.404800,482.264600,622.500000,1237.000000,1749.000000,1775.000000,18.500000,40.000000,62.000000,75.000000,102.000000,256.000000,378.000000,411.000000,8.593200,20.343700,29.880300,32.770300,9.241600,15.504000,29.944000,39.185600,49.000000,84.000000,133.000000,182.000000,2.000000,4.000000,5.000000,4.000000,12.000000,20.000000,24.000000,0.562500,1.155000,2.010000,2.572500,9.241600,11.628000,18.893600,19.592800,49.000000,63.000000,122.500000,91.000000,1.500000,2.500000,2.500000,2.500000,7.000000,10.500000,12.000000,0.562500,0.866250,1.387500,1.286250,3.348900,33.379200,46.665000,62.878800,676.000000,1092.000000,1560.000000,2184.000000,10.000000,14.000000,96.000000,168.000000,180.000000,1.562500,5.625000,9.625000,12.100000,481.135900,1127.484400,2008.197200,2731.033600,3166.000000,7132.000000,11586.000000,15136.000000,75.000000,172.000000,298.000000,416.000000,470.000000,1272.000000,2144.000000,2732.000000,35.935300,92.624800,155.646200,206.161200,0.980000,2.310000,2.310000,2.000000,9.000000,9.000000,-2.000000,-2.000000,-2.000000,-0.040000,0.320000,0.320000,0.735000,1.385000,1.155000,1.500000,0.000000,4.500000,-1.500000,-1.000000,-1.000000,-0.030000,0.025000,0.160000,-7.260000,-7.200000,-8.740000,114.000000,200.000000,280.000000,20.000000,32.000000,54.000000,3.000000,4.800000,7.820000
DUKJAW01,2.000000,1.500000,216.493000,501.701000,803.123200,964.529200,904.000000,2198.000000,3274.000000,3550.000000,34.000000,76.000000,122.000000,150.000000,198.000000,504.000000,754.000000,822.000000,14.990600,37.961600,58.230600,65.540600,119.446750,265.181500,409.404800,482.264600,622.500000,1237.000000,1749.000000,1775.000000,18.500000,40.000000,62.000000,75.000000,102.000000,256.000000,378.000000,411.000000,8.593200,20.343700,29.880300,32.770300,9.241600,15.504000,29.944000,39.185600,49.000000,84.000000,133.000000,182.000000,2.000000,4.000000,5.000000,4.000000,12.000000,20.000000,24.000000,0.562500,1.155000,2.010000,2.572500,9.241600,11.628000,18.893600,19.592800,49.000000,63.000000,122.500000,91.000000,1.500000,2.500000,2.500000,2.500000,7.000000,10.500000,12.000000,0.562500,0.866250,1.387500,1.286250,3.348900,33.379200,46.665000,62.878800,676.000000,1092.000000,1560.000000,2184.000000,10.000000,14.000000,96.000000,168.000000,180.000000,1.562500,5.625000,9.625000,12.100000,481.135900,1127.484400,2008.197200,2731.033600,3166.000000,7132.000000,11586.000000,15136.000000,75.000000,172.000000,298.000000,416.000000,470.000000,1272.000000,2144.000000,2732.000000,35.935300,92.624800,155.646200,206.161200,0.980000,2.310000,2.310000,2.000000,9.000000,9.000000,-2.000000,-2.000000,-2.000000,-0.040000,0.320000,0.320000,0.735000,1.385000,1.155000,1.500000,0.000000,4.500000,-1.500000,-1.000000,-1.000000,-0.030000,0.025000,0.160000,-7.260000,-7.200000,-8.740000,114.000000,200.000000,280.000000,20.000000,32.000000,54.000000,3.000000,4.800000,7.820000
DUKJIE,2.000000,1.500000,216.493000,501.701000,803.123200,964.186200,904.000000,2198.000000,3274.000000,3540.000000,34.000000,76.000000,122.000000,150.000000,198.000000,504.000000,754.000000,826.000000,14.990600,37.961600,58.230600,65.556600,119.446750,265.181500,409.404800,482.093100,622.500000,1237.000000,1749.000000,1770.000000,18.500000,40.000000,62.000000,75.000000,102.000000,256.000000,378.000000,413.000000,8.593200,20.343700,29.880300,32.778300,9.241600,15.504000,29.944000,39.185600,49.000000,84.000000,133.000000,182.000000,2.000000,4.000000,5.000000,4.000000,12.000000,20.000000,24.000000,0.562500,1.155000,2.010000,2.572500,9.241600,11.628000,18.893600,19.592800,49.000000,63.000000,122.500000,91.000000,1.500000,2.500000,2.500000,2.500000,7.000000,10.500000,12.000000,0.562500,0.866250,1.387500,1.286250,3.348900,33.379200,46.665000,62.878800,676.000000,1092.000000,1560.000000,2184.000000,10.000000,14.000000,96.000000,168.000000,180.000000,1.562500,5.625000,9.625000,12.100000,481.135900,1127.484400,2008.197200,2730.347600,3166.000000,7132.000000,11586.000000,15116.000000,75.000000,172.000000,298.000000,416.000000,470.000000,1272.000000,2144.000000,2740.000000,35.935300,92.624800,155.646200,206.193200,0.980000,2.310000,2.310000,2.000000,9.000000,9.000000,-2.000000,-2.000000,-2.000000,-0.040000,0.320000,0.320000,0.735000,1.385000,1.155000,1.500000,0.000000,4.500000,-1.500000,-1.000000,-1.000000,-0.030000,0.025000,0.160000,-7.260000,-7.200000,-8.740000,114.000000,200.000000,280.000000,20.000000,32.000000,54.000000,3.000000,4.800000,7.820000
DULBUK,3.000000,3.000000,230.535100,514.896000,905.900800,1107.237200,1218.000000,2364.000000,3796.000000,3816.000000,39.000000,82.000000,148.000000,178.000000,230.000000,582.000000,844.000000,848.000000,15.262900,38.269000,61.564000,69.270200,230.535100,514.896000,905.900800,1107.237200,1218.000000,2364.000000,3796.000000,3816.000000,39.000000,82.000000,148.000000,178.000000,230.000000,582.000000,844.000000,848.000000,15.262900,38.269000,61.564000,69.270200,9.241600,15.504000,38.851200,70.497600,49.000000,84.000000,280.000000,147.000000,2.000000,5.000000,10.000000,4.000000,14.000000,34.000000,26.000000,0.562500,1.155000,3.075000,3.360000,9.241600,15.504000,33.622400,60.364267,49.000000,84.000000,205.333333,301.000000,2.000000,4.333333,8.000000,4.000000,12.666667,27.333333,26.000000,0.562500,1.155000,2.565000,3.645000,3.348900,33.379200,55.998000,93.549600,676.000000,1092.000000,1872.000000,4160.000000,12.000000,20.000000,108.000000,240.000000,408.000000,1.562500,5.625000,11.550000,20.500000,464.419100,1096.550400,2201.045600,3133.848800,3112.000000,6912.000000,12806.000000,19928.000000,79.000000,176.000000,350.000000,492.000000,526.000000,1460.000000,2622.000000,3660.000000,32.088300,87.788000,163.103000,235.100400,0.980000,2.420000,7.210000,2.000000,-5.000000,49.000000,-3.000000,-7.000000,7.000000,-0.040000,-0.350000,3.020000,0.980000,2.113333,4.463333,2.000000,1.000000,13.000000,-2.333333,-5.000000,3.000000,-0.040000,-0.170000,1.140000,-7.260000,-8.640000,-14.520000,114.000000,240.000000,360.000000,18.000000,32.000000,52.000000,3.000000,5.760000,8.600000
DULBUK02,3.000000,3.000000,230.535100,514.896000,905.900800,1107.237200,1218.000000,2364.000000,3796.000000,3816.000000,39.000000,82.000000,148.000000,178.000000,230.000000,582.000000,844.000000,848.000000,15.262900,38.269000,61.564000,69.270200,230.535100,514.896000,905.900800,1107.237200,1218.000000,2364.000000,3796.000000,3816.000000,39.000000,82.000000,148.000000,178.000000,230.000000,582.000000,844.000000,848.000000,15.262900,38.269000,61.564000,69.270200,9.241600,15.504000,38.851200,70.497600,49.000000,84.000000,280.000000,147.000000,2.000000,5.000000,10.000000,4.000000,14.000000,34.000000,26.000000,0.562500,1.155000,3.075000,3.360000,9.241600,15.504000,33.622400,60.364267,49.000000,84.000000,205.333333,301.000000,2.000000,4.333333,8.000000,4.000000,12.666667,27.333333,26.000000,0.562500,1.155000,2.565000,3.645000,3.348900,33.379200,55.998000,93.549600,676.000000,1092.000000,1872.000000,4160.000000,12.000000,20.000000,108.000000,240.000000,408.000000,1.562500,5.625000,11.550000,20.500000,464.419100,1096.550400,2201.045600,3133.848800,3112.000000,6912.000000,12806.000000,19928.000000,79.000000,176.000000,350.000000,492.000000,526.000000,1460.000000,2622.000000,3660.000000,32.088300,87.788000,163.103000,235.100400,0.980000,2.420000,7.210000,2.000000,-5.000000,49.000000,-3.000000,-7.000000,7.000000,-0.040000,-0.350000,3.020000,0.980000,2.113333,4.463333,2.000000,1.000000,13.000000,-2.333333,-5.000000,3.000000,-0.040000,-0.170000,1.140000,-7.260000,-8.640000,-14.520000,114.000000,240.000000,360.000000,18.000000,32.000000,52.000000,3.000000,5.760000,8.600000
DULCIZ,3.000000,3.000000,230.535100,514.896000,905.900800,1107.237200,1218.000000,2364.000000,3796.000000,3816.000000,39.000000,82.000000,148.000000,178.000000,230.000000,582.000000,844.000000,848.000000,15.262900,38.269000,61.564000,69.270200,230.535100,514.896000,905.900800,1107.237200,1218.000000,2364.000000,3796.000000,3816.000000,39.000000,82.000000,148.000000,178.000000,230.000000,582.000000,844.000000,848.000000,15.262900,38.269000,61.564000,69.270200,9.241600,15.504000,38.851200,70.497600,49.000000,84.000000,280.000000,147.000000,2.000000,5.000000,10.000000,4.000000,14.000000,34.000000,26.000000,0.562500,1.155000,3.075000,3.360000,9.241600,15.504000,33.622400,60.364267,49.000000,84.000000,205.333333,301.000000,2.000000,4.333333,8.000000,4.000000,12.666667,27.333333,26.000000,0.562500,1.155000,2.565000,3.645000,3.348900,33.379200,55.998000,93.549600,676.000000,1092.000000,1872.000000,4160.000000,12.000000,20.000000,108.000000,240.000000,408.000000,1.562500,5.625000,11.550000,20.500000,464.419100,1096.550400,2201.045600,3133.848800,3112.000000,6912.000000,12806.000000,19928.000000,79.000000,176.000000,350.000000,492.000000,526.000000,1460.000000,2622.000000,3660.000000,32.088300,87.788000,163.103000,235.100400,0.980000,2.420000,7.210000,2.000000,-5.000000,49.000000,-3.000000,-7.000000,7.000000,-0.040000,-0.350000,3.020000,0.980000,2.113333,4.463333,2.000000,1.000000,13.000000,-2.333333,-5.000000,3.000000,-0.040000,-0.170000,1.140000,-7.260000,-8.640000,-14.520000,114.000000,240.000000,360.000000,18.000000,32.000000,52.000000,3.000000,5.760000,8.600000
DULCOF,3.000000,3.000000,230.535100,514.896000,905.900800,1107.237200,1218.000000,2364.000000,3796.000000,3816.000000,39.000000,82.000000,148.000000,178.000000,230.000000,582.000000,844.000000,848.000000,15.262900,38.269000,61.564000,69.270200,230.535100,514.896000,905.900800,1107.237200,1218.000000,2364.000000,3796.000000,3816.000000,39.000000,82.000000,148.000000,178.000000,230.000000,582.000000,844.000000,848.000000,15.262900,38.269000,61.564000,69.270200,9.241600,15.504000,38.851200,70.497600,49.000000,84.000000,280.000000,147.000000,2.000000,5.000000,10.000000,4.000000,14.000000,34.000000,26.000000,0.562500,1.155000,3.075000,3.360000,9.241600,15.504000,33.622400,60.364267,49.000000,84.000000,205.333333,301.000000,2.000000,4.333333,8.000000,4.000000,12.666667,27.333333,26.000000,0.562500,1.155000,2.565000,3.645000,3.348900,33.379200,55.998000,93.549600,676.000000,1092.000000,1872.000000,4160.000000,12.000000,20.000000,108.000000,240.000000,408.000000,1.562500,5.625000,11.550000,20.500000,464.419100,1096.550400,2201.045600,3133.848800,3112.000000,6912.000000,12806.000000,19928.000000,79.000000,176.000000,350.000000,492.000000,526.000000,1460.000000,2622.000000,3660.000000,32.088300,87.788000,163.103000,235.100400,0.980000,2.420000,7.210000,2.000000,-5.000000,49.000000,-3.000000,-7.000000,7.000000,-0.040000,-0.350000,3.020000,0.980000,2.113333,4.463333,2.000000,1.000000,13.000000,-2.333333,-5.000000,3.000000,-0.040000,-0.170000,1.140000,-7.260000,-8.640000,-14.520000,114.000000,240.000000,360.000000,18.000000,32.000000,52.000000,3.000000,5.760000,8.600000
DULDAS,3.000000,3.000000,165.805100,373.116000,632.798800,650.761200,1066.000000,1980.000000,2968.000000,2400.000000,27.000000,58.000000,100.000000,106.000000,158.000000,390.000000,520.000000,440.000000,11.796100,28.967400,44.752800,40.839000,165.805100,373.116000,632.798800,650.761200,1066.000000,1980.000000,2968.000000,2400.000000,27.000000,58.000000,100.000000,106.000000,158.000000,390.000000,520.000000,440.000000,11.796100,28.967400,44.752800,40.839000,9.241600,15.504000,36.723200,30.369600,49.000000,84.000000,210.000000,105.000000,2.000000,5.000000,4.000000,4.000000,14.000000,22.000000,14.000000,0.562500,1.155000,2.475000,1.695000,9.241600,15.504000,32.913067,46.988267,49.000000,84.000000,182.000000,287.000000,2.000000,4.333333,6.000000,4.000000,12.666667,23.333333,22.000000,0.562500,1.155000,2.365000,3.090000,3.348900,33.379200,55.998000,88.425600,676.000000,1092.000000,1872.000000,3120.000000,12.000000,20.000000,108.000000,240.000000,264.000000,1.562500,5.625000,11.550000,16.500000,334.959100,812.990400,1654.841600,2210.648800,2808.000000,6144.000000,11150.000000,15016.000000,55.000000,128.000000,254.000000,348.000000,382.000000,1076.000000,1926.000000,2508.000000,25.154700,69.184800,129.480600,170.238000,0.980000,3.120000,2.170000,2.000000,5.000000,13.000000,-3.000000,-1.000000,1.000000,-0.040000,0.450000,0.740000,0.980000,2.346667,2.783333,2.000000,4.333333,1.000000,-2.333333,-3.000000,1.000000,-0.040000,0.096667,0.380000,-7.260000,-8.640000,-11.720000,114.000000,240.000000,400.000000,18.000000,32.000000,76.000000,3.000000,5.760000,11.800000
DUSMAH,3.000000,3.000000,240.889500,532.440000,949.038400,1144.010800,834.000000,1980.000000,3124.000000,3016.000000,39.000000,82.000000,148.000000,178.000000,230.000000,582.000000,844.000000,848.000000,14.247900,36.482600,58.049200,65.720600,240.889500,532.440000,949.038400,1144.010800,834.000000,1980.000000,3124.000000,3016.000000,39.000000,82.000000,148.000000,178.000000,230.000000,582.000000,844.000000,848.000000,14.247900,36.482600,58.049200,65.720600,9.241600,15.504000,41.465600,70.497600,49.000000,84.000000,224.000000,147.000000,2.000000,5.000000,10.000000,4.000000,14.000000,34.000000,26.000000,0.562500,1.155000,2.857500,3.360000,9.241600,15.504000,34.493867,63.850133,49.000000,84.000000,186.666667,226.333333,2.000000,4.333333,8.000000,4.000000,12.666667,27.333333,26.000000,0.562500,1.155000,2.492500,3.355000,3.348900,33.379200,55.998000,99.844800,676.000000,1092.000000,1872.000000,3328.000000,12.000000,20.000000,108.000000,240.000000,408.000000,1.562500,5.625000,11.550000,19.050000,485.127900,1131.638400,2287.320800,3219.986400,2344.000000,6144.000000,11462.000000,16664.000000,79.000000,176.000000,350.000000,492.000000,526.000000,1460.000000,2622.000000,3660.000000,30.058300,84.215200,156.073400,225.101200,0.980000,1.560000,7.210000,2.000000,3.000000,49.000000,-3.000000,-7.000000,7.000000,-0.040000,-0.060000,3.020000,0.980000,1.826667,3.316667,2.000000,3.666667,23.666667,-2.333333,-5.000000,3.000000,-0.040000,-0.073333,1.526667,-7.260000,-8.640000,-17.960000,114.000000,240.000000,392.000000,18.000000,32.000000,52.000000,3.000000,5.760000,9.760000
DUSMAH03,3.000000,3.000000,240.889500,532.440000,949.038400,1144.010800,834.000000,1980.000000,3124.000000,3016.000000,39.000000,82.000000,148.000000,178.000000,230.000000,582.000000,844.000000,848.000000,14.247900,36.482600,58.049200,65.720600,240.889500,532.440000,949.038400,1144.010800,834.000000,1980.000000,3124.000000,3016.000000,39.000000,82.000000,148.000000,178.000000,230.000000,582.000000,844.000000,848.000000,14.247900,36.482600,58.049200,65.720600,9.241600,15.504000,41.465600,70.497600,49.000000,84.000000,224.000000,147.000000,2.000000,5.000000,10.000000,4.000000,14.000000,34.000000,26.000000,0.562500,1.155000,2.857500,3.360000,9.241600,15.504000,34.493867,63.850133,49.000000,84.000000,186.666667,226.333333,2.000000,4.333333,8.000000,4.000000,12.666667,27.333333,26.000000,0.562500,1.155000,2.492500,3.355000,3.348900,33.379200,55.998000,99.844800,676.000000,1092.000000,1872.000000,3328.000000,12.000000,20.000000,108.000000,240.000000,408.000000,1.562500,5.625000,11.550000,19.050000,485.127900,1131.638400,2287.320800,3219.986400,2344.000000,6144.000000,11462.000000,16664.000000,79.000000,176.000000,350.000000,492.000000,526.000000,1460.000000,2622.000000,3660.000000,30.058300,84.215200,156.073400,225.101200,0.980000,1.560000,7.210000,2.000000,3.000000,49.000000,-3.000000,-7.000000,7.000000,-0.040000,-0.060000,3.020000,0.980000,1.826667,3.316667,2.000000,3.666667,23.666667,-2.333333,-5.000000,3.000000,-0.040000,-0.073333,1.526667,-7.260000,-8.640000,-17.960000,114.000000,240.000000,392.000000,18.000000,32.000000,52.000000,3.000000,5.760000,9.760000
DUSMUB,3.000000,3.000000,240.889500,532.440000,949.038400,1144.010800,834.000000,1980.000000,3124.000000,3016.000000,39.000000,82.000000,148.000000,178.000000,230.000000,582.000000,844.000000,848.000000,14.247900,36.482600,58.049200,65.720600,240.889500,532.440000,949.038400,1144.010800,834.000000,1980.000000,3124.000000,3016.000000,39.000000,82.000000,148.000000,178.000000,230.000000,582.000000,844.000000,848.000000,14.247900,36.482600,58.049200,65.720600,9.241600,15.504000,41.465600,70.497600,49.000000,84.000000,224.000000,147.000000,2.000000,5.000000,10.000000,4.000000,14.000000,34.000000,26.000000,0.562500,1.155000,2.857500,3.360000,9.241600,15.504000,34.493867,63.850133,49.000000,84.000000,186.666667,226.333333,2.000000,4.333333,8.000000,4.000000,12.666667,27.333333,26.000000,0.562500,1.155000,2.492500,3.355000,3.348900,33.379200,55.998000,99.844800,676.000000,1092.000000,1872.000000,3328.000000,12.000000,20.000000,108.000000,240.000000,408.000000,1.562500,5.625000,11.550000,19.050000,485.127900,1131.638400,2287.320800,3219.986400,2344.000000,6144.000000,11462.000000,16664.000000,79.000000,176.000000,350.000000,492.000000,526.000000,1460.000000,2622.000000,3660.000000,30.058300,84.215200,156.073400,225.101200,0.980000,1.560000,7.210000,2.000000,3.000000,49.000000,-3.000000,-7.000000,7.000000,-0.040000,-0.060000,3.020000,0.980000,1.826667,3.316667,2.000000,3.666667,23.666667,-2.333333,-5.000000,3.000000,-0.040000,-0.073333,1.526667,-7.260000,-8.640000,-17.960000,114.000000,240.000000,392.000000,18.000000,32.000000,52.000000,3.000000,5.760000,9.760000
DUWHIO,1.000000,4.000000,22.400500,28.662000,15.686400,0.000000,341.000000,276.000000,224.000000,0.000000,3.000000,4.000000,2.000000,0.000000,6.000000,8.000000,2.000000,0.000000,2.195800,2.725800,1.530000,0.000000,248.858000,559.586000,868.039400,1063.154400,980.000000,2318.000000,3248.000000,3312.000000,40.000000,86.000000,134.000000,168.000000,220.000000,546.000000,758.000000,796.000000,16.724000,41.426600,60.386200,66.348800,9.241600,7.752000,7.843200,0.000000,49.000000,42.000000,112.000000,0.000000,1.000000,1.000000,0.000000,1.000000,2.000000,1.000000,0.000000,0.562500,0.577500,0.765000,0.000000,9.241600,15.504000,31.220800,45.341600,49.000000,84.000000,154.000000,171.500000,2.000000,4.000000,6.000000,4.000000,12.000000,22.000000,24.000000,0.562500,1.155000,2.152500,2.700000,3.348900,33.379200,46.665000,60.390000,676.000000,1092.000000,1560.000000,2314.000000,10.000000,13.000000,96.000000,168.000000,186.000000,1.562500,5.625000,9.625000,12.112500,297.007900,683.668400,1269.990200,1829.144000,2338.000000,5054.000000,8286.000000,11440.000000,47.000000,106.000000,188.000000,278.000000,294.000000,810.000000,1402.000000,1860.000000,22.678100,58.128200,99.571200,139.143800,0.490000,0.460000,0.000000,1.000000,-9.000000,0.000000,-1.000000,0.000000,0.000000,-0.020000,-0.270000,0.000000,0.980000,1.890000,3.325000,2.000000,6.000000,17.500000,-2.000000,-3.000000,0.000000,-0.040000,0.130000,0.900000,-7.260000,-7.200000,-9.210000,114.000000,200.000000,249.000000,20.000000,32.000000,47.000000,3.000000,4.800000,6.560000
DUWHIO03,1.000000,4.000000,22.400500,28.662000,15.686400,0.000000,341.000000,276.000000,224.000000,0.000000,3.000000,4.000000,2.000000,0.000000,6.000000,8.000000,2.000000,0.000000,2.195800,2.725800,1.530000,0.000000,248.858000,559.586000,868.039400,1063.154400,980.000000,2318.000000,3248.000000,3312.000000,40.000000,86.000000,134.000000,168.000000,220.000000,546.000000,758.000000,796.000000,16.724000,41.426600,60.386200,66.348800,9.241600,7.752000,7.843200,0.000000,49.000000,42.000000,112.000000,0.000000,1.000000,1.000000,0.000000,1.000000,2.000000,1.000000,0.000000,0.562500,0.577500,0.765000,0.000000,9.241600,15.504000,31.220800,45.341600,49.000000,84.000000,154.000000,171.500000,2.000000,4.000000,6.000000,4.000000,12.000000,22.000000,24.000000,0.562500,1.155000,2.152500,2.700000,3.348900,33.379200,46.665000,60.390000,676.000000,1092.000000,1560.000000,2314.000000,10.000000,13.000000,96.000000,168.000000,186.000000,1.562500,5.625000,9.625000,12.112500,297.007900,683.668400,1269.990200,1829.144000,2338.000000,5054.000000,8286.000000,11440.000000,47.000000,106.000000,188.000000,278.000000,294.000000,810.000000,1402.000000,1860.000000,22.678100,58.128200,99.571200,139.143800,0.490000,0.460000,0.000000,1.000000,-9.000000,0.000000,-1.000000,0.000000,0.000000,-0.020000,-0.270000,0.000000,0.980000,1.890000,3.325000,2.000000,6.000000,17.500000,-2.000000,-3.000000,0.000000,-0.040000,0.130000,0.900000,-7.260000,-7.200000,-9.210000,114.000000,200.000000,249.000000,20.000000,32.000000,47.000000,3.000000,4.800000,6.560000
EBOTOG,4.000000,2.000000,241.131400,536.571000,872.502000,1067.775600,862.000000,2052.000000,2760.000000,2748.000000,40.000000,84.000000,138.000000,174.000000,222.000000,552.000000,774.000000,852.000000,15.386400,38.438400,56.405400,62.995800,95.310800,197.965000,301.291600,355.925200,514.666667,868.000000,1069.333333,916.000000,15.333333,30.666667,47.333333,58.000000,78.000000,189.333333,259.333333,284.000000,6.592667,14.630000,19.821800,20.998600,9.241600,15.504000,29.944000,43.745600,49.000000,84.000000,133.000000,119.000000,2.000000,4.000000,6.000000,4.000000,12.000000,22.000000,20.000000,0.562500,1.155000,2.010000,2.250000,9.241600,11.628000,20.783467,15.787733,49.000000,63.000000,124.833333,65.333333,1.500000,2.833333,2.000000,2.833333,9.333333,11.833333,10.833333,0.562500,0.866250,1.411250,0.945000,3.348900,33.379200,51.331500,73.675800,676.000000,1092.000000,1716.000000,2002.000000,11.000000,17.000000,102.000000,204.000000,174.000000,1.562500,5.625000,10.587500,12.487500,289.281300,660.653400,1283.785800,1919.373600,2220.000000,4788.000000,8110.000000,10574.000000,47.000000,104.000000,194.000000,300.000000,298.000000,840.000000,1524.000000,2016.000000,21.340500,55.140000,97.515400,141.190800,0.980000,2.310000,3.850000,2.000000,9.000000,25.000000,-2.000000,-3.000000,2.000000,-0.040000,0.320000,1.500000,0.735000,1.776667,0.886667,1.500000,2.000000,4.666667,-1.500000,1.500000,0.833333,-0.030000,0.243333,0.240000,-7.260000,-7.920000,-9.150000,114.000000,220.000000,365.000000,19.000000,32.000000,73.000000,3.000000,5.280000,11.260000
EBOTOG01,4.000000,2.000000,241.131400,536.571000,872.502000,1067.775600,862.000000,2052.000000,2760.000000,2748.000000,40.000000,84.000000,138.000000,174.000000,222.000000,552.000000,774.000000,852.000000,15.386400,38.438400,56.405400,62.995800,95.310800,197.965000,301.291600,355.925200,514.666667,868.000000,1069.333333,916.000000,15.333333,30.666667,47.333333,58.000000,78.000000,189.333333,259.333333,284.000000,6.592667,14.630000,19.821800,20.998600,9.241600,15.504000,29.944000,43.745600,49.000000,84.000000,133.000000,119.000000,2.000000,4.000000,6.000000,4.000000,12.000000,22.000000,20.000000,0.562500,1.155000,2.010000,2.250000,9.241600,11.628000,20.783467,15.787733,49.000000,63.000000,124.833333,65.333333,1.500000,2.833333,2.000000,2.833333,9.333333,11.833333,10.833333,0.562500,0.866250,1.411250,0.945000,3.348900,33.379200,51.331500,73.675800,676.000000,1092.000000,1716.000000,2002.000000,11.000000,17.000000,102.000000,204.000000,174.000000,1.562500,5.625000,10.587500,12.487500,289.281300,660.653400,1283.785800,1919.373600,2220.000000,4788.000000,8110.000000,10574.000000,47.000000,104.000000,194.000000,300.000000,298.000000,840.000000,1524.000000,2016.000000,21.340500,55.140000,97.515400,141.190800,0.980000,2.310000,3.850000,2.000000,9.000000,25.000000,-2.000000,-3.000000,2.000000,-0.040000,0.320000,1.500000,0.735000,1.776667,0.886667,1.500000,2.000000,4.666667,-1.500000,1.500000,0.833333,-0.030000,0.243333,0.240000,-7.260000,-7.920000,-9.150000,114.000000,220.000000,365.000000,19.000000,32.000000,73.000000,3.000000,5.280000,11.260000
EBOVAU,4.000000,2.000000,241.131400,536.571000,872.502000,1067.775600,862.000000,2052.000000,2760.000000,2748.000000,40.000000,84.000000,138.000000,174.000000,222.000000,552.000000,774.000000,852.000000,15.386400,38.438400,56.405400,62.995800,95.310800,197.965000,301.291600,355.925200,514.666667,868.000000,1069.333333,916.000000,15.333333,30.666667,47.333333,58.000000,78.000000,189.333333,259.333333,284.000000,6.592667,14.630000,19.821800,20.998600,9.241600,15.504000,29.944000,43.745600,49.000000,84.000000,133.000000,119.000000,2.000000,4.000000,6.000000,4.000000,12.000000,22.000000,20.000000,0.562500,1.155000,2.010000,2.250000,9.241600,11.628000,20.783467,15.787733,49.000000,63.000000,124.833333,65.333333,1.500000,2.833333,2.000000,2.833333,9.333333,11.833333,10.833333,0.562500,0.866250,1.411250,0.945000,3.348900,33.379200,51.331500,73.675800,676.000000,1092.000000,1716.000000,2002.000000,11.000000,17.000000,102.000000,204.000000,174.000000,1.562500,5.625000,10.587500,12.487500,289.281300,660.653400,1283.785800,1919.373600,2220.000000,4788.000000,8110.000000,10574.000000,47.000000,104.000000,194.000000,300.000000,298.000000,840.000000,1524.000000,2016.000000,21.340500,55.140000,97.515400,141.190800,0.980000,2.310000,3.850000,2.000000,9.000000,25.000000,-2.000000,-3.000000,2.000000,-0.040000,0.320000,1.500000,0.735000,1.776667,0.886667,1.500000,2.000000,4.666667,-1.500000,1.500000,0.833333,-0.030000,0.243333,0.240000,-7.260000,-7.920000,-9.150000,114.000000,220.000000,365.000000,19.000000,32.000000,73.000000,3.000000,5.280000,11.260000
EBUQAU,6.000000,6.000000,325.621000,718.377000,1177.980600,1291.714200,1162.000000,2706.000000,3522.000000,2970.000000,52.000000,108.000000,180.000000,210.000000,288.000000,708.000000,948.000000,936.000000,19.582800,48.558000,70.590000,70.272600,325.621000,718.377000,1177.980600,1291.714200,1162.000000,2706.000000,3522.000000,2970.000000,52.000000,108.000000,180.000000,210.000000,288.000000,708.000000,948.000000,936.000000,19.582800,48.558000,70.590000,70.272600,9.241600,15.504000,33.500800,34.458400,49.000000,84.000000,122.500000,112.000000,2.000000,4.500000,4.500000,4.000000,13.000000,20.000000,15.000000,0.562500,1.155000,1.991250,1.826250,9.241600,15.504000,33.500800,34.458400,49.000000,84.000000,122.500000,112.000000,2.000000,4.500000,4.500000,4.000000,13.000000,20.000000,15.000000,0.562500,1.155000,1.991250,1.826250,3.348900,33.379200,55.998000,93.000600,676.000000,1092.000000,1872.000000,1794.000000,12.000000,21.000000,108.000000,234.000000,252.000000,1.562500,5.625000,11.550000,14.137500,328.969900,785.135400,1567.224600,2259.481800,1838.000000,4890.000000,8736.000000,10800.000000,53.000000,120.000000,234.000000,354.000000,354.000000,1002.000000,1806.000000,2544.000000,21.145300,59.808000,110.565000,157.542600,0.980000,2.660000,2.345000,2.000000,14.000000,15.500000,-2.500000,-1.000000,1.500000,-0.040000,0.720000,0.940000,0.980000,2.660000,2.345000,2.000000,14.000000,15.500000,-2.500000,-1.000000,1.500000,-0.040000,0.720000,0.940000,-7.260000,-8.640000,-12.390000,114.000000,240.000000,477.000000,18.000000,33.000000,84.000000,3.000000,5.760000,14.940000
EBUQAU01,6.000000,6.000000,325.621000,718.377000,1177.980600,1291.714200,1162.000000,2706.000000,3522.000000,2970.000000,52.000000,108.000000,180.000000,210.000000,288.000000,708.000000,948.000000,936.000000,19.582800,48.558000,70.590000,70.272600,325.621000,718.377000,1177.980600,1291.714200,1162.000000,2706.000000,3522.000000,2970.000000,52.000000,108.000000,180.000000,210.000000,288.000000,708.000000,948.000000,936.000000,19.582800,48.558000,70.590000,70.272600,9.241600,15.504000,33.500800,34.458400,49.000000,84.000000,122.500000,112.000000,2.000000,4.500000,4.500000,4.000000,13.000000,20.000000,15.000000,0.562500,1.155000,1.991250,1.826250,9.241600,15.504000,33.500800,34.458400,49.000000,84.000000,122.500000,112.000000,2.000000,4.500000,4.500000,4.000000,13.000000,20.000000,15.000000,0.562500,1.155000,1.991250,1.826250,3.348900,33.379200,55.998000,93.000600,676.000000,1092.000000,1872.000000,1794.000000,12.000000,21.000000,108.000000,234.000000,252.000000,1.562500,5.625000,11.550000,14.137500,328.969900,785.135400,1567.224600,2259.481800,1838.000000,4890.000000,8736.000000,10800.000000,53.000000,120.000000,234.000000,354.000000,354.000000,1002.000000,1806.000000,2544.000000,21.145300,59.808000,110.565000,157.542600,0.980000,2.660000,2.345000,2.000000,14.000000,15.500000,-2.500000,-1.000000,1.500000,-0.040000,0.720000,0.940000,0.980000,2.660000,2.345000,2.000000,14.000000,15.500000,-2.500000,-1.000000,1.500000,-0.040000,0.720000,0.940000,-7.260000,-8.640000,-12.390000,114.000000,240.000000,477.000000,18.000000,33.000000,84.000000,3.000000,5.760000,14.940000
ECELAA,3.000000,3.000000,161.295500,366.018400,568.646400,611.334400,650.000000,1552.000000,2172.000000,1828.000000,25.000000,54.000000,84.000000,94.000000,138.000000,342.000000,476.000000,424.000000,10.566500,26.104600,38.103600,36.132200,161.295500,366.018400,568.646400,611.334400,650.000000,1552.000000,2172.000000,1828.000000,25.000000,54.000000,84.000000,94.000000,138.000000,342.000000,476.000000,424.000000,10.566500,26.104600,38.103600,36.132200,9.241600,16.993600,29.944000,30.369600,49.000000,91.000000,133.000000,105.000000,2.000000,4.000000,4.000000,4.000000,12.000000,20.000000,14.000000,0.562500,1.140000,2.010000,1.695000,9.241600,16.000533,32.639467,46.866667,49.000000,86.333333,165.666667,193.666667,2.000000,4.000000,6.000000,4.000000,12.000000,22.666667,24.666667,0.562500,1.150000,2.190000,2.840000,3.348900,33.379200,59.584800,72.102000,676.000000,1092.000000,1976.000000,1976.000000,12.000000,16.000000,108.000000,216.000000,240.000000,1.562500,5.625000,11.450000,13.400000,325.939900,798.795200,1533.710400,2146.815200,1976.000000,5288.000000,9766.000000,11808.000000,51.000000,120.000000,222.000000,316.000000,342.000000,972.000000,1782.000000,2316.000000,22.695500,63.459200,115.982200,154.144400,0.490000,2.310000,2.170000,1.000000,9.000000,13.000000,-2.000000,-2.000000,1.000000,-0.020000,0.320000,0.740000,0.816667,1.423333,2.823333,1.666667,4.333333,14.333333,-2.000000,-3.333333,-0.333333,-0.033333,0.080000,0.713333,-7.260000,-10.600000,-10.120000,114.000000,236.000000,340.000000,18.000000,36.000000,56.000000,3.000000,5.840000,9.280000
ECELEE01,3.000000,3.000000,161.295500,366.018400,568.646400,611.334400,650.000000,1552.000000,2172.000000,1828.000000,25.000000,54.000000,84.000000,94.000000,138.000000,342.000000,476.000000,424.000000,10.566500,26.104600,38.103600,36.132200,161.295500,366.018400,568.646400,611.334400,650.000000,1552.000000,2172.000000,1828.000000,25.000000,54.000000,84.000000,94.000000,138.000000,342.000000,476.000000,424.000000,10.566500,26.104600,38.103600,36.132200,9.241600,16.993600,29.944000,30.369600,49.000000,91.000000,133.000000,105.000000,2.000000,4.000000,4.000000,4.000000,12.000000,20.000000,14.000000,0.562500,1.140000,2.010000,1.695000,9.241600,16.000533,32.639467,46.866667,49.000000,86.333333,165.666667,193.666667,2.000000,4.000000,6.000000,4.000000,12.000000,22.666667,24.666667,0.562500,1.150000,2.190000,2.840000,3.348900,33.379200,59.584800,72.102000,676.000000,1092.000000,1976.000000,1976.000000,12.000000,16.000000,108.000000,216.000000,240.000000,1.562500,5.625000,11.450000,13.400000,325.939900,798.795200,1533.710400,2146.815200,1976.000000,5288.000000,9766.000000,11808.000000,51.000000,120.000000,222.000000,316.000000,342.000000,972.000000,1782.000000,2316.000000,22.695500,63.459200,115.982200,154.144400,0.490000,2.310000,2.170000,1.000000,9.000000,13.000000,-2.000000,-2.000000,1.000000,-0.020000,0.320000,0.740000,0.816667,1.423333,2.823333,1.666667,4.333333,14.333333,-2.000000,-3.333333,-0.333333,-0.033333,0.080000,0.713333,-7.260000,-10.600000,-10.120000,114.000000,236.000000,340.000000,18.000000,36.000000,56.000000,3.000000,5.840000,9.280000
ECELII,3.000000,3.000000,193.660500,436.908400,701.872400,769.816400,726.000000,1744.000000,2516.000000,2264.000000,31.000000,66.000000,108.000000,118.000000,174.000000,426.000000,584.000000,568.000000,12.299900,30.755400,45.597200,45.905000,193.660500,436.908400,701.872400,769.816400,726.000000,1744.000000,2516.000000,2264.000000,31.000000,66.000000,108.000000,118.000000,174.000000,426.000000,584.000000,568.000000,12.299900,30.755400,45.597200,45.905000,9.241600,16.993600,31.008000,50.433600,49.000000,91.000000,168.000000,126.000000,2.000000,4.000000,7.000000,4.000000,12.000000,26.000000,20.000000,0.562500,1.140000,2.310000,2.527500,9.241600,16.000533,32.994133,53.554667,49.000000,86.333333,177.333333,200.666667,2.000000,4.000000,7.000000,4.000000,12.000000,24.666667,26.666667,0.562500,1.150000,2.290000,3.117500,3.348900,33.379200,59.584800,74.664000,676.000000,1092.000000,1976.000000,2496.000000,12.000000,16.000000,108.000000,216.000000,312.000000,1.562500,5.625000,11.450000,15.400000,390.669900,940.575200,1800.162400,2468.903200,2128.000000,5672.000000,10454.000000,13720.000000,63.000000,144.000000,270.000000,364.000000,414.000000,1140.000000,2022.000000,2772.000000,26.162300,72.760800,130.969400,177.690000,0.490000,1.960000,4.690000,1.000000,4.000000,31.000000,-2.000000,-5.000000,4.000000,-0.020000,-0.080000,1.880000,0.816667,1.306667,3.663333,1.666667,2.666667,20.333333,-2.000000,-4.333333,0.666667,-0.033333,-0.053333,1.093333,-7.260000,-10.600000,-11.520000,114.000000,236.000000,320.000000,18.000000,36.000000,44.000000,3.000000,5.840000,7.680000
EGIPOC,3.000000,3.000000,1021.269100,2263.431000,4150.171400,5634.576800,2830.000000,7044.000000,9596.000000,10292.000000,182.000000,372.000000,710.000000,1006.000000,1082.000000,2836.000000,3924.000000,4272.000000,57.991800,152.922000,241.987800,287.695400,1021.269100,2263.431000,4150.171400,5634.576800,2830.000000,7044.000000,9596.000000,10292.000000,182.000000,372.000000,710.000000,1006.000000,1082.000000,2836.000000,3924.000000,4272.000000,57.991800,152.922000,241.987800,287.695400,9.241600,15.504000,32.497600,46.937600,49.000000,84.000000,175.000000,224.000000,2.000000,4.000000,6.000000,4.000000,12.000000,24.000000,32.000000,0.562500,1.155000,2.295000,3.150000,9.241600,15.504000,31.504533,54.375467,49.000000,84.000000,170.333333,242.666667,2.000000,4.000000,6.666667,4.000000,12.000000,24.000000,30.666667,0.562500,1.155000,2.305000,3.305000,3.348900,33.379200,55.998000,78.250800,676.000000,1092.000000,1872.000000,2600.000000,12.000000,16.000000,108.000000,216.000000,288.000000,1.562500,5.625000,11.550000,15.300000,2045.887100,4593.620400,8689.586800,12157.930400,6336.000000,16272.000000,24406.000000,29760.000000,365.000000,756.000000,1474.000000,2140.000000,2230.000000,5960.000000,8694.000000,10180.000000,117.546100,317.094000,523.950600,661.550800,0.980000,1.470000,2.800000,2.000000,3.000000,10.000000,-2.000000,-4.000000,-4.000000,-0.040000,-0.060000,0.300000,0.980000,1.796667,2.380000,2.000000,3.666667,12.000000,-2.000000,-4.000000,-2.000000,-0.040000,-0.073333,0.593333,-7.260000,-8.640000,-13.480000,114.000000,240.000000,316.000000,18.000000,36.000000,48.000000,3.000000,5.760000,7.760000
EMIPIZ01,3.000000,3.000000,159.194600,359.796400,555.516400,578.472000,662.000000,1564.000000,2176.000000,1842.000000,24.000000,52.000000,80.000000,86.000000,132.000000,324.000000,448.000000,392.000000,10.399200,25.473200,36.872800,34.355000,159.194600,359.796400,555.516400,578.472000,662.000000,1564.000000,2176.000000,1842.000000,24.000000,52.000000,80.000000,86.000000,132.000000,324.000000,448.000000,392.000000,10.399200,25.473200,36.872800,34.355000,9.241600,16.993600,29.944000,30.369600,49.000000,91.000000,133.000000,105.000000,2.000000,4.000000,4.000000,4.000000,12.000000,20.000000,14.000000,0.562500,1.140000,2.010000,1.695000,9.241600,16.000533,32.639467,47.859733,49.000000,86.333333,165.666667,198.333333,2.000000,4.000000,6.000000,4.000000,12.000000,22.666667,23.333333,0.562500,1.150000,2.190000,2.830000,3.348900,33.379200,59.584800,72.102000,676.000000,1092.000000,1976.000000,1976.000000,12.000000,16.000000,108.000000,216.000000,240.000000,1.562500,5.625000,11.450000,13.400000,321.738100,786.351200,1507.450400,2081.090400,2000.000000,5312.000000,9774.000000,11836.000000,49.000000,116.000000,214.000000,300.000000,330.000000,936.000000,1726.000000,2248.000000,22.360900,62.196400,113.520600,150.590000,0.490000,2.310000,2.170000,1.000000,9.000000,13.000000,-2.000000,-2.000000,1.000000,-0.020000,0.320000,0.740000,0.816667,1.423333,2.496667,1.666667,4.333333,13.666667,-2.000000,-3.333333,0.333333,-0.033333,0.080000,0.726667,-7.260000,-10.600000,-10.120000,114.000000,236.000000,340.000000,18.000000,36.000000,56.000000,3.000000,5.840000,9.280000
ENUBAR,6.000000,6.000000,325.621000,718.377000,1179.009600,1306.090800,1162.000000,2706.000000,3552.000000,2988.000000,52.000000,108.000000,180.000000,210.000000,288.000000,708.000000,948.000000,936.000000,19.582800,48.558000,70.542000,70.186200,325.621000,718.377000,1179.009600,1306.090800,1162.000000,2706.000000,3552.000000,2988.000000,52.000000,108.000000,180.000000,210.000000,288.000000,708.000000,948.000000,936.000000,19.582800,48.558000,70.542000,70.186200,9.241600,15.504000,33.500800,35.203200,49.000000,84.000000,122.500000,115.500000,2.000000,4.500000,4.500000,4.000000,13.000000,20.000000,15.000000,0.562500,1.155000,1.991250,1.818750,9.241600,15.504000,33.500800,35.203200,49.000000,84.000000,122.500000,115.500000,2.000000,4.500000,4.500000,4.000000,13.000000,20.000000,15.000000,0.562500,1.155000,1.991250,1.818750,3.348900,33.379200,55.998000,93.000600,676.000000,1092.000000,1872.000000,1794.000000,12.000000,21.000000,108.000000,234.000000,252.000000,1.562500,5.625000,11.550000,14.137500,328.969900,785.135400,1568.253600,2273.858400,1838.000000,4890.000000,8766.000000,10818.000000,53.000000,120.000000,234.000000,354.000000,354.000000,1002.000000,1806.000000,2544.000000,21.145300,59.808000,110.517000,157.456200,0.980000,2.660000,2.100000,2.000000,14.000000,15.000000,-2.500000,-1.000000,1.500000,-0.040000,0.720000,0.950000,0.980000,2.660000,2.100000,2.000000,14.000000,15.000000,-2.500000,-1.000000,1.500000,-0.040000,0.720000,0.950000,-7.260000,-8.640000,-12.390000,114.000000,240.000000,477.000000,18.000000,33.000000,84.000000,3.000000,5.760000,14.940000
ENUBAR02,6.000000,6.000000,325.621000,718.377000,1179.009600,1306.090800,1162.000000,2706.000000,3552.000000,2988.000000,52.000000,108.000000,180.000000,210.000000,288.000000,708.000000,948.000000,936.000000,19.582800,48.558000,70.542000,70.186200,325.621000,718.377000,1179.009600,1306.090800,1162.000000,2706.000000,3552.000000,2988.000000,52.000000,108.000000,180.000000,210.000000,288.000000,708.000000,948.000000,936.000000,19.582800,48.558000,70.542000,70.186200,9.241600,15.504000,33.500800,35.203200,49.000000,84.000000,122.500000,115.500000,2.000000,4.500000,4.500000,4.000000,13.000000,20.000000,15.000000,0.562500,1.155000,1.991250,1.818750,9.241600,15.504000,33.500800,35.203200,49.000000,84.000000,122.500000,115.500000,2.000000,4.500000,4.500000,4.000000,13.000000,20.000000,15.000000,0.562500,1.155000,1.991250,1.818750,3.348900,33.379200,55.998000,93.000600,676.000000,1092.000000,1872.000000,1794.000000,12.000000,21.000000,108.000000,234.000000,252.000000,1.562500,5.625000,11.550000,14.137500,328.969900,785.135400,1568.253600,2273.858400,1838.000000,4890.000000,8766.000000,10818.000000,53.000000,120.000000,234.000000,354.000000,354.000000,1002.000000,1806.000000,2544.000000,21.145300,59.808000,110.517000,157.456200,0.980000,2.660000,2.100000,2.000000,14.000000,15.000000,-2.500000,-1.000000,1.500000,-0.040000,0.720000,0.950000,0.980000,2.660000,2.100000,2.000000,14.000000,15.000000,-2.500000,-1.000000,1.500000,-0.040000,0.720000,0.950000,-7.260000,-8.640000,-12.390000,114.000000,240.000000,477.000000,18.000000,33.000000,84.000000,3.000000,5.760000,14.940000
ETUHIM,6.000000,6.000000,363.064600,810.928000,1434.716000,1894.588800,1120.000000,2740.000000,3668.000000,3948.000000,62.000000,128.000000,232.000000,320.000000,360.000000,924.000000,1304.000000,1532.000000,21.073400,54.486400,83.902400,101.251200,363.064600,810.928000,1434.716000,1894.588800,1120.000000,2740.000000,3668.000000,3948.000000,62.000000,128.000000,232.000000,320.000000,360.000000,924.000000,1304.000000,1532.000000,21.073400,54.486400,83.902400,101.251200,9.241600,18.848000,36.100000,43.745600,49.000000,87.500000,122.500000,119.000000,2.500000,5.000000,6.000000,6.500000,19.500000,29.000000,26.500000,0.562500,1.293750,2.137500,2.250000,9.241600,21.052000,49.742000,52.242400,49.000000,106.750000,145.250000,164.500000,2.750000,7.000000,7.000000,7.750000,27.750000,40.000000,37.250000,0.562500,1.513125,2.767500,2.820000,3.348900,33.379200,73.383000,116.571000,676.000000,1092.000000,2236.000000,1508.000000,16.000000,28.000000,132.000000,324.000000,252.000000,1.562500,5.625000,14.400000,15.950000,366.413500,877.686400,1858.730000,3086.790000,1796.000000,4924.000000,9610.000000,11584.000000,63.000000,140.000000,294.000000,504.000000,434.000000,1296.000000,2514.000000,3696.000000,22.635900,65.736400,129.577400,201.191200,1.400000,3.325000,3.850000,5.000000,17.500000,25.000000,-1.000000,1.500000,4.500000,0.150000,0.900000,1.500000,1.435000,4.917500,4.095000,4.000000,28.250000,25.500000,-2.000000,5.750000,6.250000,0.045000,1.560000,1.490000,-7.260000,-10.820000,-12.460000,114.000000,330.000000,670.000000,14.000000,42.000000,126.000000,3.000000,8.480000,22.240000
ETUHIM02,6.000000,6.000000,363.064600,810.928000,1434.716000,1894.588800,1120.000000,2740.000000,3668.000000,3948.000000,62.000000,128.000000,232.000000,320.000000,360.000000,924.000000,1304.000000,1532.000000,21.073400,54.486400,83.902400,101.251200,363.064600,810.928000,1434.716000,1894.588800,1120.000000,2740.000000,3668.000000,3948.000000,62.000000,128.000000,232.000000,320.000000,360.000000,924.000000,1304.000000,1532.000000,21.073400,54.486400,83.902400,101.251200,9.241600,18.848000,36.100000,43.745600,49.000000,87.500000,122.500000,119.000000,2.500000,5.000000,6.000000,6.500000,19.500000,29.000000,26.500000,0.562500,1.293750,2.137500,2.250000,9.241600,21.052000,49.742000,52.242400,49.000000,106.750000,145.250000,164.500000,2.750000,7.000000,7.000000,7.750000,27.750000,40.000000,37.250000,0.562500,1.513125,2.767500,2.820000,3.348900,33.379200,73.383000,116.571000,676.000000,1092.000000,2236.000000,1508.000000,16.000000,28.000000,132.000000,324.000000,252.000000,1.562500,5.625000,14.400000,15.950000,366.413500,877.686400,1858.730000,3086.790000,1796.000000,4924.000000,9610.000000,11584.000000,63.000000,140.000000,294.000000,504.000000,434.000000,1296.000000,2514.000000,3696.000000,22.635900,65.736400,129.577400,201.191200,1.400000,3.325000,3.850000,5.000000,17.500000,25.000000,-1.000000,1.500000,4.500000,0.150000,0.900000,1.500000,1.435000,4.917500,4.095000,4.000000,28.250000,25.500000,-2.000000,5.750000,6.250000,0.045000,1.560000,1.490000,-7.260000,-10.820000,-12.460000,114.000000,330.000000,670.000000,14.000000,42.000000,126.000000,3.000000,8.480000,22.240000
ETUJEK,6.000000,6.000000,363.064600,810.928000,1434.716000,1894.588800,1120.000000,2740.000000,3668.000000,3948.000000,62.000000,128.000000,232.000000,320.000000,360.000000,924.000000,1304.000000,1532.000000,21.073400,54.486400,83.902400,101.251200,363.064600,810.928000,1434.716000,1894.588800,1120.000000,2740.000000,3668.000000,3948.000000,62.000000,128.000000,232.000000,320.000000,360.000000,924.000000,1304.000000,1532.000000,21.073400,54.486400,83.902400,101.251200,9.241600,18.848000,36.100000,43.745600,49.000000,87.500000,122.500000,119.000000,2.500000,5.000000,6.000000,6.500000,19.500000,29.000000,26.500000,0.562500,1.293750,2.137500,2.250000,9.241600,21.052000,49.742000,52.242400,49.000000,106.750000,145.250000,164.500000,2.750000,7.000000,7.000000,7.750000,27.750000,40.000000,37.250000,0.562500,1.513125,2.767500,2.820000,3.348900,33.379200,73.383000,116.571000,676.000000,1092.000000,2236.000000,1508.000000,16.000000,28.000000,132.000000,324.000000,252.000000,1.562500,5.625000,14.400000,15.950000,366.413500,877.686400,1858.730000,3086.790000,1796.000000,4924.000000,9610.000000,11584.000000,63.000000,140.000000,294.000000,504.000000,434.000000,1296.000000,2514.000000,3696.000000,22.635900,65.736400,129.577400,201.191200,1.400000,3.325000,3.850000,5.000000,17.500000,25.000000,-1.000000,1.500000,4.500000,0.150000,0.900000,1.500000,1.435000,4.917500,4.095000,4.000000,28.250000,25.500000,-2.000000,5.750000,6.250000,0.045000,1.560000,1.490000,-7.260000,-10.820000,-12.460000,114.000000,330.000000,670.000000,14.000000,42.000000,126.000000,3.000000,8.480000,22.240000
EYIJEB,6.000000,6.000000,325.621000,718.377000,1179.009600,1306.090800,1162.000000,2706.000000,3552.000000,2988.000000,52.000000,108.000000,180.000000,210.000000,288.000000,708.000000,948.000000,936.000000,19.582800,48.558000,70.542000,70.186200,325.621000,718.377000,1179.009600,1306.090800,1162.000000,2706.000000,3552.000000,2988.000000,52.000000,108.000000,180.000000,210.000000,288.000000,708.000000,948.000000,936.000000,19.582800,48.558000,70.542000,70.186200,9.241600,15.504000,33.500800,35.203200,49.000000,84.000000,122.500000,115.500000,2.000000,4.500000,4.500000,4.000000,13.000000,20.000000,15.000000,0.562500,1.155000,1.991250,1.818750,9.241600,15.504000,33.500800,35.203200,49.000000,84.000000,122.500000,115.500000,2.000000,4.500000,4.500000,4.000000,13.000000,20.000000,15.000000,0.562500,1.155000,1.991250,1.818750,3.348900,33.379200,55.998000,93.000600,676.000000,1092.000000,1872.000000,1794.000000,12.000000,21.000000,108.000000,234.000000,252.000000,1.562500,5.625000,11.550000,14.137500,328.969900,785.135400,1568.253600,2273.858400,1838.000000,4890.000000,8766.000000,10818.000000,53.000000,120.000000,234.000000,354.000000,354.000000,1002.000000,1806.000000,2544.000000,21.145300,59.808000,110.517000,157.456200,0.980000,2.660000,2.100000,2.000000,14.000000,15.000000,-2.500000,-1.000000,1.500000,-0.040000,0.720000,0.950000,0.980000,2.660000,2.100000,2.000000,14.000000,15.000000,-2.500000,-1.000000,1.500000,-0.040000,0.720000,0.950000,-7.260000,-8.640000,-12.390000,114.000000,240.000000,477.000000,18.000000,33.000000,84.000000,3.000000,5.760000,14.940000
FADVUC,1.000000,2.000000,22.400500,28.662000,15.686400,0.000000,341.000000,276.000000,224.000000,0.000000,3.000000,4.000000,2.000000,0.000000,6.000000,8.000000,2.000000,0.000000,2.195800,2.725800,1.530000,0.000000,242.355500,547.404200,863.419400,1027.381800,944.000000,2258.000000,3218.000000,3372.000000,39.000000,84.000000,134.000000,162.000000,218.000000,542.000000,770.000000,826.000000,16.131100,40.225600,59.498200,65.876200,9.241600,7.752000,7.843200,0.000000,49.000000,42.000000,112.000000,0.000000,1.000000,1.000000,0.000000,1.000000,2.000000,1.000000,0.000000,0.562500,0.577500,0.765000,0.000000,9.241600,16.248800,27.344800,36.054400,49.000000,87.500000,133.000000,164.500000,2.000000,3.500000,4.500000,4.000000,11.000000,19.000000,21.000000,0.562500,1.147500,1.863750,2.276250,3.348900,33.379200,48.458400,56.620200,676.000000,1092.000000,1612.000000,2184.000000,10.000000,12.000000,96.000000,156.000000,168.000000,1.562500,5.625000,9.575000,11.125000,532.860900,1218.890800,2132.376400,2874.013600,3246.000000,7252.000000,11578.000000,14920.000000,85.000000,188.000000,322.000000,436.000000,510.000000,1344.000000,2148.000000,2652.000000,38.216300,97.152800,158.081400,204.582400,0.490000,0.460000,0.000000,1.000000,-9.000000,0.000000,-1.000000,0.000000,0.000000,-0.020000,-0.270000,0.000000,0.735000,1.645000,1.820000,1.500000,5.500000,8.000000,-1.500000,-2.500000,-1.500000,-0.030000,0.140000,0.340000,-7.260000,-8.180000,-8.980000,114.000000,198.000000,228.000000,20.000000,34.000000,44.000000,3.000000,4.840000,6.100000
FEBPYC02,2.000000,1.500000,122.228200,268.821000,406.906000,466.208200,466.000000,1080.000000,1420.000000,1318.000000,20.000000,42.000000,64.000000,76.000000,106.000000,258.000000,344.000000,330.000000,8.149200,19.850600,27.875200,28.257200,72.314350,148.741500,211.296200,233.104100,403.500000,678.000000,822.000000,659.000000,11.500000,23.000000,33.000000,38.000000,56.000000,133.000000,173.000000,165.000000,5.172500,11.288200,14.702600,14.128600,9.241600,15.504000,29.944000,38.121600,49.000000,84.000000,133.000000,147.000000,2.000000,4.000000,5.000000,4.000000,12.000000,20.000000,20.000000,0.562500,1.155000,2.010000,2.272500,9.241600,11.628000,18.893600,19.060800,49.000000,63.000000,122.500000,73.500000,1.500000,2.500000,2.500000,2.500000,7.000000,10.500000,10.000000,0.562500,0.866250,1.387500,1.136250,3.348900,33.379200,46.665000,62.878800,676.000000,1092.000000,1560.000000,2184.000000,10.000000,14.000000,96.000000,168.000000,180.000000,1.562500,5.625000,9.625000,12.100000,292.606300,661.724400,1215.762800,1734.391600,2290.000000,4896.000000,7878.000000,10672.000000,47.000000,104.000000,182.000000,268.000000,286.000000,780.000000,1324.000000,1732.000000,22.252500,56.402800,94.935400,131.594400,0.980000,2.310000,2.660000,2.000000,9.000000,14.000000,-2.000000,-2.000000,0.000000,-0.040000,0.320000,0.720000,0.735000,1.385000,1.330000,1.500000,0.000000,7.000000,-1.500000,-1.000000,0.000000,-0.030000,0.025000,0.360000,-7.260000,-7.200000,-8.740000,114.000000,200.000000,280.000000,20.000000,32.000000,54.000000,3.000000,4.800000,7.820000
FEBPYC04,2.000000,1.500000,122.228200,268.821000,406.906000,466.208200,466.000000,1080.000000,1420.000000,1318.000000,20.000000,42.000000,64.000000,76.000000,106.000000,258.000000,344.000000,330.000000,8.149200,19.850600,27.875200,28.257200,72.314350,148.741500,211.296200,233.104100,403.500000,678.000000,822.000000,659.000000,11.500000,23.000000,33.000000,38.000000,56.000000,133.000000,173.000000,165.000000,5.172500,11.288200,14.702600,14.128600,9.241600,15.504000,29.944000,38.121600,49.000000,84.000000,133.000000,147.000000,2.000000,4.000000,5.000000,4.000000,12.000000,20.000000,20.000000,0.562500,1.155000,2.010000,2.272500,9.241600,11.628000,18.893600,19.060800,49.000000,63.000000,122.500000,73.500000,1.500000,2.500000,2.500000,2.500000,7.000000,10.500000,10.000000,0.562500,0.866250,1.387500,1.136250,3.348900,33.379200,46.665000,62.878800,676.000000,1092.000000,1560.000000,2184.000000,10.000000,14.000000,96.000000,168.000000,180.000000,1.562500,5.625000,9.625000,12.100000,292.606300,661.724400,1215.762800,1734.391600,2290.000000,4896.000000,7878.000000,10672.000000,47.000000,104.000000,182.000000,268.000000,286.000000,780.000000,1324.000000,1732.000000,22.252500,56.402800,94.935400,131.594400,0.980000,2.310000,2.660000,2.000000,9.000000,14.000000,-2.000000,-2.000000,0.000000,-0.040000,0.320000,0.720000,0.735000,1.385000,1.330000,1.500000,0.000000,7.000000,-1.500000,-1.000000,0.000000,-0.030000,0.025000,0.360000,-7.260000,-7.200000,-8.740000,114.000000,200.000000,280.000000,20.000000,32.000000,54.000000,3.000000,4.800000,7.820000
FEISXC01,1.000000,1.000000,55.102700,113.633200,152.493000,98.824000,224.000000,472.000000,510.000000,88.000000,8.000000,16.000000,22.000000,16.000000,38.000000,86.000000,98.000000,32.000000,3.284800,7.455200,9.118600,3.877600,55.102700,113.633200,152.493000,98.824000,224.000000,472.000000,510.000000,88.000000,8.000000,16.000000,22.000000,16.000000,38.000000,86.000000,98.000000,32.000000,3.284800,7.455200,9.118600,3.877600,9.241600,18.209600,22.192000,13.376000,49.000000,98.000000,91.000000,14.000000,2.000000,3.000000,2.000000,4.000000,10.000000,14.000000,4.000000,0.562500,1.125000,1.432500,0.555000,9.241600,18.209600,22.192000,13.376000,49.000000,98.000000,91.000000,14.000000,2.000000,3.000000,2.000000,4.000000,10.000000,14.000000,4.000000,0.562500,1.125000,1.432500,0.555000,3.348900,33.379200,65.770200,80.154000,676.000000,1092.000000,2184.000000,2028.000000,12.000000,18.000000,108.000000,180.000000,252.000000,1.562500,5.625000,11.250000,14.325000,333.965100,748.557600,1323.746400,1845.828000,2020.000000,5016.000000,8898.000000,10464.000000,49.000000,108.000000,186.000000,252.000000,294.000000,792.000000,1302.000000,1620.000000,21.271300,55.981200,94.086600,119.415600,0.090000,1.820000,1.680000,0.000000,8.000000,12.000000,-1.000000,-1.000000,2.000000,0.000000,0.340000,0.760000,0.090000,1.820000,1.680000,0.000000,8.000000,12.000000,-1.000000,-1.000000,2.000000,0.000000,0.340000,0.760000,-7.260000,-13.980000,-10.860000,114.000000,228.000000,390.000000,18.000000,42.000000,66.000000,3.000000,6.000000,11.040000
FEKYEA,3.000000,3.000000,227.835500,525.926000,840.420400,987.156800,941.000000,2282.000000,3412.000000,3338.000000,36.000000,80.000000,128.000000,154.000000,208.000000,528.000000,770.000000,766.000000,15.720400,39.717200,60.492800,63.551400,227.835500,525.926000,840.420400,987.156800,941.000000,2282.000000,3412.000000,3338.000000,36.000000,80.000000,128.000000,154.000000,208.000000,528.000000,770.000000,766.000000,15.720400,39.717200,60.492800,63.551400,9.241600,15.504000,32.497600,42.529600,49.000000,84.000000,175.000000,185.500000,2.000000,4.000000,5.500000,4.000000,12.000000,23.000000,25.000000,0.562500,1.155000,2.295000,2.711250,9.241600,15.504000,31.504533,52.906133,49.000000,84.000000,170.333333,229.833333,2.000000,4.000000,6.500000,4.000000,12.000000,23.666667,27.000000,0.562500,1.155000,2.305000,3.158750,3.348900,33.379200,55.998000,78.250800,676.000000,1092.000000,1872.000000,2600.000000,12.000000,16.000000,108.000000,216.000000,276.000000,1.562500,5.625000,11.550000,15.300000,459.019900,1118.610400,2070.084800,2863.090400,2558.000000,6748.000000,12038.000000,15852.000000,73.000000,172.000000,310.000000,436.000000,482.000000,1344.000000,2382.000000,3112.000000,33.003300,90.684400,160.960600,213.262800,0.980000,1.470000,2.730000,2.000000,3.000000,12.000000,-2.000000,-3.500000,-1.500000,-0.040000,-0.060000,0.510000,0.980000,1.796667,2.356667,2.000000,3.666667,12.666667,-2.000000,-3.833333,-0.500000,-0.040000,-0.073333,0.663333,-7.260000,-8.640000,-13.480000,114.000000,240.000000,316.000000,18.000000,36.000000,50.000000,3.000000,5.760000,7.760000
FENFOW,3.000000,3.000000,217.237000,485.133200,756.365200,939.893400,1144.000000,2234.000000,3280.000000,3502.000000,34.000000,74.000000,116.000000,146.000000,190.000000,476.000000,678.000000,706.000000,15.408200,37.191800,55.487600,62.402600,217.237000,485.133200,756.365200,939.893400,1144.000000,2234.000000,3280.000000,3502.000000,34.000000,74.000000,116.000000,146.000000,190.000000,476.000000,678.000000,706.000000,15.408200,37.191800,55.487600,62.402600,9.241600,16.248800,26.600000,42.529600,49.000000,87.500000,129.500000,185.500000,2.000000,3.500000,5.500000,4.000000,11.000000,19.000000,25.000000,0.562500,1.147500,1.871250,2.711250,9.241600,15.752267,30.531733,46.461333,49.000000,85.166667,159.833333,215.833333,2.000000,3.833333,5.833333,4.000000,11.666667,21.000000,27.000000,0.562500,1.152500,2.153750,2.993750,3.348900,33.379200,57.791400,64.050000,676.000000,1092.000000,1924.000000,1924.000000,12.000000,14.000000,108.000000,204.000000,228.000000,1.562500,5.625000,11.500000,12.475000,437.822900,1037.024800,1905.561200,2763.995600,2964.000000,6652.000000,11878.000000,14940.000000,69.000000,160.000000,286.000000,416.000000,446.000000,1236.000000,2154.000000,2848.000000,32.378900,85.633600,150.850200,205.075200,0.735000,1.890000,2.730000,1.500000,6.000000,12.000000,-1.500000,-2.500000,-1.500000,-0.030000,0.130000,0.510000,0.898333,1.610000,2.450000,1.833333,4.000000,10.000000,-1.833333,-2.833333,-1.833333,-0.036667,0.003333,0.383333,-7.260000,-9.620000,-9.380000,114.000000,238.000000,290.000000,18.000000,38.000000,46.000000,3.000000,5.800000,7.520000
FEPICC36,2.000000,2.000000,96.218200,205.609000,309.949000,346.195200,322.000000,712.000000,874.000000,756.000000,16.000000,32.000000,50.000000,58.000000,82.000000,196.000000,244.000000,224.000000,5.777600,13.922800,19.029400,18.582600,96.218200,205.609000,309.949000,346.195200,322.000000,712.000000,874.000000,756.000000,16.000000,32.000000,50.000000,58.000000,82.000000,196.000000,244.000000,224.000000,5.777600,13.922800,19.029400,18.582600,9.241600,15.504000,29.944000,43.745600,49.000000,84.000000,133.000000,119.000000,2.000000,4.000000,6.000000,4.000000,12.000000,22.000000,20.000000,0.562500,1.155000,2.010000,2.250000,9.241600,20.190667,22.597333,21.452267,49.000000,60.666667,68.833333,95.666667,2.833333,3.166667,2.666667,8.166667,17.000000,16.166667,15.833333,0.562500,1.136250,1.278750,1.325000,3.348900,33.379200,66.154500,64.233000,676.000000,1092.000000,1560.000000,1170.000000,15.000000,15.000000,126.000000,216.000000,162.000000,1.562500,5.625000,11.437500,9.937500,292.003500,683.585400,1339.404000,2117.538000,1642.000000,4320.000000,7212.000000,8010.000000,49.000000,108.000000,210.000000,336.000000,318.000000,912.000000,1626.000000,2136.000000,18.895300,53.018400,96.838200,133.942800,0.980000,2.310000,3.850000,2.000000,9.000000,25.000000,-2.000000,-3.000000,2.000000,-0.040000,0.320000,1.500000,1.971667,2.193333,1.050000,11.166667,12.333333,5.000000,2.166667,2.833333,1.166667,0.610000,0.670000,0.233333,-7.260000,-8.700000,-7.650000,114.000000,330.000000,345.000000,15.000000,54.000000,63.000000,3.000000,9.600000,10.800000
FEPICC37,2.000000,2.000000,96.218200,205.609000,309.949000,346.195200,322.000000,712.000000,874.000000,756.000000,16.000000,32.000000,50.000000,58.000000,82.000000,196.000000,244.000000,224.000000,5.777600,13.922800,19.029400,18.582600,96.218200,205.609000,309.949000,346.195200,322.000000,712.000000,874.000000,756.000000,16.000000,32.000000,50.000000,58.000000,82.000000,196.000000,244.000000,224.000000,5.777600,13.922800,19.029400,18.582600,9.241600,15.504000,29.944000,43.745600,49.000000,84.000000,133.000000,119.000000,2.000000,4.000000,6.000000,4.000000,12.000000,22.000000,20.000000,0.562500,1.155000,2.010000,2.250000,9.241600,20.190667,22.597333,21.452267,49.000000,60.666667,68.833333,95.666667,2.833333,3.166667,2.666667,8.166667,17.000000,16.166667,15.833333,0.562500,1.136250,1.278750,1.325000,3.348900,33.379200,66.154500,64.233000,676.000000,1092.000000,1560.000000,1170.000000,15.000000,15.000000,126.000000,216.000000,162.000000,1.562500,5.625000,11.437500,9.937500,292.003500,683.585400,1339.404000,2117.538000,1642.000000,4320.000000,7212.000000,8010.000000,49.000000,108.000000,210.000000,336.000000,318.000000,912.000000,1626.000000,2136.000000,18.895300,53.018400,96.838200,133.942800,0.980000,2.310000,3.850000,2.000000,9.000000,25.000000,-2.000000,-3.000000,2.000000,-0.040000,0.320000,1.500000,1.971667,2.193333,1.050000,11.166667,12.333333,5.000000,2.166667,2.833333,1.166667,0.610000,0.670000,0.233333,-7.260000,-8.700000,-7.650000,114.000000,330.000000,345.000000,15.000000,54.000000,63.000000,3.000000,9.600000,10.800000
FETPYR,1.000000,1.000000,22.400500,28.662000,15.686400,0.000000,341.000000,276.000000,224.000000,0.000000,3.000000,4.000000,2.000000,0.000000,6.000000,8.000000,2.000000,0.000000,2.195800,2.725800,1.530000,0.000000,65.954100,139.128000,199.540000,196.746000,234.000000,516.000000,580.000000,360.000000,11.000000,22.000000,32.000000,34.000000,54.000000,126.000000,152.000000,112.000000,4.211500,9.902200,12.721600,10.290200,9.241600,7.752000,7.843200,0.000000,49.000000,42.000000,112.000000,0.000000,1.000000,1.000000,0.000000,1.000000,2.000000,1.000000,0.000000,0.562500,0.577500,0.765000,0.000000,9.241600,15.504000,28.880000,21.128000,49.000000,84.000000,98.000000,56.000000,2.000000,4.000000,3.000000,4.000000,12.000000,16.000000,10.000000,0.562500,1.155000,1.710000,1.132500,3.348900,33.379200,46.665000,78.982800,676.000000,1092.000000,1560.000000,2288.000000,10.000000,18.000000,96.000000,168.000000,204.000000,1.562500,5.625000,9.625000,13.950000,311.966300,680.594400,1200.110800,1720.149600,2294.000000,4800.000000,7358.000000,10216.000000,51.000000,108.000000,182.000000,272.000000,290.000000,768.000000,1228.000000,1632.000000,22.800100,56.310400,90.071400,126.810800,0.490000,0.460000,0.000000,1.000000,-9.000000,0.000000,-1.000000,0.000000,0.000000,-0.020000,-0.270000,0.000000,0.980000,2.660000,2.170000,2.000000,14.000000,13.000000,-2.000000,0.000000,1.000000,-0.040000,0.720000,0.740000,-7.260000,-7.200000,-10.220000,114.000000,200.000000,380.000000,20.000000,32.000000,74.000000,3.000000,4.800000,11.340000
FIJTIC,2.000000,1.500000,182.756400,401.136200,643.261600,716.855400,642.000000,1502.000000,2032.000000,1908.000000,30.000000,62.000000,102.000000,116.000000,164.000000,398.000000,528.000000,514.000000,11.281400,27.859400,40.082600,41.616800,102.578450,214.899100,329.474000,358.427700,491.500000,889.000000,1128.000000,954.000000,16.500000,33.000000,52.000000,58.000000,85.000000,203.000000,265.000000,257.000000,6.738600,15.292600,20.806300,20.808400,9.241600,15.504000,32.923200,23.681600,49.000000,84.000000,147.000000,98.000000,2.000000,4.000000,3.000000,4.000000,12.000000,18.000000,14.000000,0.562500,1.155000,1.980000,1.417500,9.241600,12.372800,15.549600,23.681600,49.000000,66.500000,119.000000,98.000000,1.500000,2.000000,3.000000,2.500000,6.000000,9.500000,13.000000,0.562500,0.858750,1.248750,1.417500,3.348900,33.379200,48.458400,56.620200,676.000000,1092.000000,1612.000000,2184.000000,10.000000,12.000000,96.000000,156.000000,168.000000,1.562500,5.625000,9.575000,11.125000,413.662700,926.354800,1692.060800,2247.002400,2642.000000,5740.000000,9206.000000,11964.000000,67.000000,144.000000,258.000000,344.000000,402.000000,1056.000000,1660.000000,2036.000000,28.516900,72.420400,119.250200,156.123600,0.980000,1.330000,1.330000,2.000000,7.000000,7.000000,-2.000000,-1.000000,-1.000000,-0.040000,0.360000,0.360000,0.490000,0.965000,1.330000,1.000000,-3.000000,7.000000,-1.000000,-1.500000,-0.500000,-0.020000,-0.165000,0.360000,-7.260000,-8.180000,-8.980000,114.000000,198.000000,228.000000,20.000000,34.000000,44.000000,3.000000,4.840000,6.100000
FIWXEP,3.000000,3.000000,344.836200,777.487200,1267.039200,1534.216200,1279.000000,3084.000000,4536.000000,4856.000000,57.000000,122.000000,202.000000,244.000000,324.000000,812.000000,1170.000000,1292.000000,22.798500,57.573400,87.636200,99.595600,344.836200,777.487200,1267.039200,1534.216200,1279.000000,3084.000000,4536.000000,4856.000000,57.000000,122.000000,202.000000,244.000000,324.000000,812.000000,1170.000000,1292.000000,22.798500,57.573400,87.636200,99.595600,9.241600,16.993600,29.457600,59.675200,49.000000,91.000000,161.000000,175.000000,2.000000,4.000000,8.000000,4.000000,12.000000,28.000000,28.000000,0.562500,1.140000,2.370000,3.090000,9.241600,16.993600,29.457600,59.675200,49.000000,91.000000,161.000000,175.000000,2.000000,4.000000,8.000000,4.000000,12.000000,28.000000,28.000000,0.562500,1.140000,2.370000,3.090000,3.348900,33.379200,61.378200,91.463400,676.000000,1092.000000,2028.000000,3068.000000,12.000000,20.000000,108.000000,216.000000,408.000000,1.562500,5.625000,11.400000,19.450000,693.021300,1621.732800,2934.082800,4049.176800,3234.000000,8352.000000,14598.000000,20132.000000,115.000000,256.000000,458.000000,624.000000,714.000000,1912.000000,3210.000000,4432.000000,47.159500,126.396800,214.947400,292.991200,0.490000,2.470000,4.690000,1.000000,5.000000,31.000000,-2.000000,-6.000000,2.000000,-0.020000,-0.160000,1.880000,0.490000,2.470000,4.690000,1.000000,5.000000,31.000000,-2.000000,-6.000000,2.000000,-0.020000,-0.160000,1.880000,-7.260000,-11.580000,-13.380000,114.000000,234.000000,402.000000,18.000000,36.000000,52.000000,3.000000,5.880000,9.440000
FIWXIT,3.000000,3.000000,348.298700,770.092200,1287.874200,1608.461200,1371.000000,3300.000000,4638.000000,4836.000000,59.000000,124.000000,214.000000,258.000000,338.000000,846.000000,1216.000000,1348.000000,22.913000,58.697600,90.357000,102.904800,348.298700,770.092200,1287.874200,1608.461200,1371.000000,3300.000000,4638.000000,4836.000000,59.000000,124.000000,214.000000,258.000000,338.000000,846.000000,1216.000000,1348.000000,22.913000,58.697600,90.357000,102.904800,9.241600,16.993600,29.457600,59.675200,49.000000,91.000000,161.000000,175.000000,2.000000,4.000000,8.000000,4.000000,12.000000,28.000000,28.000000,0.562500,1.140000,2.370000,3.090000,9.241600,16.993600,29.457600,59.675200,49.000000,91.000000,161.000000,175.000000,2.000000,4.000000,8.000000,4.000000,12.000000,28.000000,28.000000,0.562500,1.140000,2.370000,3.090000,3.348900,33.379200,61.378200,91.463400,676.000000,1092.000000,2028.000000,3068.000000,12.000000,20.000000,108.000000,216.000000,408.000000,1.562500,5.625000,11.400000,19.450000,699.946300,1606.942800,2975.752800,4197.666800,3418.000000,8784.000000,14802.000000,20092.000000,119.000000,260.000000,482.000000,652.000000,742.000000,1980.000000,3302.000000,4544.000000,47.388500,128.645200,220.389000,299.609600,0.490000,2.470000,4.690000,1.000000,5.000000,31.000000,-2.000000,-6.000000,2.000000,-0.020000,-0.160000,1.880000,0.490000,2.470000,4.690000,1.000000,5.000000,31.000000,-2.000000,-6.000000,2.000000,-0.020000,-0.160000,1.880000,-7.260000,-11.580000,-13.380000,114.000000,234.000000,402.000000,18.000000,36.000000,52.000000,3.000000,5.880000,9.440000
FIWXOZ,3.000000,3.000000,286.461200,641.572200,1049.014200,1268.036200,1059.000000,2532.000000,3780.000000,4140.000000,47.000000,100.000000,166.000000,198.000000,266.000000,666.000000,970.000000,1102.000000,18.693500,46.993600,71.835800,82.746200,286.461200,641.572200,1049.014200,1268.036200,1059.000000,2532.000000,3780.000000,4140.000000,47.000000,100.000000,166.000000,198.000000,266.000000,666.000000,970.000000,1102.000000,18.693500,46.993600,71.835800,82.746200,9.241600,16.993600,29.457600,59.675200,49.000000,91.000000,161.000000,175.000000,2.000000,4.000000,8.000000,4.000000,12.000000,28.000000,28.000000,0.562500,1.140000,2.370000,3.090000,9.241600,16.993600,29.457600,59.675200,49.000000,91.000000,161.000000,175.000000,2.000000,4.000000,8.000000,4.000000,12.000000,28.000000,28.000000,0.562500,1.140000,2.370000,3.090000,3.348900,33.379200,61.378200,91.463400,676.000000,1092.000000,2028.000000,3068.000000,12.000000,20.000000,108.000000,216.000000,408.000000,1.562500,5.625000,11.400000,19.450000,576.271300,1349.902800,2498.032800,3516.816800,2794.000000,7248.000000,13086.000000,18700.000000,95.000000,212.000000,386.000000,532.000000,598.000000,1620.000000,2810.000000,4052.000000,38.949500,105.237200,183.346600,259.292400,0.490000,2.470000,4.690000,1.000000,5.000000,31.000000,-2.000000,-6.000000,2.000000,-0.020000,-0.160000,1.880000,0.490000,2.470000,4.690000,1.000000,5.000000,31.000000,-2.000000,-6.000000,2.000000,-0.020000,-0.160000,1.880000,-7.260000,-11.580000,-13.380000,114.000000,234.000000,402.000000,18.000000,36.000000,52.000000,3.000000,5.880000,9.440000
FIWXOZ01,3.000000,3.000000,286.461200,641.572200,1049.014200,1268.036200,1059.000000,2532.000000,3780.000000,4140.000000,47.000000,100.000000,166.000000,198.000000,266.000000,666.000000,970.000000,1102.000000,18.693500,46.993600,71.835800,82.746200,286.461200,641.572200,1049.014200,1268.036200,1059.000000,2532.000000,3780.000000,4140.000000,47.000000,100.000000,166.000000,198.000000,266.000000,666.000000,970.000000,1102.000000,18.693500,46.993600,71.835800,82.746200,9.241600,16.993600,29.457600,59.675200,49.000000,91.000000,161.000000,175.000000,2.000000,4.000000,8.000000,4.000000,12.000000,28.000000,28.000000,0.562500,1.140000,2.370000,3.090000,9.241600,16.993600,29.457600,59.675200,49.000000,91.000000,161.000000,175.000000,2.000000,4.000000,8.000000,4.000000,12.000000,28.000000,28.000000,0.562500,1.140000,2.370000,3.090000,3.348900,33.379200,61.378200,91.463400,676.000000,1092.000000,2028.000000,3068.000000,12.000000,20.000000,108.000000,216.000000,408.000000,1.562500,5.625000,11.400000,19.450000,576.271300,1349.902800,2498.032800,3516.816800,2794.000000,7248.000000,13086.000000,18700.000000,95.000000,212.000000,386.000000,532.000000,598.000000,1620.000000,2810.000000,4052.000000,38.949500,105.237200,183.346600,259.292400,0.490000,2.470000,4.690000,1.000000,5.000000,31.000000,-2.000000,-6.000000,2.000000,-0.020000,-0.160000,1.880000,0.490000,2.470000,4.690000,1.000000,5.000000,31.000000,-2.000000,-6.000000,2.000000,-0.020000,-0.160000,1.880000,-7.260000,-11.580000,-13.380000,114.000000,234.000000,402.000000,18.000000,36.000000,52.000000,3.000000,5.880000,9.440000
FIWXOZ02,3.000000,3.000000,286.461200,641.572200,1049.014200,1268.036200,1059.000000,2532.000000,3780.000000,4140.000000,47.000000,100.000000,166.000000,198.000000,266.000000,666.000000,970.000000,1102.000000,18.693500,46.993600,71.835800,82.746200,286.461200,641.572200,1049.014200,1268.036200,1059.000000,2532.000000,3780.000000,4140.000000,47.000000,100.000000,166.000000,198.000000,266.000000,666.000000,970.000000,1102.000000,18.693500,46.993600,71.835800,82.746200,9.241600,16.993600,29.457600,59.675200,49.000000,91.000000,161.000000,175.000000,2.000000,4.000000,8.000000,4.000000,12.000000,28.000000,28.000000,0.562500,1.140000,2.370000,3.090000,9.241600,16.993600,29.457600,59.675200,49.000000,91.000000,161.000000,175.000000,2.000000,4.000000,8.000000,4.000000,12.000000,28.000000,28.000000,0.562500,1.140000,2.370000,3.090000,3.348900,33.379200,61.378200,91.463400,676.000000,1092.000000,2028.000000,3068.000000,12.000000,20.000000,108.000000,216.000000,408.000000,1.562500,5.625000,11.400000,19.450000,576.271300,1349.902800,2498.032800,3516.816800,2794.000000,7248.000000,13086.000000,18700.000000,95.000000,212.000000,386.000000,532.000000,598.000000,1620.000000,2810.000000,4052.000000,38.949500,105.237200,183.346600,259.292400,0.490000,2.470000,4.690000,1.000000,5.000000,31.000000,-2.000000,-6.000000,2.000000,-0.020000,-0.160000,1.880000,0.490000,2.470000,4.690000,1.000000,5.000000,31.000000,-2.000000,-6.000000,2.000000,-0.020000,-0.160000,1.880000,-7.260000,-11.580000,-13.380000,114.000000,234.000000,402.000000,18.000000,36.000000,52.000000,3.000000,5.880000,9.440000
FOSBOG,3.000000,3.000000,349.425500,812.092400,1295.836000,1616.114400,1382.000000,3404.000000,5020.000000,5232.000000,57.000000,126.000000,204.000000,262.000000,330.000000,846.000000,1268.000000,1384.000000,24.067300,61.433400,94.557200,107.417000,349.425500,812.092400,1295.836000,1616.114400,1382.000000,3404.000000,5020.000000,5232.000000,57.000000,126.000000,204.000000,262.000000,330.000000,846.000000,1268.000000,1384.000000,24.067300,61.433400,94.557200,107.417000,9.241600,16.993600,29.944000,31.433600,49.000000,91.000000,133.000000,140.000000,2.000000,4.000000,4.000000,4.000000,12.000000,20.000000,18.000000,0.562500,1.140000,2.010000,1.995000,9.241600,16.000533,30.653333,47.221333,49.000000,86.333333,156.333333,205.333333,2.000000,4.000000,6.000000,4.000000,12.000000,22.666667,26.000000,0.562500,1.150000,2.210000,2.940000,3.348900,33.379200,59.584800,72.102000,676.000000,1092.000000,1976.000000,1976.000000,12.000000,16.000000,108.000000,216.000000,240.000000,1.562500,5.625000,11.450000,13.400000,702.199900,1690.943200,2988.089600,4168.292000,3440.000000,8992.000000,15462.000000,18672.000000,115.000000,264.000000,462.000000,652.000000,726.000000,1980.000000,3366.000000,4252.000000,49.697100,134.116800,228.889400,296.594000,0.490000,2.310000,1.820000,1.000000,9.000000,8.000000,-2.000000,-2.000000,-1.000000,-0.020000,0.320000,0.340000,0.816667,2.076667,2.706667,1.666667,5.666667,12.666667,-2.000000,-3.333333,-1.000000,-0.033333,0.053333,0.580000,-7.260000,-10.600000,-10.120000,114.000000,236.000000,340.000000,18.000000,36.000000,56.000000,3.000000,5.840000,9.280000
FOSCAT,3.000000,3.000000,349.425500,812.092400,1295.836000,1616.114400,1382.000000,3404.000000,5020.000000,5232.000000,57.000000,126.000000,204.000000,262.000000,330.000000,846.000000,1268.000000,1384.000000,24.067300,61.433400,94.557200,107.417000,349.425500,812.092400,1295.836000,1616.114400,1382.000000,3404.000000,5020.000000,5232.000000,57.000000,126.000000,204.000000,262.000000,330.000000,846.000000,1268.000000,1384.000000,24.067300,61.433400,94.557200,107.417000,9.241600,16.993600,29.944000,31.433600,49.000000,91.000000,133.000000,140.000000,2.000000,4.000000,4.000000,4.000000,12.000000,20.000000,18.000000,0.562500,1.140000,2.010000,1.995000,9.241600,16.000533,30.653333,47.221333,49.000000,86.333333,156.333333,205.333333,2.000000,4.000000,6.000000,4.000000,12.000000,22.666667,26.000000,0.562500,1.150000,2.210000,2.940000,3.348900,33.379200,59.584800,72.102000,676.000000,1092.000000,1976.000000,1976.000000,12.000000,16.000000,108.000000,216.000000,240.000000,1.562500,5.625000,11.450000,13.400000,702.199900,1690.943200,2988.089600,4168.292000,3440.000000,8992.000000,15462.000000,18672.000000,115.000000,264.000000,462.000000,652.000000,726.000000,1980.000000,3366.000000,4252.000000,49.697100,134.116800,228.889400,296.594000,0.490000,2.310000,1.820000,1.000000,9.000000,8.000000,-2.000000,-2.000000,-1.000000,-0.020000,0.320000,0.340000,0.816667,2.076667,2.706667,1.666667,5.666667,12.666667,-2.000000,-3.333333,-1.000000,-0.033333,0.053333,0.580000,-7.260000,-10.600000,-10.120000,114.000000,236.000000,340.000000,18.000000,36.000000,56.000000,3.000000,5.840000,9.280000
FOSCEX,3.000000,3.000000,349.425500,812.092400,1295.836000,1616.114400,1382.000000,3404.000000,5020.000000,5232.000000,57.000000,126.000000,204.000000,262.000000,330.000000,846.000000,1268.000000,1384.000000,24.067300,61.433400,94.557200,107.417000,349.425500,812.092400,1295.836000,1616.114400,1382.000000,3404.000000,5020.000000,5232.000000,57.000000,126.000000,204.000000,262.000000,330.000000,846.000000,1268.000000,1384.000000,24.067300,61.433400,94.557200,107.417000,9.241600,16.993600,29.944000,31.433600,49.000000,91.000000,133.000000,140.000000,2.000000,4.000000,4.000000,4.000000,12.000000,20.000000,18.000000,0.562500,1.140000,2.010000,1.995000,9.241600,16.000533,30.653333,47.221333,49.000000,86.333333,156.333333,205.333333,2.000000,4.000000,6.000000,4.000000,12.000000,22.666667,26.000000,0.562500,1.150000,2.210000,2.940000,3.348900,33.379200,59.584800,72.102000,676.000000,1092.000000,1976.000000,1976.000000,12.000000,16.000000,108.000000,216.000000,240.000000,1.562500,5.625000,11.450000,13.400000,702.199900,1690.943200,2988.089600,4168.292000,3440.000000,8992.000000,15462.000000,18672.000000,115.000000,264.000000,462.000000,652.000000,726.000000,1980.000000,3366.000000,4252.000000,49.697100,134.116800,228.889400,296.594000,0.490000,2.310000,1.820000,1.000000,9.000000,8.000000,-2.000000,-2.000000,-1.000000,-0.020000,0.320000,0.340000,0.816667,2.076667,2.706667,1.666667,5.666667,12.666667,-2.000000,-3.333333,-1.000000,-0.033333,0.053333,0.580000,-7.260000,-10.600000,-10.120000,114.000000,236.000000,340.000000,18.000000,36.000000,56.000000,3.000000,5.840000,9.280000
FOSCEX01,3.000000,3.000000,349.425500,812.092400,1295.836000,1616.114400,1382.000000,3404.000000,5020.000000,5232.000000,57.000000,126.000000,204.000000,262.000000,330.000000,846.000000,1268.000000,1384.000000,24.067300,61.433400,94.557200,107.417000,349.425500,812.092400,1295.836000,1616.114400,1382.000000,3404.000000,5020.000000,5232.000000,57.000000,126.000000,204.000000,262.000000,330.000000,846.000000,1268.000000,1384.000000,24.067300,61.433400,94.557200,107.417000,9.241600,16.993600,29.944000,31.433600,49.000000,91.000000,133.000000,140.000000,2.000000,4.000000,4.000000,4.000000,12.000000,20.000000,18.000000,0.562500,1.140000,2.010000,1.995000,9.241600,16.000533,30.653333,47.221333,49.000000,86.333333,156.333333,205.333333,2.000000,4.000000,6.000000,4.000000,12.000000,22.666667,26.000000,0.562500,1.150000,2.210000,2.940000,3.348900,33.379200,59.584800,72.102000,676.000000,1092.000000,1976.000000,1976.000000,12.000000,16.000000,108.000000,216.000000,240.000000,1.562500,5.625000,11.450000,13.400000,702.199900,1690.943200,2988.089600,4168.292000,3440.000000,8992.000000,15462.000000,18672.000000,115.000000,264.000000,462.000000,652.000000,726.000000,1980.000000,3366.000000,4252.000000,49.697100,134.116800,228.889400,296.594000,0.490000,2.310000,1.820000,1.000000,9.000000,8.000000,-2.000000,-2.000000,-1.000000,-0.020000,0.320000,0.340000,0.816667,2.076667,2.706667,1.666667,5.666667,12.666667,-2.000000,-3.333333,-1.000000,-0.033333,0.053333,0.580000,-7.260000,-10.600000,-10.120000,114.000000,236.000000,340.000000,18.000000,36.000000,56.000000,3.000000,5.840000,9.280000
FOSCOH,3.000000,3.000000,349.425500,812.092400,1295.836000,1616.114400,1382.000000,3404.000000,5020.000000,5232.000000,57.000000,126.000000,204.000000,262.000000,330.000000,846.000000,1268.000000,1384.000000,24.067300,61.433400,94.557200,107.417000,349.425500,812.092400,1295.836000,1616.114400,1382.000000,3404.000000,5020.000000,5232.000000,57.000000,126.000000,204.000000,262.000000,330.000000,846.000000,1268.000000,1384.000000,24.067300,61.433400,94.557200,107.417000,9.241600,16.993600,29.944000,31.433600,49.000000,91.000000,133.000000,140.000000,2.000000,4.000000,4.000000,4.000000,12.000000,20.000000,18.000000,0.562500,1.140000,2.010000,1.995000,9.241600,16.000533,30.653333,47.221333,49.000000,86.333333,156.333333,205.333333,2.000000,4.000000,6.000000,4.000000,12.000000,22.666667,26.000000,0.562500,1.150000,2.210000,2.940000,3.348900,33.379200,59.584800,72.102000,676.000000,1092.000000,1976.000000,1976.000000,12.000000,16.000000,108.000000,216.000000,240.000000,1.562500,5.625000,11.450000,13.400000,702.199900,1690.943200,2988.089600,4168.292000,3440.000000,8992.000000,15462.000000,18672.000000,115.000000,264.000000,462.000000,652.000000,726.000000,1980.000000,3366.000000,4252.000000,49.697100,134.116800,228.889400,296.594000,0.490000,2.310000,1.820000,1.000000,9.000000,8.000000,-2.000000,-2.000000,-1.000000,-0.020000,0.320000,0.340000,0.816667,2.076667,2.706667,1.666667,5.666667,12.666667,-2.000000,-3.333333,-1.000000,-0.033333,0.053333,0.580000,-7.260000,-10.600000,-10.120000,114.000000,236.000000,340.000000,18.000000,36.000000,56.000000,3.000000,5.840000,9.280000
FOYYAU,3.000000,3.000000,195.038500,432.063400,668.889800,740.129400,1028.000000,2104.000000,2870.000000,2580.000000,30.000000,64.000000,100.000000,114.000000,164.000000,404.000000,566.000000,548.000000,13.492100,32.156800,46.545200,46.857400,195.038500,432.063400,668.889800,740.129400,1028.000000,2104.000000,2870.000000,2580.000000,30.000000,64.000000,100.000000,114.000000,164.000000,404.000000,566.000000,548.000000,13.492100,32.156800,46.545200,46.857400,9.241600,16.993600,29.944000,30.369600,49.000000,91.000000,133.000000,105.000000,2.000000,4.000000,4.000000,4.000000,12.000000,20.000000,14.000000,0.562500,1.140000,2.010000,1.695000,9.241600,16.000533,32.639467,46.866667,49.000000,86.333333,165.666667,193.666667,2.000000,4.000000,6.000000,4.000000,12.000000,22.666667,24.666667,0.562500,1.150000,2.190000,2.840000,3.348900,33.379200,59.584800,72.102000,676.000000,1092.000000,1976.000000,1976.000000,12.000000,16.000000,108.000000,216.000000,240.000000,1.562500,5.625000,11.450000,13.400000,393.425900,930.885200,1734.197200,2404.405200,2732.000000,6392.000000,11162.000000,13312.000000,61.000000,140.000000,254.000000,356.000000,394.000000,1096.000000,1962.000000,2564.000000,28.546700,75.563600,132.865400,175.594800,0.490000,2.310000,2.170000,1.000000,9.000000,13.000000,-2.000000,-2.000000,1.000000,-0.020000,0.320000,0.740000,0.816667,1.423333,2.823333,1.666667,4.333333,14.333333,-2.000000,-3.333333,-0.333333,-0.033333,0.080000,0.713333,-7.260000,-10.600000,-10.120000,114.000000,236.000000,340.000000,18.000000,36.000000,56.000000,3.000000,5.840000,9.280000
FOYYAU02,3.000000,3.000000,195.038500,432.063400,668.889800,740.129400,1028.000000,2104.000000,2870.000000,2580.000000,30.000000,64.000000,100.000000,114.000000,164.000000,404.000000,566.000000,548.000000,13.492100,32.156800,46.545200,46.857400,195.038500,432.063400,668.889800,740.129400,1028.000000,2104.000000,2870.000000,2580.000000,30.000000,64.000000,100.000000,114.000000,164.000000,404.000000,566.000000,548.000000,13.492100,32.156800,46.545200,46.857400,9.241600,16.993600,29.944000,30.369600,49.000000,91.000000,133.000000,105.000000,2.000000,4.000000,4.000000,4.000000,12.000000,20.000000,14.000000,0.562500,1.140000,2.010000,1.695000,9.241600,16.000533,32.639467,46.866667,49.000000,86.333333,165.666667,193.666667,2.000000,4.000000,6.000000,4.000000,12.000000,22.666667,24.666667,0.562500,1.150000,2.190000,2.840000,3.348900,33.379200,59.584800,72.102000,676.000000,1092.000000,1976.000000,1976.000000,12.000000,16.000000,108.000000,216.000000,240.000000,1.562500,5.625000,11.450000,13.400000,393.425900,930.885200,1734.197200,2404.405200,2732.000000,6392.000000,11162.000000,13312.000000,61.000000,140.000000,254.000000,356.000000,394.000000,1096.000000,1962.000000,2564.000000,28.546700,75.563600,132.865400,175.594800,0.490000,2.310000,2.170000,1.000000,9.000000,13.000000,-2.000000,-2.000000,1.000000,-0.020000,0.320000,0.740000,0.816667,1.423333,2.823333,1.666667,4.333333,14.333333,-2.000000,-3.333333,-0.333333,-0.033333,0.080000,0.713333,-7.260000,-10.600000,-10.120000,114.000000,236.000000,340.000000,18.000000,36.000000,56.000000,3.000000,5.840000,9.280000
FOYYAU06,3.000000,3.000000,195.038500,432.063400,668.889800,740.129400,1028.000000,2104.000000,2870.000000,2580.000000,30.000000,64.000000,100.000000,114.000000,164.000000,404.000000,566.000000,548.000000,13.492100,32.156800,46.545200,46.857400,195.038500,432.063400,668.889800,740.129400,1028.000000,2104.000000,2870.000000,2580.000000,30.000000,64.000000,100.000000,114.000000,164.000000,404.000000,566.000000,548.000000,13.492100,32.156800,46.545200,46.857400,9.241600,16.993600,29.944000,30.369600,49.000000,91.000000,133.000000,105.000000,2.000000,4.000000,4.000000,4.000000,12.000000,20.000000,14.000000,0.562500,1.140000,2.010000,1.695000,9.241600,16.000533,32.639467,46.866667,49.000000,86.333333,165.666667,193.666667,2.000000,4.000000,6.000000,4.000000,12.000000,22.666667,24.666667,0.562500,1.150000,2.190000,2.840000,3.348900,33.379200,59.584800,72.102000,676.000000,1092.000000,1976.000000,1976.000000,12.000000,16.000000,108.000000,216.000000,240.000000,1.562500,5.625000,11.450000,13.400000,393.425900,930.885200,1734.197200,2404.405200,2732.000000,6392.000000,11162.000000,13312.000000,61.000000,140.000000,254.000000,356.000000,394.000000,1096.000000,1962.000000,2564.000000,28.546700,75.563600,132.865400,175.594800,0.490000,2.310000,2.170000,1.000000,9.000000,13.000000,-2.000000,-2.000000,1.000000,-0.020000,0.320000,0.740000,0.816667,1.423333,2.823333,1.666667,4.333333,14.333333,-2.000000,-3.333333,-0.333333,-0.033333,0.080000,0.713333,-7.260000,-10.600000,-10.120000,114.000000,236.000000,340.000000,18.000000,36.000000,56.000000,3.000000,5.840000,9.280000
GAKKOS03,2.000000,1.500000,109.531000,243.423000,425.432800,381.300800,834.000000,1416.000000,2128.000000,1642.000000,18.000000,38.000000,68.000000,64.000000,106.000000,258.000000,328.000000,224.000000,7.858400,19.019000,29.599200,22.997000,65.965750,136.042500,220.559600,190.650400,587.500000,846.000000,1176.000000,821.000000,10.500000,21.000000,35.000000,32.000000,56.000000,133.000000,165.000000,112.000000,5.027100,10.872400,15.564600,11.498500,9.241600,15.504000,36.723200,30.460800,49.000000,84.000000,210.000000,175.000000,2.000000,5.000000,4.000000,4.000000,14.000000,22.000000,12.000000,0.562500,1.155000,2.475000,1.882500,9.241600,11.628000,22.283200,15.230400,49.000000,63.000000,161.000000,87.500000,1.500000,3.000000,2.000000,2.500000,8.000000,11.500000,6.000000,0.562500,0.866250,1.620000,0.941250,3.348900,33.379200,46.665000,79.202400,676.000000,1092.000000,1560.000000,3328.000000,10.000000,18.000000,96.000000,192.000000,204.000000,1.562500,5.625000,9.625000,15.200000,267.211900,610.928400,1252.816400,1597.224000,3026.000000,5568.000000,9294.000000,13608.000000,43.000000,96.000000,190.000000,252.000000,286.000000,788.000000,1348.000000,1640.000000,21.670900,54.739600,98.383400,127.274000,0.980000,3.120000,2.140000,2.000000,5.000000,3.000000,-3.000000,-1.000000,2.000000,-0.040000,0.450000,0.490000,0.735000,1.790000,1.070000,1.500000,-2.000000,1.500000,-2.000000,-0.500000,1.000000,-0.030000,0.090000,0.245000,-7.260000,-7.200000,-10.340000,114.000000,200.000000,340.000000,20.000000,28.000000,74.000000,3.000000,4.800000,10.340000
GAKKOS04,2.000000,1.500000,109.531000,243.423000,425.432800,381.300800,834.000000,1416.000000,2128.000000,1642.000000,18.000000,38.000000,68.000000,64.000000,106.000000,258.000000,328.000000,224.000000,7.858400,19.019000,29.599200,22.997000,65.965750,136.042500,220.559600,190.650400,587.500000,846.000000,1176.000000,821.000000,10.500000,21.000000,35.000000,32.000000,56.000000,133.000000,165.000000,112.000000,5.027100,10.872400,15.564600,11.498500,9.241600,15.504000,36.723200,30.460800,49.000000,84.000000,210.000000,175.000000,2.000000,5.000000,4.000000,4.000000,14.000000,22.000000,12.000000,0.562500,1.155000,2.475000,1.882500,9.241600,11.628000,22.283200,15.230400,49.000000,63.000000,161.000000,87.500000,1.500000,3.000000,2.000000,2.500000,8.000000,11.500000,6.000000,0.562500,0.866250,1.620000,0.941250,3.348900,33.379200,46.665000,79.202400,676.000000,1092.000000,1560.000000,3328.000000,10.000000,18.000000,96.000000,192.000000,204.000000,1.562500,5.625000,9.625000,15.200000,267.211900,610.928400,1252.816400,1597.224000,3026.000000,5568.000000,9294.000000,13608.000000,43.000000,96.000000,190.000000,252.000000,286.000000,788.000000,1348.000000,1640.000000,21.670900,54.739600,98.383400,127.274000,0.980000,3.120000,2.140000,2.000000,5.000000,3.000000,-3.000000,-1.000000,2.000000,-0.040000,0.450000,0.490000,0.735000,1.790000,1.070000,1.500000,-2.000000,1.500000,-2.000000,-0.500000,1.000000,-0.030000,0.090000,0.245000,-7.260000,-7.200000,-10.340000,114.000000,200.000000,340.000000,20.000000,28.000000,74.000000,3.000000,4.800000,10.340000
GAKKOS05,2.000000,1.500000,109.531000,243.423000,425.432800,381.300800,834.000000,1416.000000,2128.000000,1642.000000,18.000000,38.000000,68.000000,64.000000,106.000000,258.000000,328.000000,224.000000,7.858400,19.019000,29.599200,22.997000,65.965750,136.042500,220.559600,190.650400,587.500000,846.000000,1176.000000,821.000000,10.500000,21.000000,35.000000,32.000000,56.000000,133.000000,165.000000,112.000000,5.027100,10.872400,15.564600,11.498500,9.241600,15.504000,36.723200,30.460800,49.000000,84.000000,210.000000,175.000000,2.000000,5.000000,4.000000,4.000000,14.000000,22.000000,12.000000,0.562500,1.155000,2.475000,1.882500,9.241600,11.628000,22.283200,15.230400,49.000000,63.000000,161.000000,87.500000,1.500000,3.000000,2.000000,2.500000,8.000000,11.500000,6.000000,0.562500,0.866250,1.620000,0.941250,3.348900,33.379200,46.665000,79.202400,676.000000,1092.000000,1560.000000,3328.000000,10.000000,18.000000,96.000000,192.000000,204.000000,1.562500,5.625000,9.625000,15.200000,267.211900,610.928400,1252.816400,1597.224000,3026.000000,5568.000000,9294.000000,13608.000000,43.000000,96.000000,190.000000,252.000000,286.000000,788.000000,1348.000000,1640.000000,21.670900,54.739600,98.383400,127.274000,0.980000,3.120000,2.140000,2.000000,5.000000,3.000000,-3.000000,-1.000000,2.000000,-0.040000,0.450000,0.490000,0.735000,1.790000,1.070000,1.500000,-2.000000,1.500000,-2.000000,-0.500000,1.000000,-0.030000,0.090000,0.245000,-7.260000,-7.200000,-10.340000,114.000000,200.000000,340.000000,20.000000,28.000000,74.000000,3.000000,4.800000,10.340000
GAPSIA,3.000000,3.000000,161.295500,366.018400,568.646400,611.334400,650.000000,1552.000000,2172.000000,1828.000000,25.000000,54.000000,84.000000,94.000000,138.000000,342.000000,476.000000,424.000000,10.566500,26.104600,38.103600,36.132200,161.295500,366.018400,568.646400,611.334400,650.000000,1552.000000,2172.000000,1828.000000,25.000000,54.000000,84.000000,94.000000,138.000000,342.000000,476.000000,424.000000,10.566500,26.104600,38.103600,36.132200,9.241600,16.993600,29.944000,30.369600,49.000000,91.000000,133.000000,105.000000,2.000000,4.000000,4.000000,4.000000,12.000000,20.000000,14.000000,0.562500,1.140000,2.010000,1.695000,9.241600,16.000533,32.639467,46.866667,49.000000,86.333333,165.666667,193.666667,2.000000,4.000000,6.000000,4.000000,12.000000,22.666667,24.666667,0.562500,1.150000,2.190000,2.840000,3.348900,33.379200,59.584800,72.102000,676.000000,1092.000000,1976.000000,1976.000000,12.000000,16.000000,108.000000,216.000000,240.000000,1.562500,5.625000,11.450000,13.400000,325.939900,798.795200,1533.710400,2146.815200,1976.000000,5288.000000,9766.000000,11808.000000,51.000000,120.000000,222.000000,316.000000,342.000000,972.000000,1782.000000,2316.000000,22.695500,63.459200,115.982200,154.144400,0.490000,2.310000,2.170000,1.000000,9.000000,13.000000,-2.000000,-2.000000,1.000000,-0.020000,0.320000,0.740000,0.816667,1.423333,2.823333,1.666667,4.333333,14.333333,-2.000000,-3.333333,-0.333333,-0.033333,0.080000,0.713333,-7.260000,-10.600000,-10.120000,114.000000,236.000000,340.000000,18.000000,36.000000,56.000000,3.000000,5.840000,9.280000
GAPSOG,3.000000,3.000000,161.295500,366.018400,568.646400,611.334400,650.000000,1552.000000,2172.000000,1828.000000,25.000000,54.000000,84.000000,94.000000,138.000000,342.000000,476.000000,424.000000,10.566500,26.104600,38.103600,36.132200,161.295500,366.018400,568.646400,611.334400,650.000000,1552.000000,2172.000000,1828.000000,25.000000,54.000000,84.000000,94.000000,138.000000,342.000000,476.000000,424.000000,10.566500,26.104600,38.103600,36.132200,9.241600,16.993600,29.944000,30.369600,49.000000,91.000000,133.000000,105.000000,2.000000,4.000000,4.000000,4.000000,12.000000,20.000000,14.000000,0.562500,1.140000,2.010000,1.695000,9.241600,16.000533,32.639467,46.866667,49.000000,86.333333,165.666667,193.666667,2.000000,4.000000,6.000000,4.000000,12.000000,22.666667,24.666667,0.562500,1.150000,2.190000,2.840000,3.348900,33.379200,59.584800,72.102000,676.000000,1092.000000,1976.000000,1976.000000,12.000000,16.000000,108.000000,216.000000,240.000000,1.562500,5.625000,11.450000,13.400000,325.939900,798.795200,1533.710400,2146.815200,1976.000000,5288.000000,9766.000000,11808.000000,51.000000,120.000000,222.000000,316.000000,342.000000,972.000000,1782.000000,2316.000000,22.695500,63.459200,115.982200,154.144400,0.490000,2.310000,2.170000,1.000000,9.000000,13.000000,-2.000000,-2.000000,1.000000,-0.020000,0.320000,0.740000,0.816667,1.423333,2.823333,1.666667,4.333333,14.333333,-2.000000,-3.333333,-0.333333,-0.033333,0.080000,0.713333,-7.260000,-10.600000,-10.120000,114.000000,236.000000,340.000000,18.000000,36.000000,56.000000,3.000000,5.840000,9.280000
GAPSUM,3.000000,3.000000,278.045500,637.848400,1008.952400,1213.046400,1090.000000,2656.000000,3824.000000,3756.000000,45.000000,98.000000,156.000000,194.000000,254.000000,642.000000,924.000000,940.000000,18.776500,47.264200,70.904400,76.243000,278.045500,637.848400,1008.952400,1213.046400,1090.000000,2656.000000,3824.000000,3756.000000,45.000000,98.000000,156.000000,194.000000,254.000000,642.000000,924.000000,940.000000,18.776500,47.264200,70.904400,76.243000,9.241600,16.993600,31.008000,45.873600,49.000000,91.000000,168.000000,189.000000,2.000000,4.000000,6.000000,4.000000,12.000000,24.000000,26.000000,0.562500,1.140000,2.310000,2.850000,9.241600,16.000533,32.994133,52.034667,49.000000,86.333333,177.333333,221.666667,2.000000,4.000000,6.666667,4.000000,12.000000,24.000000,28.666667,0.562500,1.150000,2.290000,3.225000,3.348900,33.379200,59.584800,74.664000,676.000000,1092.000000,1976.000000,2496.000000,12.000000,16.000000,108.000000,216.000000,288.000000,1.562500,5.625000,11.450000,15.400000,559.439900,1342.455200,2414.322400,3355.363200,2856.000000,7496.000000,13070.000000,16704.000000,91.000000,208.000000,366.000000,516.000000,574.000000,1572.000000,2694.000000,3492.000000,39.115500,105.778400,181.583800,238.366000,0.490000,1.960000,3.150000,1.000000,4.000000,15.000000,-2.000000,-4.000000,-1.000000,-0.020000,-0.080000,0.700000,0.816667,1.306667,3.150000,1.666667,2.666667,15.000000,-2.000000,-4.000000,-1.000000,-0.033333,-0.053333,0.700000,-7.260000,-10.600000,-11.520000,114.000000,236.000000,320.000000,18.000000,36.000000,48.000000,3.000000,5.840000,7.680000
GAPSUM01,3.000000,3.000000,278.045500,637.848400,1008.952400,1213.046400,1090.000000,2656.000000,3824.000000,3756.000000,45.000000,98.000000,156.000000,194.000000,254.000000,642.000000,924.000000,940.000000,18.776500,47.264200,70.904400,76.243000,278.045500,637.848400,1008.952400,1213.046400,1090.000000,2656.000000,3824.000000,3756.000000,45.000000,98.000000,156.000000,194.000000,254.000000,642.000000,924.000000,940.000000,18.776500,47.264200,70.904400,76.243000,9.241600,16.993600,31.008000,45.873600,49.000000,91.000000,168.000000,189.000000,2.000000,4.000000,6.000000,4.000000,12.000000,24.000000,26.000000,0.562500,1.140000,2.310000,2.850000,9.241600,16.000533,32.994133,52.034667,49.000000,86.333333,177.333333,221.666667,2.000000,4.000000,6.666667,4.000000,12.000000,24.000000,28.666667,0.562500,1.150000,2.290000,3.225000,3.348900,33.379200,59.584800,74.664000,676.000000,1092.000000,1976.000000,2496.000000,12.000000,16.000000,108.000000,216.000000,288.000000,1.562500,5.625000,11.450000,15.400000,559.439900,1342.455200,2414.322400,3355.363200,2856.000000,7496.000000,13070.000000,16704.000000,91.000000,208.000000,366.000000,516.000000,574.000000,1572.000000,2694.000000,3492.000000,39.115500,105.778400,181.583800,238.366000,0.490000,1.960000,3.150000,1.000000,4.000000,15.000000,-2.000000,-4.000000,-1.000000,-0.020000,-0.080000,0.700000,0.816667,1.306667,3.150000,1.666667,2.666667,15.000000,-2.000000,-4.000000,-1.000000,-0.033333,-0.053333,0.700000,-7.260000,-10.600000,-11.520000,114.000000,236.000000,320.000000,18.000000,36.000000,48.000000,3.000000,5.840000,7.680000
GAPTAT,3.000000,3.000000,258.390500,578.688400,972.622400,1170.908400,878.000000,2128.000000,3104.000000,3096.000000,43.000000,90.000000,156.000000,190.000000,246.000000,618.000000,860.000000,880.000000,15.766700,40.057000,61.192400,67.729800,258.390500,578.688400,972.622400,1170.908400,878.000000,2128.000000,3104.000000,3096.000000,43.000000,90.000000,156.000000,190.000000,246.000000,618.000000,860.000000,880.000000,15.766700,40.057000,61.192400,67.729800,9.241600,16.993600,31.008000,52.561600,49.000000,91.000000,168.000000,196.000000,2.000000,4.000000,7.000000,4.000000,12.000000,26.000000,32.000000,0.562500,1.140000,2.310000,3.127500,9.241600,16.000533,32.994133,54.264000,49.000000,86.333333,177.333333,224.000000,2.000000,4.000000,7.000000,4.000000,12.000000,24.666667,30.666667,0.562500,1.150000,2.290000,3.317500,3.348900,33.379200,59.584800,74.664000,676.000000,1092.000000,1976.000000,2496.000000,12.000000,16.000000,108.000000,216.000000,312.000000,1.562500,5.625000,11.450000,15.400000,520.129900,1224.135200,2341.662400,3271.087200,2432.000000,6440.000000,11630.000000,15384.000000,87.000000,192.000000,366.000000,508.000000,558.000000,1524.000000,2574.000000,3444.000000,33.095900,91.364000,162.159800,221.339600,0.490000,1.960000,3.990000,1.000000,4.000000,21.000000,-2.000000,-5.000000,-2.000000,-0.020000,-0.080000,1.080000,0.816667,1.306667,3.430000,1.666667,2.666667,17.000000,-2.000000,-4.333333,-1.333333,-0.033333,-0.053333,0.826667,-7.260000,-10.600000,-11.520000,114.000000,236.000000,320.000000,18.000000,36.000000,44.000000,3.000000,5.840000,7.680000
GAPTEX,3.000000,3.000000,286.364900,613.062400,1005.264800,1115.041200,1130.000000,2512.000000,3608.000000,3588.000000,43.000000,90.000000,148.000000,166.000000,238.000000,578.000000,752.000000,724.000000,17.350700,42.151400,61.833200,63.830600,286.364900,613.062400,1005.264800,1115.041200,1130.000000,2512.000000,3608.000000,3588.000000,43.000000,90.000000,148.000000,166.000000,238.000000,578.000000,752.000000,724.000000,17.350700,42.151400,61.833200,63.830600,9.241600,16.993600,31.008000,51.284800,49.000000,91.000000,168.000000,217.000000,2.000000,4.000000,6.000000,4.000000,12.000000,24.000000,20.000000,0.562500,1.140000,2.310000,2.790000,9.241600,16.000533,32.994133,53.838400,49.000000,86.333333,177.333333,231.000000,2.000000,4.000000,6.666667,4.000000,12.000000,24.000000,26.666667,0.562500,1.150000,2.290000,3.205000,3.348900,33.379200,59.584800,74.664000,676.000000,1092.000000,1976.000000,2496.000000,12.000000,16.000000,108.000000,216.000000,288.000000,1.562500,5.625000,11.450000,15.400000,576.078700,1292.883200,2406.947200,3159.352800,2936.000000,7208.000000,12638.000000,16368.000000,87.000000,192.000000,350.000000,460.000000,542.000000,1444.000000,2350.000000,3036.000000,36.263900,95.552800,163.441400,213.541200,0.490000,1.960000,1.370000,1.000000,4.000000,11.000000,-2.000000,-4.000000,2.000000,-0.020000,-0.080000,0.780000,0.816667,1.306667,2.556667,1.666667,2.666667,13.666667,-2.000000,-4.000000,0.000000,-0.033333,-0.053333,0.726667,-7.260000,-10.600000,-11.520000,114.000000,236.000000,320.000000,18.000000,36.000000,48.000000,3.000000,5.840000,7.680000
GAPTIB,3.000000,3.000000,217.327700,479.828400,758.784400,858.702800,854.000000,1944.000000,2764.000000,2660.000000,33.000000,70.000000,112.000000,130.000000,182.000000,450.000000,620.000000,608.000000,13.365700,32.944600,48.911200,50.328600,217.327700,479.828400,758.784400,858.702800,854.000000,1944.000000,2764.000000,2660.000000,33.000000,70.000000,112.000000,130.000000,182.000000,450.000000,620.000000,608.000000,13.365700,32.944600,48.911200,50.328600,9.241600,16.993600,31.008000,54.203200,49.000000,91.000000,168.000000,175.000000,2.000000,4.000000,7.000000,4.000000,12.000000,26.000000,22.000000,0.562500,1.140000,2.310000,2.797500,9.241600,16.000533,32.994133,54.811200,49.000000,86.333333,177.333333,217.000000,2.000000,4.000000,7.000000,4.000000,12.000000,24.666667,27.333333,0.562500,1.150000,2.290000,3.207500,3.348900,33.379200,59.584800,74.664000,676.000000,1092.000000,1976.000000,2496.000000,12.000000,16.000000,108.000000,216.000000,312.000000,1.562500,5.625000,11.450000,15.400000,438.004300,1026.415200,1913.986400,2646.676000,2384.000000,6072.000000,10950.000000,14512.000000,67.000000,152.000000,278.000000,388.000000,430.000000,1188.000000,2094.000000,2860.000000,28.293900,77.139200,137.597400,186.537200,0.490000,1.960000,3.450000,1.000000,4.000000,24.000000,-2.000000,-5.000000,3.000000,-0.020000,-0.080000,1.520000,0.816667,1.306667,3.250000,1.666667,2.666667,18.000000,-2.000000,-4.333333,0.333333,-0.033333,-0.053333,0.973333,-7.260000,-10.600000,-11.520000,114.000000,236.000000,320.000000,18.000000,36.000000,44.000000,3.000000,5.840000,7.680000
GAZQUT,6.000000,6.000000,899.543500,2048.976000,3391.431600,4439.500200,3256.000000,7992.000000,11550.000000,13428.000000,151.000000,324.000000,540.000000,732.000000,864.000000,2220.000000,3324.000000,4032.000000,59.127900,150.704400,232.012800,285.276000,899.543500,2048.976000,3391.431600,4439.500200,3256.000000,7992.000000,11550.000000,13428.000000,151.000000,324.000000,540.000000,732.000000,864.000000,2220.000000,3324.000000,4032.000000,59.127900,150.704400,232.012800,285.276000,9.241600,15.504000,33.500800,34.990400,49.000000,84.000000,122.500000,129.500000,2.000000,4.500000,4.500000,4.000000,13.000000,20.000000,18.000000,0.562500,1.155000,1.991250,1.976250,9.241600,15.504000,33.500800,34.990400,49.000000,84.000000,122.500000,129.500000,2.000000,4.500000,4.500000,4.000000,13.000000,20.000000,18.000000,0.562500,1.155000,1.991250,1.976250,3.348900,33.379200,55.998000,93.000600,676.000000,1092.000000,1872.000000,1794.000000,12.000000,21.000000,108.000000,234.000000,252.000000,1.562500,5.625000,11.550000,14.137500,902.892400,2115.734400,3780.675600,5407.267800,3932.000000,10176.000000,16764.000000,21258.000000,152.000000,336.000000,594.000000,876.000000,930.000000,2514.000000,4182.000000,5658.000000,60.690400,161.954400,271.987800,372.546000,0.980000,2.660000,2.170000,2.000000,14.000000,13.000000,-2.500000,-1.000000,0.000000,-0.040000,0.720000,0.740000,0.980000,2.660000,2.170000,2.000000,14.000000,13.000000,-2.500000,-1.000000,0.000000,-0.040000,0.720000,0.740000,-7.260000,-8.640000,-12.390000,114.000000,240.000000,477.000000,18.000000,33.000000,84.000000,3.000000,5.760000,14.940000
GIVZAN,3.000000,3.000000,161.295500,365.332400,557.690000,597.712400,650.000000,1532.000000,2120.000000,1796.000000,25.000000,54.000000,84.000000,94.000000,138.000000,342.000000,476.000000,424.000000,10.566500,26.136600,38.225200,36.253000,161.295500,365.332400,557.690000,597.712400,650.000000,1532.000000,2120.000000,1796.000000,25.000000,54.000000,84.000000,94.000000,138.000000,342.000000,476.000000,424.000000,10.566500,26.136600,38.225200,36.253000,9.241600,16.993600,29.944000,30.369600,49.000000,91.000000,133.000000,105.000000,2.000000,4.000000,4.000000,4.000000,12.000000,20.000000,14.000000,0.562500,1.140000,2.010000,1.695000,9.241600,16.000533,30.653333,46.866667,49.000000,86.333333,156.333333,193.666667,2.000000,4.000000,6.000000,4.000000,12.000000,22.666667,24.666667,0.562500,1.150000,2.210000,2.840000,3.348900,33.379200,59.584800,72.102000,676.000000,1092.000000,1976.000000,1976.000000,12.000000,16.000000,108.000000,216.000000,240.000000,1.562500,5.625000,11.450000,13.400000,325.939900,797.423200,1511.797600,2131.488000,1976.000000,5248.000000,9662.000000,11800.000000,51.000000,120.000000,222.000000,316.000000,342.000000,972.000000,1782.000000,2316.000000,22.695500,63.523200,116.225400,154.266000,0.490000,2.310000,2.170000,1.000000,9.000000,13.000000,-2.000000,-2.000000,1.000000,-0.020000,0.320000,0.740000,0.816667,2.076667,2.823333,1.666667,5.666667,14.333333,-2.000000,-3.333333,-0.333333,-0.033333,0.053333,0.713333,-7.260000,-10.600000,-10.120000,114.000000,236.000000,340.000000,18.000000,36.000000,56.000000,3.000000,5.840000,9.280000
GIVZER,3.000000,3.000000,161.295500,365.332400,557.690000,597.712400,650.000000,1532.000000,2120.000000,1796.000000,25.000000,54.000000,84.000000,94.000000,138.000000,342.000000,476.000000,424.000000,10.566500,26.136600,38.225200,36.253000,161.295500,365.332400,557.690000,597.712400,650.000000,1532.000000,2120.000000,1796.000000,25.000000,54.000000,84.000000,94.000000,138.000000,342.000000,476.000000,424.000000,10.566500,26.136600,38.225200,36.253000,9.241600,16.993600,29.944000,30.369600,49.000000,91.000000,133.000000,105.000000,2.000000,4.000000,4.000000,4.000000,12.000000,20.000000,14.000000,0.562500,1.140000,2.010000,1.695000,9.241600,16.000533,30.653333,46.866667,49.000000,86.333333,156.333333,193.666667,2.000000,4.000000,6.000000,4.000000,12.000000,22.666667,24.666667,0.562500,1.150000,2.210000,2.840000,3.348900,33.379200,59.584800,72.102000,676.000000,1092.000000,1976.000000,1976.000000,12.000000,16.000000,108.000000,216.000000,240.000000,1.562500,5.625000,11.450000,13.400000,325.939900,797.423200,1511.797600,2131.488000,1976.000000,5248.000000,9662.000000,11800.000000,51.000000,120.000000,222.000000,316.000000,342.000000,972.000000,1782.000000,2316.000000,22.695500,63.523200,116.225400,154.266000,0.490000,2.310000,2.170000,1.000000,9.000000,13.000000,-2.000000,-2.000000,1.000000,-0.020000,0.320000,0.740000,0.816667,2.076667,2.823333,1.666667,5.666667,14.333333,-2.000000,-3.333333,-0.333333,-0.033333,0.053333,0.713333,-7.260000,-10.600000,-10.120000,114.000000,236.000000,340.000000,18.000000,36.000000,56.000000,3.000000,5.840000,9.280000
GIVZIV,3.000000,3.000000,161.295500,365.332400,557.690000,597.712400,650.000000,1532.000000,2120.000000,1796.000000,25.000000,54.000000,84.000000,94.000000,138.000000,342.000000,476.000000,424.000000,10.566500,26.136600,38.225200,36.253000,161.295500,365.332400,557.690000,597.712400,650.000000,1532.000000,2120.000000,1796.000000,25.000000,54.000000,84.000000,94.000000,138.000000,342.000000,476.000000,424.000000,10.566500,26.136600,38.225200,36.253000,9.241600,16.993600,29.944000,30.369600,49.000000,91.000000,133.000000,105.000000,2.000000,4.000000,4.000000,4.000000,12.000000,20.000000,14.000000,0.562500,1.140000,2.010000,1.695000,9.241600,16.000533,30.653333,46.866667,49.000000,86.333333,156.333333,193.666667,2.000000,4.000000,6.000000,4.000000,12.000000,22.666667,24.666667,0.562500,1.150000,2.210000,2.840000,3.348900,33.379200,59.584800,72.102000,676.000000,1092.000000,1976.000000,1976.000000,12.000000,16.000000,108.000000,216.000000,240.000000,1.562500,5.625000,11.450000,13.400000,325.939900,797.423200,1511.797600,2131.488000,1976.000000,5248.000000,9662.000000,11800.000000,51.000000,120.000000,222.000000,316.000000,342.000000,972.000000,1782.000000,2316.000000,22.695500,63.523200,116.225400,154.266000,0.490000,2.310000,2.170000,1.000000,9.000000,13.000000,-2.000000,-2.000000,1.000000,-0.020000,0.320000,0.740000,0.816667,2.076667,2.823333,1.666667,5.666667,14.333333,-2.000000,-3.333333,-0.333333,-0.033333,0.053333,0.713333,-7.260000,-10.600000,-10.120000,114.000000,236.000000,340.000000,18.000000,36.000000,56.000000,3.000000,5.840000,9.280000
GOGDUB,3.000000,3.000000,205.588900,468.908000,738.703400,911.178200,820.000000,1970.000000,2840.000000,2972.000000,33.000000,72.000000,114.000000,144.000000,186.000000,468.000000,674.000000,724.000000,13.972100,35.035600,52.347400,58.702000,205.588900,468.908000,738.703400,911.178200,820.000000,1970.000000,2840.000000,2972.000000,33.000000,72.000000,114.000000,144.000000,186.000000,468.000000,674.000000,724.000000,13.972100,35.035600,52.347400,58.702000,9.241600,15.504000,30.688800,37.376800,49.000000,84.000000,136.500000,143.500000,2.000000,4.000000,5.000000,4.000000,12.000000,20.000000,21.000000,0.562500,1.155000,2.002500,2.280000,9.241600,15.504000,31.894667,48.209333,49.000000,84.000000,162.166667,201.833333,2.000000,4.000000,6.333333,4.000000,12.000000,22.666667,28.333333,0.562500,1.155000,2.197500,3.045000,3.348900,33.379200,55.998000,83.228400,676.000000,1092.000000,1872.000000,2340.000000,12.000000,18.000000,108.000000,216.000000,276.000000,1.562500,5.625000,11.550000,15.275000,414.526700,1004.574400,1866.650800,2758.054800,2316.000000,6124.000000,10894.000000,14796.000000,67.000000,156.000000,282.000000,424.000000,438.000000,1224.000000,2178.000000,3052.000000,29.506700,81.321200,144.669800,205.764000,0.980000,2.065000,2.905000,2.000000,8.500000,14.500000,-2.000000,-2.000000,-0.500000,-0.040000,0.330000,0.710000,0.980000,1.668333,3.395000,2.000000,4.833333,15.500000,-2.000000,-3.333333,-1.500000,-0.040000,0.070000,0.690000,-7.260000,-8.640000,-12.540000,114.000000,240.000000,378.000000,18.000000,36.000000,62.000000,3.000000,5.760000,10.280000
HAPDOU,4.000000,2.000000,478.938600,1116.033000,1902.060000,2429.426400,1866.000000,4656.000000,7152.000000,8712.000000,78.000000,174.000000,300.000000,388.000000,474.000000,1222.000000,1868.000000,2276.000000,32.324600,84.191800,134.601200,167.502800,174.579867,391.119000,644.477600,809.808800,849.333333,1736.000000,2533.333333,2904.000000,28.000000,60.666667,101.333333,129.333333,162.000000,412.666667,624.000000,758.666667,12.238733,29.881133,45.887067,55.834267,9.241600,15.504000,29.944000,39.185600,49.000000,84.000000,133.000000,182.000000,2.000000,4.000000,5.000000,4.000000,12.000000,20.000000,24.000000,0.562500,1.155000,2.010000,2.572500,9.241600,10.336000,15.564800,18.584533,49.000000,56.000000,130.666667,100.333333,1.333333,2.000000,2.333333,2.000000,5.333333,8.666667,14.000000,0.562500,0.770000,1.280000,1.342500,3.348900,33.379200,46.665000,64.159800,676.000000,1092.000000,1560.000000,2444.000000,10.000000,14.000000,96.000000,168.000000,204.000000,1.562500,5.625000,9.625000,13.100000,527.088500,1240.115400,2304.010800,3233.963600,3224.000000,7392.000000,12190.000000,17268.000000,85.000000,194.000000,354.000000,504.000000,548.000000,1486.000000,2512.000000,3448.000000,38.278700,100.893400,173.786200,244.582800,0.980000,2.310000,2.310000,2.000000,9.000000,9.000000,-2.000000,-2.000000,-2.000000,-0.040000,0.320000,0.320000,0.653333,0.960000,0.980000,1.333333,-4.666667,2.000000,-1.333333,-1.333333,-2.333333,-0.026667,-0.206667,-0.040000,-7.260000,-7.200000,-9.440000,114.000000,200.000000,270.000000,20.000000,32.000000,50.000000,3.000000,4.800000,7.020000
HAXHIY,3.000000,5.000000,201.432650,436.279500,700.428200,868.216900,732.500000,1674.000000,2177.000000,2191.000000,33.000000,68.000000,111.000000,143.000000,179.000000,445.000000,627.000000,714.000000,12.832100,31.138800,44.809100,51.074700,362.135500,810.543000,1350.885000,1705.425800,1246.000000,3012.000000,4086.000000,4214.000000,61.000000,128.000000,216.000000,282.000000,344.000000,866.000000,1238.000000,1420.000000,22.790900,57.657600,86.182400,99.839400,9.241600,15.504000,36.312800,32.178400,49.000000,84.000000,108.500000,143.500000,2.000000,5.000000,4.000000,5.000000,19.000000,25.000000,23.500000,0.562500,1.155000,1.980000,1.987500,9.241600,17.442000,38.304000,46.588000,49.000000,94.500000,141.750000,148.750000,2.250000,5.250000,6.250000,5.250000,18.000000,28.500000,27.000000,0.562500,1.299375,2.356875,2.540625,3.348900,33.379200,60.664500,98.618700,676.000000,1092.000000,2028.000000,1664.000000,13.000000,23.000000,114.000000,264.000000,228.000000,1.562500,5.625000,12.512500,14.612500,406.214200,939.317400,1799.433400,2743.466400,2141.000000,5532.000000,9880.000000,12106.000000,67.000000,148.000000,278.000000,438.000000,426.000000,1206.000000,2214.000000,3070.000000,27.226700,73.527600,131.518200,192.709400,0.980000,3.255000,1.575000,2.000000,19.500000,7.500000,-2.000000,5.000000,2.500000,-0.040000,1.110000,0.350000,1.102500,3.360000,3.675000,2.250000,16.500000,22.500000,-2.250000,0.500000,2.750000,-0.045000,0.795000,1.300000,-7.260000,-9.360000,-11.800000,114.000000,260.000000,534.000000,17.000000,34.000000,100.000000,3.000000,6.240000,17.060000
HECBUO,3.000000,3.000000,301.712700,680.082400,1045.732000,1296.240400,1218.000000,2836.000000,4132.000000,4324.000000,47.000000,102.000000,160.000000,202.000000,262.000000,662.000000,968.000000,1028.000000,19.842300,49.485400,74.383200,83.094200,301.712700,680.082400,1045.732000,1296.240400,1218.000000,2836.000000,4132.000000,4324.000000,47.000000,102.000000,160.000000,202.000000,262.000000,662.000000,968.000000,1028.000000,19.842300,49.485400,74.383200,83.094200,9.241600,16.993600,29.944000,31.433600,49.000000,91.000000,133.000000,140.000000,2.000000,4.000000,4.000000,4.000000,12.000000,20.000000,18.000000,0.562500,1.140000,2.010000,1.995000,9.241600,16.000533,30.653333,47.221333,49.000000,86.333333,156.333333,205.333333,2.000000,4.000000,6.000000,4.000000,12.000000,22.666667,26.000000,0.562500,1.150000,2.210000,2.940000,3.348900,33.379200,59.584800,72.102000,676.000000,1092.000000,1976.000000,1976.000000,12.000000,16.000000,108.000000,216.000000,240.000000,1.562500,5.625000,11.450000,13.400000,606.774300,1426.923200,2487.881600,3528.544000,3112.000000,7856.000000,13686.000000,16856.000000,95.000000,216.000000,374.000000,532.000000,590.000000,1612.000000,2766.000000,3540.000000,41.247100,110.220800,188.541400,247.948400,0.490000,2.310000,1.820000,1.000000,9.000000,8.000000,-2.000000,-2.000000,-1.000000,-0.020000,0.320000,0.340000,0.816667,2.076667,2.706667,1.666667,5.666667,12.666667,-2.000000,-3.333333,-1.000000,-0.033333,0.053333,0.580000,-7.260000,-10.600000,-10.120000,114.000000,236.000000,340.000000,18.000000,36.000000,56.000000,3.000000,5.840000,9.280000
HECCEZ,3.000000,3.000000,301.712700,680.082400,1045.732000,1296.240400,1218.000000,2836.000000,4132.000000,4324.000000,47.000000,102.000000,160.000000,202.000000,262.000000,662.000000,968.000000,1028.000000,19.842300,49.485400,74.383200,83.094200,301.712700,680.082400,1045.732000,1296.240400,1218.000000,2836.000000,4132.000000,4324.000000,47.000000,102.000000,160.000000,202.000000,262.000000,662.000000,968.000000,1028.000000,19.842300,49.485400,74.383200,83.094200,9.241600,16.993600,29.944000,31.433600,49.000000,91.000000,133.000000,140.000000,2.000000,4.000000,4.000000,4.000000,12.000000,20.000000,18.000000,0.562500,1.140000,2.010000,1.995000,9.241600,16.000533,30.653333,47.221333,49.000000,86.333333,156.333333,205.333333,2.000000,4.000000,6.000000,4.000000,12.000000,22.666667,26.000000,0.562500,1.150000,2.210000,2.940000,3.348900,33.379200,59.584800,72.102000,676.000000,1092.000000,1976.000000,1976.000000,12.000000,16.000000,108.000000,216.000000,240.000000,1.562500,5.625000,11.450000,13.400000,606.774300,1426.923200,2487.881600,3528.544000,3112.000000,7856.000000,13686.000000,16856.000000,95.000000,216.000000,374.000000,532.000000,590.000000,1612.000000,2766.000000,3540.000000,41.247100,110.220800,188.541400,247.948400,0.490000,2.310000,1.820000,1.000000,9.000000,8.000000,-2.000000,-2.000000,-1.000000,-0.020000,0.320000,0.340000,0.816667,2.076667,2.706667,1.666667,5.666667,12.666667,-2.000000,-3.333333,-1.000000,-0.033333,0.053333,0.580000,-7.260000,-10.600000,-10.120000,114.000000,236.000000,340.000000,18.000000,36.000000,56.000000,3.000000,5.840000,9.280000
HECCID,3.000000,3.000000,301.712700,680.082400,1045.732000,1296.240400,1218.000000,2836.000000,4132.000000,4324.000000,47.000000,102.000000,160.000000,202.000000,262.000000,662.000000,968.000000,1028.000000,19.842300,49.485400,74.383200,83.094200,301.712700,680.082400,1045.732000,1296.240400,1218.000000,2836.000000,4132.000000,4324.000000,47.000000,102.000000,160.000000,202.000000,262.000000,662.000000,968.000000,1028.000000,19.842300,49.485400,74.383200,83.094200,9.241600,16.993600,29.944000,31.433600,49.000000,91.000000,133.000000,140.000000,2.000000,4.000000,4.000000,4.000000,12.000000,20.000000,18.000000,0.562500,1.140000,2.010000,1.995000,9.241600,16.000533,30.653333,47.221333,49.000000,86.333333,156.333333,205.333333,2.000000,4.000000,6.000000,4.000000,12.000000,22.666667,26.000000,0.562500,1.150000,2.210000,2.940000,3.348900,33.379200,59.584800,72.102000,676.000000,1092.000000,1976.000000,1976.000000,12.000000,16.000000,108.000000,216.000000,240.000000,1.562500,5.625000,11.450000,13.400000,606.774300,1426.923200,2487.881600,3528.544000,3112.000000,7856.000000,13686.000000,16856.000000,95.000000,216.000000,374.000000,532.000000,590.000000,1612.000000,2766.000000,3540.000000,41.247100,110.220800,188.541400,247.948400,0.490000,2.310000,1.820000,1.000000,9.000000,8.000000,-2.000000,-2.000000,-1.000000,-0.020000,0.320000,0.340000,0.816667,2.076667,2.706667,1.666667,5.666667,12.666667,-2.000000,-3.333333,-1.000000,-0.033333,0.053333,0.580000,-7.260000,-10.600000,-10.120000,114.000000,236.000000,340.000000,18.000000,36.000000,56.000000,3.000000,5.840000,9.280000
HECCOJ,3.000000,3.000000,161.295500,365.332400,557.690000,597.712400,650.000000,1532.000000,2120.000000,1796.000000,25.000000,54.000000,84.000000,94.000000,138.000000,342.000000,476.000000,424.000000,10.566500,26.136600,38.225200,36.253000,161.295500,365.332400,557.690000,597.712400,650.000000,1532.000000,2120.000000,1796.000000,25.000000,54.000000,84.000000,94.000000,138.000000,342.000000,476.000000,424.000000,10.566500,26.136600,38.225200,36.253000,9.241600,16.993600,29.944000,30.369600,49.000000,91.000000,133.000000,105.000000,2.000000,4.000000,4.000000,4.000000,12.000000,20.000000,14.000000,0.562500,1.140000,2.010000,1.695000,9.241600,16.000533,30.653333,46.866667,49.000000,86.333333,156.333333,193.666667,2.000000,4.000000,6.000000,4.000000,12.000000,22.666667,24.666667,0.562500,1.150000,2.210000,2.840000,3.348900,33.379200,59.584800,72.102000,676.000000,1092.000000,1976.000000,1976.000000,12.000000,16.000000,108.000000,216.000000,240.000000,1.562500,5.625000,11.450000,13.400000,325.939900,797.423200,1511.797600,2131.488000,1976.000000,5248.000000,9662.000000,11800.000000,51.000000,120.000000,222.000000,316.000000,342.000000,972.000000,1782.000000,2316.000000,22.695500,63.523200,116.225400,154.266000,0.490000,2.310000,2.170000,1.000000,9.000000,13.000000,-2.000000,-2.000000,1.000000,-0.020000,0.320000,0.740000,0.816667,2.076667,2.823333,1.666667,5.666667,14.333333,-2.000000,-3.333333,-0.333333,-0.033333,0.053333,0.713333,-7.260000,-10.600000,-10.120000,114.000000,236.000000,340.000000,18.000000,36.000000,56.000000,3.000000,5.840000,9.280000
HECCOJ01,3.000000,3.000000,161.295500,365.332400,557.690000,597.712400,650.000000,1532.000000,2120.000000,1796.000000,25.000000,54.000000,84.000000,94.000000,138.000000,342.000000,476.000000,424.000000,10.566500,26.136600,38.225200,36.253000,161.295500,365.332400,557.690000,597.712400,650.000000,1532.000000,2120.000000,1796.000000,25.000000,54.000000,84.000000,94.000000,138.000000,342.000000,476.000000,424.000000,10.566500,26.136600,38.225200,36.253000,9.241600,16.993600,29.944000,30.369600,49.000000,91.000000,133.000000,105.000000,2.000000,4.000000,4.000000,4.000000,12.000000,20.000000,14.000000,0.562500,1.140000,2.010000,1.695000,9.241600,16.000533,30.653333,46.866667,49.000000,86.333333,156.333333,193.666667,2.000000,4.000000,6.000000,4.000000,12.000000,22.666667,24.666667,0.562500,1.150000,2.210000,2.840000,3.348900,33.379200,59.584800,72.102000,676.000000,1092.000000,1976.000000,1976.000000,12.000000,16.000000,108.000000,216.000000,240.000000,1.562500,5.625000,11.450000,13.400000,325.939900,797.423200,1511.797600,2131.488000,1976.000000,5248.000000,9662.000000,11800.000000,51.000000,120.000000,222.000000,316.000000,342.000000,972.000000,1782.000000,2316.000000,22.695500,63.523200,116.225400,154.266000,0.490000,2.310000,2.170000,1.000000,9.000000,13.000000,-2.000000,-2.000000,1.000000,-0.020000,0.320000,0.740000,0.816667,2.076667,2.823333,1.666667,5.666667,14.333333,-2.000000,-3.333333,-0.333333,-0.033333,0.053333,0.713333,-7.260000,-10.600000,-10.120000,114.000000,236.000000,340.000000,18.000000,36.000000,56.000000,3.000000,5.840000,9.280000
HIXDOK,3.000000,3.000000,255.360500,588.232200,930.428200,1118.348600,1016.000000,2466.000000,3604.000000,3566.000000,41.000000,90.000000,144.000000,178.000000,234.000000,594.000000,868.000000,888.000000,17.316900,43.784200,66.329200,71.385800,255.360500,588.232200,930.428200,1118.348600,1016.000000,2466.000000,3604.000000,3566.000000,41.000000,90.000000,144.000000,178.000000,234.000000,594.000000,868.000000,888.000000,17.316900,43.784200,66.329200,71.385800,9.241600,16.248800,31.220800,38.653600,49.000000,87.500000,154.000000,164.500000,2.000000,4.000000,5.000000,4.000000,12.000000,22.000000,22.000000,0.562500,1.147500,2.152500,2.422500,9.241600,15.752267,31.078933,50.621067,49.000000,85.166667,163.333333,218.166667,2.000000,4.000000,6.333333,4.000000,12.000000,23.333333,27.333333,0.562500,1.152500,2.257500,3.072500,3.348900,33.379200,57.791400,75.176400,676.000000,1092.000000,1924.000000,2288.000000,12.000000,16.000000,108.000000,216.000000,264.000000,1.562500,5.625000,11.500000,14.350000,514.069900,1243.222800,2253.687200,3149.117200,2708.000000,7116.000000,12526.000000,15824.000000,83.000000,192.000000,342.000000,484.000000,534.000000,1476.000000,2574.000000,3324.000000,36.196300,98.818400,172.533400,226.731600,0.735000,1.890000,2.485000,1.500000,6.000000,11.500000,-2.000000,-3.000000,-1.000000,-0.030000,0.130000,0.520000,0.898333,1.936667,2.601667,1.833333,4.666667,13.166667,-2.000000,-3.666667,-1.000000,-0.036667,-0.010000,0.653333,-7.260000,-9.620000,-11.800000,114.000000,238.000000,328.000000,18.000000,36.000000,52.000000,3.000000,5.800000,8.520000
HIXDOK01,3.000000,3.000000,255.360500,588.232200,930.428200,1118.348600,1016.000000,2466.000000,3604.000000,3566.000000,41.000000,90.000000,144.000000,178.000000,234.000000,594.000000,868.000000,888.000000,17.316900,43.784200,66.329200,71.385800,255.360500,588.232200,930.428200,1118.348600,1016.000000,2466.000000,3604.000000,3566.000000,41.000000,90.000000,144.000000,178.000000,234.000000,594.000000,868.000000,888.000000,17.316900,43.784200,66.329200,71.385800,9.241600,16.248800,31.220800,38.653600,49.000000,87.500000,154.000000,164.500000,2.000000,4.000000,5.000000,4.000000,12.000000,22.000000,22.000000,0.562500,1.147500,2.152500,2.422500,9.241600,15.752267,31.078933,50.621067,49.000000,85.166667,163.333333,218.166667,2.000000,4.000000,6.333333,4.000000,12.000000,23.333333,27.333333,0.562500,1.152500,2.257500,3.072500,3.348900,33.379200,57.791400,75.176400,676.000000,1092.000000,1924.000000,2288.000000,12.000000,16.000000,108.000000,216.000000,264.000000,1.562500,5.625000,11.500000,14.350000,514.069900,1243.222800,2253.687200,3149.117200,2708.000000,7116.000000,12526.000000,15824.000000,83.000000,192.000000,342.000000,484.000000,534.000000,1476.000000,2574.000000,3324.000000,36.196300,98.818400,172.533400,226.731600,0.735000,1.890000,2.485000,1.500000,6.000000,11.500000,-2.000000,-3.000000,-1.000000,-0.030000,0.130000,0.520000,0.898333,1.936667,2.601667,1.833333,4.666667,13.166667,-2.000000,-3.666667,-1.000000,-0.036667,-0.010000,0.653333,-7.260000,-9.620000,-11.800000,114.000000,238.000000,328.000000,18.000000,36.000000,52.000000,3.000000,5.800000,8.520000
HIXFOK,6.000000,6.000000,678.217000,1473.849000,2570.592000,3235.402800,2110.000000,4968.000000,6492.000000,6822.000000,115.000000,234.000000,420.000000,546.000000,654.000000,1638.000000,2154.000000,2316.000000,39.062700,99.099000,148.033200,168.574200,678.217000,1473.849000,2570.592000,3235.402800,2110.000000,4968.000000,6492.000000,6822.000000,115.000000,234.000000,420.000000,546.000000,654.000000,1638.000000,2154.000000,2316.000000,39.062700,99.099000,148.033200,168.574200,9.241600,15.504000,32.756000,40.219200,49.000000,84.000000,119.000000,157.500000,2.000000,4.500000,5.000000,4.000000,13.000000,20.000000,19.000000,0.562500,1.155000,1.998750,2.250000,9.241600,15.504000,32.756000,40.219200,49.000000,84.000000,119.000000,157.500000,2.000000,4.500000,5.000000,4.000000,13.000000,20.000000,19.000000,0.562500,1.155000,1.998750,2.250000,3.348900,33.379200,55.998000,90.310500,676.000000,1092.000000,1872.000000,1716.000000,12.000000,21.000000,108.000000,234.000000,252.000000,1.562500,5.625000,11.550000,14.212500,681.565900,1540.607400,2959.836000,4197.790200,2786.000000,7152.000000,11706.000000,14496.000000,116.000000,246.000000,474.000000,690.000000,720.000000,1932.000000,3012.000000,3948.000000,40.625200,110.349000,188.008200,255.994200,0.980000,2.905000,1.970000,2.000000,14.500000,12.500000,-2.500000,-1.000000,0.500000,-0.040000,0.710000,0.750000,0.980000,2.905000,1.970000,2.000000,14.500000,12.500000,-2.500000,-1.000000,0.500000,-0.040000,0.710000,0.750000,-7.260000,-8.640000,-10.920000,114.000000,240.000000,480.000000,18.000000,33.000000,84.000000,3.000000,5.760000,14.880000
HIXFUQ,6.000000,6.000000,726.764500,1580.184000,2770.431000,3474.700800,2224.000000,5256.000000,7008.000000,7656.000000,124.000000,252.000000,456.000000,582.000000,708.000000,1764.000000,2316.000000,2550.000000,41.662800,106.075200,159.273600,184.145400,726.764500,1580.184000,2770.431000,3474.700800,2224.000000,5256.000000,7008.000000,7656.000000,124.000000,252.000000,456.000000,582.000000,708.000000,1764.000000,2316.000000,2550.000000,41.662800,106.075200,159.273600,184.145400,9.241600,15.504000,33.288000,50.251200,49.000000,84.000000,136.500000,168.000000,2.000000,4.500000,6.500000,4.000000,13.000000,23.000000,22.000000,0.562500,1.155000,2.148750,2.666250,9.241600,15.504000,33.288000,50.251200,49.000000,84.000000,136.500000,168.000000,2.000000,4.500000,6.500000,4.000000,13.000000,23.000000,22.000000,0.562500,1.155000,2.148750,2.666250,3.348900,33.379200,55.998000,92.232000,676.000000,1092.000000,1872.000000,2106.000000,12.000000,21.000000,108.000000,234.000000,306.000000,1.562500,5.625000,11.550000,15.712500,730.113400,1646.942400,3159.675000,4440.931200,2900.000000,7440.000000,12222.000000,16110.000000,125.000000,264.000000,510.000000,726.000000,774.000000,2058.000000,3192.000000,4308.000000,43.225300,117.325200,199.248600,274.565400,0.980000,2.730000,3.230000,2.000000,12.000000,21.500000,-2.500000,-2.500000,2.000000,-0.040000,0.510000,1.320000,0.980000,2.730000,3.230000,2.000000,12.000000,21.500000,-2.500000,-2.500000,2.000000,-0.040000,0.510000,1.320000,-7.260000,-8.640000,-11.970000,114.000000,240.000000,465.000000,18.000000,33.000000,75.000000,3.000000,5.760000,13.680000
HIXFUQ01,6.000000,6.000000,726.764500,1580.184000,2770.431000,3474.700800,2224.000000,5256.000000,7008.000000,7656.000000,124.000000,252.000000,456.000000,582.000000,708.000000,1764.000000,2316.000000,2550.000000,41.662800,106.075200,159.273600,184.145400,726.764500,1580.184000,2770.431000,3474.700800,2224.000000,5256.000000,7008.000000,7656.000000,124.000000,252.000000,456.000000,582.000000,708.000000,1764.000000,2316.000000,2550.000000,41.662800,106.075200,159.273600,184.145400,9.241600,15.504000,33.288000,50.251200,49.000000,84.000000,136.500000,168.000000,2.000000,4.500000,6.500000,4.000000,13.000000,23.000000,22.000000,0.562500,1.155000,2.148750,2.666250,9.241600,15.504000,33.288000,50.251200,49.000000,84.000000,136.500000,168.000000,2.000000,4.500000,6.500000,4.000000,13.000000,23.000000,22.000000,0.562500,1.155000,2.148750,2.666250,3.348900,33.379200,55.998000,92.232000,676.000000,1092.000000,1872.000000,2106.000000,12.000000,21.000000,108.000000,234.000000,306.000000,1.562500,5.625000,11.550000,15.712500,730.113400,1646.942400,3159.675000,4440.931200,2900.000000,7440.000000,12222.000000,16110.000000,125.000000,264.000000,510.000000,726.000000,774.000000,2058.000000,3192.000000,4308.000000,43.225300,117.325200,199.248600,274.565400,0.980000,2.730000,3.230000,2.000000,12.000000,21.500000,-2.500000,-2.500000,2.000000,-0.040000,0.510000,1.320000,0.980000,2.730000,3.230000,2.000000,12.000000,21.500000,-2.500000,-2.500000,2.000000,-0.040000,0.510000,1.320000,-7.260000,-8.640000,-11.970000,114.000000,240.000000,465.000000,18.000000,33.000000,75.000000,3.000000,5.760000,13.680000
HMPBFE,3.000000,3.000000,263.628700,586.339200,1003.636200,1132.705200,881.000000,2134.000000,3210.000000,3270.000000,44.000000,92.000000,162.000000,174.000000,254.000000,620.000000,870.000000,990.000000,16.002800,40.954400,62.857800,69.875400,263.628700,586.339200,1003.636200,1132.705200,881.000000,2134.000000,3210.000000,3270.000000,44.000000,92.000000,162.000000,174.000000,254.000000,620.000000,870.000000,990.000000,16.002800,40.954400,62.857800,69.875400,9.241600,16.993600,29.457600,59.675200,49.000000,91.000000,161.000000,175.000000,2.000000,4.000000,8.000000,4.000000,12.000000,28.000000,30.000000,0.562500,1.140000,2.370000,3.090000,9.241600,16.993600,29.457600,59.675200,49.000000,91.000000,161.000000,175.000000,2.000000,4.000000,8.000000,4.000000,12.000000,28.000000,30.000000,0.562500,1.140000,2.370000,3.090000,3.348900,33.379200,61.378200,91.463400,676.000000,1092.000000,2028.000000,3068.000000,12.000000,20.000000,108.000000,216.000000,408.000000,1.562500,5.625000,11.400000,19.450000,530.606300,1239.436800,2407.276800,3246.154800,2438.000000,6452.000000,11946.000000,16960.000000,89.000000,196.000000,378.000000,484.000000,574.000000,1528.000000,2610.000000,3840.000000,33.568100,93.158800,165.390600,233.550800,0.490000,2.470000,4.690000,1.000000,5.000000,31.000000,-2.000000,-6.000000,1.000000,-0.020000,-0.160000,1.880000,0.490000,2.470000,4.690000,1.000000,5.000000,31.000000,-2.000000,-6.000000,1.000000,-0.020000,-0.160000,1.880000,-7.260000,-11.580000,-13.380000,114.000000,234.000000,402.000000,18.000000,36.000000,52.000000,3.000000,5.880000,9.440000
HOLSIN,4.000000,2.000000,318.866400,719.865000,1219.302000,1519.503600,1086.000000,2664.000000,3768.000000,4038.000000,54.000000,114.000000,196.000000,250.000000,310.000000,780.000000,1128.000000,1294.000000,20.039000,51.266600,78.175600,92.322600,121.222467,259.063000,416.891600,506.501200,589.333333,1072.000000,1405.333333,1346.000000,20.000000,40.666667,66.666667,83.333333,107.333333,265.333333,377.333333,431.333333,8.143533,18.906067,27.078533,30.774200,9.241600,15.504000,31.008000,59.249600,49.000000,84.000000,168.000000,203.000000,2.000000,4.000000,8.000000,4.000000,12.000000,26.000000,32.000000,0.562500,1.155000,2.310000,3.405000,9.241600,12.920000,26.002133,13.203733,49.000000,70.000000,119.000000,51.333333,1.666667,3.666667,1.666667,3.666667,13.333333,14.666667,10.000000,0.562500,0.962500,1.542500,0.752500,3.348900,33.379200,55.998000,93.805800,676.000000,1092.000000,1872.000000,2132.000000,12.000000,22.000000,108.000000,240.000000,204.000000,1.562500,5.625000,11.550000,14.800000,367.016300,843.947400,1639.918800,2488.881600,2444.000000,5400.000000,9430.000000,12544.000000,61.000000,134.000000,254.000000,396.000000,388.000000,1092.000000,1990.000000,2732.000000,25.993100,67.968200,121.210600,180.917600,0.980000,1.960000,4.830000,2.000000,4.000000,27.000000,-2.000000,-5.000000,0.000000,-0.040000,-0.080000,1.460000,0.816667,2.593333,0.723333,1.666667,8.666667,4.333333,-1.666667,4.333333,1.666667,-0.033333,0.693333,0.246667,-7.260000,-8.640000,-11.000000,114.000000,240.000000,490.000000,18.000000,32.000000,98.000000,3.000000,5.760000,15.660000
HOLSOT,4.000000,2.000000,364.236400,816.765000,1363.672000,1734.663600,1234.000000,3000.000000,4072.000000,4218.000000,62.000000,130.000000,220.000000,290.000000,350.000000,884.000000,1272.000000,1462.000000,22.958200,58.289000,87.429200,101.942600,144.362600,307.479000,504.626133,604.973200,486.666667,1116.000000,1432.000000,1434.000000,24.666667,50.000000,82.666667,100.666667,132.666667,324.000000,441.333333,491.333333,9.178467,22.330333,31.680267,35.090867,9.241600,15.504000,29.944000,43.745600,49.000000,84.000000,133.000000,119.000000,2.000000,4.000000,6.000000,4.000000,12.000000,22.000000,20.000000,0.562500,1.155000,2.010000,2.250000,9.241600,12.920000,25.262400,31.747733,49.000000,70.000000,79.333333,93.333333,1.666667,3.666667,4.333333,3.666667,13.333333,18.666667,18.000000,0.562500,0.962500,1.557500,1.692500,3.348900,33.379200,55.998000,91.829400,676.000000,1092.000000,1872.000000,1560.000000,12.000000,22.000000,108.000000,240.000000,240.000000,1.562500,5.625000,11.550000,14.375000,436.436700,989.195400,1903.122400,2780.344800,2136.000000,5532.000000,9510.000000,11664.000000,75.000000,162.000000,302.000000,448.000000,464.000000,1268.000000,2194.000000,2996.000000,29.097900,78.241000,135.015800,193.017600,0.980000,2.310000,3.850000,2.000000,9.000000,25.000000,-2.000000,-3.000000,2.000000,-0.040000,0.320000,1.500000,0.816667,2.836667,2.730000,1.666667,14.333333,17.000000,-1.666667,1.666667,1.666667,-0.033333,0.673333,0.993333,-7.260000,-8.640000,-9.920000,114.000000,240.000000,512.000000,18.000000,32.000000,92.000000,3.000000,5.760000,16.000000
HOLSUZ,4.000000,2.000000,364.236400,816.765000,1363.672000,1734.663600,1234.000000,3000.000000,4072.000000,4218.000000,62.000000,130.000000,220.000000,290.000000,350.000000,884.000000,1272.000000,1462.000000,22.958200,58.289000,87.429200,101.942600,136.345800,291.363000,465.014933,578.221200,638.666667,1184.000000,1506.666667,1406.000000,22.666667,46.000000,74.666667,96.666667,120.666667,300.000000,425.333333,487.333333,9.116600,21.246867,30.163067,33.980867,9.241600,15.504000,29.944000,43.745600,49.000000,84.000000,133.000000,119.000000,2.000000,4.000000,6.000000,4.000000,12.000000,22.000000,20.000000,0.562500,1.155000,2.010000,2.250000,9.241600,12.920000,26.356800,18.371733,49.000000,70.000000,130.666667,79.333333,1.666667,3.666667,2.333333,3.666667,13.333333,16.666667,16.000000,0.562500,0.962500,1.642500,1.137500,3.348900,33.379200,55.998000,93.805800,676.000000,1092.000000,1872.000000,2132.000000,12.000000,22.000000,108.000000,240.000000,204.000000,1.562500,5.625000,11.550000,14.800000,412.386300,940.847400,1784.288800,2704.041600,2592.000000,5736.000000,9734.000000,12724.000000,69.000000,150.000000,278.000000,436.000000,428.000000,1196.000000,2134.000000,2900.000000,28.912300,74.990600,130.464200,190.537600,0.980000,2.310000,3.850000,2.000000,9.000000,25.000000,-2.000000,-3.000000,2.000000,-0.040000,0.320000,1.500000,0.816667,2.476667,1.050000,1.666667,7.000000,5.000000,-1.666667,3.666667,1.666667,-0.033333,0.560000,0.233333,-7.260000,-8.640000,-11.000000,114.000000,240.000000,490.000000,18.000000,32.000000,98.000000,3.000000,5.760000,15.660000
HOLTAG,4.000000,2.000000,318.866400,719.865000,1219.302000,1519.503600,1086.000000,2664.000000,3768.000000,4038.000000,54.000000,114.000000,196.000000,250.000000,310.000000,780.000000,1128.000000,1294.000000,20.039000,51.266600,78.175600,92.322600,121.119867,258.961000,416.770000,506.501200,1189.333333,1216.000000,1573.333333,1346.000000,20.000000,40.666667,66.666667,83.333333,107.333333,265.333333,377.333333,431.333333,8.347000,19.049800,27.218533,30.774200,9.241600,15.504000,31.008000,59.249600,49.000000,84.000000,168.000000,203.000000,2.000000,4.000000,8.000000,4.000000,12.000000,26.000000,32.000000,0.562500,1.155000,2.310000,3.405000,9.241600,12.920000,25.941333,13.203733,49.000000,70.000000,203.000000,51.333333,1.666667,3.666667,1.666667,3.666667,13.333333,14.666667,10.000000,0.562500,0.962500,1.612500,0.752500,3.348900,33.379200,55.998000,93.696000,676.000000,1092.000000,1872.000000,3068.000000,12.000000,22.000000,108.000000,240.000000,204.000000,1.562500,5.625000,11.550000,15.150000,366.708500,843.641400,1639.554000,2488.662000,4244.000000,5832.000000,9934.000000,14416.000000,61.000000,134.000000,254.000000,396.000000,388.000000,1092.000000,1990.000000,2732.000000,26.603500,68.399400,121.630600,181.617600,0.980000,1.960000,4.830000,2.000000,4.000000,27.000000,-2.000000,-5.000000,0.000000,-0.040000,-0.080000,1.460000,0.816667,2.613333,0.723333,1.666667,-3.333333,4.333333,-1.666667,4.333333,1.666667,-0.033333,0.600000,0.246667,-7.260000,-8.640000,-10.940000,114.000000,240.000000,454.000000,18.000000,32.000000,98.000000,3.000000,5.760000,15.380000
HOLTEK,4.000000,2.000000,364.236400,816.765000,1363.672000,1734.663600,1234.000000,3000.000000,4072.000000,4218.000000,62.000000,130.000000,220.000000,290.000000,350.000000,884.000000,1272.000000,1462.000000,22.958200,58.289000,87.429200,101.942600,144.362600,307.479000,504.626133,604.973200,486.666667,1116.000000,1432.000000,1434.000000,24.666667,50.000000,82.666667,100.666667,132.666667,324.000000,441.333333,491.333333,9.178467,22.330333,31.680267,35.090867,9.241600,15.504000,29.944000,43.745600,49.000000,84.000000,133.000000,119.000000,2.000000,4.000000,6.000000,4.000000,12.000000,22.000000,20.000000,0.562500,1.155000,2.010000,2.250000,9.241600,12.920000,25.262400,31.747733,49.000000,70.000000,79.333333,93.333333,1.666667,3.666667,4.333333,3.666667,13.333333,18.666667,18.000000,0.562500,0.962500,1.557500,1.692500,3.348900,33.379200,55.998000,91.829400,676.000000,1092.000000,1872.000000,1560.000000,12.000000,22.000000,108.000000,240.000000,240.000000,1.562500,5.625000,11.550000,14.375000,436.436700,989.195400,1903.122400,2780.344800,2136.000000,5532.000000,9510.000000,11664.000000,75.000000,162.000000,302.000000,448.000000,464.000000,1268.000000,2194.000000,2996.000000,29.097900,78.241000,135.015800,193.017600,0.980000,2.310000,3.850000,2.000000,9.000000,25.000000,-2.000000,-3.000000,2.000000,-0.040000,0.320000,1.500000,0.816667,2.836667,2.730000,1.666667,14.333333,17.000000,-1.666667,1.666667,1.666667,-0.033333,0.673333,0.993333,-7.260000,-8.640000,-9.920000,114.000000,240.000000,512.000000,18.000000,32.000000,92.000000,3.000000,5.760000,16.000000
HOLTOU,4.000000,2.000000,364.236400,816.765000,1363.672000,1734.663600,1234.000000,3000.000000,4072.000000,4218.000000,62.000000,130.000000,220.000000,290.000000,350.000000,884.000000,1272.000000,1462.000000,22.958200,58.289000,87.429200,101.942600,136.243200,291.261000,464.893333,578.221200,1238.666667,1328.000000,1674.666667,1406.000000,22.666667,46.000000,74.666667,96.666667,120.666667,300.000000,425.333333,487.333333,9.320067,21.390600,30.303067,33.980867,9.241600,15.504000,29.944000,43.745600,49.000000,84.000000,133.000000,119.000000,2.000000,4.000000,6.000000,4.000000,12.000000,22.000000,20.000000,0.562500,1.155000,2.010000,2.250000,9.241600,12.920000,26.296000,18.371733,49.000000,70.000000,214.666667,79.333333,1.666667,3.666667,2.333333,3.666667,13.333333,16.666667,16.000000,0.562500,0.962500,1.712500,1.137500,3.348900,33.379200,55.998000,93.696000,676.000000,1092.000000,1872.000000,3068.000000,12.000000,22.000000,108.000000,240.000000,204.000000,1.562500,5.625000,11.550000,15.150000,412.078500,940.541400,1783.924000,2703.822000,4392.000000,6168.000000,10238.000000,14596.000000,69.000000,150.000000,278.000000,436.000000,428.000000,1196.000000,2134.000000,2900.000000,29.522700,75.421800,130.884200,191.237600,0.980000,2.310000,3.850000,2.000000,9.000000,25.000000,-2.000000,-3.000000,2.000000,-0.040000,0.320000,1.500000,0.816667,2.496667,1.050000,1.666667,-5.000000,5.000000,-1.666667,3.666667,1.666667,-0.033333,0.466667,0.233333,-7.260000,-8.640000,-10.940000,114.000000,240.000000,454.000000,18.000000,32.000000,98.000000,3.000000,5.760000,15.380000
HOLTUA,4.000000,2.000000,364.236400,816.765000,1363.672000,1734.663600,1234.000000,3000.000000,4072.000000,4218.000000,62.000000,130.000000,220.000000,290.000000,350.000000,884.000000,1272.000000,1462.000000,22.958200,58.289000,87.429200,101.942600,136.345800,291.363000,465.014933,578.221200,638.666667,1184.000000,1506.666667,1406.000000,22.666667,46.000000,74.666667,96.666667,120.666667,300.000000,425.333333,487.333333,9.116600,21.246867,30.163067,33.980867,9.241600,15.504000,29.944000,43.745600,49.000000,84.000000,133.000000,119.000000,2.000000,4.000000,6.000000,4.000000,12.000000,22.000000,20.000000,0.562500,1.155000,2.010000,2.250000,9.241600,12.920000,26.356800,18.371733,49.000000,70.000000,130.666667,79.333333,1.666667,3.666667,2.333333,3.666667,13.333333,16.666667,16.000000,0.562500,0.962500,1.642500,1.137500,3.348900,33.379200,55.998000,93.805800,676.000000,1092.000000,1872.000000,2132.000000,12.000000,22.000000,108.000000,240.000000,204.000000,1.562500,5.625000,11.550000,14.800000,412.386300,940.847400,1784.288800,2704.041600,2592.000000,5736.000000,9734.000000,12724.000000,69.000000,150.000000,278.000000,436.000000,428.000000,1196.000000,2134.000000,2900.000000,28.912300,74.990600,130.464200,190.537600,0.980000,2.310000,3.850000,2.000000,9.000000,25.000000,-2.000000,-3.000000,2.000000,-0.040000,0.320000,1.500000,0.816667,2.476667,1.050000,1.666667,7.000000,5.000000,-1.666667,3.666667,1.666667,-0.033333,0.560000,0.233333,-7.260000,-8.640000,-11.000000,114.000000,240.000000,490.000000,18.000000,32.000000,98.000000,3.000000,5.760000,15.660000
HOMXIT,3.000000,3.000000,161.295500,365.332400,557.690000,597.712400,650.000000,1532.000000,2120.000000,1796.000000,25.000000,54.000000,84.000000,94.000000,138.000000,342.000000,476.000000,424.000000,10.566500,26.136600,38.225200,36.253000,161.295500,365.332400,557.690000,597.712400,650.000000,1532.000000,2120.000000,1796.000000,25.000000,54.000000,84.000000,94.000000,138.000000,342.000000,476.000000,424.000000,10.566500,26.136600,38.225200,36.253000,9.241600,16.993600,29.944000,30.369600,49.000000,91.000000,133.000000,105.000000,2.000000,4.000000,4.000000,4.000000,12.000000,20.000000,14.000000,0.562500,1.140000,2.010000,1.695000,9.241600,16.000533,30.653333,46.866667,49.000000,86.333333,156.333333,193.666667,2.000000,4.000000,6.000000,4.000000,12.000000,22.666667,24.666667,0.562500,1.150000,2.210000,2.840000,3.348900,33.379200,59.584800,72.102000,676.000000,1092.000000,1976.000000,1976.000000,12.000000,16.000000,108.000000,216.000000,240.000000,1.562500,5.625000,11.450000,13.400000,325.939900,797.423200,1511.797600,2131.488000,1976.000000,5248.000000,9662.000000,11800.000000,51.000000,120.000000,222.000000,316.000000,342.000000,972.000000,1782.000000,2316.000000,22.695500,63.523200,116.225400,154.266000,0.490000,2.310000,2.170000,1.000000,9.000000,13.000000,-2.000000,-2.000000,1.000000,-0.020000,0.320000,0.740000,0.816667,2.076667,2.823333,1.666667,5.666667,14.333333,-2.000000,-3.333333,-0.333333,-0.033333,0.053333,0.713333,-7.260000,-10.600000,-10.120000,114.000000,236.000000,340.000000,18.000000,36.000000,56.000000,3.000000,5.840000,9.280000
HOMXIT01,3.000000,3.000000,161.295500,365.332400,557.690000,597.712400,650.000000,1532.000000,2120.000000,1796.000000,25.000000,54.000000,84.000000,94.000000,138.000000,342.000000,476.000000,424.000000,10.566500,26.136600,38.225200,36.253000,161.295500,365.332400,557.690000,597.712400,650.000000,1532.000000,2120.000000,1796.000000,25.000000,54.000000,84.000000,94.000000,138.000000,342.000000,476.000000,424.000000,10.566500,26.136600,38.225200,36.253000,9.241600,16.993600,29.944000,30.369600,49.000000,91.000000,133.000000,105.000000,2.000000,4.000000,4.000000,4.000000,12.000000,20.000000,14.000000,0.562500,1.140000,2.010000,1.695000,9.241600,16.000533,30.653333,46.866667,49.000000,86.333333,156.333333,193.666667,2.000000,4.000000,6.000000,4.000000,12.000000,22.666667,24.666667,0.562500,1.150000,2.210000,2.840000,3.348900,33.379200,59.584800,72.102000,676.000000,1092.000000,1976.000000,1976.000000,12.000000,16.000000,108.000000,216.000000,240.000000,1.562500,5.625000,11.450000,13.400000,325.939900,797.423200,1511.797600,2131.488000,1976.000000,5248.000000,9662.000000,11800.000000,51.000000,120.000000,222.000000,316.000000,342.000000,972.000000,1782.000000,2316.000000,22.695500,63.523200,116.225400,154.266000,0.490000,2.310000,2.170000,1.000000,9.000000,13.000000,-2.000000,-2.000000,1.000000,-0.020000,0.320000,0.740000,0.816667,2.076667,2.823333,1.666667,5.666667,14.333333,-2.000000,-3.333333,-0.333333,-0.033333,0.053333,0.713333,-7.260000,-10.600000,-10.120000,114.000000,236.000000,340.000000,18.000000,36.000000,56.000000,3.000000,5.840000,9.280000
HOMXIT02,3.000000,3.000000,161.295500,365.332400,557.690000,597.712400,650.000000,1532.000000,2120.000000,1796.000000,25.000000,54.000000,84.000000,94.000000,138.000000,342.000000,476.000000,424.000000,10.566500,26.136600,38.225200,36.253000,161.295500,365.332400,557.690000,597.712400,650.000000,1532.000000,2120.000000,1796.000000,25.000000,54.000000,84.000000,94.000000,138.000000,342.000000,476.000000,424.000000,10.566500,26.136600,38.225200,36.253000,9.241600,16.993600,29.944000,30.369600,49.000000,91.000000,133.000000,105.000000,2.000000,4.000000,4.000000,4.000000,12.000000,20.000000,14.000000,0.562500,1.140000,2.010000,1.695000,9.241600,16.000533,30.653333,46.866667,49.000000,86.333333,156.333333,193.666667,2.000000,4.000000,6.000000,4.000000,12.000000,22.666667,24.666667,0.562500,1.150000,2.210000,2.840000,3.348900,33.379200,59.584800,72.102000,676.000000,1092.000000,1976.000000,1976.000000,12.000000,16.000000,108.000000,216.000000,240.000000,1.562500,5.625000,11.450000,13.400000,325.939900,797.423200,1511.797600,2131.488000,1976.000000,5248.000000,9662.000000,11800.000000,51.000000,120.000000,222.000000,316.000000,342.000000,972.000000,1782.000000,2316.000000,22.695500,63.523200,116.225400,154.266000,0.490000,2.310000,2.170000,1.000000,9.000000,13.000000,-2.000000,-2.000000,1.000000,-0.020000,0.320000,0.740000,0.816667,2.076667,2.823333,1.666667,5.666667,14.333333,-2.000000,-3.333333,-0.333333,-0.033333,0.053333,0.713333,-7.260000,-10.600000,-10.120000,114.000000,236.000000,340.000000,18.000000,36.000000,56.000000,3.000000,5.840000,9.280000
HOQFID,3.000000,3.000000,279.811200,621.427200,1068.508200,1324.717200,919.000000,2220.000000,3426.000000,3918.000000,47.000000,98.000000,174.000000,210.000000,272.000000,686.000000,1026.000000,1224.000000,16.869500,43.343800,68.494200,83.136600,279.811200,621.427200,1068.508200,1324.717200,919.000000,2220.000000,3426.000000,3918.000000,47.000000,98.000000,174.000000,210.000000,272.000000,686.000000,1026.000000,1224.000000,16.869500,43.343800,68.494200,83.136600,9.241600,16.993600,29.457600,59.675200,49.000000,91.000000,161.000000,175.000000,2.000000,4.000000,8.000000,4.000000,12.000000,28.000000,30.000000,0.562500,1.140000,2.370000,3.090000,9.241600,16.993600,29.457600,59.675200,49.000000,91.000000,161.000000,175.000000,2.000000,4.000000,8.000000,4.000000,12.000000,28.000000,30.000000,0.562500,1.140000,2.370000,3.090000,3.348900,33.379200,61.378200,91.463400,676.000000,1092.000000,2028.000000,3068.000000,12.000000,20.000000,108.000000,216.000000,408.000000,1.562500,5.625000,11.400000,19.450000,562.971300,1309.612800,2537.020800,3630.178800,2514.000000,6624.000000,12378.000000,18256.000000,95.000000,208.000000,402.000000,556.000000,610.000000,1660.000000,2922.000000,4308.000000,35.301500,97.937600,176.663400,260.073200,0.490000,2.470000,4.690000,1.000000,5.000000,31.000000,-2.000000,-6.000000,1.000000,-0.020000,-0.160000,1.880000,0.490000,2.470000,4.690000,1.000000,5.000000,31.000000,-2.000000,-6.000000,1.000000,-0.020000,-0.160000,1.880000,-7.260000,-11.580000,-13.380000,114.000000,234.000000,402.000000,18.000000,36.000000,52.000000,3.000000,5.880000,9.440000
HPZBFE,3.000000,3.000000,166.533700,373.669200,603.958200,652.975200,653.000000,1558.000000,2178.000000,1812.000000,26.000000,56.000000,90.000000,102.000000,146.000000,368.000000,528.000000,486.000000,10.802600,27.002000,40.377000,38.517000,166.533700,373.669200,603.958200,652.975200,653.000000,1558.000000,2178.000000,1812.000000,26.000000,56.000000,90.000000,102.000000,146.000000,368.000000,528.000000,486.000000,10.802600,27.002000,40.377000,38.517000,9.241600,16.993600,28.393600,38.547200,49.000000,91.000000,126.000000,119.000000,2.000000,4.000000,5.000000,4.000000,12.000000,22.000000,18.000000,0.562500,1.140000,2.070000,1.957500,9.241600,16.993600,28.393600,38.547200,49.000000,91.000000,126.000000,119.000000,2.000000,4.000000,5.000000,4.000000,12.000000,22.000000,18.000000,0.562500,1.140000,2.070000,1.957500,3.348900,33.379200,61.378200,87.620400,676.000000,1092.000000,2028.000000,2288.000000,12.000000,20.000000,108.000000,216.000000,300.000000,1.562500,5.625000,11.400000,16.450000,336.416300,814.096800,1607.920800,2279.008800,1982.000000,5300.000000,9882.000000,12484.000000,53.000000,124.000000,234.000000,340.000000,358.000000,1024.000000,1890.000000,2544.000000,23.167700,65.254000,120.429000,164.834000,0.490000,2.820000,2.520000,1.000000,10.000000,18.000000,-2.000000,-3.000000,1.000000,-0.020000,0.240000,1.140000,0.490000,2.820000,2.520000,1.000000,10.000000,18.000000,-2.000000,-3.000000,1.000000,-0.020000,0.240000,1.140000,-7.260000,-11.580000,-11.280000,114.000000,234.000000,432.000000,18.000000,36.000000,70.000000,3.000000,5.880000,11.840000
IBIWUM,2.000000,2.000000,96.218200,205.609000,309.949000,346.195200,322.000000,712.000000,874.000000,756.000000,16.000000,32.000000,50.000000,58.000000,82.000000,196.000000,244.000000,224.000000,5.777600,13.922800,19.029400,18.582600,96.218200,205.609000,309.949000,346.195200,322.000000,712.000000,874.000000,756.000000,16.000000,32.000000,50.000000,58.000000,82.000000,196.000000,244.000000,224.000000,5.777600,13.922800,19.029400,18.582600,9.241600,18.316000,25.536000,30.369600,49.000000,70.000000,94.500000,105.000000,2.500000,3.500000,4.000000,6.500000,15.000000,18.500000,17.500000,0.562500,1.143750,1.571250,1.695000,9.241600,18.316000,25.536000,30.369600,49.000000,70.000000,94.500000,105.000000,2.500000,3.500000,4.000000,6.500000,15.000000,18.500000,17.500000,0.562500,1.143750,1.571250,1.695000,3.348900,33.379200,66.154500,64.233000,676.000000,1092.000000,1560.000000,1170.000000,15.000000,15.000000,126.000000,216.000000,162.000000,1.562500,5.625000,11.437500,9.937500,292.003500,683.585400,1339.404000,2117.538000,1642.000000,4320.000000,7212.000000,8010.000000,49.000000,108.000000,210.000000,336.000000,318.000000,912.000000,1626.000000,2136.000000,18.895300,53.018400,96.838200,133.942800,1.575000,2.240000,2.170000,7.500000,11.000000,13.000000,0.500000,0.500000,1.500000,0.350000,0.530000,0.740000,1.575000,2.240000,2.170000,7.500000,11.000000,13.000000,0.500000,0.500000,1.500000,0.350000,0.530000,0.740000,-7.260000,-8.700000,-7.650000,114.000000,330.000000,345.000000,15.000000,54.000000,63.000000,3.000000,9.600000,10.800000
IBIXAT10,2.000000,2.000000,96.218200,205.609000,309.949000,346.195200,322.000000,712.000000,874.000000,756.000000,16.000000,32.000000,50.000000,58.000000,82.000000,196.000000,244.000000,224.000000,5.777600,13.922800,19.029400,18.582600,96.218200,205.609000,309.949000,346.195200,322.000000,712.000000,874.000000,756.000000,16.000000,32.000000,50.000000,58.000000,82.000000,196.000000,244.000000,224.000000,5.777600,13.922800,19.029400,18.582600,9.241600,15.504000,29.944000,43.745600,49.000000,84.000000,133.000000,119.000000,2.000000,4.000000,6.000000,4.000000,12.000000,22.000000,20.000000,0.562500,1.155000,2.010000,2.250000,9.241600,20.190667,22.597333,21.452267,49.000000,60.666667,68.833333,95.666667,2.833333,3.166667,2.666667,8.166667,17.000000,16.166667,15.833333,0.562500,1.136250,1.278750,1.325000,3.348900,33.379200,66.154500,64.233000,676.000000,1092.000000,1560.000000,1170.000000,15.000000,15.000000,126.000000,216.000000,162.000000,1.562500,5.625000,11.437500,9.937500,292.003500,683.585400,1339.404000,2117.538000,1642.000000,4320.000000,7212.000000,8010.000000,49.000000,108.000000,210.000000,336.000000,318.000000,912.000000,1626.000000,2136.000000,18.895300,53.018400,96.838200,133.942800,0.980000,2.310000,3.850000,2.000000,9.000000,25.000000,-2.000000,-3.000000,2.000000,-0.040000,0.320000,1.500000,1.971667,2.193333,1.050000,11.166667,12.333333,5.000000,2.166667,2.833333,1.166667,0.610000,0.670000,0.233333,-7.260000,-8.700000,-7.650000,114.000000,330.000000,345.000000,15.000000,54.000000,63.000000,3.000000,9.600000,10.800000
IBIXAT14,2.000000,2.000000,96.218200,205.609000,309.949000,346.195200,322.000000,712.000000,874.000000,756.000000,16.000000,32.000000,50.000000,58.000000,82.000000,196.000000,244.000000,224.000000,5.777600,13.922800,19.029400,18.582600,96.218200,205.609000,309.949000,346.195200,322.000000,712.000000,874.000000,756.000000,16.000000,32.000000,50.000000,58.000000,82.000000,196.000000,244.000000,224.000000,5.777600,13.922800,19.029400,18.582600,9.241600,15.504000,29.944000,43.745600,49.000000,84.000000,133.000000,119.000000,2.000000,4.000000,6.000000,4.000000,12.000000,22.000000,20.000000,0.562500,1.155000,2.010000,2.250000,9.241600,20.190667,22.597333,21.452267,49.000000,60.666667,68.833333,95.666667,2.833333,3.166667,2.666667,8.166667,17.000000,16.166667,15.833333,0.562500,1.136250,1.278750,1.325000,3.348900,33.379200,66.154500,64.233000,676.000000,1092.000000,1560.000000,1170.000000,15.000000,15.000000,126.000000,216.000000,162.000000,1.562500,5.625000,11.437500,9.937500,292.003500,683.585400,1339.404000,2117.538000,1642.000000,4320.000000,7212.000000,8010.000000,49.000000,108.000000,210.000000,336.000000,318.000000,912.000000,1626.000000,2136.000000,18.895300,53.018400,96.838200,133.942800,0.980000,2.310000,3.850000,2.000000,9.000000,25.000000,-2.000000,-3.000000,2.000000,-0.040000,0.320000,1.500000,1.971667,2.193333,1.050000,11.166667,12.333333,5.000000,2.166667,2.833333,1.166667,0.610000,0.670000,0.233333,-7.260000,-8.700000,-7.650000,114.000000,330.000000,345.000000,15.000000,54.000000,63.000000,3.000000,9.600000,10.800000
IBIXEX,2.000000,2.000000,96.218200,205.609000,309.949000,346.195200,322.000000,712.000000,874.000000,756.000000,16.000000,32.000000,50.000000,58.000000,82.000000,196.000000,244.000000,224.000000,5.777600,13.922800,19.029400,18.582600,96.218200,205.609000,309.949000,346.195200,322.000000,712.000000,874.000000,756.000000,16.000000,32.000000,50.000000,58.000000,82.000000,196.000000,244.000000,224.000000,5.777600,13.922800,19.029400,18.582600,9.241600,18.316000,25.536000,30.369600,49.000000,70.000000,94.500000,105.000000,2.500000,3.500000,4.000000,6.500000,15.000000,18.500000,17.500000,0.562500,1.143750,1.571250,1.695000,9.241600,18.316000,25.536000,30.369600,49.000000,70.000000,94.500000,105.000000,2.500000,3.500000,4.000000,6.500000,15.000000,18.500000,17.500000,0.562500,1.143750,1.571250,1.695000,3.348900,33.379200,66.154500,64.233000,676.000000,1092.000000,1560.000000,1170.000000,15.000000,15.000000,126.000000,216.000000,162.000000,1.562500,5.625000,11.437500,9.937500,292.003500,683.585400,1339.404000,2117.538000,1642.000000,4320.000000,7212.000000,8010.000000,49.000000,108.000000,210.000000,336.000000,318.000000,912.000000,1626.000000,2136.000000,18.895300,53.018400,96.838200,133.942800,1.575000,2.240000,2.170000,7.500000,11.000000,13.000000,0.500000,0.500000,1.500000,0.350000,0.530000,0.740000,1.575000,2.240000,2.170000,7.500000,11.000000,13.000000,0.500000,0.500000,1.500000,0.350000,0.530000,0.740000,-7.260000,-8.700000,-7.650000,114.000000,330.000000,345.000000,15.000000,54.000000,63.000000,3.000000,9.600000,10.800000
IBIXIB,2.000000,2.000000,96.218200,205.609000,309.949000,346.195200,322.000000,712.000000,874.000000,756.000000,16.000000,32.000000,50.000000,58.000000,82.000000,196.000000,244.000000,224.000000,5.777600,13.922800,19.029400,18.582600,96.218200,205.609000,309.949000,346.195200,322.000000,712.000000,874.000000,756.000000,16.000000,32.000000,50.000000,58.000000,82.000000,196.000000,244.000000,224.000000,5.777600,13.922800,19.029400,18.582600,9.241600,16.910000,27.740000,37.057600,49.000000,77.000000,113.750000,112.000000,2.250000,3.750000,5.000000,5.250000,13.500000,20.250000,18.750000,0.562500,1.149375,1.790625,1.972500,9.241600,19.253333,24.066667,25.910933,49.000000,65.333333,81.666667,100.333333,2.666667,3.333333,3.333333,7.333333,16.000000,17.333333,16.666667,0.562500,1.140000,1.425000,1.510000,3.348900,33.379200,66.154500,64.233000,676.000000,1092.000000,1560.000000,1170.000000,15.000000,15.000000,126.000000,216.000000,162.000000,1.562500,5.625000,11.437500,9.937500,292.003500,683.585400,1339.404000,2117.538000,1642.000000,4320.000000,7212.000000,8010.000000,49.000000,108.000000,210.000000,336.000000,318.000000,912.000000,1626.000000,2136.000000,18.895300,53.018400,96.838200,133.942800,1.277500,2.275000,3.010000,4.750000,10.000000,19.000000,-0.750000,-1.250000,1.750000,0.155000,0.425000,1.120000,1.773333,2.216667,1.610000,9.333333,11.666667,9.000000,1.333333,1.666667,1.333333,0.480000,0.600000,0.486667,-7.260000,-8.700000,-7.650000,114.000000,330.000000,345.000000,15.000000,54.000000,63.000000,3.000000,9.600000,10.800000
IGEDUU,3.000000,3.000000,165.766700,370.710400,578.030400,630.617600,6266.000000,2800.000000,4668.000000,5156.000000,25.000000,54.000000,84.000000,94.000000,138.000000,342.000000,476.000000,424.000000,14.212700,29.277000,44.448400,45.361000,165.766700,370.710400,578.030400,630.617600,6266.000000,2800.000000,4668.000000,5156.000000,25.000000,54.000000,84.000000,94.000000,138.000000,342.000000,476.000000,424.000000,14.212700,29.277000,44.448400,45.361000,9.241600,16.993600,29.944000,31.768000,49.000000,91.000000,133.000000,469.000000,2.000000,4.000000,4.000000,4.000000,12.000000,20.000000,14.000000,0.562500,1.140000,2.010000,2.467500,9.241600,16.000533,32.639467,47.332800,49.000000,86.333333,165.666667,315.000000,2.000000,4.000000,6.000000,4.000000,12.000000,22.666667,24.666667,0.562500,1.150000,2.190000,3.097500,3.348900,33.379200,59.584800,72.102000,676.000000,1092.000000,1976.000000,1976.000000,12.000000,16.000000,108.000000,216.000000,240.000000,1.562500,5.625000,11.450000,13.400000,334.882300,808.179200,1552.478400,2185.381600,13208.000000,7784.000000,14758.000000,18464.000000,51.000000,120.000000,222.000000,316.000000,342.000000,972.000000,1782.000000,2316.000000,29.987900,69.804000,128.671800,172.602000,0.490000,2.310000,1.710000,1.000000,9.000000,-39.000000,-2.000000,-2.000000,1.000000,-0.020000,0.320000,-0.290000,0.816667,1.423333,2.670000,1.666667,4.333333,-3.000000,-2.000000,-3.333333,-0.333333,-0.033333,0.080000,0.370000,-7.260000,-10.600000,-10.120000,114.000000,236.000000,340.000000,18.000000,36.000000,56.000000,3.000000,5.840000,9.280000
ILACON,3.000000,3.000000,161.295500,365.332400,557.690000,597.712400,650.000000,1532.000000,2120.000000,1796.000000,25.000000,54.000000,84.000000,94.000000,138.000000,342.000000,476.000000,424.000000,10.566500,26.136600,38.225200,36.253000,161.295500,365.332400,557.690000,597.712400,650.000000,1532.000000,2120.000000,1796.000000,25.000000,54.000000,84.000000,94.000000,138.000000,342.000000,476.000000,424.000000,10.566500,26.136600,38.225200,36.253000,9.241600,16.993600,29.944000,30.369600,49.000000,91.000000,133.000000,105.000000,2.000000,4.000000,4.000000,4.000000,12.000000,20.000000,14.000000,0.562500,1.140000,2.010000,1.695000,9.241600,16.000533,30.653333,46.866667,49.000000,86.333333,156.333333,193.666667,2.000000,4.000000,6.000000,4.000000,12.000000,22.666667,24.666667,0.562500,1.150000,2.210000,2.840000,3.348900,33.379200,59.584800,72.102000,676.000000,1092.000000,1976.000000,1976.000000,12.000000,16.000000,108.000000,216.000000,240.000000,1.562500,5.625000,11.450000,13.400000,325.939900,797.423200,1511.797600,2131.488000,1976.000000,5248.000000,9662.000000,11800.000000,51.000000,120.000000,222.000000,316.000000,342.000000,972.000000,1782.000000,2316.000000,22.695500,63.523200,116.225400,154.266000,0.490000,2.310000,2.170000,1.000000,9.000000,13.000000,-2.000000,-2.000000,1.000000,-0.020000,0.320000,0.740000,0.816667,2.076667,2.823333,1.666667,5.666667,14.333333,-2.000000,-3.333333,-0.333333,-0.033333,0.053333,0.713333,-7.260000,-10.600000,-10.120000,114.000000,236.000000,340.000000,18.000000,36.000000,56.000000,3.000000,5.840000,9.280000
ILAWUP,3.000000,3.000000,232.675500,539.302000,862.860400,1034.192800,942.000000,2296.000000,3436.000000,3388.000000,37.000000,82.000000,132.000000,162.000000,214.000000,546.000000,804.000000,812.000000,15.857300,40.272200,61.632400,65.815800,267.194100,609.692200,954.296200,1165.216600,1080.000000,2566.000000,3784.000000,3856.000000,42.000000,92.000000,146.000000,182.000000,238.000000,604.000000,886.000000,920.000000,17.849800,44.878800,68.007800,74.455000,9.241600,15.504000,32.497600,45.873600,49.000000,84.000000,175.000000,189.000000,2.000000,4.000000,6.000000,4.000000,12.000000,24.000000,26.000000,0.562500,1.155000,2.295000,2.850000,9.241600,16.000533,30.653333,48.710933,49.000000,86.333333,156.333333,212.333333,2.000000,4.000000,6.000000,4.000000,12.000000,22.666667,26.000000,0.562500,1.150000,2.210000,2.925000,3.348900,33.379200,57.791400,75.176400,676.000000,1092.000000,1924.000000,2288.000000,12.000000,16.000000,108.000000,216.000000,264.000000,1.562500,5.625000,11.500000,14.350000,537.737100,1286.142800,2301.423200,3242.853200,2836.000000,7316.000000,12886.000000,16404.000000,85.000000,196.000000,346.000000,492.000000,542.000000,1496.000000,2610.000000,3388.000000,37.262100,101.007600,175.890600,232.870000,0.980000,1.470000,3.150000,2.000000,3.000000,15.000000,-2.000000,-4.000000,-1.000000,-0.040000,-0.060000,0.700000,0.816667,2.076667,2.216667,1.666667,5.666667,11.666667,-2.000000,-3.333333,-1.000000,-0.033333,0.053333,0.600000,-7.260000,-9.620000,-11.800000,114.000000,238.000000,328.000000,18.000000,36.000000,52.000000,3.000000,5.800000,8.520000
IMAHIO,2.000000,2.000000,156.746400,350.449000,628.516400,765.738800,498.000000,1204.000000,1664.000000,1580.000000,26.000000,54.000000,100.000000,128.000000,154.000000,394.000000,532.000000,502.000000,8.909800,23.116600,36.083600,38.656800,150.634500,335.054667,576.850600,692.194600,500.000000,1194.666667,1640.000000,1562.000000,25.000000,52.000000,92.000000,114.666667,144.000000,362.666667,487.333333,468.666667,8.945167,22.803067,34.596400,36.824400,9.241600,15.504000,38.121600,46.299200,49.000000,84.000000,147.000000,161.000000,2.000000,5.000000,6.000000,4.000000,14.000000,24.000000,24.000000,0.562500,1.155000,2.272500,2.535000,9.241600,15.504000,35.573067,46.917333,49.000000,84.000000,148.166667,159.833333,2.000000,4.666667,6.166667,4.000000,13.333333,23.666667,23.666667,0.562500,1.155000,2.235000,2.586250,3.348900,33.379200,55.998000,100.485300,676.000000,1092.000000,1872.000000,2366.000000,12.000000,22.000000,108.000000,240.000000,318.000000,1.562500,5.625000,11.550000,16.575000,455.252400,1071.922400,2119.795800,3059.320800,2176.000000,5768.000000,10134.000000,13660.000000,76.000000,168.000000,330.000000,490.000000,498.000000,1384.000000,2354.000000,3228.000000,28.398000,79.659200,143.764200,202.618200,0.980000,2.660000,3.010000,2.000000,14.000000,19.000000,-3.000000,-2.000000,0.000000,-0.040000,0.720000,1.120000,0.980000,2.485000,3.313333,2.000000,11.500000,20.333333,-2.666667,-2.500000,0.500000,-0.040000,0.520000,1.176667,-7.260000,-8.640000,-14.650000,114.000000,240.000000,481.000000,18.000000,32.000000,79.000000,3.000000,5.760000,14.240000
IMAHIO01,2.000000,2.000000,156.746400,350.449000,628.516400,765.738800,498.000000,1204.000000,1664.000000,1580.000000,26.000000,54.000000,100.000000,128.000000,154.000000,394.000000,532.000000,502.000000,8.909800,23.116600,36.083600,38.656800,150.634500,335.054667,576.850600,692.194600,500.000000,1194.666667,1640.000000,1562.000000,25.000000,52.000000,92.000000,114.666667,144.000000,362.666667,487.333333,468.666667,8.945167,22.803067,34.596400,36.824400,9.241600,15.504000,38.121600,46.299200,49.000000,84.000000,147.000000,161.000000,2.000000,5.000000,6.000000,4.000000,14.000000,24.000000,24.000000,0.562500,1.155000,2.272500,2.535000,9.241600,15.504000,35.573067,46.917333,49.000000,84.000000,148.166667,159.833333,2.000000,4.666667,6.166667,4.000000,13.333333,23.666667,23.666667,0.562500,1.155000,2.235000,2.586250,3.348900,33.379200,55.998000,100.485300,676.000000,1092.000000,1872.000000,2366.000000,12.000000,22.000000,108.000000,240.000000,318.000000,1.562500,5.625000,11.550000,16.575000,455.252400,1071.922400,2119.795800,3059.320800,2176.000000,5768.000000,10134.000000,13660.000000,76.000000,168.000000,330.000000,490.000000,498.000000,1384.000000,2354.000000,3228.000000,28.398000,79.659200,143.764200,202.618200,0.980000,2.660000,3.010000,2.000000,14.000000,19.000000,-3.000000,-2.000000,0.000000,-0.040000,0.720000,1.120000,0.980000,2.485000,3.313333,2.000000,11.500000,20.333333,-2.666667,-2.500000,0.500000,-0.040000,0.520000,1.176667,-7.260000,-8.640000,-14.650000,114.000000,240.000000,481.000000,18.000000,32.000000,79.000000,3.000000,5.760000,14.240000
IQIJAT,4.000000,3.000000,221.476400,481.037000,813.718000,1033.689200,650.000000,1508.000000,1912.000000,1940.000000,38.000000,76.000000,134.000000,178.000000,210.000000,528.000000,706.000000,764.000000,12.376600,31.233600,46.191400,52.769000,201.678000,444.298700,715.529700,871.611200,693.000000,1610.000000,2151.000000,2186.000000,33.000000,68.000000,113.000000,143.000000,181.000000,451.000000,613.000000,644.000000,12.117700,30.125000,44.063100,48.523100,9.241600,18.316000,25.536000,32.436800,49.000000,70.000000,94.500000,87.500000,2.500000,3.500000,4.500000,6.500000,15.000000,20.000000,19.000000,0.562500,1.143750,1.571250,1.691250,9.241600,19.220400,34.800400,38.494000,49.000000,89.250000,122.500000,148.750000,2.500000,4.750000,5.000000,6.500000,19.000000,26.750000,27.750000,0.562500,1.290000,2.064375,2.268750,3.348900,33.379200,68.332200,86.540700,676.000000,1092.000000,1846.000000,1586.000000,15.000000,20.000000,126.000000,246.000000,228.000000,1.562500,5.625000,12.412500,13.225000,406.704900,955.355800,1844.971800,2890.441400,2062.000000,5404.000000,9464.000000,11646.000000,67.000000,148.000000,286.000000,456.000000,434.000000,1236.000000,2202.000000,3042.000000,25.797900,71.500000,129.826200,186.481200,1.575000,2.240000,3.010000,7.500000,11.000000,19.000000,0.500000,0.000000,2.500000,0.350000,0.530000,1.120000,1.277500,2.992500,2.537500,4.750000,15.750000,13.750000,-0.750000,2.000000,1.750000,0.155000,0.810000,0.725000,-7.260000,-9.890000,-10.690000,114.000000,319.000000,459.000000,15.000000,49.000000,82.000000,3.000000,8.820000,14.420000
IQIJAT02,4.000000,3.000000,221.476400,481.037000,813.718000,1033.689200,650.000000,1508.000000,1912.000000,1940.000000,38.000000,76.000000,134.000000,178.000000,210.000000,528.000000,706.000000,764.000000,12.376600,31.233600,46.191400,52.769000,201.678000,444.298700,715.529700,871.611200,693.000000,1610.000000,2151.000000,2186.000000,33.000000,68.000000,113.000000,143.000000,181.000000,451.000000,613.000000,644.000000,12.117700,30.125000,44.063100,48.523100,9.241600,18.316000,25.536000,32.436800,49.000000,70.000000,94.500000,87.500000,2.500000,3.500000,4.500000,6.500000,15.000000,20.000000,19.000000,0.562500,1.143750,1.571250,1.691250,9.241600,19.220400,34.800400,38.494000,49.000000,89.250000,122.500000,148.750000,2.500000,4.750000,5.000000,6.500000,19.000000,26.750000,27.750000,0.562500,1.290000,2.064375,2.268750,3.348900,33.379200,68.332200,86.540700,676.000000,1092.000000,1846.000000,1586.000000,15.000000,20.000000,126.000000,246.000000,228.000000,1.562500,5.625000,12.412500,13.225000,406.704900,955.355800,1844.971800,2890.441400,2062.000000,5404.000000,9464.000000,11646.000000,67.000000,148.000000,286.000000,456.000000,434.000000,1236.000000,2202.000000,3042.000000,25.797900,71.500000,129.826200,186.481200,1.575000,2.240000,3.010000,7.500000,11.000000,19.000000,0.500000,0.000000,2.500000,0.350000,0.530000,1.120000,1.277500,2.992500,2.537500,4.750000,15.750000,13.750000,-0.750000,2.000000,1.750000,0.155000,0.810000,0.725000,-7.260000,-9.890000,-10.690000,114.000000,319.000000,459.000000,15.000000,49.000000,82.000000,3.000000,8.820000,14.420000
ISULAJ,6.000000,6.000000,325.621000,719.817600,1170.072000,1298.182200,1162.000000,2712.000000,3510.000000,2976.000000,52.000000,108.000000,180.000000,210.000000,288.000000,708.000000,948.000000,936.000000,19.582800,48.560400,70.632000,70.228200,325.621000,719.817600,1170.072000,1298.182200,1162.000000,2712.000000,3510.000000,2976.000000,52.000000,108.000000,180.000000,210.000000,288.000000,708.000000,948.000000,936.000000,19.582800,48.560400,70.632000,70.228200,9.241600,16.248800,32.756000,34.458400,49.000000,87.500000,119.000000,112.000000,2.000000,4.500000,4.500000,4.000000,13.000000,20.000000,15.000000,0.562500,1.147500,1.998750,1.826250,9.241600,16.248800,32.756000,34.458400,49.000000,87.500000,119.000000,112.000000,2.000000,4.500000,4.500000,4.000000,13.000000,20.000000,15.000000,0.562500,1.147500,1.998750,1.826250,3.348900,33.379200,58.688100,90.310500,676.000000,1092.000000,1950.000000,1716.000000,12.000000,21.000000,108.000000,234.000000,252.000000,1.562500,5.625000,11.475000,14.212500,328.969900,786.576000,1564.696200,2305.257600,1838.000000,4896.000000,8880.000000,10860.000000,53.000000,120.000000,234.000000,354.000000,354.000000,1002.000000,1806.000000,2544.000000,21.145300,59.810400,110.457000,157.198200,0.735000,2.905000,2.345000,1.500000,14.500000,15.500000,-2.500000,-1.000000,1.500000,-0.030000,0.710000,0.940000,0.735000,2.905000,2.345000,1.500000,14.500000,15.500000,-2.500000,-1.000000,1.500000,-0.030000,0.710000,0.940000,-7.260000,-10.110000,-10.920000,114.000000,237.000000,480.000000,18.000000,33.000000,84.000000,3.000000,5.820000,14.880000
ITINOP,3.000000,3.000000,301.712700,680.082400,1045.732000,1296.240400,1218.000000,2836.000000,4132.000000,4324.000000,47.000000,102.000000,160.000000,202.000000,262.000000,662.000000,968.000000,1028.000000,19.842300,49.485400,74.383200,83.094200,301.712700,680.082400,1045.732000,1296.240400,1218.000000,2836.000000,4132.000000,4324.000000,47.000000,102.000000,160.000000,202.000000,262.000000,662.000000,968.000000,1028.000000,19.842300,49.485400,74.383200,83.094200,9.241600,16.993600,29.944000,31.433600,49.000000,91.000000,133.000000,140.000000,2.000000,4.000000,4.000000,4.000000,12.000000,20.000000,18.000000,0.562500,1.140000,2.010000,1.995000,9.241600,16.000533,30.653333,47.221333,49.000000,86.333333,156.333333,205.333333,2.000000,4.000000,6.000000,4.000000,12.000000,22.666667,26.000000,0.562500,1.150000,2.210000,2.940000,3.348900,33.379200,59.584800,72.102000,676.000000,1092.000000,1976.000000,1976.000000,12.000000,16.000000,108.000000,216.000000,240.000000,1.562500,5.625000,11.450000,13.400000,606.774300,1426.923200,2487.881600,3528.544000,3112.000000,7856.000000,13686.000000,16856.000000,95.000000,216.000000,374.000000,532.000000,590.000000,1612.000000,2766.000000,3540.000000,41.247100,110.220800,188.541400,247.948400,0.490000,2.310000,1.820000,1.000000,9.000000,8.000000,-2.000000,-2.000000,-1.000000,-0.020000,0.320000,0.340000,0.816667,2.076667,2.706667,1.666667,5.666667,12.666667,-2.000000,-3.333333,-1.000000,-0.033333,0.053333,0.580000,-7.260000,-10.600000,-10.120000,114.000000,236.000000,340.000000,18.000000,36.000000,56.000000,3.000000,5.840000,9.280000
ITINOP03,3.000000,3.000000,301.712700,680.082400,1045.732000,1296.240400,1218.000000,2836.000000,4132.000000,4324.000000,47.000000,102.000000,160.000000,202.000000,262.000000,662.000000,968.000000,1028.000000,19.842300,49.485400,74.383200,83.094200,301.712700,680.082400,1045.732000,1296.240400,1218.000000,2836.000000,4132.000000,4324.000000,47.000000,102.000000,160.000000,202.000000,262.000000,662.000000,968.000000,1028.000000,19.842300,49.485400,74.383200,83.094200,9.241600,16.993600,29.944000,31.433600,49.000000,91.000000,133.000000,140.000000,2.000000,4.000000,4.000000,4.000000,12.000000,20.000000,18.000000,0.562500,1.140000,2.010000,1.995000,9.241600,16.000533,30.653333,47.221333,49.000000,86.333333,156.333333,205.333333,2.000000,4.000000,6.000000,4.000000,12.000000,22.666667,26.000000,0.562500,1.150000,2.210000,2.940000,3.348900,33.379200,59.584800,72.102000,676.000000,1092.000000,1976.000000,1976.000000,12.000000,16.000000,108.000000,216.000000,240.000000,1.562500,5.625000,11.450000,13.400000,606.774300,1426.923200,2487.881600,3528.544000,3112.000000,7856.000000,13686.000000,16856.000000,95.000000,216.000000,374.000000,532.000000,590.000000,1612.000000,2766.000000,3540.000000,41.247100,110.220800,188.541400,247.948400,0.490000,2.310000,1.820000,1.000000,9.000000,8.000000,-2.000000,-2.000000,-1.000000,-0.020000,0.320000,0.340000,0.816667,2.076667,2.706667,1.666667,5.666667,12.666667,-2.000000,-3.333333,-1.000000,-0.033333,0.053333,0.580000,-7.260000,-10.600000,-10.120000,114.000000,236.000000,340.000000,18.000000,36.000000,56.000000,3.000000,5.840000,9.280000
IYUFOX,3.000000,3.000000,189.311600,422.923400,663.372400,728.532400,752.000000,1748.000000,2458.000000,2224.000000,29.000000,62.000000,98.000000,112.000000,160.000000,396.000000,554.000000,530.000000,11.966100,29.524600,43.523400,43.601200,189.311600,422.923400,663.372400,728.532400,752.000000,1748.000000,2458.000000,2224.000000,29.000000,62.000000,98.000000,112.000000,160.000000,396.000000,554.000000,530.000000,11.966100,29.524600,43.523400,43.601200,9.241600,16.993600,29.944000,30.369600,49.000000,91.000000,133.000000,105.000000,2.000000,4.000000,4.000000,4.000000,12.000000,20.000000,14.000000,0.562500,1.140000,2.010000,1.695000,9.241600,16.000533,32.639467,46.866667,49.000000,86.333333,165.666667,193.666667,2.000000,4.000000,6.000000,4.000000,12.000000,22.666667,24.666667,0.562500,1.150000,2.190000,2.840000,3.348900,33.379200,59.584800,72.102000,676.000000,1092.000000,1976.000000,1976.000000,12.000000,16.000000,108.000000,216.000000,240.000000,1.562500,5.625000,11.450000,13.400000,381.972100,912.605200,1723.162400,2381.211200,2180.000000,5680.000000,10338.000000,12600.000000,59.000000,136.000000,250.000000,352.000000,386.000000,1080.000000,1938.000000,2528.000000,25.494700,70.299200,126.821800,169.082400,0.490000,2.310000,2.170000,1.000000,9.000000,13.000000,-2.000000,-2.000000,1.000000,-0.020000,0.320000,0.740000,0.816667,1.423333,2.823333,1.666667,4.333333,14.333333,-2.000000,-3.333333,-0.333333,-0.033333,0.080000,0.713333,-7.260000,-10.600000,-10.120000,114.000000,236.000000,340.000000,18.000000,36.000000,56.000000,3.000000,5.840000,9.280000
IYUFOX01,3.000000,3.000000,189.311600,422.923400,663.372400,728.532400,752.000000,1748.000000,2458.000000,2224.000000,29.000000,62.000000,98.000000,112.000000,160.000000,396.000000,554.000000,530.000000,11.966100,29.524600,43.523400,43.601200,189.311600,422.923400,663.372400,728.532400,752.000000,1748.000000,2458.000000,2224.000000,29.000000,62.000000,98.000000,112.000000,160.000000,396.000000,554.000000,530.000000,11.966100,29.524600,43.523400,43.601200,9.241600,16.993600,29.944000,30.369600,49.000000,91.000000,133.000000,105.000000,2.000000,4.000000,4.000000,4.000000,12.000000,20.000000,14.000000,0.562500,1.140000,2.010000,1.695000,9.241600,16.000533,32.639467,46.866667,49.000000,86.333333,165.666667,193.666667,2.000000,4.000000,6.000000,4.000000,12.000000,22.666667,24.666667,0.562500,1.150000,2.190000,2.840000,3.348900,33.379200,59.584800,72.102000,676.000000,1092.000000,1976.000000,1976.000000,12.000000,16.000000,108.000000,216.000000,240.000000,1.562500,5.625000,11.450000,13.400000,381.972100,912.605200,1723.162400,2381.211200,2180.000000,5680.000000,10338.000000,12600.000000,59.000000,136.000000,250.000000,352.000000,386.000000,1080.000000,1938.000000,2528.000000,25.494700,70.299200,126.821800,169.082400,0.490000,2.310000,2.170000,1.000000,9.000000,13.000000,-2.000000,-2.000000,1.000000,-0.020000,0.320000,0.740000,0.816667,1.423333,2.823333,1.666667,4.333333,14.333333,-2.000000,-3.333333,-0.333333,-0.033333,0.080000,0.713333,-7.260000,-10.600000,-10.120000,114.000000,236.000000,340.000000,18.000000,36.000000,56.000000,3.000000,5.840000,9.280000
IZADEU,3.000000,3.000000,240.889500,532.440000,949.038400,1144.010800,834.000000,1980.000000,3124.000000,3016.000000,39.000000,82.000000,148.000000,178.000000,230.000000,582.000000,844.000000,848.000000,14.247900,36.482600,58.049200,65.720600,240.889500,532.440000,949.038400,1144.010800,834.000000,1980.000000,3124.000000,3016.000000,39.000000,82.000000,148.000000,178.000000,230.000000,582.000000,844.000000,848.000000,14.247900,36.482600,58.049200,65.720600,9.241600,15.504000,41.465600,70.497600,49.000000,84.000000,224.000000,147.000000,2.000000,5.000000,10.000000,4.000000,14.000000,34.000000,26.000000,0.562500,1.155000,2.857500,3.360000,9.241600,15.504000,34.493867,63.850133,49.000000,84.000000,186.666667,226.333333,2.000000,4.333333,8.000000,4.000000,12.666667,27.333333,26.000000,0.562500,1.155000,2.492500,3.355000,3.348900,33.379200,55.998000,99.844800,676.000000,1092.000000,1872.000000,3328.000000,12.000000,20.000000,108.000000,240.000000,408.000000,1.562500,5.625000,11.550000,19.050000,485.127900,1131.638400,2287.320800,3219.986400,2344.000000,6144.000000,11462.000000,16664.000000,79.000000,176.000000,350.000000,492.000000,526.000000,1460.000000,2622.000000,3660.000000,30.058300,84.215200,156.073400,225.101200,0.980000,1.560000,7.210000,2.000000,3.000000,49.000000,-3.000000,-7.000000,7.000000,-0.040000,-0.060000,3.020000,0.980000,1.826667,3.316667,2.000000,3.666667,23.666667,-2.333333,-5.000000,3.000000,-0.040000,-0.073333,1.526667,-7.260000,-8.640000,-17.960000,114.000000,240.000000,392.000000,18.000000,32.000000,52.000000,3.000000,5.760000,9.760000
IZADEU01,3.000000,3.000000,240.889500,532.440000,949.038400,1144.010800,834.000000,1980.000000,3124.000000,3016.000000,39.000000,82.000000,148.000000,178.000000,230.000000,582.000000,844.000000,848.000000,14.247900,36.482600,58.049200,65.720600,240.889500,532.440000,949.038400,1144.010800,834.000000,1980.000000,3124.000000,3016.000000,39.000000,82.000000,148.000000,178.000000,230.000000,582.000000,844.000000,848.000000,14.247900,36.482600,58.049200,65.720600,9.241600,15.504000,41.465600,70.497600,49.000000,84.000000,224.000000,147.000000,2.000000,5.000000,10.000000,4.000000,14.000000,34.000000,26.000000,0.562500,1.155000,2.857500,3.360000,9.241600,15.504000,34.493867,63.850133,49.000000,84.000000,186.666667,226.333333,2.000000,4.333333,8.000000,4.000000,12.666667,27.333333,26.000000,0.562500,1.155000,2.492500,3.355000,3.348900,33.379200,55.998000,99.844800,676.000000,1092.000000,1872.000000,3328.000000,12.000000,20.000000,108.000000,240.000000,408.000000,1.562500,5.625000,11.550000,19.050000,485.127900,1131.638400,2287.320800,3219.986400,2344.000000,6144.000000,11462.000000,16664.000000,79.000000,176.000000,350.000000,492.000000,526.000000,1460.000000,2622.000000,3660.000000,30.058300,84.215200,156.073400,225.101200,0.980000,1.560000,7.210000,2.000000,3.000000,49.000000,-3.000000,-7.000000,7.000000,-0.040000,-0.060000,3.020000,0.980000,1.826667,3.316667,2.000000,3.666667,23.666667,-2.333333,-5.000000,3.000000,-0.040000,-0.073333,1.526667,-7.260000,-8.640000,-17.960000,114.000000,240.000000,392.000000,18.000000,32.000000,52.000000,3.000000,5.760000,9.760000
IZADOE,3.000000,3.000000,240.889500,532.440000,949.038400,1144.010800,834.000000,1980.000000,3124.000000,3016.000000,39.000000,82.000000,148.000000,178.000000,230.000000,582.000000,844.000000,848.000000,14.247900,36.482600,58.049200,65.720600,240.889500,532.440000,949.038400,1144.010800,834.000000,1980.000000,3124.000000,3016.000000,39.000000,82.000000,148.000000,178.000000,230.000000,582.000000,844.000000,848.000000,14.247900,36.482600,58.049200,65.720600,9.241600,15.504000,41.465600,70.497600,49.000000,84.000000,224.000000,147.000000,2.000000,5.000000,10.000000,4.000000,14.000000,34.000000,26.000000,0.562500,1.155000,2.857500,3.360000,9.241600,15.504000,34.493867,63.850133,49.000000,84.000000,186.666667,226.333333,2.000000,4.333333,8.000000,4.000000,12.666667,27.333333,26.000000,0.562500,1.155000,2.492500,3.355000,3.348900,33.379200,55.998000,99.844800,676.000000,1092.000000,1872.000000,3328.000000,12.000000,20.000000,108.000000,240.000000,408.000000,1.562500,5.625000,11.550000,19.050000,485.127900,1131.638400,2287.320800,3219.986400,2344.000000,6144.000000,11462.000000,16664.000000,79.000000,176.000000,350.000000,492.000000,526.000000,1460.000000,2622.000000,3660.000000,30.058300,84.215200,156.073400,225.101200,0.980000,1.560000,7.210000,2.000000,3.000000,49.000000,-3.000000,-7.000000,7.000000,-0.040000,-0.060000,3.020000,0.980000,1.826667,3.316667,2.000000,3.666667,23.666667,-2.333333,-5.000000,3.000000,-0.040000,-0.073333,1.526667,-7.260000,-8.640000,-17.960000,114.000000,240.000000,392.000000,18.000000,32.000000,52.000000,3.000000,5.760000,9.760000
IZADUK,3.000000,3.000000,240.889500,532.440000,949.038400,1144.010800,834.000000,1980.000000,3124.000000,3016.000000,39.000000,82.000000,148.000000,178.000000,230.000000,582.000000,844.000000,848.000000,14.247900,36.482600,58.049200,65.720600,240.889500,532.440000,949.038400,1144.010800,834.000000,1980.000000,3124.000000,3016.000000,39.000000,82.000000,148.000000,178.000000,230.000000,582.000000,844.000000,848.000000,14.247900,36.482600,58.049200,65.720600,9.241600,15.504000,41.465600,70.497600,49.000000,84.000000,224.000000,147.000000,2.000000,5.000000,10.000000,4.000000,14.000000,34.000000,26.000000,0.562500,1.155000,2.857500,3.360000,9.241600,15.504000,34.493867,63.850133,49.000000,84.000000,186.666667,226.333333,2.000000,4.333333,8.000000,4.000000,12.666667,27.333333,26.000000,0.562500,1.155000,2.492500,3.355000,3.348900,33.379200,55.998000,99.844800,676.000000,1092.000000,1872.000000,3328.000000,12.000000,20.000000,108.000000,240.000000,408.000000,1.562500,5.625000,11.550000,19.050000,485.127900,1131.638400,2287.320800,3219.986400,2344.000000,6144.000000,11462.000000,16664.000000,79.000000,176.000000,350.000000,492.000000,526.000000,1460.000000,2622.000000,3660.000000,30.058300,84.215200,156.073400,225.101200,0.980000,1.560000,7.210000,2.000000,3.000000,49.000000,-3.000000,-7.000000,7.000000,-0.040000,-0.060000,3.020000,0.980000,1.826667,3.316667,2.000000,3.666667,23.666667,-2.333333,-5.000000,3.000000,-0.040000,-0.073333,1.526667,-7.260000,-8.640000,-17.960000,114.000000,240.000000,392.000000,18.000000,32.000000,52.000000,3.000000,5.760000,9.760000
IZADUK01,3.000000,3.000000,240.889500,532.440000,949.038400,1144.010800,834.000000,1980.000000,3124.000000,3016.000000,39.000000,82.000000,148.000000,178.000000,230.000000,582.000000,844.000000,848.000000,14.247900,36.482600,58.049200,65.720600,240.889500,532.440000,949.038400,1144.010800,834.000000,1980.000000,3124.000000,3016.000000,39.000000,82.000000,148.000000,178.000000,230.000000,582.000000,844.000000,848.000000,14.247900,36.482600,58.049200,65.720600,9.241600,15.504000,41.465600,70.497600,49.000000,84.000000,224.000000,147.000000,2.000000,5.000000,10.000000,4.000000,14.000000,34.000000,26.000000,0.562500,1.155000,2.857500,3.360000,9.241600,15.504000,34.493867,63.850133,49.000000,84.000000,186.666667,226.333333,2.000000,4.333333,8.000000,4.000000,12.666667,27.333333,26.000000,0.562500,1.155000,2.492500,3.355000,3.348900,33.379200,55.998000,99.844800,676.000000,1092.000000,1872.000000,3328.000000,12.000000,20.000000,108.000000,240.000000,408.000000,1.562500,5.625000,11.550000,19.050000,485.127900,1131.638400,2287.320800,3219.986400,2344.000000,6144.000000,11462.000000,16664.000000,79.000000,176.000000,350.000000,492.000000,526.000000,1460.000000,2622.000000,3660.000000,30.058300,84.215200,156.073400,225.101200,0.980000,1.560000,7.210000,2.000000,3.000000,49.000000,-3.000000,-7.000000,7.000000,-0.040000,-0.060000,3.020000,0.980000,1.826667,3.316667,2.000000,3.666667,23.666667,-2.333333,-5.000000,3.000000,-0.040000,-0.073333,1.526667,-7.260000,-8.640000,-17.960000,114.000000,240.000000,392.000000,18.000000,32.000000,52.000000,3.000000,5.760000,9.760000
IZAFEW,3.000000,3.000000,176.159500,390.660000,675.936400,685.126800,682.000000,1596.000000,2296.000000,1920.000000,27.000000,58.000000,100.000000,106.000000,158.000000,390.000000,520.000000,440.000000,10.781100,27.181000,41.238000,38.217400,176.159500,390.660000,675.936400,685.126800,682.000000,1596.000000,2296.000000,1920.000000,27.000000,58.000000,100.000000,106.000000,158.000000,390.000000,520.000000,440.000000,10.781100,27.181000,41.238000,38.217400,9.241600,15.504000,39.337600,30.369600,49.000000,84.000000,154.000000,105.000000,2.000000,5.000000,4.000000,4.000000,14.000000,22.000000,14.000000,0.562500,1.155000,2.257500,1.695000,9.241600,15.504000,33.784533,50.474133,49.000000,84.000000,163.333333,212.333333,2.000000,4.333333,6.000000,4.000000,12.666667,23.333333,22.000000,0.562500,1.155000,2.292500,2.800000,3.348900,33.379200,55.998000,94.720800,676.000000,1092.000000,1872.000000,2288.000000,12.000000,20.000000,108.000000,240.000000,264.000000,1.562500,5.625000,11.550000,15.050000,355.667900,848.078400,1741.116800,2291.970400,2040.000000,5376.000000,9806.000000,12392.000000,55.000000,128.000000,254.000000,348.000000,382.000000,1076.000000,1926.000000,2508.000000,23.124700,65.612000,122.451000,162.094800,0.980000,2.260000,2.170000,2.000000,13.000000,13.000000,-3.000000,-1.000000,1.000000,-0.040000,0.740000,0.740000,0.980000,2.060000,1.636667,2.000000,7.000000,11.666667,-2.333333,-3.000000,1.000000,-0.040000,0.193333,0.766667,-7.260000,-8.640000,-15.160000,114.000000,240.000000,432.000000,18.000000,32.000000,76.000000,3.000000,5.760000,12.960000
IZAFEW03,3.000000,3.000000,176.159500,390.660000,675.936400,685.126800,682.000000,1596.000000,2296.000000,1920.000000,27.000000,58.000000,100.000000,106.000000,158.000000,390.000000,520.000000,440.000000,10.781100,27.181000,41.238000,38.217400,176.159500,390.660000,675.936400,685.126800,682.000000,1596.000000,2296.000000,1920.000000,27.000000,58.000000,100.000000,106.000000,158.000000,390.000000,520.000000,440.000000,10.781100,27.181000,41.238000,38.217400,9.241600,15.504000,39.337600,30.369600,49.000000,84.000000,154.000000,105.000000,2.000000,5.000000,4.000000,4.000000,14.000000,22.000000,14.000000,0.562500,1.155000,2.257500,1.695000,9.241600,15.504000,33.784533,50.474133,49.000000,84.000000,163.333333,212.333333,2.000000,4.333333,6.000000,4.000000,12.666667,23.333333,22.000000,0.562500,1.155000,2.292500,2.800000,3.348900,33.379200,55.998000,94.720800,676.000000,1092.000000,1872.000000,2288.000000,12.000000,20.000000,108.000000,240.000000,264.000000,1.562500,5.625000,11.550000,15.050000,355.667900,848.078400,1741.116800,2291.970400,2040.000000,5376.000000,9806.000000,12392.000000,55.000000,128.000000,254.000000,348.000000,382.000000,1076.000000,1926.000000,2508.000000,23.124700,65.612000,122.451000,162.094800,0.980000,2.260000,2.170000,2.000000,13.000000,13.000000,-3.000000,-1.000000,1.000000,-0.040000,0.740000,0.740000,0.980000,2.060000,1.636667,2.000000,7.000000,11.666667,-2.333333,-3.000000,1.000000,-0.040000,0.193333,0.766667,-7.260000,-8.640000,-15.160000,114.000000,240.000000,432.000000,18.000000,32.000000,76.000000,3.000000,5.760000,12.960000
IZAFIA,3.000000,3.000000,176.159500,390.660000,675.936400,685.126800,682.000000,1596.000000,2296.000000,1920.000000,27.000000,58.000000,100.000000,106.000000,158.000000,390.000000,520.000000,440.000000,10.781100,27.181000,41.238000,38.217400,176.159500,390.660000,675.936400,685.126800,682.000000,1596.000000,2296.000000,1920.000000,27.000000,58.000000,100.000000,106.000000,158.000000,390.000000,520.000000,440.000000,10.781100,27.181000,41.238000,38.217400,9.241600,15.504000,39.337600,30.369600,49.000000,84.000000,154.000000,105.000000,2.000000,5.000000,4.000000,4.000000,14.000000,22.000000,14.000000,0.562500,1.155000,2.257500,1.695000,9.241600,15.504000,33.784533,50.474133,49.000000,84.000000,163.333333,212.333333,2.000000,4.333333,6.000000,4.000000,12.666667,23.333333,22.000000,0.562500,1.155000,2.292500,2.800000,3.348900,33.379200,55.998000,94.720800,676.000000,1092.000000,1872.000000,2288.000000,12.000000,20.000000,108.000000,240.000000,264.000000,1.562500,5.625000,11.550000,15.050000,355.667900,848.078400,1741.116800,2291.970400,2040.000000,5376.000000,9806.000000,12392.000000,55.000000,128.000000,254.000000,348.000000,382.000000,1076.000000,1926.000000,2508.000000,23.124700,65.612000,122.451000,162.094800,0.980000,2.260000,2.170000,2.000000,13.000000,13.000000,-3.000000,-1.000000,1.000000,-0.040000,0.740000,0.740000,0.980000,2.060000,1.636667,2.000000,7.000000,11.666667,-2.333333,-3.000000,1.000000,-0.040000,0.193333,0.766667,-7.260000,-8.640000,-15.160000,114.000000,240.000000,432.000000,18.000000,32.000000,76.000000,3.000000,5.760000,12.960000
IZAFOG,3.000000,3.000000,176.159500,390.660000,675.936400,685.126800,682.000000,1596.000000,2296.000000,1920.000000,27.000000,58.000000,100.000000,106.000000,158.000000,390.000000,520.000000,440.000000,10.781100,27.181000,41.238000,38.217400,176.159500,390.660000,675.936400,685.126800,682.000000,1596.000000,2296.000000,1920.000000,27.000000,58.000000,100.000000,106.000000,158.000000,390.000000,520.000000,440.000000,10.781100,27.181000,41.238000,38.217400,9.241600,15.504000,39.337600,30.369600,49.000000,84.000000,154.000000,105.000000,2.000000,5.000000,4.000000,4.000000,14.000000,22.000000,14.000000,0.562500,1.155000,2.257500,1.695000,9.241600,15.504000,33.784533,50.474133,49.000000,84.000000,163.333333,212.333333,2.000000,4.333333,6.000000,4.000000,12.666667,23.333333,22.000000,0.562500,1.155000,2.292500,2.800000,3.348900,33.379200,55.998000,94.720800,676.000000,1092.000000,1872.000000,2288.000000,12.000000,20.000000,108.000000,240.000000,264.000000,1.562500,5.625000,11.550000,15.050000,355.667900,848.078400,1741.116800,2291.970400,2040.000000,5376.000000,9806.000000,12392.000000,55.000000,128.000000,254.000000,348.000000,382.000000,1076.000000,1926.000000,2508.000000,23.124700,65.612000,122.451000,162.094800,0.980000,2.260000,2.170000,2.000000,13.000000,13.000000,-3.000000,-1.000000,1.000000,-0.040000,0.740000,0.740000,0.980000,2.060000,1.636667,2.000000,7.000000,11.666667,-2.333333,-3.000000,1.000000,-0.040000,0.193333,0.766667,-7.260000,-8.640000,-15.160000,114.000000,240.000000,432.000000,18.000000,32.000000,76.000000,3.000000,5.760000,12.960000
IZAFOG01,3.000000,3.000000,176.159500,390.660000,675.936400,685.126800,682.000000,1596.000000,2296.000000,1920.000000,27.000000,58.000000,100.000000,106.000000,158.000000,390.000000,520.000000,440.000000,10.781100,27.181000,41.238000,38.217400,176.159500,390.660000,675.936400,685.126800,682.000000,1596.000000,2296.000000,1920.000000,27.000000,58.000000,100.000000,106.000000,158.000000,390.000000,520.000000,440.000000,10.781100,27.181000,41.238000,38.217400,9.241600,15.504000,39.337600,30.369600,49.000000,84.000000,154.000000,105.000000,2.000000,5.000000,4.000000,4.000000,14.000000,22.000000,14.000000,0.562500,1.155000,2.257500,1.695000,9.241600,15.504000,33.784533,50.474133,49.000000,84.000000,163.333333,212.333333,2.000000,4.333333,6.000000,4.000000,12.666667,23.333333,22.000000,0.562500,1.155000,2.292500,2.800000,3.348900,33.379200,55.998000,94.720800,676.000000,1092.000000,1872.000000,2288.000000,12.000000,20.000000,108.000000,240.000000,264.000000,1.562500,5.625000,11.550000,15.050000,355.667900,848.078400,1741.116800,2291.970400,2040.000000,5376.000000,9806.000000,12392.000000,55.000000,128.000000,254.000000,348.000000,382.000000,1076.000000,1926.000000,2508.000000,23.124700,65.612000,122.451000,162.094800,0.980000,2.260000,2.170000,2.000000,13.000000,13.000000,-3.000000,-1.000000,1.000000,-0.040000,0.740000,0.740000,0.980000,2.060000,1.636667,2.000000,7.000000,11.666667,-2.333333,-3.000000,1.000000,-0.040000,0.193333,0.766667,-7.260000,-8.640000,-15.160000,114.000000,240.000000,432.000000,18.000000,32.000000,76.000000,3.000000,5.760000,12.960000
IZAGAT,3.000000,3.000000,176.159500,390.660000,675.936400,685.126800,682.000000,1596.000000,2296.000000,1920.000000,27.000000,58.000000,100.000000,106.000000,158.000000,390.000000,520.000000,440.000000,10.781100,27.181000,41.238000,38.217400,176.159500,390.660000,675.936400,685.126800,682.000000,1596.000000,2296.000000,1920.000000,27.000000,58.000000,100.000000,106.000000,158.000000,390.000000,520.000000,440.000000,10.781100,27.181000,41.238000,38.217400,9.241600,15.504000,39.337600,30.369600,49.000000,84.000000,154.000000,105.000000,2.000000,5.000000,4.000000,4.000000,14.000000,22.000000,14.000000,0.562500,1.155000,2.257500,1.695000,9.241600,15.504000,33.784533,50.474133,49.000000,84.000000,163.333333,212.333333,2.000000,4.333333,6.000000,4.000000,12.666667,23.333333,22.000000,0.562500,1.155000,2.292500,2.800000,3.348900,33.379200,55.998000,94.720800,676.000000,1092.000000,1872.000000,2288.000000,12.000000,20.000000,108.000000,240.000000,264.000000,1.562500,5.625000,11.550000,15.050000,355.667900,848.078400,1741.116800,2291.970400,2040.000000,5376.000000,9806.000000,12392.000000,55.000000,128.000000,254.000000,348.000000,382.000000,1076.000000,1926.000000,2508.000000,23.124700,65.612000,122.451000,162.094800,0.980000,2.260000,2.170000,2.000000,13.000000,13.000000,-3.000000,-1.000000,1.000000,-0.040000,0.740000,0.740000,0.980000,2.060000,1.636667,2.000000,7.000000,11.666667,-2.333333,-3.000000,1.000000,-0.040000,0.193333,0.766667,-7.260000,-8.640000,-15.160000,114.000000,240.000000,432.000000,18.000000,32.000000,76.000000,3.000000,5.760000,12.960000
IZAGAT02,3.000000,3.000000,176.159500,390.660000,675.936400,685.126800,682.000000,1596.000000,2296.000000,1920.000000,27.000000,58.000000,100.000000,106.000000,158.000000,390.000000,520.000000,440.000000,10.781100,27.181000,41.238000,38.217400,176.159500,390.660000,675.936400,685.126800,682.000000,1596.000000,2296.000000,1920.000000,27.000000,58.000000,100.000000,106.000000,158.000000,390.000000,520.000000,440.000000,10.781100,27.181000,41.238000,38.217400,9.241600,15.504000,39.337600,30.369600,49.000000,84.000000,154.000000,105.000000,2.000000,5.000000,4.000000,4.000000,14.000000,22.000000,14.000000,0.562500,1.155000,2.257500,1.695000,9.241600,15.504000,33.784533,50.474133,49.000000,84.000000,163.333333,212.333333,2.000000,4.333333,6.000000,4.000000,12.666667,23.333333,22.000000,0.562500,1.155000,2.292500,2.800000,3.348900,33.379200,55.998000,94.720800,676.000000,1092.000000,1872.000000,2288.000000,12.000000,20.000000,108.000000,240.000000,264.000000,1.562500,5.625000,11.550000,15.050000,355.667900,848.078400,1741.116800,2291.970400,2040.000000,5376.000000,9806.000000,12392.000000,55.000000,128.000000,254.000000,348.000000,382.000000,1076.000000,1926.000000,2508.000000,23.124700,65.612000,122.451000,162.094800,0.980000,2.260000,2.170000,2.000000,13.000000,13.000000,-3.000000,-1.000000,1.000000,-0.040000,0.740000,0.740000,0.980000,2.060000,1.636667,2.000000,7.000000,11.666667,-2.333333,-3.000000,1.000000,-0.040000,0.193333,0.766667,-7.260000,-8.640000,-15.160000,114.000000,240.000000,432.000000,18.000000,32.000000,76.000000,3.000000,5.760000,12.960000
JAFBOI01,3.000000,3.000000,191.559600,430.686400,688.742400,736.954000,738.000000,1756.000000,2520.000000,2278.000000,30.000000,64.000000,104.000000,110.000000,168.000000,408.000000,556.000000,536.000000,12.132600,30.124000,44.366400,44.127800,191.559600,430.686400,688.742400,736.954000,738.000000,1756.000000,2520.000000,2278.000000,30.000000,64.000000,104.000000,110.000000,168.000000,408.000000,556.000000,536.000000,12.132600,30.124000,44.366400,44.127800,9.241600,16.993600,31.008000,50.433600,49.000000,91.000000,168.000000,126.000000,2.000000,4.000000,7.000000,4.000000,12.000000,26.000000,20.000000,0.562500,1.140000,2.310000,2.527500,9.241600,16.000533,32.994133,54.547733,49.000000,86.333333,177.333333,205.333333,2.000000,4.000000,7.000000,4.000000,12.000000,24.666667,25.333333,0.562500,1.150000,2.290000,3.107500,3.348900,33.379200,59.584800,74.664000,676.000000,1092.000000,1976.000000,2496.000000,12.000000,16.000000,108.000000,216.000000,312.000000,1.562500,5.625000,11.450000,15.400000,386.468100,928.131200,1773.902400,2403.178400,2152.000000,5696.000000,10462.000000,13748.000000,61.000000,140.000000,262.000000,348.000000,402.000000,1104.000000,1966.000000,2704.000000,25.827700,71.498000,128.507800,174.135600,0.490000,1.960000,4.690000,1.000000,4.000000,31.000000,-2.000000,-5.000000,4.000000,-0.020000,-0.080000,1.880000,0.816667,1.306667,3.336667,1.666667,2.666667,19.666667,-2.000000,-4.333333,1.333333,-0.033333,-0.053333,1.106667,-7.260000,-10.600000,-11.520000,114.000000,236.000000,320.000000,18.000000,36.000000,44.000000,3.000000,5.840000,7.680000
JAFBOI03,3.000000,3.000000,191.559600,430.686400,688.742400,736.954000,738.000000,1756.000000,2520.000000,2278.000000,30.000000,64.000000,104.000000,110.000000,168.000000,408.000000,556.000000,536.000000,12.132600,30.124000,44.366400,44.127800,191.559600,430.686400,688.742400,736.954000,738.000000,1756.000000,2520.000000,2278.000000,30.000000,64.000000,104.000000,110.000000,168.000000,408.000000,556.000000,536.000000,12.132600,30.124000,44.366400,44.127800,9.241600,16.993600,31.008000,50.433600,49.000000,91.000000,168.000000,126.000000,2.000000,4.000000,7.000000,4.000000,12.000000,26.000000,20.000000,0.562500,1.140000,2.310000,2.527500,9.241600,16.000533,32.994133,54.547733,49.000000,86.333333,177.333333,205.333333,2.000000,4.000000,7.000000,4.000000,12.000000,24.666667,25.333333,0.562500,1.150000,2.290000,3.107500,3.348900,33.379200,59.584800,74.664000,676.000000,1092.000000,1976.000000,2496.000000,12.000000,16.000000,108.000000,216.000000,312.000000,1.562500,5.625000,11.450000,15.400000,386.468100,928.131200,1773.902400,2403.178400,2152.000000,5696.000000,10462.000000,13748.000000,61.000000,140.000000,262.000000,348.000000,402.000000,1104.000000,1966.000000,2704.000000,25.827700,71.498000,128.507800,174.135600,0.490000,1.960000,4.690000,1.000000,4.000000,31.000000,-2.000000,-5.000000,4.000000,-0.020000,-0.080000,1.880000,0.816667,1.306667,3.336667,1.666667,2.666667,19.666667,-2.000000,-4.333333,1.333333,-0.033333,-0.053333,1.106667,-7.260000,-10.600000,-11.520000,114.000000,236.000000,320.000000,18.000000,36.000000,44.000000,3.000000,5.840000,7.680000
JAFBUO01,3.000000,3.000000,191.559600,430.686400,688.742400,736.954000,738.000000,1756.000000,2520.000000,2278.000000,30.000000,64.000000,104.000000,110.000000,168.000000,408.000000,556.000000,536.000000,12.132600,30.124000,44.366400,44.127800,191.559600,430.686400,688.742400,736.954000,738.000000,1756.000000,2520.000000,2278.000000,30.000000,64.000000,104.000000,110.000000,168.000000,408.000000,556.000000,536.000000,12.132600,30.124000,44.366400,44.127800,9.241600,16.993600,31.008000,50.433600,49.000000,91.000000,168.000000,126.000000,2.000000,4.000000,7.000000,4.000000,12.000000,26.000000,20.000000,0.562500,1.140000,2.310000,2.527500,9.241600,16.000533,32.994133,54.547733,49.000000,86.333333,177.333333,205.333333,2.000000,4.000000,7.000000,4.000000,12.000000,24.666667,25.333333,0.562500,1.150000,2.290000,3.107500,3.348900,33.379200,59.584800,74.664000,676.000000,1092.000000,1976.000000,2496.000000,12.000000,16.000000,108.000000,216.000000,312.000000,1.562500,5.625000,11.450000,15.400000,386.468100,928.131200,1773.902400,2403.178400,2152.000000,5696.000000,10462.000000,13748.000000,61.000000,140.000000,262.000000,348.000000,402.000000,1104.000000,1966.000000,2704.000000,25.827700,71.498000,128.507800,174.135600,0.490000,1.960000,4.690000,1.000000,4.000000,31.000000,-2.000000,-5.000000,4.000000,-0.020000,-0.080000,1.880000,0.816667,1.306667,3.336667,1.666667,2.666667,19.666667,-2.000000,-4.333333,1.333333,-0.033333,-0.053333,1.106667,-7.260000,-10.600000,-11.520000,114.000000,236.000000,320.000000,18.000000,36.000000,44.000000,3.000000,5.840000,7.680000
JAFBUO03,3.000000,3.000000,191.559600,430.686400,688.742400,736.954000,738.000000,1756.000000,2520.000000,2278.000000,30.000000,64.000000,104.000000,110.000000,168.000000,408.000000,556.000000,536.000000,12.132600,30.124000,44.366400,44.127800,191.559600,430.686400,688.742400,736.954000,738.000000,1756.000000,2520.000000,2278.000000,30.000000,64.000000,104.000000,110.000000,168.000000,408.000000,556.000000,536.000000,12.132600,30.124000,44.366400,44.127800,9.241600,16.993600,31.008000,50.433600,49.000000,91.000000,168.000000,126.000000,2.000000,4.000000,7.000000,4.000000,12.000000,26.000000,20.000000,0.562500,1.140000,2.310000,2.527500,9.241600,16.000533,32.994133,54.547733,49.000000,86.333333,177.333333,205.333333,2.000000,4.000000,7.000000,4.000000,12.000000,24.666667,25.333333,0.562500,1.150000,2.290000,3.107500,3.348900,33.379200,59.584800,74.664000,676.000000,1092.000000,1976.000000,2496.000000,12.000000,16.000000,108.000000,216.000000,312.000000,1.562500,5.625000,11.450000,15.400000,386.468100,928.131200,1773.902400,2403.178400,2152.000000,5696.000000,10462.000000,13748.000000,61.000000,140.000000,262.000000,348.000000,402.000000,1104.000000,1966.000000,2704.000000,25.827700,71.498000,128.507800,174.135600,0.490000,1.960000,4.690000,1.000000,4.000000,31.000000,-2.000000,-5.000000,4.000000,-0.020000,-0.080000,1.880000,0.816667,1.306667,3.336667,1.666667,2.666667,19.666667,-2.000000,-4.333333,1.333333,-0.033333,-0.053333,1.106667,-7.260000,-10.600000,-11.520000,114.000000,236.000000,320.000000,18.000000,36.000000,44.000000,3.000000,5.840000,7.680000
JAFCEZ,3.000000,3.000000,159.194600,359.796400,555.516400,578.472000,662.000000,1564.000000,2176.000000,1842.000000,24.000000,52.000000,80.000000,86.000000,132.000000,324.000000,448.000000,392.000000,10.399200,25.473200,36.872800,34.355000,159.194600,359.796400,555.516400,578.472000,662.000000,1564.000000,2176.000000,1842.000000,24.000000,52.000000,80.000000,86.000000,132.000000,324.000000,448.000000,392.000000,10.399200,25.473200,36.872800,34.355000,9.241600,16.993600,29.944000,30.369600,49.000000,91.000000,133.000000,105.000000,2.000000,4.000000,4.000000,4.000000,12.000000,20.000000,14.000000,0.562500,1.140000,2.010000,1.695000,9.241600,16.000533,32.639467,47.859733,49.000000,86.333333,165.666667,198.333333,2.000000,4.000000,6.000000,4.000000,12.000000,22.666667,23.333333,0.562500,1.150000,2.190000,2.830000,3.348900,33.379200,59.584800,72.102000,676.000000,1092.000000,1976.000000,1976.000000,12.000000,16.000000,108.000000,216.000000,240.000000,1.562500,5.625000,11.450000,13.400000,321.738100,786.351200,1507.450400,2081.090400,2000.000000,5312.000000,9774.000000,11836.000000,49.000000,116.000000,214.000000,300.000000,330.000000,936.000000,1726.000000,2248.000000,22.360900,62.196400,113.520600,150.590000,0.490000,2.310000,2.170000,1.000000,9.000000,13.000000,-2.000000,-2.000000,1.000000,-0.020000,0.320000,0.740000,0.816667,1.423333,2.496667,1.666667,4.333333,13.666667,-2.000000,-3.333333,0.333333,-0.033333,0.080000,0.726667,-7.260000,-10.600000,-10.120000,114.000000,236.000000,340.000000,18.000000,36.000000,56.000000,3.000000,5.840000,9.280000
JAFCEZ01,3.000000,3.000000,159.194600,359.796400,555.516400,578.472000,662.000000,1564.000000,2176.000000,1842.000000,24.000000,52.000000,80.000000,86.000000,132.000000,324.000000,448.000000,392.000000,10.399200,25.473200,36.872800,34.355000,159.194600,359.796400,555.516400,578.472000,662.000000,1564.000000,2176.000000,1842.000000,24.000000,52.000000,80.000000,86.000000,132.000000,324.000000,448.000000,392.000000,10.399200,25.473200,36.872800,34.355000,9.241600,16.993600,29.944000,30.369600,49.000000,91.000000,133.000000,105.000000,2.000000,4.000000,4.000000,4.000000,12.000000,20.000000,14.000000,0.562500,1.140000,2.010000,1.695000,9.241600,16.000533,32.639467,47.859733,49.000000,86.333333,165.666667,198.333333,2.000000,4.000000,6.000000,4.000000,12.000000,22.666667,23.333333,0.562500,1.150000,2.190000,2.830000,3.348900,33.379200,59.584800,72.102000,676.000000,1092.000000,1976.000000,1976.000000,12.000000,16.000000,108.000000,216.000000,240.000000,1.562500,5.625000,11.450000,13.400000,321.738100,786.351200,1507.450400,2081.090400,2000.000000,5312.000000,9774.000000,11836.000000,49.000000,116.000000,214.000000,300.000000,330.000000,936.000000,1726.000000,2248.000000,22.360900,62.196400,113.520600,150.590000,0.490000,2.310000,2.170000,1.000000,9.000000,13.000000,-2.000000,-2.000000,1.000000,-0.020000,0.320000,0.740000,0.816667,1.423333,2.496667,1.666667,4.333333,13.666667,-2.000000,-3.333333,0.333333,-0.033333,0.080000,0.726667,-7.260000,-10.600000,-10.120000,114.000000,236.000000,340.000000,18.000000,36.000000,56.000000,3.000000,5.840000,9.280000
JANSAS,1.000000,1.000000,101.696400,217.731600,346.359600,341.837000,348.000000,786.000000,948.000000,608.000000,16.000000,32.000000,54.000000,58.000000,86.000000,208.000000,256.000000,204.000000,5.716800,13.770000,19.083800,16.432200,101.696400,217.731600,346.359600,341.837000,348.000000,786.000000,948.000000,608.000000,16.000000,32.000000,54.000000,58.000000,86.000000,208.000000,256.000000,204.000000,5.716800,13.770000,19.083800,16.432200,9.241600,16.993600,25.171200,7.752000,49.000000,91.000000,105.000000,42.000000,2.000000,3.000000,1.000000,4.000000,10.000000,12.000000,8.000000,0.562500,1.140000,1.402500,0.577500,9.241600,16.993600,25.171200,7.752000,49.000000,91.000000,105.000000,42.000000,2.000000,3.000000,1.000000,4.000000,10.000000,12.000000,8.000000,0.562500,1.140000,1.402500,0.577500,3.348900,33.379200,61.378200,90.914400,676.000000,1092.000000,2028.000000,2340.000000,12.000000,18.000000,108.000000,180.000000,216.000000,1.562500,5.625000,11.400000,14.025000,613.527300,1373.148000,2478.162000,3252.466800,2764.000000,6900.000000,11214.000000,13788.000000,97.000000,204.000000,378.000000,504.000000,582.000000,1524.000000,2238.000000,2604.000000,35.863300,93.870000,154.177800,195.043200,0.490000,0.840000,0.490000,1.000000,6.000000,1.000000,-1.000000,0.000000,-2.000000,-0.020000,0.380000,-0.020000,0.490000,0.840000,0.490000,1.000000,6.000000,1.000000,-1.000000,0.000000,-2.000000,-0.020000,0.380000,-0.020000,-7.260000,-11.580000,-16.740000,114.000000,234.000000,378.000000,18.000000,42.000000,72.000000,3.000000,5.880000,11.280000
JANSAS06,1.000000,1.000000,101.696400,217.731600,346.359600,341.837000,348.000000,786.000000,948.000000,608.000000,16.000000,32.000000,54.000000,58.000000,86.000000,208.000000,256.000000,204.000000,5.716800,13.770000,19.083800,16.432200,101.696400,217.731600,346.359600,341.837000,348.000000,786.000000,948.000000,608.000000,16.000000,32.000000,54.000000,58.000000,86.000000,208.000000,256.000000,204.000000,5.716800,13.770000,19.083800,16.432200,9.241600,16.993600,25.171200,7.752000,49.000000,91.000000,105.000000,42.000000,2.000000,3.000000,1.000000,4.000000,10.000000,12.000000,8.000000,0.562500,1.140000,1.402500,0.577500,9.241600,16.993600,25.171200,7.752000,49.000000,91.000000,105.000000,42.000000,2.000000,3.000000,1.000000,4.000000,10.000000,12.000000,8.000000,0.562500,1.140000,1.402500,0.577500,3.348900,33.379200,61.378200,90.914400,676.000000,1092.000000,2028.000000,2340.000000,12.000000,18.000000,108.000000,180.000000,216.000000,1.562500,5.625000,11.400000,14.025000,613.527300,1373.148000,2478.162000,3252.466800,2764.000000,6900.000000,11214.000000,13788.000000,97.000000,204.000000,378.000000,504.000000,582.000000,1524.000000,2238.000000,2604.000000,35.863300,93.870000,154.177800,195.043200,0.490000,0.840000,0.490000,1.000000,6.000000,1.000000,-1.000000,0.000000,-2.000000,-0.020000,0.380000,-0.020000,0.490000,0.840000,0.490000,1.000000,6.000000,1.000000,-1.000000,0.000000,-2.000000,-0.020000,0.380000,-0.020000,-7.260000,-11.580000,-16.740000,114.000000,234.000000,378.000000,18.000000,42.000000,72.000000,3.000000,5.880000,11.280000
JAQQIB,3.000000,5.000000,153.326750,333.215500,565.537700,729.791000,629.500000,1261.000000,1638.000000,1655.000000,25.500000,52.000000,90.000000,121.000000,142.000000,359.000000,509.000000,611.000000,9.551500,23.115700,34.136300,40.403300,284.253000,637.769000,1115.389000,1459.582000,918.000000,2246.000000,3052.000000,3310.000000,48.000000,100.000000,178.000000,242.000000,278.000000,710.000000,1016.000000,1222.000000,16.907200,43.505600,66.742600,80.806600,9.241600,15.504000,35.613600,31.114400,49.000000,84.000000,140.000000,108.500000,2.000000,5.000000,4.000000,5.000000,19.000000,26.000000,22.500000,0.562500,1.155000,2.081250,1.687500,9.241600,19.114000,41.382000,48.738800,49.000000,96.250000,136.500000,145.250000,2.500000,5.750000,6.500000,6.500000,21.750000,32.750000,28.750000,0.562500,1.368750,2.420625,2.527500,3.348900,33.379200,64.690500,95.855400,676.000000,1092.000000,2054.000000,1508.000000,14.000000,23.000000,120.000000,282.000000,186.000000,1.562500,5.625000,12.975000,13.450000,310.002400,733.189400,1537.704400,2478.476800,1935.000000,4706.000000,8854.000000,10526.000000,52.000000,116.000000,238.000000,398.000000,354.000000,1052.000000,2050.000000,2828.000000,20.665500,57.481400,111.097600,168.381600,0.980000,3.485000,1.925000,2.000000,15.000000,12.500000,-2.000000,5.000000,4.500000,-0.040000,0.975000,0.750000,1.312500,3.867500,3.727500,3.750000,20.750000,24.750000,-1.750000,2.500000,5.250000,0.050000,1.085000,1.505000,-7.260000,-9.730000,-10.290000,114.000000,285.000000,540.000000,16.000000,37.000000,107.000000,3.000000,7.120000,17.990000
JAQVIG,3.000000,3.000000,167.798000,375.701200,574.154400,626.673600,686.000000,1600.000000,2208.000000,2022.000000,26.000000,56.000000,86.000000,98.000000,142.000000,348.000000,476.000000,456.000000,11.159400,27.336400,39.381800,39.209400,167.798000,375.701200,574.154400,626.673600,686.000000,1600.000000,2208.000000,2022.000000,26.000000,56.000000,86.000000,98.000000,142.000000,348.000000,476.000000,456.000000,11.159400,27.336400,39.381800,39.209400,9.241600,15.504000,31.433600,30.901600,49.000000,84.000000,140.000000,122.500000,2.000000,4.000000,4.000000,4.000000,12.000000,19.000000,16.000000,0.562500,1.155000,1.995000,1.845000,9.241600,15.504000,31.149867,48.037067,49.000000,84.000000,158.666667,204.166667,2.000000,4.000000,6.000000,4.000000,12.000000,22.333333,24.000000,0.562500,1.155000,2.205000,2.880000,3.348900,33.379200,55.998000,75.688800,676.000000,1092.000000,1872.000000,2080.000000,12.000000,16.000000,108.000000,216.000000,228.000000,1.562500,5.625000,11.550000,13.300000,338.944900,818.160800,1537.552800,2137.000000,2048.000000,5384.000000,9630.000000,12180.000000,53.000000,124.000000,226.000000,324.000000,350.000000,984.000000,1778.000000,2360.000000,23.881300,65.922800,118.738600,160.578800,0.980000,1.820000,1.995000,2.000000,8.000000,10.500000,-2.000000,-1.500000,0.000000,-0.040000,0.340000,0.540000,0.980000,1.913333,2.438333,2.000000,5.333333,12.833333,-2.000000,-3.166667,0.000000,-0.040000,0.060000,0.660000,-7.260000,-8.640000,-12.080000,114.000000,240.000000,336.000000,18.000000,36.000000,58.000000,3.000000,5.760000,9.360000
JAQVOM,3.000000,3.000000,183.980500,411.489200,647.235400,705.914600,724.000000,1706.000000,2386.000000,2240.000000,29.000000,62.000000,98.000000,110.000000,160.000000,390.000000,530.000000,522.000000,12.026100,29.645800,43.084200,44.095800,183.980500,411.489200,647.235400,705.914600,724.000000,1706.000000,2386.000000,2240.000000,29.000000,62.000000,98.000000,110.000000,160.000000,390.000000,530.000000,522.000000,12.026100,29.645800,43.084200,44.095800,9.241600,15.504000,31.433600,31.433600,49.000000,84.000000,140.000000,140.000000,2.000000,4.000000,4.000000,4.000000,12.000000,19.000000,19.000000,0.562500,1.155000,1.995000,1.995000,9.241600,15.504000,31.149867,48.214400,49.000000,84.000000,158.666667,210.000000,2.000000,4.000000,6.000000,4.000000,12.000000,22.333333,25.000000,0.562500,1.155000,2.205000,2.930000,3.348900,33.379200,55.998000,75.688800,676.000000,1092.000000,1872.000000,2080.000000,12.000000,16.000000,108.000000,216.000000,228.000000,1.562500,5.625000,11.550000,13.300000,371.309900,889.736800,1683.714800,2295.482000,2124.000000,5596.000000,9986.000000,12616.000000,59.000000,136.000000,250.000000,348.000000,386.000000,1068.000000,1886.000000,2504.000000,25.614700,70.541600,126.143400,170.351600,0.980000,1.820000,1.820000,2.000000,8.000000,8.000000,-2.000000,-1.500000,-1.500000,-0.040000,0.340000,0.340000,0.980000,1.913333,2.380000,2.000000,5.333333,12.000000,-2.000000,-3.166667,-0.500000,-0.040000,0.060000,0.593333,-7.260000,-8.640000,-12.080000,114.000000,240.000000,336.000000,18.000000,36.000000,58.000000,3.000000,5.760000,9.360000
JAQVUS,3.000000,3.000000,183.980500,411.146200,641.110400,712.382600,724.000000,1696.000000,2390.000000,2246.000000,29.000000,62.000000,98.000000,110.000000,160.000000,390.000000,530.000000,522.000000,12.026100,29.661800,43.112600,44.051400,183.980500,411.146200,641.110400,712.382600,724.000000,1696.000000,2390.000000,2246.000000,29.000000,62.000000,98.000000,110.000000,160.000000,390.000000,530.000000,522.000000,12.026100,29.661800,43.112600,44.051400,9.241600,15.504000,31.965600,40.933600,49.000000,84.000000,157.500000,133.000000,2.000000,4.000000,5.500000,4.000000,12.000000,22.000000,19.000000,0.562500,1.155000,2.145000,2.261250,9.241600,15.504000,31.327200,51.381067,49.000000,84.000000,164.500000,207.666667,2.000000,4.000000,6.500000,4.000000,12.000000,23.333333,25.000000,0.562500,1.155000,2.255000,3.018750,3.348900,33.379200,55.998000,76.969800,676.000000,1092.000000,1872.000000,2340.000000,12.000000,16.000000,108.000000,216.000000,264.000000,1.562500,5.625000,11.550000,14.300000,371.309900,889.050800,1671.464800,2310.980000,2124.000000,5576.000000,9994.000000,13148.000000,59.000000,136.000000,250.000000,348.000000,386.000000,1068.000000,1898.000000,2576.000000,25.614700,70.573600,126.200200,172.262800,0.980000,1.645000,3.255000,2.000000,5.500000,19.500000,-2.000000,-3.000000,1.500000,-0.040000,0.140000,1.110000,0.980000,1.855000,2.858333,2.000000,4.500000,15.833333,-2.000000,-3.666667,0.500000,-0.040000,-0.006667,0.850000,-7.260000,-8.640000,-12.780000,114.000000,240.000000,326.000000,18.000000,36.000000,52.000000,3.000000,5.760000,8.560000
JAQWAZ,3.000000,3.000000,200.163000,446.934200,714.191400,791.868600,762.000000,1802.000000,2568.000000,2514.000000,32.000000,68.000000,110.000000,122.000000,178.000000,432.000000,584.000000,606.000000,12.892800,31.971200,46.815000,49.257800,200.163000,446.934200,714.191400,791.868600,762.000000,1802.000000,2568.000000,2514.000000,32.000000,68.000000,110.000000,122.000000,178.000000,432.000000,584.000000,606.000000,12.892800,31.971200,46.815000,49.257800,9.241600,15.504000,31.965600,41.465600,49.000000,84.000000,157.500000,150.500000,2.000000,4.000000,5.500000,4.000000,12.000000,22.000000,22.000000,0.562500,1.155000,2.145000,2.411250,9.241600,15.504000,31.327200,51.558400,49.000000,84.000000,164.500000,213.500000,2.000000,4.000000,6.500000,4.000000,12.000000,23.333333,26.000000,0.562500,1.155000,2.255000,3.068750,3.348900,33.379200,55.998000,76.969800,676.000000,1092.000000,1872.000000,2340.000000,12.000000,16.000000,108.000000,216.000000,264.000000,1.562500,5.625000,11.550000,14.300000,403.674900,960.626800,1817.626800,2469.952000,2200.000000,5788.000000,10350.000000,13684.000000,65.000000,148.000000,274.000000,372.000000,422.000000,1152.000000,2006.000000,2756.000000,27.348100,75.192400,133.605000,182.675600,0.980000,1.645000,3.080000,2.000000,5.500000,17.000000,-2.000000,-3.000000,0.000000,-0.040000,0.140000,0.910000,0.980000,1.855000,2.800000,2.000000,4.500000,15.000000,-2.000000,-3.666667,0.000000,-0.040000,-0.006667,0.783333,-7.260000,-8.640000,-12.780000,114.000000,240.000000,326.000000,18.000000,36.000000,52.000000,3.000000,5.760000,8.560000
JIQDAP,6.000000,6.000000,325.621000,719.817600,1170.072000,1298.182200,1162.000000,2712.000000,3510.000000,2976.000000,52.000000,108.000000,180.000000,210.000000,288.000000,708.000000,948.000000,936.000000,19.582800,48.560400,70.632000,70.228200,325.621000,719.817600,1170.072000,1298.182200,1162.000000,2712.000000,3510.000000,2976.000000,52.000000,108.000000,180.000000,210.000000,288.000000,708.000000,948.000000,936.000000,19.582800,48.560400,70.632000,70.228200,9.241600,16.248800,32.756000,34.458400,49.000000,87.500000,119.000000,112.000000,2.000000,4.500000,4.500000,4.000000,13.000000,20.000000,15.000000,0.562500,1.147500,1.998750,1.826250,9.241600,16.248800,32.756000,34.458400,49.000000,87.500000,119.000000,112.000000,2.000000,4.500000,4.500000,4.000000,13.000000,20.000000,15.000000,0.562500,1.147500,1.998750,1.826250,3.348900,33.379200,58.688100,90.310500,676.000000,1092.000000,1950.000000,1716.000000,12.000000,21.000000,108.000000,234.000000,252.000000,1.562500,5.625000,11.475000,14.212500,328.969900,786.576000,1564.696200,2305.257600,1838.000000,4896.000000,8880.000000,10860.000000,53.000000,120.000000,234.000000,354.000000,354.000000,1002.000000,1806.000000,2544.000000,21.145300,59.810400,110.457000,157.198200,0.735000,2.905000,2.345000,1.500000,14.500000,15.500000,-2.500000,-1.000000,1.500000,-0.030000,0.710000,0.940000,0.735000,2.905000,2.345000,1.500000,14.500000,15.500000,-2.500000,-1.000000,1.500000,-0.030000,0.710000,0.940000,-7.260000,-10.110000,-10.920000,114.000000,237.000000,480.000000,18.000000,33.000000,84.000000,3.000000,5.820000,14.880000
JIQDET,6.000000,6.000000,325.621000,719.817600,1170.072000,1298.182200,1162.000000,2712.000000,3510.000000,2976.000000,52.000000,108.000000,180.000000,210.000000,288.000000,708.000000,948.000000,936.000000,19.582800,48.560400,70.632000,70.228200,325.621000,719.817600,1170.072000,1298.182200,1162.000000,2712.000000,3510.000000,2976.000000,52.000000,108.000000,180.000000,210.000000,288.000000,708.000000,948.000000,936.000000,19.582800,48.560400,70.632000,70.228200,9.241600,16.248800,32.756000,34.458400,49.000000,87.500000,119.000000,112.000000,2.000000,4.500000,4.500000,4.000000,13.000000,20.000000,15.000000,0.562500,1.147500,1.998750,1.826250,9.241600,16.248800,32.756000,34.458400,49.000000,87.500000,119.000000,112.000000,2.000000,4.500000,4.500000,4.000000,13.000000,20.000000,15.000000,0.562500,1.147500,1.998750,1.826250,3.348900,33.379200,58.688100,90.310500,676.000000,1092.000000,1950.000000,1716.000000,12.000000,21.000000,108.000000,234.000000,252.000000,1.562500,5.625000,11.475000,14.212500,328.969900,786.576000,1564.696200,2305.257600,1838.000000,4896.000000,8880.000000,10860.000000,53.000000,120.000000,234.000000,354.000000,354.000000,1002.000000,1806.000000,2544.000000,21.145300,59.810400,110.457000,157.198200,0.735000,2.905000,2.345000,1.500000,14.500000,15.500000,-2.500000,-1.000000,1.500000,-0.030000,0.710000,0.940000,0.735000,2.905000,2.345000,1.500000,14.500000,15.500000,-2.500000,-1.000000,1.500000,-0.030000,0.710000,0.940000,-7.260000,-10.110000,-10.920000,114.000000,237.000000,480.000000,18.000000,33.000000,84.000000,3.000000,5.820000,14.880000
JIQDET04,6.000000,6.000000,325.621000,719.817600,1170.072000,1298.182200,1162.000000,2712.000000,3510.000000,2976.000000,52.000000,108.000000,180.000000,210.000000,288.000000,708.000000,948.000000,936.000000,19.582800,48.560400,70.632000,70.228200,325.621000,719.817600,1170.072000,1298.182200,1162.000000,2712.000000,3510.000000,2976.000000,52.000000,108.000000,180.000000,210.000000,288.000000,708.000000,948.000000,936.000000,19.582800,48.560400,70.632000,70.228200,9.241600,16.248800,32.756000,34.458400,49.000000,87.500000,119.000000,112.000000,2.000000,4.500000,4.500000,4.000000,13.000000,20.000000,15.000000,0.562500,1.147500,1.998750,1.826250,9.241600,16.248800,32.756000,34.458400,49.000000,87.500000,119.000000,112.000000,2.000000,4.500000,4.500000,4.000000,13.000000,20.000000,15.000000,0.562500,1.147500,1.998750,1.826250,3.348900,33.379200,58.688100,90.310500,676.000000,1092.000000,1950.000000,1716.000000,12.000000,21.000000,108.000000,234.000000,252.000000,1.562500,5.625000,11.475000,14.212500,328.969900,786.576000,1564.696200,2305.257600,1838.000000,4896.000000,8880.000000,10860.000000,53.000000,120.000000,234.000000,354.000000,354.000000,1002.000000,1806.000000,2544.000000,21.145300,59.810400,110.457000,157.198200,0.735000,2.905000,2.345000,1.500000,14.500000,15.500000,-2.500000,-1.000000,1.500000,-0.030000,0.710000,0.940000,0.735000,2.905000,2.345000,1.500000,14.500000,15.500000,-2.500000,-1.000000,1.500000,-0.030000,0.710000,0.940000,-7.260000,-10.110000,-10.920000,114.000000,237.000000,480.000000,18.000000,33.000000,84.000000,3.000000,5.820000,14.880000
JOJQEE,3.000000,3.000000,295.252300,670.344000,1054.235000,1333.238400,1138.000000,2748.000000,3902.000000,4170.000000,49.000000,106.000000,168.000000,218.000000,274.000000,690.000000,988.000000,1080.000000,20.296900,50.958600,75.845600,86.724600,295.252300,670.344000,1054.235000,1333.238400,1138.000000,2748.000000,3902.000000,4170.000000,49.000000,106.000000,168.000000,218.000000,274.000000,690.000000,988.000000,1080.000000,20.296900,50.958600,75.845600,86.724600,9.241600,15.504000,30.476000,45.873600,49.000000,84.000000,150.500000,189.000000,2.000000,4.000000,6.000000,4.000000,12.000000,22.000000,26.000000,0.562500,1.155000,2.160000,2.850000,9.241600,15.504000,30.830667,52.034667,49.000000,84.000000,162.166667,221.666667,2.000000,4.000000,6.666667,4.000000,12.000000,23.333333,28.666667,0.562500,1.155000,2.260000,3.225000,3.348900,33.379200,55.998000,73.383000,676.000000,1092.000000,1872.000000,2236.000000,12.000000,16.000000,108.000000,216.000000,264.000000,1.562500,5.625000,11.550000,14.400000,593.853500,1407.446400,2497.714000,3545.518000,2952.000000,7680.000000,13018.000000,16788.000000,99.000000,224.000000,390.000000,564.000000,614.000000,1668.000000,2814.000000,3724.000000,42.156300,113.167200,191.666200,257.809200,0.980000,2.135000,3.150000,2.000000,6.500000,15.000000,-2.000000,-3.000000,-1.000000,-0.040000,0.120000,0.700000,0.980000,2.018333,3.150000,2.000000,4.833333,15.000000,-2.000000,-3.666667,-1.000000,-0.040000,-0.013333,0.700000,-7.260000,-8.640000,-10.820000,114.000000,240.000000,330.000000,18.000000,36.000000,52.000000,3.000000,5.760000,8.480000
JUVGUC,1.000000,1.000000,101.696400,217.731600,346.359600,341.837000,348.000000,786.000000,948.000000,608.000000,16.000000,32.000000,54.000000,58.000000,86.000000,208.000000,256.000000,204.000000,5.716800,13.770000,19.083800,16.432200,101.696400,217.731600,346.359600,341.837000,348.000000,786.000000,948.000000,608.000000,16.000000,32.000000,54.000000,58.000000,86.000000,208.000000,256.000000,204.000000,5.716800,13.770000,19.083800,16.432200,9.241600,16.993600,25.171200,7.752000,49.000000,91.000000,105.000000,42.000000,2.000000,3.000000,1.000000,4.000000,10.000000,12.000000,8.000000,0.562500,1.140000,1.402500,0.577500,9.241600,16.993600,25.171200,7.752000,49.000000,91.000000,105.000000,42.000000,2.000000,3.000000,1.000000,4.000000,10.000000,12.000000,8.000000,0.562500,1.140000,1.402500,0.577500,3.348900,33.379200,61.378200,90.914400,676.000000,1092.000000,2028.000000,2340.000000,12.000000,18.000000,108.000000,180.000000,216.000000,1.562500,5.625000,11.400000,14.025000,613.527300,1373.148000,2478.162000,3252.466800,2764.000000,6900.000000,11214.000000,13788.000000,97.000000,204.000000,378.000000,504.000000,582.000000,1524.000000,2238.000000,2604.000000,35.863300,93.870000,154.177800,195.043200,0.490000,0.840000,0.490000,1.000000,6.000000,1.000000,-1.000000,0.000000,-2.000000,-0.020000,0.380000,-0.020000,0.490000,0.840000,0.490000,1.000000,6.000000,1.000000,-1.000000,0.000000,-2.000000,-0.020000,0.380000,-0.020000,-7.260000,-11.580000,-16.740000,114.000000,234.000000,378.000000,18.000000,42.000000,72.000000,3.000000,5.880000,11.280000
JUVHEN,1.000000,1.000000,69.331400,146.841600,210.886600,142.768000,272.000000,594.000000,694.000000,286.000000,10.000000,20.000000,30.000000,22.000000,50.000000,112.000000,130.000000,78.000000,3.983400,9.119200,11.622200,7.364200,69.331400,146.841600,210.886600,142.768000,272.000000,594.000000,694.000000,286.000000,10.000000,20.000000,30.000000,22.000000,50.000000,112.000000,130.000000,78.000000,3.983400,9.119200,11.622200,7.364200,9.241600,16.993600,25.171200,7.752000,49.000000,91.000000,105.000000,42.000000,2.000000,3.000000,1.000000,4.000000,10.000000,12.000000,8.000000,0.562500,1.140000,1.402500,0.577500,9.241600,16.993600,25.171200,7.752000,49.000000,91.000000,105.000000,42.000000,2.000000,3.000000,1.000000,4.000000,10.000000,12.000000,8.000000,0.562500,1.140000,1.402500,0.577500,3.348900,33.379200,61.378200,90.914400,676.000000,1092.000000,2028.000000,2340.000000,12.000000,18.000000,108.000000,180.000000,216.000000,1.562500,5.625000,11.400000,14.025000,419.337300,947.808000,1665.324000,2058.052800,2308.000000,5748.000000,9690.000000,11856.000000,61.000000,132.000000,234.000000,288.000000,366.000000,948.000000,1482.000000,1848.000000,25.462900,65.965200,109.408200,140.635200,0.490000,0.840000,0.490000,1.000000,6.000000,1.000000,-1.000000,0.000000,-2.000000,-0.020000,0.380000,-0.020000,0.490000,0.840000,0.490000,1.000000,6.000000,1.000000,-1.000000,0.000000,-2.000000,-0.020000,0.380000,-0.020000,-7.260000,-11.580000,-16.740000,114.000000,234.000000,378.000000,18.000000,42.000000,72.000000,3.000000,5.880000,11.280000
JUVHIR01,1.000000,1.000000,69.331400,146.841600,210.886600,142.768000,272.000000,594.000000,694.000000,286.000000,10.000000,20.000000,30.000000,22.000000,50.000000,112.000000,130.000000,78.000000,3.983400,9.119200,11.622200,7.364200,69.331400,146.841600,210.886600,142.768000,272.000000,594.000000,694.000000,286.000000,10.000000,20.000000,30.000000,22.000000,50.000000,112.000000,130.000000,78.000000,3.983400,9.119200,11.622200,7.364200,9.241600,16.993600,25.171200,7.752000,49.000000,91.000000,105.000000,42.000000,2.000000,3.000000,1.000000,4.000000,10.000000,12.000000,8.000000,0.562500,1.140000,1.402500,0.577500,9.241600,16.993600,25.171200,7.752000,49.000000,91.000000,105.000000,42.000000,2.000000,3.000000,1.000000,4.000000,10.000000,12.000000,8.000000,0.562500,1.140000,1.402500,0.577500,3.348900,33.379200,61.378200,90.914400,676.000000,1092.000000,2028.000000,2340.000000,12.000000,18.000000,108.000000,180.000000,216.000000,1.562500,5.625000,11.400000,14.025000,419.337300,947.808000,1665.324000,2058.052800,2308.000000,5748.000000,9690.000000,11856.000000,61.000000,132.000000,234.000000,288.000000,366.000000,948.000000,1482.000000,1848.000000,25.462900,65.965200,109.408200,140.635200,0.490000,0.840000,0.490000,1.000000,6.000000,1.000000,-1.000000,0.000000,-2.000000,-0.020000,0.380000,-0.020000,0.490000,0.840000,0.490000,1.000000,6.000000,1.000000,-1.000000,0.000000,-2.000000,-0.020000,0.380000,-0.020000,-7.260000,-11.580000,-16.740000,114.000000,234.000000,378.000000,18.000000,42.000000,72.000000,3.000000,5.880000,11.280000
JUVHIR03,1.000000,1.000000,69.331400,146.841600,210.886600,142.768000,272.000000,594.000000,694.000000,286.000000,10.000000,20.000000,30.000000,22.000000,50.000000,112.000000,130.000000,78.000000,3.983400,9.119200,11.622200,7.364200,69.331400,146.841600,210.886600,142.768000,272.000000,594.000000,694.000000,286.000000,10.000000,20.000000,30.000000,22.000000,50.000000,112.000000,130.000000,78.000000,3.983400,9.119200,11.622200,7.364200,9.241600,16.993600,25.171200,7.752000,49.000000,91.000000,105.000000,42.000000,2.000000,3.000000,1.000000,4.000000,10.000000,12.000000,8.000000,0.562500,1.140000,1.402500,0.577500,9.241600,16.993600,25.171200,7.752000,49.000000,91.000000,105.000000,42.000000,2.000000,3.000000,1.000000,4.000000,10.000000,12.000000,8.000000,0.562500,1.140000,1.402500,0.577500,3.348900,33.379200,61.378200,90.914400,676.000000,1092.000000,2028.000000,2340.000000,12.000000,18.000000,108.000000,180.000000,216.000000,1.562500,5.625000,11.400000,14.025000,419.337300,947.808000,1665.324000,2058.052800,2308.000000,5748.000000,9690.000000,11856.000000,61.000000,132.000000,234.000000,288.000000,366.000000,948.000000,1482.000000,1848.000000,25.462900,65.965200,109.408200,140.635200,0.490000,0.840000,0.490000,1.000000,6.000000,1.000000,-1.000000,0.000000,-2.000000,-0.020000,0.380000,-0.020000,0.490000,0.840000,0.490000,1.000000,6.000000,1.000000,-1.000000,0.000000,-2.000000,-0.020000,0.380000,-0.020000,-7.260000,-11.580000,-16.740000,114.000000,234.000000,378.000000,18.000000,42.000000,72.000000,3.000000,5.880000,11.280000
KABYER,2.000000,2.000000,154.593200,339.711000,539.446000,615.324200,542.000000,1272.000000,1744.000000,1862.000000,26.000000,54.000000,88.000000,100.000000,142.000000,342.000000,464.000000,510.000000,9.882600,24.501400,35.400800,39.350800,154.593200,339.711000,539.446000,615.324200,542.000000,1272.000000,1744.000000,1862.000000,26.000000,54.000000,88.000000,100.000000,142.000000,342.000000,464.000000,510.000000,9.882600,24.501400,35.400800,39.350800,9.241600,15.504000,29.944000,39.185600,49.000000,84.000000,133.000000,182.000000,2.000000,4.000000,5.000000,4.000000,12.000000,20.000000,26.000000,0.562500,1.155000,2.010000,2.572500,9.241600,15.504000,29.944000,39.185600,49.000000,84.000000,133.000000,182.000000,2.000000,4.000000,5.000000,4.000000,12.000000,20.000000,26.000000,0.562500,1.155000,2.010000,2.572500,3.348900,33.379200,55.998000,80.154000,676.000000,1092.000000,1872.000000,2028.000000,12.000000,18.000000,108.000000,216.000000,252.000000,1.562500,5.625000,11.550000,14.325000,467.128500,1085.891400,2007.582000,2788.047000,2302.000000,6000.000000,10446.000000,13884.000000,79.000000,174.000000,318.000000,438.000000,492.000000,1314.000000,2214.000000,3114.000000,31.210300,84.754200,146.177400,205.697400,0.980000,2.310000,2.310000,2.000000,9.000000,9.000000,-2.000000,-2.000000,-3.000000,-0.040000,0.320000,0.320000,0.980000,2.310000,2.310000,2.000000,9.000000,9.000000,-2.000000,-2.000000,-3.000000,-0.040000,0.320000,0.320000,-7.260000,-8.640000,-10.860000,114.000000,240.000000,390.000000,18.000000,36.000000,66.000000,3.000000,5.760000,11.040000
KALWUR,3.000000,3.000000,193.660500,436.222400,690.916000,759.274400,726.000000,1724.000000,2464.000000,2252.000000,31.000000,66.000000,108.000000,118.000000,174.000000,426.000000,596.000000,580.000000,12.299900,30.787400,45.718800,46.617800,193.660500,436.222400,690.916000,759.274400,726.000000,1724.000000,2464.000000,2252.000000,31.000000,66.000000,108.000000,118.000000,174.000000,426.000000,596.000000,580.000000,12.299900,30.787400,45.718800,46.617800,9.241600,16.993600,29.944000,31.433600,49.000000,91.000000,133.000000,140.000000,2.000000,4.000000,4.000000,4.000000,12.000000,20.000000,20.000000,0.562500,1.140000,2.010000,1.995000,9.241600,16.000533,30.653333,47.221333,49.000000,86.333333,156.333333,205.333333,2.000000,4.000000,6.000000,4.000000,12.000000,22.666667,26.666667,0.562500,1.150000,2.210000,2.940000,3.348900,33.379200,59.584800,72.102000,676.000000,1092.000000,1976.000000,1976.000000,12.000000,16.000000,108.000000,216.000000,240.000000,1.562500,5.625000,11.450000,13.400000,390.669900,939.203200,1778.249600,2454.612000,2128.000000,5632.000000,10350.000000,12712.000000,63.000000,144.000000,270.000000,364.000000,414.000000,1140.000000,2022.000000,2652.000000,26.162300,72.824800,131.212600,174.995600,0.490000,2.310000,1.820000,1.000000,9.000000,8.000000,-2.000000,-2.000000,-2.000000,-0.020000,0.320000,0.340000,0.816667,2.076667,2.706667,1.666667,5.666667,12.666667,-2.000000,-3.333333,-1.333333,-0.033333,0.053333,0.580000,-7.260000,-10.600000,-10.120000,114.000000,236.000000,340.000000,18.000000,36.000000,56.000000,3.000000,5.840000,9.280000
KALXAY,3.000000,3.000000,193.660500,436.222400,690.916000,759.274400,726.000000,1724.000000,2464.000000,2252.000000,31.000000,66.000000,108.000000,118.000000,174.000000,426.000000,596.000000,580.000000,12.299900,30.787400,45.718800,46.617800,193.660500,436.222400,690.916000,759.274400,726.000000,1724.000000,2464.000000,2252.000000,31.000000,66.000000,108.000000,118.000000,174.000000,426.000000,596.000000,580.000000,12.299900,30.787400,45.718800,46.617800,9.241600,16.993600,29.944000,31.433600,49.000000,91.000000,133.000000,140.000000,2.000000,4.000000,4.000000,4.000000,12.000000,20.000000,20.000000,0.562500,1.140000,2.010000,1.995000,9.241600,16.000533,30.653333,47.221333,49.000000,86.333333,156.333333,205.333333,2.000000,4.000000,6.000000,4.000000,12.000000,22.666667,26.666667,0.562500,1.150000,2.210000,2.940000,3.348900,33.379200,59.584800,72.102000,676.000000,1092.000000,1976.000000,1976.000000,12.000000,16.000000,108.000000,216.000000,240.000000,1.562500,5.625000,11.450000,13.400000,390.669900,939.203200,1778.249600,2454.612000,2128.000000,5632.000000,10350.000000,12712.000000,63.000000,144.000000,270.000000,364.000000,414.000000,1140.000000,2022.000000,2652.000000,26.162300,72.824800,131.212600,174.995600,0.490000,2.310000,1.820000,1.000000,9.000000,8.000000,-2.000000,-2.000000,-2.000000,-0.020000,0.320000,0.340000,0.816667,2.076667,2.706667,1.666667,5.666667,12.666667,-2.000000,-3.333333,-1.333333,-0.033333,0.053333,0.580000,-7.260000,-10.600000,-10.120000,114.000000,236.000000,340.000000,18.000000,36.000000,56.000000,3.000000,5.840000,9.280000
KALXAY01,3.000000,3.000000,193.660500,436.222400,690.916000,759.274400,726.000000,1724.000000,2464.000000,2252.000000,31.000000,66.000000,108.000000,118.000000,174.000000,426.000000,596.000000,580.000000,12.299900,30.787400,45.718800,46.617800,193.660500,436.222400,690.916000,759.274400,726.000000,1724.000000,2464.000000,2252.000000,31.000000,66.000000,108.000000,118.000000,174.000000,426.000000,596.000000,580.000000,12.299900,30.787400,45.718800,46.617800,9.241600,16.993600,29.944000,31.433600,49.000000,91.000000,133.000000,140.000000,2.000000,4.000000,4.000000,4.000000,12.000000,20.000000,20.000000,0.562500,1.140000,2.010000,1.995000,9.241600,16.000533,30.653333,47.221333,49.000000,86.333333,156.333333,205.333333,2.000000,4.000000,6.000000,4.000000,12.000000,22.666667,26.666667,0.562500,1.150000,2.210000,2.940000,3.348900,33.379200,59.584800,72.102000,676.000000,1092.000000,1976.000000,1976.000000,12.000000,16.000000,108.000000,216.000000,240.000000,1.562500,5.625000,11.450000,13.400000,390.669900,939.203200,1778.249600,2454.612000,2128.000000,5632.000000,10350.000000,12712.000000,63.000000,144.000000,270.000000,364.000000,414.000000,1140.000000,2022.000000,2652.000000,26.162300,72.824800,131.212600,174.995600,0.490000,2.310000,1.820000,1.000000,9.000000,8.000000,-2.000000,-2.000000,-2.000000,-0.020000,0.320000,0.340000,0.816667,2.076667,2.706667,1.666667,5.666667,12.666667,-2.000000,-3.333333,-1.333333,-0.033333,0.053333,0.580000,-7.260000,-10.600000,-10.120000,114.000000,236.000000,340.000000,18.000000,36.000000,56.000000,3.000000,5.840000,9.280000
KEKVIF,2.000000,1.500000,135.233200,307.836000,484.936000,583.694200,538.000000,1296.000000,1852.000000,1936.000000,22.000000,48.000000,76.000000,94.000000,124.000000,312.000000,452.000000,476.000000,9.335000,23.408000,34.990000,38.577400,78.816850,168.249000,250.311200,291.847100,439.500000,786.000000,1038.000000,968.000000,12.500000,26.000000,39.000000,47.000000,65.000000,160.000000,227.000000,238.000000,5.765400,13.066900,18.260000,19.288700,9.241600,15.504000,29.944000,39.185600,49.000000,84.000000,133.000000,182.000000,2.000000,4.000000,5.000000,4.000000,12.000000,20.000000,24.000000,0.562500,1.155000,2.010000,2.572500,9.241600,11.628000,18.893600,19.592800,49.000000,63.000000,122.500000,91.000000,1.500000,2.500000,2.500000,2.500000,7.000000,10.500000,12.000000,0.562500,0.866250,1.387500,1.286250,3.348900,33.379200,46.665000,62.878800,676.000000,1092.000000,1560.000000,2184.000000,10.000000,14.000000,96.000000,168.000000,180.000000,1.562500,5.625000,9.625000,12.100000,318.616300,739.754400,1371.822800,1969.363600,2434.000000,5328.000000,8742.000000,11908.000000,51.000000,116.000000,206.000000,304.000000,322.000000,888.000000,1540.000000,2040.000000,24.624100,63.517600,109.165000,152.234800,0.980000,2.310000,2.310000,2.000000,9.000000,9.000000,-2.000000,-2.000000,-2.000000,-0.040000,0.320000,0.320000,0.735000,1.385000,1.155000,1.500000,0.000000,4.500000,-1.500000,-1.000000,-1.000000,-0.030000,0.025000,0.160000,-7.260000,-7.200000,-8.740000,114.000000,200.000000,280.000000,20.000000,32.000000,54.000000,3.000000,4.800000,7.820000
KEKVIF01,2.000000,1.500000,135.233200,307.836000,484.936000,583.694200,538.000000,1296.000000,1852.000000,1936.000000,22.000000,48.000000,76.000000,94.000000,124.000000,312.000000,452.000000,476.000000,9.335000,23.408000,34.990000,38.577400,78.816850,168.249000,250.311200,291.847100,439.500000,786.000000,1038.000000,968.000000,12.500000,26.000000,39.000000,47.000000,65.000000,160.000000,227.000000,238.000000,5.765400,13.066900,18.260000,19.288700,9.241600,15.504000,29.944000,39.185600,49.000000,84.000000,133.000000,182.000000,2.000000,4.000000,5.000000,4.000000,12.000000,20.000000,24.000000,0.562500,1.155000,2.010000,2.572500,9.241600,11.628000,18.893600,19.592800,49.000000,63.000000,122.500000,91.000000,1.500000,2.500000,2.500000,2.500000,7.000000,10.500000,12.000000,0.562500,0.866250,1.387500,1.286250,3.348900,33.379200,46.665000,62.878800,676.000000,1092.000000,1560.000000,2184.000000,10.000000,14.000000,96.000000,168.000000,180.000000,1.562500,5.625000,9.625000,12.100000,318.616300,739.754400,1371.822800,1969.363600,2434.000000,5328.000000,8742.000000,11908.000000,51.000000,116.000000,206.000000,304.000000,322.000000,888.000000,1540.000000,2040.000000,24.624100,63.517600,109.165000,152.234800,0.980000,2.310000,2.310000,2.000000,9.000000,9.000000,-2.000000,-2.000000,-2.000000,-0.040000,0.320000,0.320000,0.735000,1.385000,1.155000,1.500000,0.000000,4.500000,-1.500000,-1.000000,-1.000000,-0.030000,0.025000,0.160000,-7.260000,-7.200000,-8.740000,114.000000,200.000000,280.000000,20.000000,32.000000,54.000000,3.000000,4.800000,7.820000
KEZPEK,6.000000,6.000000,360.034600,804.321000,1338.098000,1676.188000,1258.000000,3024.000000,4100.000000,4210.000000,60.000000,126.000000,212.000000,274.000000,338.000000,848.000000,1204.000000,1378.000000,22.623600,57.026200,84.935600,97.736200,360.034600,804.321000,1338.098000,1676.188000,1258.000000,3024.000000,4100.000000,4210.000000,60.000000,126.000000,212.000000,274.000000,338.000000,848.000000,1204.000000,1378.000000,22.623600,57.026200,84.935600,97.736200,9.241600,19.380000,46.664000,50.175200,49.000000,105.000000,150.500000,182.000000,2.500000,6.500000,6.500000,6.500000,24.000000,35.000000,32.500000,0.562500,1.443750,2.703750,2.823750,9.241600,17.442000,38.304000,46.960400,49.000000,94.500000,141.750000,150.500000,2.250000,5.250000,6.250000,5.250000,18.000000,28.500000,26.250000,0.562500,1.299375,2.356875,2.536875,3.348900,33.379200,65.331000,101.748000,676.000000,1092.000000,2184.000000,1664.000000,14.000000,24.000000,120.000000,288.000000,240.000000,1.562500,5.625000,13.475000,15.100000,363.383500,871.079400,1746.008000,2717.508000,1934.000000,5208.000000,9938.000000,12088.000000,61.000000,138.000000,270.000000,432.000000,408.000000,1184.000000,2264.000000,3208.000000,24.186100,68.276200,128.760600,191.611200,1.225000,4.410000,3.255000,2.500000,24.000000,19.500000,-2.500000,4.000000,4.000000,-0.050000,1.270000,1.110000,1.102500,3.360000,3.552500,2.250000,16.500000,22.250000,-2.250000,0.500000,3.000000,-0.045000,0.795000,1.305000,-7.260000,-10.080000,-11.680000,114.000000,280.000000,560.000000,16.000000,36.000000,104.000000,3.000000,6.720000,17.920000
KEZPIO,6.000000,6.000000,360.034600,804.321000,1338.098000,1676.188000,1258.000000,3024.000000,4100.000000,4210.000000,60.000000,126.000000,212.000000,274.000000,338.000000,848.000000,1204.000000,1378.000000,22.623600,57.026200,84.935600,97.736200,360.034600,804.321000,1338.098000,1676.188000,1258.000000,3024.000000,4100.000000,4210.000000,60.000000,126.000000,212.000000,274.000000,338.000000,848.000000,1204.000000,1378.000000,22.623600,57.026200,84.935600,97.736200,9.241600,19.380000,46.664000,50.175200,49.000000,105.000000,150.500000,182.000000,2.500000,6.500000,6.500000,6.500000,24.000000,35.000000,32.500000,0.562500,1.443750,2.703750,2.823750,9.241600,17.442000,38.304000,46.960400,49.000000,94.500000,141.750000,150.500000,2.250000,5.250000,6.250000,5.250000,18.000000,28.500000,26.250000,0.562500,1.299375,2.356875,2.536875,3.348900,33.379200,65.331000,101.748000,676.000000,1092.000000,2184.000000,1664.000000,14.000000,24.000000,120.000000,288.000000,240.000000,1.562500,5.625000,13.475000,15.100000,363.383500,871.079400,1746.008000,2717.508000,1934.000000,5208.000000,9938.000000,12088.000000,61.000000,138.000000,270.000000,432.000000,408.000000,1184.000000,2264.000000,3208.000000,24.186100,68.276200,128.760600,191.611200,1.225000,4.410000,3.255000,2.500000,24.000000,19.500000,-2.500000,4.000000,4.000000,-0.050000,1.270000,1.110000,1.102500,3.360000,3.552500,2.250000,16.500000,22.250000,-2.250000,0.500000,3.000000,-0.045000,0.795000,1.305000,-7.260000,-10.080000,-11.680000,114.000000,280.000000,560.000000,16.000000,36.000000,104.000000,3.000000,6.720000,17.920000
KEZPIO01,6.000000,6.000000,360.034600,804.321000,1338.098000,1676.188000,1258.000000,3024.000000,4100.000000,4210.000000,60.000000,126.000000,212.000000,274.000000,338.000000,848.000000,1204.000000,1378.000000,22.623600,57.026200,84.935600,97.736200,360.034600,804.321000,1338.098000,1676.188000,1258.000000,3024.000000,4100.000000,4210.000000,60.000000,126.000000,212.000000,274.000000,338.000000,848.000000,1204.000000,1378.000000,22.623600,57.026200,84.935600,97.736200,9.241600,19.380000,46.664000,50.175200,49.000000,105.000000,150.500000,182.000000,2.500000,6.500000,6.500000,6.500000,24.000000,35.000000,32.500000,0.562500,1.443750,2.703750,2.823750,9.241600,17.442000,38.304000,46.960400,49.000000,94.500000,141.750000,150.500000,2.250000,5.250000,6.250000,5.250000,18.000000,28.500000,26.250000,0.562500,1.299375,2.356875,2.536875,3.348900,33.379200,65.331000,101.748000,676.000000,1092.000000,2184.000000,1664.000000,14.000000,24.000000,120.000000,288.000000,240.000000,1.562500,5.625000,13.475000,15.100000,363.383500,871.079400,1746.008000,2717.508000,1934.000000,5208.000000,9938.000000,12088.000000,61.000000,138.000000,270.000000,432.000000,408.000000,1184.000000,2264.000000,3208.000000,24.186100,68.276200,128.760600,191.611200,1.225000,4.410000,3.255000,2.500000,24.000000,19.500000,-2.500000,4.000000,4.000000,-0.050000,1.270000,1.110000,1.102500,3.360000,3.552500,2.250000,16.500000,22.250000,-2.250000,0.500000,3.000000,-0.045000,0.795000,1.305000,-7.260000,-10.080000,-11.680000,114.000000,280.000000,560.000000,16.000000,36.000000,104.000000,3.000000,6.720000,17.920000
KIFLOD,6.000000,6.000000,385.749600,873.069000,1590.608000,2166.536000,1194.000000,3000.000000,4184.000000,4814.000000,66.000000,138.000000,256.000000,362.000000,394.000000,1024.000000,1508.000000,1918.000000,22.533000,59.151400,93.723200,119.825000,385.749600,873.069000,1590.608000,2166.536000,1194.000000,3000.000000,4184.000000,4814.000000,66.000000,138.000000,256.000000,362.000000,394.000000,1024.000000,1508.000000,1918.000000,22.533000,59.151400,93.723200,119.825000,9.241600,19.380000,46.664000,55.054400,49.000000,105.000000,150.500000,150.500000,2.500000,6.500000,7.500000,6.500000,24.000000,38.000000,34.000000,0.562500,1.443750,2.703750,2.808750,9.241600,21.318000,55.024000,57.896800,49.000000,115.500000,159.250000,180.250000,2.750000,7.750000,7.750000,7.750000,30.000000,44.500000,41.000000,0.562500,1.588125,3.050625,3.099375,3.348900,33.379200,74.664000,132.675000,676.000000,1092.000000,2496.000000,1612.000000,16.000000,32.000000,132.000000,360.000000,276.000000,1.562500,5.625000,15.400000,17.800000,389.098500,939.827400,2017.184000,3362.734000,1870.000000,5184.000000,10646.000000,13092.000000,67.000000,150.000000,318.000000,548.000000,468.000000,1408.000000,2814.000000,4272.000000,24.095500,70.401400,141.398200,226.030000,1.225000,4.410000,4.690000,2.500000,24.000000,31.000000,-2.500000,3.000000,6.500000,-0.050000,1.270000,1.880000,1.347500,5.460000,4.515000,2.750000,31.500000,28.500000,-2.750000,6.500000,7.250000,-0.055000,1.745000,1.680000,-7.260000,-11.520000,-13.940000,114.000000,320.000000,770.000000,14.000000,36.000000,146.000000,3.000000,7.680000,25.760000
KIFLUJ,6.000000,6.000000,385.749600,873.069000,1590.608000,2166.536000,1194.000000,3000.000000,4184.000000,4814.000000,66.000000,138.000000,256.000000,362.000000,394.000000,1024.000000,1508.000000,1918.000000,22.533000,59.151400,93.723200,119.825000,385.749600,873.069000,1590.608000,2166.536000,1194.000000,3000.000000,4184.000000,4814.000000,66.000000,138.000000,256.000000,362.000000,394.000000,1024.000000,1508.000000,1918.000000,22.533000,59.151400,93.723200,119.825000,9.241600,19.380000,46.664000,55.054400,49.000000,105.000000,150.500000,150.500000,2.500000,6.500000,7.500000,6.500000,24.000000,38.000000,34.000000,0.562500,1.443750,2.703750,2.808750,9.241600,21.318000,55.024000,57.896800,49.000000,115.500000,159.250000,180.250000,2.750000,7.750000,7.750000,7.750000,30.000000,44.500000,41.000000,0.562500,1.588125,3.050625,3.099375,3.348900,33.379200,74.664000,132.675000,676.000000,1092.000000,2496.000000,1612.000000,16.000000,32.000000,132.000000,360.000000,276.000000,1.562500,5.625000,15.400000,17.800000,389.098500,939.827400,2017.184000,3362.734000,1870.000000,5184.000000,10646.000000,13092.000000,67.000000,150.000000,318.000000,548.000000,468.000000,1408.000000,2814.000000,4272.000000,24.095500,70.401400,141.398200,226.030000,1.225000,4.410000,4.690000,2.500000,24.000000,31.000000,-2.500000,3.000000,6.500000,-0.050000,1.270000,1.880000,1.347500,5.460000,4.515000,2.750000,31.500000,28.500000,-2.750000,6.500000,7.250000,-0.055000,1.745000,1.680000,-7.260000,-11.520000,-13.940000,114.000000,320.000000,770.000000,14.000000,36.000000,146.000000,3.000000,7.680000,25.760000
KIFMAQ,6.000000,6.000000,385.749600,873.069000,1590.608000,2166.536000,1194.000000,3000.000000,4184.000000,4814.000000,66.000000,138.000000,256.000000,362.000000,394.000000,1024.000000,1508.000000,1918.000000,22.533000,59.151400,93.723200,119.825000,385.749600,873.069000,1590.608000,2166.536000,1194.000000,3000.000000,4184.000000,4814.000000,66.000000,138.000000,256.000000,362.000000,394.000000,1024.000000,1508.000000,1918.000000,22.533000,59.151400,93.723200,119.825000,9.241600,19.380000,46.664000,55.054400,49.000000,105.000000,150.500000,150.500000,2.500000,6.500000,7.500000,6.500000,24.000000,38.000000,34.000000,0.562500,1.443750,2.703750,2.808750,9.241600,21.318000,55.024000,57.896800,49.000000,115.500000,159.250000,180.250000,2.750000,7.750000,7.750000,7.750000,30.000000,44.500000,41.000000,0.562500,1.588125,3.050625,3.099375,3.348900,33.379200,74.664000,132.675000,676.000000,1092.000000,2496.000000,1612.000000,16.000000,32.000000,132.000000,360.000000,276.000000,1.562500,5.625000,15.400000,17.800000,389.098500,939.827400,2017.184000,3362.734000,1870.000000,5184.000000,10646.000000,13092.000000,67.000000,150.000000,318.000000,548.000000,468.000000,1408.000000,2814.000000,4272.000000,24.095500,70.401400,141.398200,226.030000,1.225000,4.410000,4.690000,2.500000,24.000000,31.000000,-2.500000,3.000000,6.500000,-0.050000,1.270000,1.880000,1.347500,5.460000,4.515000,2.750000,31.500000,28.500000,-2.750000,6.500000,7.250000,-0.055000,1.745000,1.680000,-7.260000,-11.520000,-13.940000,114.000000,320.000000,770.000000,14.000000,36.000000,146.000000,3.000000,7.680000,25.760000
KIFMAQ01,6.000000,6.000000,385.749600,873.069000,1590.608000,2166.536000,1194.000000,3000.000000,4184.000000,4814.000000,66.000000,138.000000,256.000000,362.000000,394.000000,1024.000000,1508.000000,1918.000000,22.533000,59.151400,93.723200,119.825000,385.749600,873.069000,1590.608000,2166.536000,1194.000000,3000.000000,4184.000000,4814.000000,66.000000,138.000000,256.000000,362.000000,394.000000,1024.000000,1508.000000,1918.000000,22.533000,59.151400,93.723200,119.825000,9.241600,19.380000,46.664000,55.054400,49.000000,105.000000,150.500000,150.500000,2.500000,6.500000,7.500000,6.500000,24.000000,38.000000,34.000000,0.562500,1.443750,2.703750,2.808750,9.241600,21.318000,55.024000,57.896800,49.000000,115.500000,159.250000,180.250000,2.750000,7.750000,7.750000,7.750000,30.000000,44.500000,41.000000,0.562500,1.588125,3.050625,3.099375,3.348900,33.379200,74.664000,132.675000,676.000000,1092.000000,2496.000000,1612.000000,16.000000,32.000000,132.000000,360.000000,276.000000,1.562500,5.625000,15.400000,17.800000,389.098500,939.827400,2017.184000,3362.734000,1870.000000,5184.000000,10646.000000,13092.000000,67.000000,150.000000,318.000000,548.000000,468.000000,1408.000000,2814.000000,4272.000000,24.095500,70.401400,141.398200,226.030000,1.225000,4.410000,4.690000,2.500000,24.000000,31.000000,-2.500000,3.000000,6.500000,-0.050000,1.270000,1.880000,1.347500,5.460000,4.515000,2.750000,31.500000,28.500000,-2.750000,6.500000,7.250000,-0.055000,1.745000,1.680000,-7.260000,-11.520000,-13.940000,114.000000,320.000000,770.000000,14.000000,36.000000,146.000000,3.000000,7.680000,25.760000
KOKKUR,3.000000,3.000000,186.081400,417.711200,660.357000,765.075400,712.000000,1694.000000,2328.000000,2140.000000,30.000000,64.000000,102.000000,122.000000,166.000000,412.000000,570.000000,564.000000,12.193400,30.277200,44.305400,45.737800,186.081400,417.711200,660.357000,765.075400,712.000000,1694.000000,2328.000000,2140.000000,30.000000,64.000000,102.000000,122.000000,166.000000,412.000000,570.000000,564.000000,12.193400,30.277200,44.305400,45.737800,9.241600,15.504000,29.944000,40.933600,49.000000,84.000000,133.000000,133.000000,2.000000,4.000000,5.500000,4.000000,12.000000,21.000000,20.000000,0.562500,1.155000,2.010000,2.261250,9.241600,16.497067,30.653333,47.976267,49.000000,88.666667,156.333333,151.666667,2.000000,4.000000,6.500000,4.000000,12.000000,24.333333,22.666667,0.562500,1.145000,2.210000,2.638750,3.348900,33.379200,57.791400,81.435000,676.000000,1092.000000,1924.000000,2288.000000,12.000000,18.000000,108.000000,216.000000,288.000000,1.562500,5.625000,11.500000,15.325000,375.511700,902.180800,1713.544800,2486.096000,2100.000000,5572.000000,9974.000000,13140.000000,61.000000,140.000000,258.000000,380.000000,398.000000,1112.000000,1978.000000,2736.000000,25.949300,71.804400,128.485800,179.695600,0.980000,2.310000,3.255000,2.000000,9.000000,19.500000,-2.000000,-2.500000,1.000000,-0.040000,0.320000,1.110000,0.653333,2.076667,3.978333,1.333333,5.666667,23.833333,-2.000000,-4.166667,1.666667,-0.026667,0.053333,1.356667,-7.260000,-9.620000,-11.560000,114.000000,238.000000,380.000000,18.000000,36.000000,60.000000,3.000000,5.800000,10.240000
KOKKUR02,3.000000,3.000000,186.081400,417.711200,660.357000,765.075400,712.000000,1694.000000,2328.000000,2140.000000,30.000000,64.000000,102.000000,122.000000,166.000000,412.000000,570.000000,564.000000,12.193400,30.277200,44.305400,45.737800,186.081400,417.711200,660.357000,765.075400,712.000000,1694.000000,2328.000000,2140.000000,30.000000,64.000000,102.000000,122.000000,166.000000,412.000000,570.000000,564.000000,12.193400,30.277200,44.305400,45.737800,9.241600,15.504000,29.944000,40.933600,49.000000,84.000000,133.000000,133.000000,2.000000,4.000000,5.500000,4.000000,12.000000,21.000000,20.000000,0.562500,1.155000,2.010000,2.261250,9.241600,16.497067,30.653333,47.976267,49.000000,88.666667,156.333333,151.666667,2.000000,4.000000,6.500000,4.000000,12.000000,24.333333,22.666667,0.562500,1.145000,2.210000,2.638750,3.348900,33.379200,57.791400,81.435000,676.000000,1092.000000,1924.000000,2288.000000,12.000000,18.000000,108.000000,216.000000,288.000000,1.562500,5.625000,11.500000,15.325000,375.511700,902.180800,1713.544800,2486.096000,2100.000000,5572.000000,9974.000000,13140.000000,61.000000,140.000000,258.000000,380.000000,398.000000,1112.000000,1978.000000,2736.000000,25.949300,71.804400,128.485800,179.695600,0.980000,2.310000,3.255000,2.000000,9.000000,19.500000,-2.000000,-2.500000,1.000000,-0.040000,0.320000,1.110000,0.653333,2.076667,3.978333,1.333333,5.666667,23.833333,-2.000000,-4.166667,1.666667,-0.026667,0.053333,1.356667,-7.260000,-9.620000,-11.560000,114.000000,238.000000,380.000000,18.000000,36.000000,60.000000,3.000000,5.800000,10.240000
KUHRUC,1.000000,4.000000,22.400500,28.662000,15.686400,0.000000,341.000000,276.000000,224.000000,0.000000,3.000000,4.000000,2.000000,0.000000,6.000000,8.000000,2.000000,0.000000,2.195800,2.725800,1.530000,0.000000,295.304600,661.855000,1046.980800,1269.802200,1106.000000,2620.000000,3720.000000,3834.000000,48.000000,102.000000,164.000000,200.000000,266.000000,654.000000,908.000000,982.000000,19.156800,47.756600,70.115600,78.960000,9.241600,7.752000,7.843200,0.000000,49.000000,42.000000,112.000000,0.000000,1.000000,1.000000,0.000000,1.000000,2.000000,1.000000,0.000000,0.562500,0.577500,0.765000,0.000000,9.241600,15.504000,31.965600,44.596800,49.000000,84.000000,157.500000,168.000000,2.000000,4.000000,6.000000,4.000000,12.000000,22.000000,26.000000,0.562500,1.155000,2.145000,2.707500,3.348900,33.379200,46.665000,65.953200,676.000000,1092.000000,1560.000000,2496.000000,10.000000,14.000000,96.000000,168.000000,204.000000,1.562500,5.625000,9.625000,13.050000,343.454500,785.937400,1448.931600,2065.401400,2464.000000,5356.000000,8758.000000,12424.000000,55.000000,122.000000,218.000000,314.000000,340.000000,918.000000,1552.000000,2106.000000,25.110900,64.458200,109.300600,154.755000,0.490000,0.460000,0.000000,1.000000,-9.000000,0.000000,-1.000000,0.000000,0.000000,-0.020000,-0.270000,0.000000,0.980000,1.645000,3.570000,2.000000,5.500000,18.000000,-2.000000,-3.000000,-1.000000,-0.040000,0.140000,0.890000,-7.260000,-7.200000,-10.420000,114.000000,200.000000,268.000000,20.000000,32.000000,50.000000,3.000000,4.800000,7.060000
KULTAO04,2.000000,1.500000,267.777600,570.602000,975.759600,1127.858200,1170.000000,2570.000000,4200.000000,4390.000000,38.000000,84.000000,138.000000,170.000000,222.000000,564.000000,842.000000,948.000000,17.126200,42.489200,66.998200,76.008600,145.089050,299.632000,495.723000,563.929100,755.500000,1423.000000,2212.000000,2195.000000,20.500000,44.000000,70.000000,85.000000,114.000000,286.000000,422.000000,474.000000,9.661000,22.607500,34.264100,38.004300,9.241600,15.504000,29.944000,39.185600,49.000000,84.000000,133.000000,182.000000,2.000000,4.000000,5.000000,4.000000,12.000000,20.000000,24.000000,0.562500,1.155000,2.010000,2.572500,9.241600,11.628000,18.893600,19.592800,49.000000,63.000000,122.500000,91.000000,1.500000,2.500000,2.500000,2.500000,7.000000,10.500000,12.000000,0.562500,0.866250,1.387500,1.286250,3.348900,33.379200,46.665000,62.878800,676.000000,1092.000000,1560.000000,2184.000000,10.000000,14.000000,96.000000,168.000000,180.000000,1.562500,5.625000,9.625000,12.100000,583.705100,1265.286400,2353.470000,3057.691600,3698.000000,7876.000000,13438.000000,16816.000000,83.000000,188.000000,330.000000,456.000000,518.000000,1392.000000,2320.000000,2984.000000,40.206500,101.680000,173.181400,227.097200,0.980000,2.310000,2.310000,2.000000,9.000000,9.000000,-2.000000,-2.000000,-2.000000,-0.040000,0.320000,0.320000,0.735000,1.385000,1.155000,1.500000,0.000000,4.500000,-1.500000,-1.000000,-1.000000,-0.030000,0.025000,0.160000,-7.260000,-7.200000,-8.740000,114.000000,200.000000,280.000000,20.000000,32.000000,54.000000,3.000000,4.800000,7.820000
KULTAO05,2.000000,1.500000,267.777600,570.602000,975.759600,1127.858200,1170.000000,2570.000000,4200.000000,4390.000000,38.000000,84.000000,138.000000,170.000000,222.000000,564.000000,842.000000,948.000000,17.126200,42.489200,66.998200,76.008600,145.089050,299.632000,495.723000,563.929100,755.500000,1423.000000,2212.000000,2195.000000,20.500000,44.000000,70.000000,85.000000,114.000000,286.000000,422.000000,474.000000,9.661000,22.607500,34.264100,38.004300,9.241600,15.504000,29.944000,39.185600,49.000000,84.000000,133.000000,182.000000,2.000000,4.000000,5.000000,4.000000,12.000000,20.000000,24.000000,0.562500,1.155000,2.010000,2.572500,9.241600,11.628000,18.893600,19.592800,49.000000,63.000000,122.500000,91.000000,1.500000,2.500000,2.500000,2.500000,7.000000,10.500000,12.000000,0.562500,0.866250,1.387500,1.286250,3.348900,33.379200,46.665000,62.878800,676.000000,1092.000000,1560.000000,2184.000000,10.000000,14.000000,96.000000,168.000000,180.000000,1.562500,5.625000,9.625000,12.100000,583.705100,1265.286400,2353.470000,3057.691600,3698.000000,7876.000000,13438.000000,16816.000000,83.000000,188.000000,330.000000,456.000000,518.000000,1392.000000,2320.000000,2984.000000,40.206500,101.680000,173.181400,227.097200,0.980000,2.310000,2.310000,2.000000,9.000000,9.000000,-2.000000,-2.000000,-2.000000,-0.040000,0.320000,0.320000,0.735000,1.385000,1.155000,1.500000,0.000000,4.500000,-1.500000,-1.000000,-1.000000,-0.030000,0.025000,0.160000,-7.260000,-7.200000,-8.740000,114.000000,200.000000,280.000000,20.000000,32.000000,54.000000,3.000000,4.800000,7.820000
LAGJEK01,1.000000,1.000000,69.331400,146.841600,210.886600,142.768000,272.000000,594.000000,694.000000,286.000000,10.000000,20.000000,30.000000,22.000000,50.000000,112.000000,130.000000,78.000000,3.983400,9.119200,11.622200,7.364200,69.331400,146.841600,210.886600,142.768000,272.000000,594.000000,694.000000,286.000000,10.000000,20.000000,30.000000,22.000000,50.000000,112.000000,130.000000,78.000000,3.983400,9.119200,11.622200,7.364200,9.241600,16.993600,25.171200,7.752000,49.000000,91.000000,105.000000,42.000000,2.000000,3.000000,1.000000,4.000000,10.000000,12.000000,8.000000,0.562500,1.140000,1.402500,0.577500,9.241600,16.993600,25.171200,7.752000,49.000000,91.000000,105.000000,42.000000,2.000000,3.000000,1.000000,4.000000,10.000000,12.000000,8.000000,0.562500,1.140000,1.402500,0.577500,3.348900,33.379200,61.378200,90.914400,676.000000,1092.000000,2028.000000,2340.000000,12.000000,18.000000,108.000000,180.000000,216.000000,1.562500,5.625000,11.400000,14.025000,419.337300,947.808000,1665.324000,2058.052800,2308.000000,5748.000000,9690.000000,11856.000000,61.000000,132.000000,234.000000,288.000000,366.000000,948.000000,1482.000000,1848.000000,25.462900,65.965200,109.408200,140.635200,0.490000,0.840000,0.490000,1.000000,6.000000,1.000000,-1.000000,0.000000,-2.000000,-0.020000,0.380000,-0.020000,0.490000,0.840000,0.490000,1.000000,6.000000,1.000000,-1.000000,0.000000,-2.000000,-0.020000,0.380000,-0.020000,-7.260000,-11.580000,-16.740000,114.000000,234.000000,378.000000,18.000000,42.000000,72.000000,3.000000,5.880000,11.280000
LAGJEK02,1.000000,1.000000,69.331400,146.841600,210.886600,142.768000,272.000000,594.000000,694.000000,286.000000,10.000000,20.000000,30.000000,22.000000,50.000000,112.000000,130.000000,78.000000,3.983400,9.119200,11.622200,7.364200,69.331400,146.841600,210.886600,142.768000,272.000000,594.000000,694.000000,286.000000,10.000000,20.000000,30.000000,22.000000,50.000000,112.000000,130.000000,78.000000,3.983400,9.119200,11.622200,7.364200,9.241600,16.993600,25.171200,7.752000,49.000000,91.000000,105.000000,42.000000,2.000000,3.000000,1.000000,4.000000,10.000000,12.000000,8.000000,0.562500,1.140000,1.402500,0.577500,9.241600,16.993600,25.171200,7.752000,49.000000,91.000000,105.000000,42.000000,2.000000,3.000000,1.000000,4.000000,10.000000,12.000000,8.000000,0.562500,1.140000,1.402500,0.577500,3.348900,33.379200,61.378200,90.914400,676.000000,1092.000000,2028.000000,2340.000000,12.000000,18.000000,108.000000,180.000000,216.000000,1.562500,5.625000,11.400000,14.025000,419.337300,947.808000,1665.324000,2058.052800,2308.000000,5748.000000,9690.000000,11856.000000,61.000000,132.000000,234.000000,288.000000,366.000000,948.000000,1482.000000,1848.000000,25.462900,65.965200,109.408200,140.635200,0.490000,0.840000,0.490000,1.000000,6.000000,1.000000,-1.000000,0.000000,-2.000000,-0.020000,0.380000,-0.020000,0.490000,0.840000,0.490000,1.000000,6.000000,1.000000,-1.000000,0.000000,-2.000000,-0.020000,0.380000,-0.020000,-7.260000,-11.580000,-16.740000,114.000000,234.000000,378.000000,18.000000,42.000000,72.000000,3.000000,5.880000,11.280000
LAQYIM,3.000000,3.000000,161.295500,365.332400,557.690000,597.712400,650.000000,1532.000000,2120.000000,1796.000000,25.000000,54.000000,84.000000,94.000000,138.000000,342.000000,476.000000,424.000000,10.566500,26.136600,38.225200,36.253000,161.295500,365.332400,557.690000,597.712400,650.000000,1532.000000,2120.000000,1796.000000,25.000000,54.000000,84.000000,94.000000,138.000000,342.000000,476.000000,424.000000,10.566500,26.136600,38.225200,36.253000,9.241600,16.993600,29.944000,30.369600,49.000000,91.000000,133.000000,105.000000,2.000000,4.000000,4.000000,4.000000,12.000000,20.000000,14.000000,0.562500,1.140000,2.010000,1.695000,9.241600,16.000533,30.653333,46.866667,49.000000,86.333333,156.333333,193.666667,2.000000,4.000000,6.000000,4.000000,12.000000,22.666667,24.666667,0.562500,1.150000,2.210000,2.840000,3.348900,33.379200,59.584800,72.102000,676.000000,1092.000000,1976.000000,1976.000000,12.000000,16.000000,108.000000,216.000000,240.000000,1.562500,5.625000,11.450000,13.400000,325.939900,797.423200,1511.797600,2131.488000,1976.000000,5248.000000,9662.000000,11800.000000,51.000000,120.000000,222.000000,316.000000,342.000000,972.000000,1782.000000,2316.000000,22.695500,63.523200,116.225400,154.266000,0.490000,2.310000,2.170000,1.000000,9.000000,13.000000,-2.000000,-2.000000,1.000000,-0.020000,0.320000,0.740000,0.816667,2.076667,2.823333,1.666667,5.666667,14.333333,-2.000000,-3.333333,-0.333333,-0.033333,0.053333,0.713333,-7.260000,-10.600000,-10.120000,114.000000,236.000000,340.000000,18.000000,36.000000,56.000000,3.000000,5.840000,9.280000
LARZAF,3.000000,3.000000,157.093700,352.888400,534.036800,517.676800,674.000000,1556.000000,2156.000000,1768.000000,23.000000,50.000000,76.000000,78.000000,126.000000,306.000000,416.000000,364.000000,10.231900,24.873800,35.734800,32.194600,157.093700,352.888400,534.036800,517.676800,674.000000,1556.000000,2156.000000,1768.000000,23.000000,50.000000,76.000000,78.000000,126.000000,306.000000,416.000000,364.000000,10.231900,24.873800,35.734800,32.194600,9.241600,15.504000,32.923200,23.681600,49.000000,84.000000,147.000000,98.000000,2.000000,4.000000,3.000000,4.000000,12.000000,18.000000,12.000000,0.562500,1.155000,1.980000,1.417500,9.241600,15.504000,31.646400,46.623467,49.000000,84.000000,161.000000,200.666667,2.000000,4.000000,5.666667,4.000000,12.000000,22.000000,21.333333,0.562500,1.155000,2.200000,2.727500,3.348900,33.379200,55.998000,79.275600,676.000000,1092.000000,1872.000000,2184.000000,12.000000,16.000000,108.000000,216.000000,216.000000,1.562500,5.625000,11.550000,13.200000,317.536300,772.535200,1457.317600,1926.180000,2024.000000,5296.000000,9526.000000,11880.000000,47.000000,112.000000,206.000000,284.000000,318.000000,900.000000,1654.000000,2132.000000,22.026300,60.997600,111.444600,146.349200,0.980000,1.330000,1.330000,2.000000,7.000000,7.000000,-2.000000,-1.000000,0.000000,-0.040000,0.360000,0.360000,0.980000,1.750000,1.890000,2.000000,5.000000,11.000000,-2.000000,-3.000000,0.666667,-0.040000,0.066667,0.613333,-7.260000,-8.640000,-14.040000,114.000000,240.000000,332.000000,18.000000,36.000000,60.000000,3.000000,5.760000,9.440000
LAYQUY,2.000000,1.500000,113.624800,252.230200,378.615000,397.229200,442.000000,1024.000000,1350.000000,1078.000000,18.000000,38.000000,58.000000,64.000000,96.000000,234.000000,314.000000,268.000000,7.389000,18.019400,25.473400,23.271600,68.012650,140.446100,197.150700,198.614600,391.500000,650.000000,787.000000,539.000000,10.500000,21.000000,30.000000,32.000000,51.000000,121.000000,158.000000,134.000000,4.792400,10.372600,13.501700,11.635800,9.241600,16.993600,29.944000,30.369600,49.000000,91.000000,133.000000,105.000000,2.000000,4.000000,4.000000,4.000000,12.000000,20.000000,14.000000,0.562500,1.140000,2.010000,1.695000,9.241600,11.628000,18.893600,19.060800,49.000000,63.000000,122.500000,73.500000,1.500000,2.500000,2.500000,2.500000,7.000000,10.500000,10.000000,0.562500,0.866250,1.387500,1.136250,3.348900,33.379200,48.458400,62.878800,676.000000,1092.000000,1612.000000,2184.000000,10.000000,14.000000,96.000000,168.000000,180.000000,1.562500,5.625000,9.575000,12.100000,275.399500,628.542800,1162.767600,1626.225600,2242.000000,4784.000000,7842.000000,10332.000000,43.000000,96.000000,170.000000,244.000000,266.000000,732.000000,1264.000000,1596.000000,20.732100,52.740400,90.031800,121.323200,0.490000,2.310000,2.170000,1.000000,9.000000,13.000000,-2.000000,-2.000000,1.000000,-0.020000,0.320000,0.740000,0.735000,1.385000,1.330000,1.500000,0.000000,7.000000,-1.500000,-1.000000,0.000000,-0.030000,0.025000,0.360000,-7.260000,-8.180000,-8.740000,114.000000,198.000000,280.000000,20.000000,32.000000,54.000000,3.000000,4.840000,7.820000
LAYRAF,2.000000,1.500000,113.624800,251.750000,381.594200,400.208400,442.000000,1022.000000,1364.000000,1092.000000,18.000000,38.000000,58.000000,64.000000,96.000000,234.000000,314.000000,268.000000,7.389000,18.018600,25.443400,23.241600,68.012650,140.206000,198.640300,200.104200,391.500000,649.000000,794.000000,546.000000,10.500000,21.000000,30.000000,32.000000,51.000000,121.000000,158.000000,134.000000,4.792400,10.372200,13.486700,11.620800,9.241600,15.504000,31.433600,30.369600,49.000000,84.000000,140.000000,105.000000,2.000000,4.000000,4.000000,4.000000,12.000000,20.000000,14.000000,0.562500,1.155000,1.995000,1.695000,9.241600,11.628000,18.893600,19.805600,49.000000,63.000000,122.500000,77.000000,1.500000,2.500000,2.500000,2.500000,7.000000,10.500000,10.000000,0.562500,0.866250,1.387500,1.128750,3.348900,33.379200,46.665000,64.672200,676.000000,1092.000000,1560.000000,2236.000000,10.000000,14.000000,96.000000,168.000000,180.000000,1.562500,5.625000,9.625000,12.050000,275.399500,627.582400,1165.139200,1605.978800,2242.000000,4780.000000,7766.000000,10324.000000,43.000000,96.000000,170.000000,244.000000,266.000000,732.000000,1264.000000,1596.000000,20.732100,52.738800,90.071800,121.463200,0.980000,1.820000,2.170000,2.000000,8.000000,13.000000,-2.000000,-2.000000,1.000000,-0.040000,0.340000,0.740000,0.735000,1.385000,1.085000,1.500000,0.000000,6.500000,-1.500000,-1.000000,0.000000,-0.030000,0.025000,0.370000,-7.260000,-7.200000,-9.720000,114.000000,200.000000,278.000000,20.000000,32.000000,54.000000,3.000000,4.800000,7.860000
LAYREJ01,2.000000,1.500000,113.624800,252.230200,378.615000,397.229200,442.000000,1024.000000,1350.000000,1078.000000,18.000000,38.000000,58.000000,64.000000,96.000000,234.000000,314.000000,268.000000,7.389000,18.019400,25.473400,23.271600,68.012650,140.446100,197.150700,198.614600,391.500000,650.000000,787.000000,539.000000,10.500000,21.000000,30.000000,32.000000,51.000000,121.000000,158.000000,134.000000,4.792400,10.372600,13.501700,11.635800,9.241600,16.248800,29.944000,34.245600,49.000000,87.500000,133.000000,126.000000,2.000000,4.000000,4.500000,4.000000,12.000000,20.000000,17.000000,0.562500,1.147500,2.010000,1.983750,9.241600,12.000400,18.893600,17.122800,49.000000,64.750000,122.500000,63.000000,1.500000,2.500000,2.250000,2.500000,7.000000,10.500000,8.500000,0.562500,0.862500,1.387500,0.991875,3.348900,33.379200,48.458400,62.878800,676.000000,1092.000000,1612.000000,2184.000000,10.000000,14.000000,96.000000,168.000000,180.000000,1.562500,5.625000,9.575000,12.100000,275.399500,628.542800,1162.767600,1626.225600,2242.000000,4784.000000,7842.000000,10332.000000,43.000000,96.000000,170.000000,244.000000,266.000000,732.000000,1264.000000,1596.000000,20.732100,52.740400,90.031800,121.323200,0.735000,2.310000,2.415000,1.500000,9.000000,13.500000,-2.000000,-2.000000,0.500000,-0.030000,0.320000,0.730000,0.612500,1.385000,1.207500,1.250000,0.000000,6.750000,-1.500000,-1.000000,0.250000,-0.025000,0.025000,0.365000,-7.260000,-8.180000,-8.740000,114.000000,198.000000,280.000000,20.000000,32.000000,54.000000,3.000000,4.840000,7.820000
LINRAC,3.000000,5.000000,192.268000,419.602500,683.285700,852.712900,793.500000,1644.000000,2155.000000,2107.000000,32.000000,66.000000,109.000000,141.000000,175.000000,437.000000,620.000000,710.000000,12.493350,30.191700,43.856200,49.919700,362.135500,810.543000,1350.885000,1705.425800,1246.000000,3012.000000,4086.000000,4214.000000,61.000000,128.000000,216.000000,282.000000,344.000000,866.000000,1238.000000,1420.000000,22.790900,57.657600,86.182400,99.839400,9.241600,15.504000,35.613600,28.302400,49.000000,84.000000,140.000000,122.500000,2.000000,5.000000,3.500000,5.000000,19.000000,24.500000,22.500000,0.562500,1.155000,2.081250,1.698750,9.241600,17.442000,38.304000,46.588000,49.000000,94.500000,141.750000,148.750000,2.250000,5.250000,6.250000,5.250000,18.000000,28.500000,27.000000,0.562500,1.299375,2.356875,2.540625,3.348900,33.379200,60.664500,97.776900,676.000000,1092.000000,2028.000000,1898.000000,13.000000,23.000000,114.000000,264.000000,222.000000,1.562500,5.625000,12.512500,14.950000,387.884900,905.963400,1765.148400,2710.774800,2263.000000,5472.000000,9836.000000,12406.000000,65.000000,144.000000,274.000000,434.000000,418.000000,1190.000000,2198.000000,3046.000000,26.549200,71.633400,129.612400,191.074400,0.980000,3.485000,1.330000,2.000000,15.000000,7.000000,-2.000000,5.500000,3.000000,-0.040000,0.975000,0.360000,1.102500,3.360000,3.675000,2.250000,16.500000,22.500000,-2.250000,0.500000,2.750000,-0.045000,0.795000,1.300000,-7.260000,-9.360000,-11.340000,114.000000,260.000000,525.000000,17.000000,34.000000,101.000000,3.000000,6.240000,16.790000
LOQPAI,2.000000,1.500000,212.091400,479.757000,750.748000,915.813600,856.000000,2040.000000,2908.000000,3108.000000,34.000000,74.000000,116.000000,144.000000,190.000000,474.000000,668.000000,702.000000,14.565000,36.236200,53.531600,59.280800,117.245950,254.209500,383.217200,457.906800,598.500000,1158.000000,1566.000000,1554.000000,18.500000,39.000000,59.000000,72.000000,98.000000,241.000000,335.000000,351.000000,8.380400,19.481000,27.530800,29.640400,9.241600,15.504000,30.476000,47.150400,49.000000,84.000000,150.500000,210.000000,2.000000,4.000000,6.000000,4.000000,12.000000,22.000000,27.000000,0.562500,1.155000,2.160000,2.992500,9.241600,11.628000,19.159600,23.575200,49.000000,63.000000,131.250000,105.000000,1.500000,2.500000,3.000000,2.500000,7.000000,11.500000,13.500000,0.562500,0.866250,1.462500,1.496250,3.348900,33.379200,46.665000,64.159800,676.000000,1092.000000,1560.000000,2444.000000,10.000000,14.000000,96.000000,168.000000,204.000000,1.562500,5.625000,9.625000,13.100000,472.332700,1083.596400,1903.446800,2636.164400,3070.000000,6816.000000,10854.000000,14772.000000,75.000000,168.000000,286.000000,404.000000,454.000000,1212.000000,1980.000000,2552.000000,35.084100,89.174000,146.248200,195.641600,0.980000,2.135000,2.730000,2.000000,6.500000,12.000000,-2.000000,-3.000000,-1.500000,-0.040000,0.120000,0.510000,0.735000,1.297500,1.365000,1.500000,-1.250000,6.000000,-1.500000,-1.500000,-0.750000,-0.030000,-0.075000,0.255000,-7.260000,-7.200000,-9.440000,114.000000,200.000000,270.000000,20.000000,32.000000,50.000000,3.000000,4.800000,7.020000
LUWSUS,4.000000,2.000000,241.131400,536.571000,872.502000,1067.775600,862.000000,2052.000000,2760.000000,2748.000000,40.000000,84.000000,138.000000,174.000000,222.000000,552.000000,774.000000,852.000000,15.386400,38.438400,56.405400,62.995800,95.310800,197.965000,301.291600,355.925200,514.666667,868.000000,1069.333333,916.000000,15.333333,30.666667,47.333333,58.000000,78.000000,189.333333,259.333333,284.000000,6.592667,14.630000,19.821800,20.998600,9.241600,15.504000,29.944000,43.745600,49.000000,84.000000,133.000000,119.000000,2.000000,4.000000,6.000000,4.000000,12.000000,22.000000,20.000000,0.562500,1.155000,2.010000,2.250000,9.241600,11.628000,20.783467,15.787733,49.000000,63.000000,124.833333,65.333333,1.500000,2.833333,2.000000,2.833333,9.333333,11.833333,10.833333,0.562500,0.866250,1.411250,0.945000,3.348900,33.379200,51.331500,73.675800,676.000000,1092.000000,1716.000000,2002.000000,11.000000,17.000000,102.000000,204.000000,174.000000,1.562500,5.625000,10.587500,12.487500,289.281300,660.653400,1283.785800,1919.373600,2220.000000,4788.000000,8110.000000,10574.000000,47.000000,104.000000,194.000000,300.000000,298.000000,840.000000,1524.000000,2016.000000,21.340500,55.140000,97.515400,141.190800,0.980000,2.310000,3.850000,2.000000,9.000000,25.000000,-2.000000,-3.000000,2.000000,-0.040000,0.320000,1.500000,0.735000,1.776667,0.886667,1.500000,2.000000,4.666667,-1.500000,1.500000,0.833333,-0.030000,0.243333,0.240000,-7.260000,-7.920000,-9.150000,114.000000,220.000000,365.000000,19.000000,32.000000,73.000000,3.000000,5.280000,11.260000
LUWSUS01,4.000000,2.000000,241.131400,536.571000,872.502000,1067.775600,862.000000,2052.000000,2760.000000,2748.000000,40.000000,84.000000,138.000000,174.000000,222.000000,552.000000,774.000000,852.000000,15.386400,38.438400,56.405400,62.995800,95.310800,197.965000,301.291600,355.925200,514.666667,868.000000,1069.333333,916.000000,15.333333,30.666667,47.333333,58.000000,78.000000,189.333333,259.333333,284.000000,6.592667,14.630000,19.821800,20.998600,9.241600,15.504000,29.944000,43.745600,49.000000,84.000000,133.000000,119.000000,2.000000,4.000000,6.000000,4.000000,12.000000,22.000000,20.000000,0.562500,1.155000,2.010000,2.250000,9.241600,11.628000,20.783467,15.787733,49.000000,63.000000,124.833333,65.333333,1.500000,2.833333,2.000000,2.833333,9.333333,11.833333,10.833333,0.562500,0.866250,1.411250,0.945000,3.348900,33.379200,51.331500,73.675800,676.000000,1092.000000,1716.000000,2002.000000,11.000000,17.000000,102.000000,204.000000,174.000000,1.562500,5.625000,10.587500,12.487500,289.281300,660.653400,1283.785800,1919.373600,2220.000000,4788.000000,8110.000000,10574.000000,47.000000,104.000000,194.000000,300.000000,298.000000,840.000000,1524.000000,2016.000000,21.340500,55.140000,97.515400,141.190800,0.980000,2.310000,3.850000,2.000000,9.000000,25.000000,-2.000000,-3.000000,2.000000,-0.040000,0.320000,1.500000,0.735000,1.776667,0.886667,1.500000,2.000000,4.666667,-1.500000,1.500000,0.833333,-0.030000,0.243333,0.240000,-7.260000,-7.920000,-9.150000,114.000000,220.000000,365.000000,19.000000,32.000000,73.000000,3.000000,5.280000,11.260000
LUWSUS02,4.000000,2.000000,241.131400,536.571000,872.502000,1067.775600,862.000000,2052.000000,2760.000000,2748.000000,40.000000,84.000000,138.000000,174.000000,222.000000,552.000000,774.000000,852.000000,15.386400,38.438400,56.405400,62.995800,95.310800,197.965000,301.291600,355.925200,514.666667,868.000000,1069.333333,916.000000,15.333333,30.666667,47.333333,58.000000,78.000000,189.333333,259.333333,284.000000,6.592667,14.630000,19.821800,20.998600,9.241600,15.504000,29.944000,43.745600,49.000000,84.000000,133.000000,119.000000,2.000000,4.000000,6.000000,4.000000,12.000000,22.000000,20.000000,0.562500,1.155000,2.010000,2.250000,9.241600,11.628000,20.783467,15.787733,49.000000,63.000000,124.833333,65.333333,1.500000,2.833333,2.000000,2.833333,9.333333,11.833333,10.833333,0.562500,0.866250,1.411250,0.945000,3.348900,33.379200,51.331500,73.675800,676.000000,1092.000000,1716.000000,2002.000000,11.000000,17.000000,102.000000,204.000000,174.000000,1.562500,5.625000,10.587500,12.487500,289.281300,660.653400,1283.785800,1919.373600,2220.000000,4788.000000,8110.000000,10574.000000,47.000000,104.000000,194.000000,300.000000,298.000000,840.000000,1524.000000,2016.000000,21.340500,55.140000,97.515400,141.190800,0.980000,2.310000,3.850000,2.000000,9.000000,25.000000,-2.000000,-3.000000,2.000000,-0.040000,0.320000,1.500000,0.735000,1.776667,0.886667,1.500000,2.000000,4.666667,-1.500000,1.500000,0.833333,-0.030000,0.243333,0.240000,-7.260000,-7.920000,-9.150000,114.000000,220.000000,365.000000,19.000000,32.000000,73.000000,3.000000,5.280000,11.260000
LUWSUS03,4.000000,2.000000,241.131400,536.571000,872.502000,1067.775600,862.000000,2052.000000,2760.000000,2748.000000,40.000000,84.000000,138.000000,174.000000,222.000000,552.000000,774.000000,852.000000,15.386400,38.438400,56.405400,62.995800,95.310800,197.965000,301.291600,355.925200,514.666667,868.000000,1069.333333,916.000000,15.333333,30.666667,47.333333,58.000000,78.000000,189.333333,259.333333,284.000000,6.592667,14.630000,19.821800,20.998600,9.241600,15.504000,29.944000,43.745600,49.000000,84.000000,133.000000,119.000000,2.000000,4.000000,6.000000,4.000000,12.000000,22.000000,20.000000,0.562500,1.155000,2.010000,2.250000,9.241600,11.628000,20.783467,15.787733,49.000000,63.000000,124.833333,65.333333,1.500000,2.833333,2.000000,2.833333,9.333333,11.833333,10.833333,0.562500,0.866250,1.411250,0.945000,3.348900,33.379200,51.331500,73.675800,676.000000,1092.000000,1716.000000,2002.000000,11.000000,17.000000,102.000000,204.000000,174.000000,1.562500,5.625000,10.587500,12.487500,289.281300,660.653400,1283.785800,1919.373600,2220.000000,4788.000000,8110.000000,10574.000000,47.000000,104.000000,194.000000,300.000000,298.000000,840.000000,1524.000000,2016.000000,21.340500,55.140000,97.515400,141.190800,0.980000,2.310000,3.850000,2.000000,9.000000,25.000000,-2.000000,-3.000000,2.000000,-0.040000,0.320000,1.500000,0.735000,1.776667,0.886667,1.500000,2.000000,4.666667,-1.500000,1.500000,0.833333,-0.030000,0.243333,0.240000,-7.260000,-7.920000,-9.150000,114.000000,220.000000,365.000000,19.000000,32.000000,73.000000,3.000000,5.280000,11.260000
LUWSUS04,4.000000,2.000000,241.131400,536.571000,872.502000,1067.775600,862.000000,2052.000000,2760.000000,2748.000000,40.000000,84.000000,138.000000,174.000000,222.000000,552.000000,774.000000,852.000000,15.386400,38.438400,56.405400,62.995800,95.310800,197.965000,301.291600,355.925200,514.666667,868.000000,1069.333333,916.000000,15.333333,30.666667,47.333333,58.000000,78.000000,189.333333,259.333333,284.000000,6.592667,14.630000,19.821800,20.998600,9.241600,15.504000,29.944000,43.745600,49.000000,84.000000,133.000000,119.000000,2.000000,4.000000,6.000000,4.000000,12.000000,22.000000,20.000000,0.562500,1.155000,2.010000,2.250000,9.241600,11.628000,20.783467,15.787733,49.000000,63.000000,124.833333,65.333333,1.500000,2.833333,2.000000,2.833333,9.333333,11.833333,10.833333,0.562500,0.866250,1.411250,0.945000,3.348900,33.379200,51.331500,73.675800,676.000000,1092.000000,1716.000000,2002.000000,11.000000,17.000000,102.000000,204.000000,174.000000,1.562500,5.625000,10.587500,12.487500,289.281300,660.653400,1283.785800,1919.373600,2220.000000,4788.000000,8110.000000,10574.000000,47.000000,104.000000,194.000000,300.000000,298.000000,840.000000,1524.000000,2016.000000,21.340500,55.140000,97.515400,141.190800,0.980000,2.310000,3.850000,2.000000,9.000000,25.000000,-2.000000,-3.000000,2.000000,-0.040000,0.320000,1.500000,0.735000,1.776667,0.886667,1.500000,2.000000,4.666667,-1.500000,1.500000,0.833333,-0.030000,0.243333,0.240000,-7.260000,-7.920000,-9.150000,114.000000,220.000000,365.000000,19.000000,32.000000,73.000000,3.000000,5.280000,11.260000
LUWSUS05,4.000000,2.000000,241.131400,536.571000,872.502000,1067.775600,862.000000,2052.000000,2760.000000,2748.000000,40.000000,84.000000,138.000000,174.000000,222.000000,552.000000,774.000000,852.000000,15.386400,38.438400,56.405400,62.995800,95.310800,197.965000,301.291600,355.925200,514.666667,868.000000,1069.333333,916.000000,15.333333,30.666667,47.333333,58.000000,78.000000,189.333333,259.333333,284.000000,6.592667,14.630000,19.821800,20.998600,9.241600,15.504000,29.944000,43.745600,49.000000,84.000000,133.000000,119.000000,2.000000,4.000000,6.000000,4.000000,12.000000,22.000000,20.000000,0.562500,1.155000,2.010000,2.250000,9.241600,11.628000,20.783467,15.787733,49.000000,63.000000,124.833333,65.333333,1.500000,2.833333,2.000000,2.833333,9.333333,11.833333,10.833333,0.562500,0.866250,1.411250,0.945000,3.348900,33.379200,51.331500,73.675800,676.000000,1092.000000,1716.000000,2002.000000,11.000000,17.000000,102.000000,204.000000,174.000000,1.562500,5.625000,10.587500,12.487500,289.281300,660.653400,1283.785800,1919.373600,2220.000000,4788.000000,8110.000000,10574.000000,47.000000,104.000000,194.000000,300.000000,298.000000,840.000000,1524.000000,2016.000000,21.340500,55.140000,97.515400,141.190800,0.980000,2.310000,3.850000,2.000000,9.000000,25.000000,-2.000000,-3.000000,2.000000,-0.040000,0.320000,1.500000,0.735000,1.776667,0.886667,1.500000,2.000000,4.666667,-1.500000,1.500000,0.833333,-0.030000,0.243333,0.240000,-7.260000,-7.920000,-9.150000,114.000000,220.000000,365.000000,19.000000,32.000000,73.000000,3.000000,5.280000,11.260000
LUWSUS06,4.000000,2.000000,241.131400,536.571000,872.502000,1067.775600,862.000000,2052.000000,2760.000000,2748.000000,40.000000,84.000000,138.000000,174.000000,222.000000,552.000000,774.000000,852.000000,15.386400,38.438400,56.405400,62.995800,95.310800,197.965000,301.291600,355.925200,514.666667,868.000000,1069.333333,916.000000,15.333333,30.666667,47.333333,58.000000,78.000000,189.333333,259.333333,284.000000,6.592667,14.630000,19.821800,20.998600,9.241600,15.504000,29.944000,43.745600,49.000000,84.000000,133.000000,119.000000,2.000000,4.000000,6.000000,4.000000,12.000000,22.000000,20.000000,0.562500,1.155000,2.010000,2.250000,9.241600,11.628000,20.783467,15.787733,49.000000,63.000000,124.833333,65.333333,1.500000,2.833333,2.000000,2.833333,9.333333,11.833333,10.833333,0.562500,0.866250,1.411250,0.945000,3.348900,33.379200,51.331500,73.675800,676.000000,1092.000000,1716.000000,2002.000000,11.000000,17.000000,102.000000,204.000000,174.000000,1.562500,5.625000,10.587500,12.487500,289.281300,660.653400,1283.785800,1919.373600,2220.000000,4788.000000,8110.000000,10574.000000,47.000000,104.000000,194.000000,300.000000,298.000000,840.000000,1524.000000,2016.000000,21.340500,55.140000,97.515400,141.190800,0.980000,2.310000,3.850000,2.000000,9.000000,25.000000,-2.000000,-3.000000,2.000000,-0.040000,0.320000,1.500000,0.735000,1.776667,0.886667,1.500000,2.000000,4.666667,-1.500000,1.500000,0.833333,-0.030000,0.243333,0.240000,-7.260000,-7.920000,-9.150000,114.000000,220.000000,365.000000,19.000000,32.000000,73.000000,3.000000,5.280000,11.260000
LUWSUS07,4.000000,2.000000,241.131400,536.571000,872.502000,1067.775600,862.000000,2052.000000,2760.000000,2748.000000,40.000000,84.000000,138.000000,174.000000,222.000000,552.000000,774.000000,852.000000,15.386400,38.438400,56.405400,62.995800,95.310800,197.965000,301.291600,355.925200,514.666667,868.000000,1069.333333,916.000000,15.333333,30.666667,47.333333,58.000000,78.000000,189.333333,259.333333,284.000000,6.592667,14.630000,19.821800,20.998600,9.241600,15.504000,29.944000,43.745600,49.000000,84.000000,133.000000,119.000000,2.000000,4.000000,6.000000,4.000000,12.000000,22.000000,20.000000,0.562500,1.155000,2.010000,2.250000,9.241600,11.628000,20.783467,15.787733,49.000000,63.000000,124.833333,65.333333,1.500000,2.833333,2.000000,2.833333,9.333333,11.833333,10.833333,0.562500,0.866250,1.411250,0.945000,3.348900,33.379200,51.331500,73.675800,676.000000,1092.000000,1716.000000,2002.000000,11.000000,17.000000,102.000000,204.000000,174.000000,1.562500,5.625000,10.587500,12.487500,289.281300,660.653400,1283.785800,1919.373600,2220.000000,4788.000000,8110.000000,10574.000000,47.000000,104.000000,194.000000,300.000000,298.000000,840.000000,1524.000000,2016.000000,21.340500,55.140000,97.515400,141.190800,0.980000,2.310000,3.850000,2.000000,9.000000,25.000000,-2.000000,-3.000000,2.000000,-0.040000,0.320000,1.500000,0.735000,1.776667,0.886667,1.500000,2.000000,4.666667,-1.500000,1.500000,0.833333,-0.030000,0.243333,0.240000,-7.260000,-7.920000,-9.150000,114.000000,220.000000,365.000000,19.000000,32.000000,73.000000,3.000000,5.280000,11.260000
LUWSUS09,4.000000,2.000000,241.131400,536.571000,872.502000,1067.775600,862.000000,2052.000000,2760.000000,2748.000000,40.000000,84.000000,138.000000,174.000000,222.000000,552.000000,774.000000,852.000000,15.386400,38.438400,56.405400,62.995800,95.310800,197.965000,301.291600,355.925200,514.666667,868.000000,1069.333333,916.000000,15.333333,30.666667,47.333333,58.000000,78.000000,189.333333,259.333333,284.000000,6.592667,14.630000,19.821800,20.998600,9.241600,15.504000,29.944000,43.745600,49.000000,84.000000,133.000000,119.000000,2.000000,4.000000,6.000000,4.000000,12.000000,22.000000,20.000000,0.562500,1.155000,2.010000,2.250000,9.241600,11.628000,20.783467,15.787733,49.000000,63.000000,124.833333,65.333333,1.500000,2.833333,2.000000,2.833333,9.333333,11.833333,10.833333,0.562500,0.866250,1.411250,0.945000,3.348900,33.379200,51.331500,73.675800,676.000000,1092.000000,1716.000000,2002.000000,11.000000,17.000000,102.000000,204.000000,174.000000,1.562500,5.625000,10.587500,12.487500,289.281300,660.653400,1283.785800,1919.373600,2220.000000,4788.000000,8110.000000,10574.000000,47.000000,104.000000,194.000000,300.000000,298.000000,840.000000,1524.000000,2016.000000,21.340500,55.140000,97.515400,141.190800,0.980000,2.310000,3.850000,2.000000,9.000000,25.000000,-2.000000,-3.000000,2.000000,-0.040000,0.320000,1.500000,0.735000,1.776667,0.886667,1.500000,2.000000,4.666667,-1.500000,1.500000,0.833333,-0.030000,0.243333,0.240000,-7.260000,-7.920000,-9.150000,114.000000,220.000000,365.000000,19.000000,32.000000,73.000000,3.000000,5.280000,11.260000
LUWTED,4.000000,2.000000,241.131400,536.571000,872.502000,1067.775600,862.000000,2052.000000,2760.000000,2748.000000,40.000000,84.000000,138.000000,174.000000,222.000000,552.000000,774.000000,852.000000,15.386400,38.438400,56.405400,62.995800,95.310800,197.965000,301.291600,355.925200,514.666667,868.000000,1069.333333,916.000000,15.333333,30.666667,47.333333,58.000000,78.000000,189.333333,259.333333,284.000000,6.592667,14.630000,19.821800,20.998600,9.241600,15.504000,29.944000,43.745600,49.000000,84.000000,133.000000,119.000000,2.000000,4.000000,6.000000,4.000000,12.000000,22.000000,20.000000,0.562500,1.155000,2.010000,2.250000,9.241600,11.628000,20.783467,15.787733,49.000000,63.000000,124.833333,65.333333,1.500000,2.833333,2.000000,2.833333,9.333333,11.833333,10.833333,0.562500,0.866250,1.411250,0.945000,3.348900,33.379200,51.331500,73.675800,676.000000,1092.000000,1716.000000,2002.000000,11.000000,17.000000,102.000000,204.000000,174.000000,1.562500,5.625000,10.587500,12.487500,289.281300,660.653400,1283.785800,1919.373600,2220.000000,4788.000000,8110.000000,10574.000000,47.000000,104.000000,194.000000,300.000000,298.000000,840.000000,1524.000000,2016.000000,21.340500,55.140000,97.515400,141.190800,0.980000,2.310000,3.850000,2.000000,9.000000,25.000000,-2.000000,-3.000000,2.000000,-0.040000,0.320000,1.500000,0.735000,1.776667,0.886667,1.500000,2.000000,4.666667,-1.500000,1.500000,0.833333,-0.030000,0.243333,0.240000,-7.260000,-7.920000,-9.150000,114.000000,220.000000,365.000000,19.000000,32.000000,73.000000,3.000000,5.280000,11.260000
LUWTED01,4.000000,2.000000,241.131400,536.571000,872.502000,1067.775600,862.000000,2052.000000,2760.000000,2748.000000,40.000000,84.000000,138.000000,174.000000,222.000000,552.000000,774.000000,852.000000,15.386400,38.438400,56.405400,62.995800,95.310800,197.965000,301.291600,355.925200,514.666667,868.000000,1069.333333,916.000000,15.333333,30.666667,47.333333,58.000000,78.000000,189.333333,259.333333,284.000000,6.592667,14.630000,19.821800,20.998600,9.241600,15.504000,29.944000,43.745600,49.000000,84.000000,133.000000,119.000000,2.000000,4.000000,6.000000,4.000000,12.000000,22.000000,20.000000,0.562500,1.155000,2.010000,2.250000,9.241600,11.628000,20.783467,15.787733,49.000000,63.000000,124.833333,65.333333,1.500000,2.833333,2.000000,2.833333,9.333333,11.833333,10.833333,0.562500,0.866250,1.411250,0.945000,3.348900,33.379200,51.331500,73.675800,676.000000,1092.000000,1716.000000,2002.000000,11.000000,17.000000,102.000000,204.000000,174.000000,1.562500,5.625000,10.587500,12.487500,289.281300,660.653400,1283.785800,1919.373600,2220.000000,4788.000000,8110.000000,10574.000000,47.000000,104.000000,194.000000,300.000000,298.000000,840.000000,1524.000000,2016.000000,21.340500,55.140000,97.515400,141.190800,0.980000,2.310000,3.850000,2.000000,9.000000,25.000000,-2.000000,-3.000000,2.000000,-0.040000,0.320000,1.500000,0.735000,1.776667,0.886667,1.500000,2.000000,4.666667,-1.500000,1.500000,0.833333,-0.030000,0.243333,0.240000,-7.260000,-7.920000,-9.150000,114.000000,220.000000,365.000000,19.000000,32.000000,73.000000,3.000000,5.280000,11.260000
LUWTED02,4.000000,2.000000,241.131400,536.571000,872.502000,1067.775600,862.000000,2052.000000,2760.000000,2748.000000,40.000000,84.000000,138.000000,174.000000,222.000000,552.000000,774.000000,852.000000,15.386400,38.438400,56.405400,62.995800,95.310800,197.965000,301.291600,355.925200,514.666667,868.000000,1069.333333,916.000000,15.333333,30.666667,47.333333,58.000000,78.000000,189.333333,259.333333,284.000000,6.592667,14.630000,19.821800,20.998600,9.241600,15.504000,29.944000,43.745600,49.000000,84.000000,133.000000,119.000000,2.000000,4.000000,6.000000,4.000000,12.000000,22.000000,20.000000,0.562500,1.155000,2.010000,2.250000,9.241600,11.628000,20.783467,15.787733,49.000000,63.000000,124.833333,65.333333,1.500000,2.833333,2.000000,2.833333,9.333333,11.833333,10.833333,0.562500,0.866250,1.411250,0.945000,3.348900,33.379200,51.331500,73.675800,676.000000,1092.000000,1716.000000,2002.000000,11.000000,17.000000,102.000000,204.000000,174.000000,1.562500,5.625000,10.587500,12.487500,289.281300,660.653400,1283.785800,1919.373600,2220.000000,4788.000000,8110.000000,10574.000000,47.000000,104.000000,194.000000,300.000000,298.000000,840.000000,1524.000000,2016.000000,21.340500,55.140000,97.515400,141.190800,0.980000,2.310000,3.850000,2.000000,9.000000,25.000000,-2.000000,-3.000000,2.000000,-0.040000,0.320000,1.500000,0.735000,1.776667,0.886667,1.500000,2.000000,4.666667,-1.500000,1.500000,0.833333,-0.030000,0.243333,0.240000,-7.260000,-7.920000,-9.150000,114.000000,220.000000,365.000000,19.000000,32.000000,73.000000,3.000000,5.280000,11.260000
LUXMOH,3.000000,3.000000,161.295500,366.018400,568.646400,611.334400,650.000000,1552.000000,2172.000000,1828.000000,25.000000,54.000000,84.000000,94.000000,138.000000,342.000000,476.000000,424.000000,10.566500,26.104600,38.103600,36.132200,161.295500,366.018400,568.646400,611.334400,650.000000,1552.000000,2172.000000,1828.000000,25.000000,54.000000,84.000000,94.000000,138.000000,342.000000,476.000000,424.000000,10.566500,26.104600,38.103600,36.132200,9.241600,16.993600,29.944000,30.369600,49.000000,91.000000,133.000000,105.000000,2.000000,4.000000,4.000000,4.000000,12.000000,20.000000,14.000000,0.562500,1.140000,2.010000,1.695000,9.241600,16.000533,32.639467,46.866667,49.000000,86.333333,165.666667,193.666667,2.000000,4.000000,6.000000,4.000000,12.000000,22.666667,24.666667,0.562500,1.150000,2.190000,2.840000,3.348900,33.379200,59.584800,72.102000,676.000000,1092.000000,1976.000000,1976.000000,12.000000,16.000000,108.000000,216.000000,240.000000,1.562500,5.625000,11.450000,13.400000,325.939900,798.795200,1533.710400,2146.815200,1976.000000,5288.000000,9766.000000,11808.000000,51.000000,120.000000,222.000000,316.000000,342.000000,972.000000,1782.000000,2316.000000,22.695500,63.459200,115.982200,154.144400,0.490000,2.310000,2.170000,1.000000,9.000000,13.000000,-2.000000,-2.000000,1.000000,-0.020000,0.320000,0.740000,0.816667,1.423333,2.823333,1.666667,4.333333,14.333333,-2.000000,-3.333333,-0.333333,-0.033333,0.080000,0.713333,-7.260000,-10.600000,-10.120000,114.000000,236.000000,340.000000,18.000000,36.000000,56.000000,3.000000,5.840000,9.280000
LUXMOH01,3.000000,3.000000,161.295500,366.018400,568.646400,611.334400,650.000000,1552.000000,2172.000000,1828.000000,25.000000,54.000000,84.000000,94.000000,138.000000,342.000000,476.000000,424.000000,10.566500,26.104600,38.103600,36.132200,161.295500,366.018400,568.646400,611.334400,650.000000,1552.000000,2172.000000,1828.000000,25.000000,54.000000,84.000000,94.000000,138.000000,342.000000,476.000000,424.000000,10.566500,26.104600,38.103600,36.132200,9.241600,16.993600,29.944000,30.369600,49.000000,91.000000,133.000000,105.000000,2.000000,4.000000,4.000000,4.000000,12.000000,20.000000,14.000000,0.562500,1.140000,2.010000,1.695000,9.241600,16.000533,32.639467,46.866667,49.000000,86.333333,165.666667,193.666667,2.000000,4.000000,6.000000,4.000000,12.000000,22.666667,24.666667,0.562500,1.150000,2.190000,2.840000,3.348900,33.379200,59.584800,72.102000,676.000000,1092.000000,1976.000000,1976.000000,12.000000,16.000000,108.000000,216.000000,240.000000,1.562500,5.625000,11.450000,13.400000,325.939900,798.795200,1533.710400,2146.815200,1976.000000,5288.000000,9766.000000,11808.000000,51.000000,120.000000,222.000000,316.000000,342.000000,972.000000,1782.000000,2316.000000,22.695500,63.459200,115.982200,154.144400,0.490000,2.310000,2.170000,1.000000,9.000000,13.000000,-2.000000,-2.000000,1.000000,-0.020000,0.320000,0.740000,0.816667,1.423333,2.823333,1.666667,4.333333,14.333333,-2.000000,-3.333333,-0.333333,-0.033333,0.080000,0.713333,-7.260000,-10.600000,-10.120000,114.000000,236.000000,340.000000,18.000000,36.000000,56.000000,3.000000,5.840000,9.280000
MALJEP,3.000000,3.000000,227.144300,511.573200,826.072200,995.173200,3681.000000,2724.000000,4308.000000,4646.000000,36.000000,78.000000,126.000000,156.000000,204.000000,522.000000,780.000000,840.000000,16.730700,39.232000,60.780200,68.018400,227.144300,511.573200,826.072200,995.173200,3681.000000,2724.000000,4308.000000,4646.000000,36.000000,78.000000,126.000000,156.000000,204.000000,522.000000,780.000000,840.000000,16.730700,39.232000,60.780200,68.018400,9.241600,16.993600,28.393600,39.611200,49.000000,91.000000,126.000000,154.000000,2.000000,4.000000,5.000000,4.000000,12.000000,22.000000,22.000000,0.562500,1.140000,2.070000,2.257500,9.241600,16.993600,28.393600,39.611200,49.000000,91.000000,126.000000,154.000000,2.000000,4.000000,5.000000,4.000000,12.000000,22.000000,22.000000,0.562500,1.140000,2.070000,2.257500,3.348900,33.379200,61.378200,87.620400,676.000000,1092.000000,2028.000000,2288.000000,12.000000,20.000000,108.000000,216.000000,300.000000,1.562500,5.625000,11.400000,16.450000,457.637500,1089.904800,2052.148800,2963.404800,8038.000000,7632.000000,14142.000000,18152.000000,73.000000,168.000000,306.000000,448.000000,474.000000,1332.000000,2394.000000,3276.000000,35.023900,89.714000,161.235400,223.836800,0.490000,2.820000,2.170000,1.000000,10.000000,13.000000,-2.000000,-3.000000,-1.000000,-0.020000,0.240000,0.740000,0.490000,2.820000,2.170000,1.000000,10.000000,13.000000,-2.000000,-3.000000,-1.000000,-0.020000,0.240000,0.740000,-7.260000,-11.580000,-11.280000,114.000000,234.000000,432.000000,18.000000,36.000000,70.000000,3.000000,5.880000,11.840000
MALJIT,3.000000,3.000000,275.691800,617.908200,1025.911200,1232.896200,3795.000000,3012.000000,4824.000000,5300.000000,45.000000,96.000000,162.000000,192.000000,258.000000,648.000000,942.000000,1056.000000,19.330800,46.208200,72.020600,82.677600,275.691800,617.908200,1025.911200,1232.896200,3795.000000,3012.000000,4824.000000,5300.000000,45.000000,96.000000,162.000000,192.000000,258.000000,648.000000,942.000000,1056.000000,19.330800,46.208200,72.020600,82.677600,9.241600,16.993600,29.457600,59.675200,49.000000,91.000000,161.000000,175.000000,2.000000,4.000000,8.000000,4.000000,12.000000,28.000000,28.000000,0.562500,1.140000,2.370000,3.090000,9.241600,16.993600,29.457600,59.675200,49.000000,91.000000,161.000000,175.000000,2.000000,4.000000,8.000000,4.000000,12.000000,28.000000,28.000000,0.562500,1.140000,2.370000,3.090000,3.348900,33.379200,61.378200,91.463400,676.000000,1092.000000,2028.000000,3068.000000,12.000000,20.000000,108.000000,216.000000,408.000000,1.562500,5.625000,11.400000,19.450000,554.732500,1302.574800,2451.826800,3446.536800,8266.000000,8208.000000,15174.000000,21020.000000,91.000000,204.000000,378.000000,520.000000,582.000000,1584.000000,2754.000000,3960.000000,40.224100,103.666400,183.716200,259.155200,0.490000,2.470000,4.690000,1.000000,5.000000,31.000000,-2.000000,-6.000000,2.000000,-0.020000,-0.160000,1.880000,0.490000,2.470000,4.690000,1.000000,5.000000,31.000000,-2.000000,-6.000000,2.000000,-0.020000,-0.160000,1.880000,-7.260000,-11.580000,-13.380000,114.000000,234.000000,402.000000,18.000000,36.000000,52.000000,3.000000,5.880000,9.440000
MALJIT01,3.000000,3.000000,275.691800,617.908200,1025.911200,1232.896200,3795.000000,3012.000000,4824.000000,5300.000000,45.000000,96.000000,162.000000,192.000000,258.000000,648.000000,942.000000,1056.000000,19.330800,46.208200,72.020600,82.677600,275.691800,617.908200,1025.911200,1232.896200,3795.000000,3012.000000,4824.000000,5300.000000,45.000000,96.000000,162.000000,192.000000,258.000000,648.000000,942.000000,1056.000000,19.330800,46.208200,72.020600,82.677600,9.241600,16.993600,29.457600,59.675200,49.000000,91.000000,161.000000,175.000000,2.000000,4.000000,8.000000,4.000000,12.000000,28.000000,28.000000,0.562500,1.140000,2.370000,3.090000,9.241600,16.993600,29.457600,59.675200,49.000000,91.000000,161.000000,175.000000,2.000000,4.000000,8.000000,4.000000,12.000000,28.000000,28.000000,0.562500,1.140000,2.370000,3.090000,3.348900,33.379200,61.378200,91.463400,676.000000,1092.000000,2028.000000,3068.000000,12.000000,20.000000,108.000000,216.000000,408.000000,1.562500,5.625000,11.400000,19.450000,554.732500,1302.574800,2451.826800,3446.536800,8266.000000,8208.000000,15174.000000,21020.000000,91.000000,204.000000,378.000000,520.000000,582.000000,1584.000000,2754.000000,3960.000000,40.224100,103.666400,183.716200,259.155200,0.490000,2.470000,4.690000,1.000000,5.000000,31.000000,-2.000000,-6.000000,2.000000,-0.020000,-0.160000,1.880000,0.490000,2.470000,4.690000,1.000000,5.000000,31.000000,-2.000000,-6.000000,2.000000,-0.020000,-0.160000,1.880000,-7.260000,-11.580000,-13.380000,114.000000,234.000000,402.000000,18.000000,36.000000,52.000000,3.000000,5.880000,9.440000
MALJIT03,3.000000,3.000000,275.691800,617.908200,1025.911200,1232.896200,3795.000000,3012.000000,4824.000000,5300.000000,45.000000,96.000000,162.000000,192.000000,258.000000,648.000000,942.000000,1056.000000,19.330800,46.208200,72.020600,82.677600,275.691800,617.908200,1025.911200,1232.896200,3795.000000,3012.000000,4824.000000,5300.000000,45.000000,96.000000,162.000000,192.000000,258.000000,648.000000,942.000000,1056.000000,19.330800,46.208200,72.020600,82.677600,9.241600,16.993600,29.457600,59.675200,49.000000,91.000000,161.000000,175.000000,2.000000,4.000000,8.000000,4.000000,12.000000,28.000000,28.000000,0.562500,1.140000,2.370000,3.090000,9.241600,16.993600,29.457600,59.675200,49.000000,91.000000,161.000000,175.000000,2.000000,4.000000,8.000000,4.000000,12.000000,28.000000,28.000000,0.562500,1.140000,2.370000,3.090000,3.348900,33.379200,61.378200,91.463400,676.000000,1092.000000,2028.000000,3068.000000,12.000000,20.000000,108.000000,216.000000,408.000000,1.562500,5.625000,11.400000,19.450000,554.732500,1302.574800,2451.826800,3446.536800,8266.000000,8208.000000,15174.000000,21020.000000,91.000000,204.000000,378.000000,520.000000,582.000000,1584.000000,2754.000000,3960.000000,40.224100,103.666400,183.716200,259.155200,0.490000,2.470000,4.690000,1.000000,5.000000,31.000000,-2.000000,-6.000000,2.000000,-0.020000,-0.160000,1.880000,0.490000,2.470000,4.690000,1.000000,5.000000,31.000000,-2.000000,-6.000000,2.000000,-0.020000,-0.160000,1.880000,-7.260000,-11.580000,-13.380000,114.000000,234.000000,402.000000,18.000000,36.000000,52.000000,3.000000,5.880000,9.440000
MALJOZ,3.000000,3.000000,275.691800,617.908200,1025.911200,1232.896200,3795.000000,3012.000000,4824.000000,5300.000000,45.000000,96.000000,162.000000,192.000000,258.000000,648.000000,942.000000,1056.000000,19.330800,46.208200,72.020600,82.677600,275.691800,617.908200,1025.911200,1232.896200,3795.000000,3012.000000,4824.000000,5300.000000,45.000000,96.000000,162.000000,192.000000,258.000000,648.000000,942.000000,1056.000000,19.330800,46.208200,72.020600,82.677600,9.241600,16.993600,29.457600,59.675200,49.000000,91.000000,161.000000,175.000000,2.000000,4.000000,8.000000,4.000000,12.000000,28.000000,28.000000,0.562500,1.140000,2.370000,3.090000,9.241600,16.993600,29.457600,59.675200,49.000000,91.000000,161.000000,175.000000,2.000000,4.000000,8.000000,4.000000,12.000000,28.000000,28.000000,0.562500,1.140000,2.370000,3.090000,3.348900,33.379200,61.378200,91.463400,676.000000,1092.000000,2028.000000,3068.000000,12.000000,20.000000,108.000000,216.000000,408.000000,1.562500,5.625000,11.400000,19.450000,554.732500,1302.574800,2451.826800,3446.536800,8266.000000,8208.000000,15174.000000,21020.000000,91.000000,204.000000,378.000000,520.000000,582.000000,1584.000000,2754.000000,3960.000000,40.224100,103.666400,183.716200,259.155200,0.490000,2.470000,4.690000,1.000000,5.000000,31.000000,-2.000000,-6.000000,2.000000,-0.020000,-0.160000,1.880000,0.490000,2.470000,4.690000,1.000000,5.000000,31.000000,-2.000000,-6.000000,2.000000,-0.020000,-0.160000,1.880000,-7.260000,-11.580000,-13.380000,114.000000,234.000000,402.000000,18.000000,36.000000,52.000000,3.000000,5.880000,9.440000
MALJOZ01,3.000000,3.000000,275.691800,617.908200,1025.911200,1232.896200,3795.000000,3012.000000,4824.000000,5300.000000,45.000000,96.000000,162.000000,192.000000,258.000000,648.000000,942.000000,1056.000000,19.330800,46.208200,72.020600,82.677600,275.691800,617.908200,1025.911200,1232.896200,3795.000000,3012.000000,4824.000000,5300.000000,45.000000,96.000000,162.000000,192.000000,258.000000,648.000000,942.000000,1056.000000,19.330800,46.208200,72.020600,82.677600,9.241600,16.993600,29.457600,59.675200,49.000000,91.000000,161.000000,175.000000,2.000000,4.000000,8.000000,4.000000,12.000000,28.000000,28.000000,0.562500,1.140000,2.370000,3.090000,9.241600,16.993600,29.457600,59.675200,49.000000,91.000000,161.000000,175.000000,2.000000,4.000000,8.000000,4.000000,12.000000,28.000000,28.000000,0.562500,1.140000,2.370000,3.090000,3.348900,33.379200,61.378200,91.463400,676.000000,1092.000000,2028.000000,3068.000000,12.000000,20.000000,108.000000,216.000000,408.000000,1.562500,5.625000,11.400000,19.450000,554.732500,1302.574800,2451.826800,3446.536800,8266.000000,8208.000000,15174.000000,21020.000000,91.000000,204.000000,378.000000,520.000000,582.000000,1584.000000,2754.000000,3960.000000,40.224100,103.666400,183.716200,259.155200,0.490000,2.470000,4.690000,1.000000,5.000000,31.000000,-2.000000,-6.000000,2.000000,-0.020000,-0.160000,1.880000,0.490000,2.470000,4.690000,1.000000,5.000000,31.000000,-2.000000,-6.000000,2.000000,-0.020000,-0.160000,1.880000,-7.260000,-11.580000,-13.380000,114.000000,234.000000,402.000000,18.000000,36.000000,52.000000,3.000000,5.880000,9.440000
MEGDEH,3.000000,3.000000,312.269500,681.360000,1089.480000,1245.424400,1126.000000,2604.000000,3576.000000,3860.000000,51.000000,106.000000,172.000000,194.000000,278.000000,662.000000,872.000000,976.000000,19.538700,48.248200,69.297200,77.809400,312.269500,681.360000,1089.480000,1245.424400,1126.000000,2604.000000,3576.000000,3860.000000,51.000000,106.000000,172.000000,194.000000,278.000000,662.000000,872.000000,976.000000,19.538700,48.248200,69.297200,77.809400,9.241600,15.504000,31.008000,65.937600,49.000000,84.000000,168.000000,210.000000,2.000000,4.000000,9.000000,4.000000,12.000000,26.000000,32.000000,0.562500,1.155000,2.310000,3.682500,9.241600,15.504000,31.008000,58.722667,49.000000,84.000000,168.000000,228.666667,2.000000,4.000000,7.666667,4.000000,12.000000,24.666667,33.333333,0.562500,1.155000,2.310000,3.502500,3.348900,33.379200,55.998000,74.664000,676.000000,1092.000000,1872.000000,2496.000000,12.000000,16.000000,108.000000,216.000000,312.000000,1.562500,5.625000,11.550000,15.400000,627.887900,1429.478400,2568.204000,3372.452000,2928.000000,7392.000000,12366.000000,16688.000000,103.000000,224.000000,398.000000,516.000000,622.000000,1612.000000,2598.000000,3644.000000,40.639900,107.746400,178.569400,241.978800,0.980000,1.960000,5.670000,2.000000,4.000000,33.000000,-2.000000,-5.000000,2.000000,-0.040000,-0.080000,1.840000,0.980000,1.960000,3.990000,2.000000,4.000000,21.000000,-2.000000,-4.333333,-1.333333,-0.040000,-0.080000,1.080000,-7.260000,-8.640000,-11.520000,114.000000,240.000000,320.000000,18.000000,36.000000,44.000000,3.000000,5.760000,7.680000
MELLOF,6.000000,6.000000,366.389600,811.999000,1376.026000,1745.539600,1190.000000,2848.000000,3748.000000,3772.000000,62.000000,128.000000,222.000000,294.000000,350.000000,884.000000,1218.000000,1344.000000,21.985400,55.749200,83.247400,94.766200,366.389600,811.999000,1376.026000,1745.539600,1190.000000,2848.000000,3748.000000,3772.000000,62.000000,128.000000,222.000000,294.000000,350.000000,884.000000,1218.000000,1344.000000,21.985400,55.749200,83.247400,94.766200,9.241600,18.848000,36.100000,40.933600,49.000000,87.500000,122.500000,133.000000,2.500000,5.000000,5.500000,6.500000,19.500000,27.500000,26.500000,0.562500,1.293750,2.137500,2.261250,9.241600,19.114000,41.382000,46.215600,49.000000,96.250000,136.500000,147.000000,2.500000,5.750000,6.250000,6.500000,21.750000,32.000000,31.000000,0.562500,1.368750,2.420625,2.544375,3.348900,33.379200,68.716500,105.774000,676.000000,1092.000000,2080.000000,1690.000000,15.000000,25.000000,126.000000,288.000000,258.000000,1.562500,5.625000,13.437500,15.562500,369.738500,878.757400,1790.707000,2888.118000,1866.000000,5032.000000,9378.000000,11618.000000,63.000000,140.000000,282.000000,468.000000,422.000000,1232.000000,2304.000000,3328.000000,23.547900,66.999200,126.997400,191.591200,1.400000,3.325000,3.255000,5.000000,17.500000,19.500000,-1.000000,2.000000,3.000000,0.150000,0.900000,1.110000,1.312500,3.867500,3.797500,3.750000,20.750000,22.750000,-1.750000,2.750000,3.750000,0.050000,1.085000,1.295000,-7.260000,-10.100000,-12.050000,114.000000,310.000000,585.000000,15.000000,42.000000,107.000000,3.000000,8.000000,18.800000
MELLOF01,6.000000,6.000000,366.389600,811.999000,1376.026000,1745.539600,1190.000000,2848.000000,3748.000000,3772.000000,62.000000,128.000000,222.000000,294.000000,350.000000,884.000000,1218.000000,1344.000000,21.985400,55.749200,83.247400,94.766200,366.389600,811.999000,1376.026000,1745.539600,1190.000000,2848.000000,3748.000000,3772.000000,62.000000,128.000000,222.000000,294.000000,350.000000,884.000000,1218.000000,1344.000000,21.985400,55.749200,83.247400,94.766200,9.241600,18.848000,36.100000,40.933600,49.000000,87.500000,122.500000,133.000000,2.500000,5.000000,5.500000,6.500000,19.500000,27.500000,26.500000,0.562500,1.293750,2.137500,2.261250,9.241600,19.114000,41.382000,46.215600,49.000000,96.250000,136.500000,147.000000,2.500000,5.750000,6.250000,6.500000,21.750000,32.000000,31.000000,0.562500,1.368750,2.420625,2.544375,3.348900,33.379200,68.716500,105.774000,676.000000,1092.000000,2080.000000,1690.000000,15.000000,25.000000,126.000000,288.000000,258.000000,1.562500,5.625000,13.437500,15.562500,369.738500,878.757400,1790.707000,2888.118000,1866.000000,5032.000000,9378.000000,11618.000000,63.000000,140.000000,282.000000,468.000000,422.000000,1232.000000,2304.000000,3328.000000,23.547900,66.999200,126.997400,191.591200,1.400000,3.325000,3.255000,5.000000,17.500000,19.500000,-1.000000,2.000000,3.000000,0.150000,0.900000,1.110000,1.312500,3.867500,3.797500,3.750000,20.750000,22.750000,-1.750000,2.750000,3.750000,0.050000,1.085000,1.295000,-7.260000,-10.100000,-12.050000,114.000000,310.000000,585.000000,15.000000,42.000000,107.000000,3.000000,8.000000,18.800000
MELLOF02,6.000000,6.000000,366.389600,811.999000,1376.026000,1745.539600,1190.000000,2848.000000,3748.000000,3772.000000,62.000000,128.000000,222.000000,294.000000,350.000000,884.000000,1218.000000,1344.000000,21.985400,55.749200,83.247400,94.766200,366.389600,811.999000,1376.026000,1745.539600,1190.000000,2848.000000,3748.000000,3772.000000,62.000000,128.000000,222.000000,294.000000,350.000000,884.000000,1218.000000,1344.000000,21.985400,55.749200,83.247400,94.766200,9.241600,18.848000,36.100000,40.933600,49.000000,87.500000,122.500000,133.000000,2.500000,5.000000,5.500000,6.500000,19.500000,27.500000,26.500000,0.562500,1.293750,2.137500,2.261250,9.241600,19.114000,41.382000,46.215600,49.000000,96.250000,136.500000,147.000000,2.500000,5.750000,6.250000,6.500000,21.750000,32.000000,31.000000,0.562500,1.368750,2.420625,2.544375,3.348900,33.379200,68.716500,105.774000,676.000000,1092.000000,2080.000000,1690.000000,15.000000,25.000000,126.000000,288.000000,258.000000,1.562500,5.625000,13.437500,15.562500,369.738500,878.757400,1790.707000,2888.118000,1866.000000,5032.000000,9378.000000,11618.000000,63.000000,140.000000,282.000000,468.000000,422.000000,1232.000000,2304.000000,3328.000000,23.547900,66.999200,126.997400,191.591200,1.400000,3.325000,3.255000,5.000000,17.500000,19.500000,-1.000000,2.000000,3.000000,0.150000,0.900000,1.110000,1.312500,3.867500,3.797500,3.750000,20.750000,22.750000,-1.750000,2.750000,3.750000,0.050000,1.085000,1.295000,-7.260000,-10.100000,-12.050000,114.000000,310.000000,585.000000,15.000000,42.000000,107.000000,3.000000,8.000000,18.800000
MEQVEM,3.000000,3.000000,178.810100,399.126000,632.968800,656.304400,1138.000000,2124.000000,3164.000000,2464.000000,29.000000,62.000000,100.000000,102.000000,162.000000,390.000000,520.000000,504.000000,12.981900,31.339000,46.252400,44.092200,178.810100,399.126000,632.968800,656.304400,1138.000000,2124.000000,3164.000000,2464.000000,29.000000,62.000000,100.000000,102.000000,162.000000,390.000000,520.000000,504.000000,12.981900,31.339000,46.252400,44.092200,9.241600,15.504000,31.099200,43.745600,49.000000,84.000000,238.000000,119.000000,2.000000,4.000000,6.000000,4.000000,12.000000,24.000000,18.000000,0.562500,1.155000,2.497500,2.250000,9.241600,15.504000,31.038400,51.325333,49.000000,84.000000,191.333333,198.333333,2.000000,4.000000,6.666667,4.000000,12.000000,24.000000,26.000000,0.562500,1.155000,2.372500,3.025000,3.348900,33.379200,55.998000,74.883600,676.000000,1092.000000,1872.000000,3536.000000,12.000000,16.000000,108.000000,216.000000,288.000000,1.562500,5.625000,11.550000,16.650000,360.969100,865.010400,1655.181600,2194.651200,2952.000000,6432.000000,11542.000000,15976.000000,59.000000,136.000000,254.000000,332.000000,390.000000,1068.000000,1886.000000,2588.000000,27.526300,73.928000,132.479800,177.044400,0.980000,1.930000,3.850000,2.000000,-6.000000,25.000000,-2.000000,-4.000000,3.000000,-0.040000,-0.330000,1.500000,0.980000,1.950000,3.383333,2.000000,0.666667,18.333333,-2.000000,-4.000000,0.333333,-0.040000,-0.163333,0.966667,-7.260000,-8.640000,-11.640000,114.000000,240.000000,280.000000,18.000000,36.000000,48.000000,3.000000,5.760000,6.680000
MEQVEM02,3.000000,3.000000,178.810100,399.126000,632.968800,656.304400,1138.000000,2124.000000,3164.000000,2464.000000,29.000000,62.000000,100.000000,102.000000,162.000000,390.000000,520.000000,504.000000,12.981900,31.339000,46.252400,44.092200,178.810100,399.126000,632.968800,656.304400,1138.000000,2124.000000,3164.000000,2464.000000,29.000000,62.000000,100.000000,102.000000,162.000000,390.000000,520.000000,504.000000,12.981900,31.339000,46.252400,44.092200,9.241600,15.504000,31.099200,43.745600,49.000000,84.000000,238.000000,119.000000,2.000000,4.000000,6.000000,4.000000,12.000000,24.000000,18.000000,0.562500,1.155000,2.497500,2.250000,9.241600,15.504000,31.038400,51.325333,49.000000,84.000000,191.333333,198.333333,2.000000,4.000000,6.666667,4.000000,12.000000,24.000000,26.000000,0.562500,1.155000,2.372500,3.025000,3.348900,33.379200,55.998000,74.883600,676.000000,1092.000000,1872.000000,3536.000000,12.000000,16.000000,108.000000,216.000000,288.000000,1.562500,5.625000,11.550000,16.650000,360.969100,865.010400,1655.181600,2194.651200,2952.000000,6432.000000,11542.000000,15976.000000,59.000000,136.000000,254.000000,332.000000,390.000000,1068.000000,1886.000000,2588.000000,27.526300,73.928000,132.479800,177.044400,0.980000,1.930000,3.850000,2.000000,-6.000000,25.000000,-2.000000,-4.000000,3.000000,-0.040000,-0.330000,1.500000,0.980000,1.950000,3.383333,2.000000,0.666667,18.333333,-2.000000,-4.000000,0.333333,-0.040000,-0.163333,0.966667,-7.260000,-8.640000,-11.640000,114.000000,240.000000,280.000000,18.000000,36.000000,48.000000,3.000000,5.760000,6.680000
MEQXIS,3.000000,3.000000,178.810100,399.126000,632.968800,656.304400,1138.000000,2124.000000,3164.000000,2464.000000,29.000000,62.000000,100.000000,102.000000,162.000000,390.000000,520.000000,504.000000,12.981900,31.339000,46.252400,44.092200,178.810100,399.126000,632.968800,656.304400,1138.000000,2124.000000,3164.000000,2464.000000,29.000000,62.000000,100.000000,102.000000,162.000000,390.000000,520.000000,504.000000,12.981900,31.339000,46.252400,44.092200,9.241600,15.504000,31.099200,43.745600,49.000000,84.000000,238.000000,119.000000,2.000000,4.000000,6.000000,4.000000,12.000000,24.000000,18.000000,0.562500,1.155000,2.497500,2.250000,9.241600,15.504000,31.038400,51.325333,49.000000,84.000000,191.333333,198.333333,2.000000,4.000000,6.666667,4.000000,12.000000,24.000000,26.000000,0.562500,1.155000,2.372500,3.025000,3.348900,33.379200,55.998000,74.883600,676.000000,1092.000000,1872.000000,3536.000000,12.000000,16.000000,108.000000,216.000000,288.000000,1.562500,5.625000,11.550000,16.650000,360.969100,865.010400,1655.181600,2194.651200,2952.000000,6432.000000,11542.000000,15976.000000,59.000000,136.000000,254.000000,332.000000,390.000000,1068.000000,1886.000000,2588.000000,27.526300,73.928000,132.479800,177.044400,0.980000,1.930000,3.850000,2.000000,-6.000000,25.000000,-2.000000,-4.000000,3.000000,-0.040000,-0.330000,1.500000,0.980000,1.950000,3.383333,2.000000,0.666667,18.333333,-2.000000,-4.000000,0.333333,-0.040000,-0.163333,0.966667,-7.260000,-8.640000,-11.640000,114.000000,240.000000,280.000000,18.000000,36.000000,48.000000,3.000000,5.760000,6.680000
MEQXIS01,3.000000,3.000000,178.810100,399.126000,632.968800,656.304400,1138.000000,2124.000000,3164.000000,2464.000000,29.000000,62.000000,100.000000,102.000000,162.000000,390.000000,520.000000,504.000000,12.981900,31.339000,46.252400,44.092200,178.810100,399.126000,632.968800,656.304400,1138.000000,2124.000000,3164.000000,2464.000000,29.000000,62.000000,100.000000,102.000000,162.000000,390.000000,520.000000,504.000000,12.981900,31.339000,46.252400,44.092200,9.241600,15.504000,31.099200,43.745600,49.000000,84.000000,238.000000,119.000000,2.000000,4.000000,6.000000,4.000000,12.000000,24.000000,18.000000,0.562500,1.155000,2.497500,2.250000,9.241600,15.504000,31.038400,51.325333,49.000000,84.000000,191.333333,198.333333,2.000000,4.000000,6.666667,4.000000,12.000000,24.000000,26.000000,0.562500,1.155000,2.372500,3.025000,3.348900,33.379200,55.998000,74.883600,676.000000,1092.000000,1872.000000,3536.000000,12.000000,16.000000,108.000000,216.000000,288.000000,1.562500,5.625000,11.550000,16.650000,360.969100,865.010400,1655.181600,2194.651200,2952.000000,6432.000000,11542.000000,15976.000000,59.000000,136.000000,254.000000,332.000000,390.000000,1068.000000,1886.000000,2588.000000,27.526300,73.928000,132.479800,177.044400,0.980000,1.930000,3.850000,2.000000,-6.000000,25.000000,-2.000000,-4.000000,3.000000,-0.040000,-0.330000,1.500000,0.980000,1.950000,3.383333,2.000000,0.666667,18.333333,-2.000000,-4.000000,0.333333,-0.040000,-0.163333,0.966667,-7.260000,-8.640000,-11.640000,114.000000,240.000000,280.000000,18.000000,36.000000,48.000000,3.000000,5.760000,6.680000
MIFRIF,4.000000,2.000000,225.412600,483.151000,794.884000,981.357600,1294.000000,2068.000000,2932.000000,2954.000000,36.000000,74.000000,124.000000,158.000000,198.000000,492.000000,656.000000,678.000000,14.701200,34.420200,51.058800,56.561400,90.071200,180.158333,275.418933,327.119200,658.666667,873.333333,1126.666667,984.666667,14.000000,27.333333,42.666667,52.666667,70.000000,169.333333,220.000000,226.000000,6.364267,13.290600,18.039600,18.853800,9.241600,15.504000,29.944000,43.745600,49.000000,84.000000,133.000000,119.000000,2.000000,4.000000,6.000000,4.000000,12.000000,22.000000,20.000000,0.562500,1.155000,2.010000,2.250000,9.241600,12.565333,19.314133,13.203733,49.000000,58.333333,112.000000,51.333333,1.666667,2.666667,1.666667,3.666667,10.333333,11.666667,10.000000,0.562500,0.862500,1.265000,0.752500,3.348900,33.379200,54.717000,68.368800,676.000000,1092.000000,1612.000000,1716.000000,12.000000,16.000000,108.000000,204.000000,144.000000,1.562500,5.625000,10.550000,11.025000,273.562500,607.233400,1212.938800,1878.581600,2652.000000,4804.000000,8074.000000,9928.000000,43.000000,94.000000,182.000000,292.000000,276.000000,792.000000,1426.000000,1804.000000,20.655300,51.121800,92.093800,131.606400,0.980000,2.310000,3.850000,2.000000,9.000000,25.000000,-2.000000,-3.000000,2.000000,-0.040000,0.320000,1.500000,0.933333,1.753333,0.723333,3.333333,2.666667,4.333333,-0.666667,2.333333,1.666667,0.100000,0.313333,0.246667,-7.260000,-7.940000,-8.080000,114.000000,250.000000,350.000000,18.000000,38.000000,72.000000,3.000000,6.560000,11.180000
MIFROL,4.000000,2.000000,225.412600,483.151000,794.884000,981.357600,1294.000000,2068.000000,2932.000000,2954.000000,36.000000,74.000000,124.000000,158.000000,198.000000,492.000000,656.000000,678.000000,14.701200,34.420200,51.058800,56.561400,89.968600,180.056333,275.297333,327.119200,1258.666667,1017.333333,1294.666667,984.666667,14.000000,27.333333,42.666667,52.666667,70.000000,169.333333,220.000000,226.000000,6.567733,13.434333,18.179600,18.853800,9.241600,15.504000,29.944000,43.745600,49.000000,84.000000,133.000000,119.000000,2.000000,4.000000,6.000000,4.000000,12.000000,22.000000,20.000000,0.562500,1.155000,2.010000,2.250000,9.241600,12.565333,19.253333,13.203733,49.000000,58.333333,196.000000,51.333333,1.666667,2.666667,1.666667,3.666667,10.333333,11.666667,10.000000,0.562500,0.862500,1.335000,0.752500,3.348900,33.379200,54.717000,68.259000,676.000000,1092.000000,1612.000000,2652.000000,12.000000,16.000000,108.000000,204.000000,144.000000,1.562500,5.625000,10.550000,11.375000,273.254700,606.927400,1212.574000,1878.362000,4452.000000,5236.000000,8578.000000,11800.000000,43.000000,94.000000,182.000000,292.000000,276.000000,792.000000,1426.000000,1804.000000,21.265700,51.553000,92.513800,132.306400,0.980000,2.310000,3.850000,2.000000,9.000000,25.000000,-2.000000,-3.000000,2.000000,-0.040000,0.320000,1.500000,0.933333,1.773333,0.723333,3.333333,-9.333333,4.333333,-0.666667,2.333333,1.666667,0.100000,0.220000,0.246667,-7.260000,-7.940000,-8.020000,114.000000,250.000000,314.000000,18.000000,38.000000,72.000000,3.000000,6.560000,10.900000
MIFROL01,4.000000,2.000000,225.412600,483.151000,794.884000,981.357600,1294.000000,2068.000000,2932.000000,2954.000000,36.000000,74.000000,124.000000,158.000000,198.000000,492.000000,656.000000,678.000000,14.701200,34.420200,51.058800,56.561400,89.968600,180.056333,275.297333,327.119200,1258.666667,1017.333333,1294.666667,984.666667,14.000000,27.333333,42.666667,52.666667,70.000000,169.333333,220.000000,226.000000,6.567733,13.434333,18.179600,18.853800,9.241600,15.504000,29.944000,43.745600,49.000000,84.000000,133.000000,119.000000,2.000000,4.000000,6.000000,4.000000,12.000000,22.000000,20.000000,0.562500,1.155000,2.010000,2.250000,9.241600,12.565333,19.253333,13.203733,49.000000,58.333333,196.000000,51.333333,1.666667,2.666667,1.666667,3.666667,10.333333,11.666667,10.000000,0.562500,0.862500,1.335000,0.752500,3.348900,33.379200,54.717000,68.259000,676.000000,1092.000000,1612.000000,2652.000000,12.000000,16.000000,108.000000,204.000000,144.000000,1.562500,5.625000,10.550000,11.375000,273.254700,606.927400,1212.574000,1878.362000,4452.000000,5236.000000,8578.000000,11800.000000,43.000000,94.000000,182.000000,292.000000,276.000000,792.000000,1426.000000,1804.000000,21.265700,51.553000,92.513800,132.306400,0.980000,2.310000,3.850000,2.000000,9.000000,25.000000,-2.000000,-3.000000,2.000000,-0.040000,0.320000,1.500000,0.933333,1.773333,0.723333,3.333333,-9.333333,4.333333,-0.666667,2.333333,1.666667,0.100000,0.220000,0.246667,-7.260000,-7.940000,-8.020000,114.000000,250.000000,314.000000,18.000000,38.000000,72.000000,3.000000,6.560000,10.900000
MIFSAY,4.000000,2.000000,225.412600,483.151000,794.884000,981.357600,1294.000000,2068.000000,2932.000000,2954.000000,36.000000,74.000000,124.000000,158.000000,198.000000,492.000000,656.000000,678.000000,14.701200,34.420200,51.058800,56.561400,98.088000,196.274333,315.030133,353.871200,506.666667,805.333333,1052.000000,1012.666667,16.000000,31.333333,50.666667,56.666667,82.000000,193.333333,236.000000,230.000000,6.426133,14.374067,19.556800,19.963800,9.241600,15.504000,29.944000,43.745600,49.000000,84.000000,133.000000,119.000000,2.000000,4.000000,6.000000,4.000000,12.000000,22.000000,20.000000,0.562500,1.155000,2.010000,2.250000,9.241600,12.565333,18.219733,26.579733,49.000000,58.333333,60.666667,65.333333,1.666667,2.666667,3.666667,3.666667,10.333333,13.666667,12.000000,0.562500,0.862500,1.180000,1.307500,3.348900,33.379200,54.717000,66.392400,676.000000,1092.000000,1612.000000,1144.000000,12.000000,16.000000,108.000000,204.000000,180.000000,1.562500,5.625000,10.550000,10.600000,297.612900,655.581400,1331.772400,1954.884800,2196.000000,4600.000000,7850.000000,8868.000000,49.000000,106.000000,206.000000,304.000000,312.000000,864.000000,1486.000000,1900.000000,20.840900,54.372200,96.645400,134.086400,0.980000,2.310000,3.850000,2.000000,9.000000,25.000000,-2.000000,-3.000000,2.000000,-0.040000,0.320000,1.500000,0.933333,2.113333,2.403333,3.333333,10.000000,16.333333,-0.666667,0.333333,1.666667,0.100000,0.426667,1.006667,-7.260000,-7.940000,-7.000000,114.000000,250.000000,372.000000,18.000000,38.000000,66.000000,3.000000,6.560000,11.520000
MIFSEC,4.000000,2.000000,225.412600,483.151000,794.884000,981.357600,1294.000000,2068.000000,2932.000000,2954.000000,36.000000,74.000000,124.000000,158.000000,198.000000,492.000000,656.000000,678.000000,14.701200,34.420200,51.058800,56.561400,98.088000,196.274333,315.030133,353.871200,506.666667,805.333333,1052.000000,1012.666667,16.000000,31.333333,50.666667,56.666667,82.000000,193.333333,236.000000,230.000000,6.426133,14.374067,19.556800,19.963800,9.241600,15.504000,29.944000,43.745600,49.000000,84.000000,133.000000,119.000000,2.000000,4.000000,6.000000,4.000000,12.000000,22.000000,20.000000,0.562500,1.155000,2.010000,2.250000,9.241600,12.565333,18.219733,26.579733,49.000000,58.333333,60.666667,65.333333,1.666667,2.666667,3.666667,3.666667,10.333333,13.666667,12.000000,0.562500,0.862500,1.180000,1.307500,3.348900,33.379200,54.717000,66.392400,676.000000,1092.000000,1612.000000,1144.000000,12.000000,16.000000,108.000000,204.000000,180.000000,1.562500,5.625000,10.550000,10.600000,297.612900,655.581400,1331.772400,1954.884800,2196.000000,4600.000000,7850.000000,8868.000000,49.000000,106.000000,206.000000,304.000000,312.000000,864.000000,1486.000000,1900.000000,20.840900,54.372200,96.645400,134.086400,0.980000,2.310000,3.850000,2.000000,9.000000,25.000000,-2.000000,-3.000000,2.000000,-0.040000,0.320000,1.500000,0.933333,2.113333,2.403333,3.333333,10.000000,16.333333,-0.666667,0.333333,1.666667,0.100000,0.426667,1.006667,-7.260000,-7.940000,-7.000000,114.000000,250.000000,372.000000,18.000000,38.000000,66.000000,3.000000,6.560000,11.520000
MIWJUZ,1.000000,4.000000,22.400500,28.662000,15.686400,0.000000,341.000000,276.000000,224.000000,0.000000,3.000000,4.000000,2.000000,0.000000,6.000000,8.000000,2.000000,0.000000,2.195800,2.725800,1.530000,0.000000,267.141400,599.097000,956.768000,1194.643400,1006.000000,2400.000000,3344.000000,3440.000000,44.000000,94.000000,152.000000,194.000000,246.000000,616.000000,856.000000,914.000000,17.758000,44.398200,65.660000,73.311400,9.241600,7.752000,7.843200,0.000000,49.000000,42.000000,112.000000,0.000000,1.000000,1.000000,0.000000,1.000000,2.000000,1.000000,0.000000,0.562500,0.577500,0.765000,0.000000,9.241600,15.504000,30.476000,48.685600,49.000000,84.000000,150.500000,175.000000,2.000000,4.000000,6.500000,4.000000,12.000000,23.000000,26.000000,0.562500,1.155000,2.160000,2.838750,3.348900,33.379200,46.665000,64.159800,676.000000,1092.000000,1560.000000,2444.000000,10.000000,14.000000,96.000000,168.000000,216.000000,1.562500,5.625000,9.625000,13.100000,315.291300,723.179400,1358.718800,1999.180600,2364.000000,5136.000000,8382.000000,11996.000000,51.000000,114.000000,206.000000,310.000000,320.000000,880.000000,1504.000000,2082.000000,23.712100,61.099800,104.845000,150.391400,0.490000,0.460000,0.000000,1.000000,-9.000000,0.000000,-1.000000,0.000000,0.000000,-0.020000,-0.270000,0.000000,0.980000,2.135000,3.745000,2.000000,6.500000,20.500000,-2.000000,-3.500000,0.000000,-0.040000,0.120000,1.090000,-7.260000,-7.200000,-9.440000,114.000000,200.000000,270.000000,20.000000,32.000000,48.000000,3.000000,4.800000,7.020000
MOFRAA,3.000000,3.000000,265.969600,597.885600,1020.741600,1156.114200,892.000000,2178.000000,3288.000000,3378.000000,44.000000,92.000000,162.000000,174.000000,254.000000,620.000000,870.000000,990.000000,15.873200,40.535200,62.128200,68.766600,265.969600,597.885600,1020.741600,1156.114200,892.000000,2178.000000,3288.000000,3378.000000,44.000000,92.000000,162.000000,174.000000,254.000000,620.000000,870.000000,990.000000,15.873200,40.535200,62.128200,68.766600,9.241600,16.993600,31.008000,59.675200,49.000000,91.000000,168.000000,175.000000,2.000000,4.000000,8.000000,4.000000,12.000000,28.000000,30.000000,0.562500,1.140000,2.310000,3.090000,9.241600,16.993600,31.008000,59.675200,49.000000,91.000000,168.000000,175.000000,2.000000,4.000000,8.000000,4.000000,12.000000,28.000000,30.000000,0.562500,1.140000,2.310000,3.090000,3.348900,33.379200,61.378200,93.330000,676.000000,1092.000000,2028.000000,3120.000000,12.000000,20.000000,108.000000,216.000000,408.000000,1.562500,5.625000,11.400000,19.250000,535.288100,1262.529600,2441.487600,3296.706000,2460.000000,6540.000000,12102.000000,17280.000000,89.000000,196.000000,378.000000,484.000000,574.000000,1528.000000,2610.000000,3840.000000,33.308900,92.320400,163.931400,230.933200,0.490000,1.960000,4.690000,1.000000,4.000000,31.000000,-2.000000,-6.000000,1.000000,-0.020000,-0.080000,1.880000,0.490000,1.960000,4.690000,1.000000,4.000000,31.000000,-2.000000,-6.000000,1.000000,-0.020000,-0.080000,1.880000,-7.260000,-11.580000,-14.400000,114.000000,234.000000,400.000000,18.000000,36.000000,52.000000,3.000000,5.880000,9.600000
MOFREE,3.000000,3.000000,265.969600,597.885600,1020.741600,1156.114200,892.000000,2178.000000,3288.000000,3378.000000,44.000000,92.000000,162.000000,174.000000,254.000000,620.000000,870.000000,990.000000,15.873200,40.535200,62.128200,68.766600,265.969600,597.885600,1020.741600,1156.114200,892.000000,2178.000000,3288.000000,3378.000000,44.000000,92.000000,162.000000,174.000000,254.000000,620.000000,870.000000,990.000000,15.873200,40.535200,62.128200,68.766600,9.241600,16.993600,31.008000,59.675200,49.000000,91.000000,168.000000,175.000000,2.000000,4.000000,8.000000,4.000000,12.000000,28.000000,30.000000,0.562500,1.140000,2.310000,3.090000,9.241600,16.993600,31.008000,59.675200,49.000000,91.000000,168.000000,175.000000,2.000000,4.000000,8.000000,4.000000,12.000000,28.000000,30.000000,0.562500,1.140000,2.310000,3.090000,3.348900,33.379200,61.378200,93.330000,676.000000,1092.000000,2028.000000,3120.000000,12.000000,20.000000,108.000000,216.000000,408.000000,1.562500,5.625000,11.400000,19.250000,535.288100,1262.529600,2441.487600,3296.706000,2460.000000,6540.000000,12102.000000,17280.000000,89.000000,196.000000,378.000000,484.000000,574.000000,1528.000000,2610.000000,3840.000000,33.308900,92.320400,163.931400,230.933200,0.490000,1.960000,4.690000,1.000000,4.000000,31.000000,-2.000000,-6.000000,1.000000,-0.020000,-0.080000,1.880000,0.490000,1.960000,4.690000,1.000000,4.000000,31.000000,-2.000000,-6.000000,1.000000,-0.020000,-0.080000,1.880000,-7.260000,-11.580000,-14.400000,114.000000,234.000000,400.000000,18.000000,36.000000,52.000000,3.000000,5.880000,9.600000
NAVYEP,6.000000,6.000000,374.168500,824.712000,1378.848600,1547.812200,1276.000000,2994.000000,4068.000000,3612.000000,61.000000,126.000000,216.000000,246.000000,342.000000,834.000000,1110.000000,1152.000000,22.182900,55.534200,81.782400,84.846600,374.168500,824.712000,1378.848600,1547.812200,1276.000000,2994.000000,4068.000000,3612.000000,61.000000,126.000000,216.000000,246.000000,342.000000,834.000000,1110.000000,1152.000000,22.182900,55.534200,81.782400,84.846600,9.241600,15.504000,34.032800,44.490400,49.000000,84.000000,140.000000,122.500000,2.000000,4.500000,6.000000,4.000000,13.000000,23.000000,18.000000,0.562500,1.155000,2.141250,2.242500,9.241600,15.504000,34.032800,44.490400,49.000000,84.000000,140.000000,122.500000,2.000000,4.500000,6.000000,4.000000,13.000000,23.000000,18.000000,0.562500,1.155000,2.141250,2.242500,3.348900,33.379200,55.998000,94.922100,676.000000,1092.000000,1872.000000,2184.000000,12.000000,21.000000,108.000000,234.000000,306.000000,1.562500,5.625000,11.550000,15.637500,377.517400,891.470400,1768.092600,2519.422800,1952.000000,5178.000000,9282.000000,12222.000000,62.000000,138.000000,270.000000,390.000000,408.000000,1128.000000,1986.000000,2886.000000,23.745400,66.784200,121.757400,175.116600,0.980000,2.485000,3.605000,2.000000,11.500000,24.500000,-2.500000,-2.500000,3.000000,-0.040000,0.520000,1.510000,0.980000,2.485000,3.605000,2.000000,11.500000,24.500000,-2.500000,-2.500000,3.000000,-0.040000,0.520000,1.510000,-7.260000,-8.640000,-13.440000,114.000000,240.000000,462.000000,18.000000,33.000000,75.000000,3.000000,5.760000,13.740000
NAVYEP01,6.000000,6.000000,374.168500,824.712000,1378.848600,1547.812200,1276.000000,2994.000000,4068.000000,3612.000000,61.000000,126.000000,216.000000,246.000000,342.000000,834.000000,1110.000000,1152.000000,22.182900,55.534200,81.782400,84.846600,374.168500,824.712000,1378.848600,1547.812200,1276.000000,2994.000000,4068.000000,3612.000000,61.000000,126.000000,216.000000,246.000000,342.000000,834.000000,1110.000000,1152.000000,22.182900,55.534200,81.782400,84.846600,9.241600,15.504000,34.032800,44.490400,49.000000,84.000000,140.000000,122.500000,2.000000,4.500000,6.000000,4.000000,13.000000,23.000000,18.000000,0.562500,1.155000,2.141250,2.242500,9.241600,15.504000,34.032800,44.490400,49.000000,84.000000,140.000000,122.500000,2.000000,4.500000,6.000000,4.000000,13.000000,23.000000,18.000000,0.562500,1.155000,2.141250,2.242500,3.348900,33.379200,55.998000,94.922100,676.000000,1092.000000,1872.000000,2184.000000,12.000000,21.000000,108.000000,234.000000,306.000000,1.562500,5.625000,11.550000,15.637500,377.517400,891.470400,1768.092600,2519.422800,1952.000000,5178.000000,9282.000000,12222.000000,62.000000,138.000000,270.000000,390.000000,408.000000,1128.000000,1986.000000,2886.000000,23.745400,66.784200,121.757400,175.116600,0.980000,2.485000,3.605000,2.000000,11.500000,24.500000,-2.500000,-2.500000,3.000000,-0.040000,0.520000,1.510000,0.980000,2.485000,3.605000,2.000000,11.500000,24.500000,-2.500000,-2.500000,3.000000,-0.040000,0.520000,1.510000,-7.260000,-8.640000,-13.440000,114.000000,240.000000,462.000000,18.000000,33.000000,75.000000,3.000000,5.760000,13.740000
NEFSIA01,4.000000,2.000000,215.121400,473.359000,775.545000,954.607600,718.000000,1684.000000,2214.000000,2218.000000,36.000000,74.000000,124.000000,158.000000,198.000000,492.000000,674.000000,738.000000,13.014800,32.510600,47.559600,53.323000,86.640800,176.894333,268.972600,318.202533,466.666667,745.333333,887.333333,739.333333,14.000000,27.333333,42.666667,52.666667,70.000000,169.333333,226.000000,246.000000,5.802133,12.654067,16.873200,17.774333,9.241600,15.504000,29.944000,43.745600,49.000000,84.000000,133.000000,119.000000,2.000000,4.000000,6.000000,4.000000,12.000000,22.000000,20.000000,0.562500,1.155000,2.010000,2.250000,9.241600,12.565333,19.314133,13.203733,49.000000,58.333333,112.000000,51.333333,1.666667,2.666667,1.666667,3.666667,10.333333,11.666667,10.000000,0.562500,0.862500,1.265000,0.752500,3.348900,33.379200,54.717000,68.368800,676.000000,1092.000000,1612.000000,1716.000000,12.000000,16.000000,108.000000,204.000000,144.000000,1.562500,5.625000,10.550000,11.025000,263.271300,597.441400,1193.599800,1851.831600,2076.000000,4420.000000,7356.000000,9192.000000,43.000000,94.000000,182.000000,292.000000,276.000000,792.000000,1444.000000,1864.000000,18.968900,49.212200,88.594600,128.368000,0.980000,2.310000,3.850000,2.000000,9.000000,25.000000,-2.000000,-3.000000,2.000000,-0.040000,0.320000,1.500000,0.933333,1.753333,0.723333,3.333333,2.666667,4.333333,-0.666667,2.333333,1.666667,0.100000,0.313333,0.246667,-7.260000,-7.940000,-8.080000,114.000000,250.000000,350.000000,18.000000,38.000000,72.000000,3.000000,6.560000,11.180000
NEFSIA02,4.000000,2.000000,215.121400,473.359000,775.545000,954.607600,718.000000,1684.000000,2214.000000,2218.000000,36.000000,74.000000,124.000000,158.000000,198.000000,492.000000,674.000000,738.000000,13.014800,32.510600,47.559600,53.323000,86.640800,176.894333,268.972600,318.202533,466.666667,745.333333,887.333333,739.333333,14.000000,27.333333,42.666667,52.666667,70.000000,169.333333,226.000000,246.000000,5.802133,12.654067,16.873200,17.774333,9.241600,15.504000,29.944000,43.745600,49.000000,84.000000,133.000000,119.000000,2.000000,4.000000,6.000000,4.000000,12.000000,22.000000,20.000000,0.562500,1.155000,2.010000,2.250000,9.241600,12.565333,19.314133,13.203733,49.000000,58.333333,112.000000,51.333333,1.666667,2.666667,1.666667,3.666667,10.333333,11.666667,10.000000,0.562500,0.862500,1.265000,0.752500,3.348900,33.379200,54.717000,68.368800,676.000000,1092.000000,1612.000000,1716.000000,12.000000,16.000000,108.000000,204.000000,144.000000,1.562500,5.625000,10.550000,11.025000,263.271300,597.441400,1193.599800,1851.831600,2076.000000,4420.000000,7356.000000,9192.000000,43.000000,94.000000,182.000000,292.000000,276.000000,792.000000,1444.000000,1864.000000,18.968900,49.212200,88.594600,128.368000,0.980000,2.310000,3.850000,2.000000,9.000000,25.000000,-2.000000,-3.000000,2.000000,-0.040000,0.320000,1.500000,0.933333,1.753333,0.723333,3.333333,2.666667,4.333333,-0.666667,2.333333,1.666667,0.100000,0.313333,0.246667,-7.260000,-7.940000,-8.080000,114.000000,250.000000,350.000000,18.000000,38.000000,72.000000,3.000000,6.560000,11.180000
NEFVID,1.000000,1.000000,101.696400,217.731600,346.359600,341.837000,348.000000,786.000000,948.000000,608.000000,16.000000,32.000000,54.000000,58.000000,86.000000,208.000000,256.000000,204.000000,5.716800,13.770000,19.083800,16.432200,101.696400,217.731600,346.359600,341.837000,348.000000,786.000000,948.000000,608.000000,16.000000,32.000000,54.000000,58.000000,86.000000,208.000000,256.000000,204.000000,5.716800,13.770000,19.083800,16.432200,9.241600,16.993600,25.171200,7.752000,49.000000,91.000000,105.000000,42.000000,2.000000,3.000000,1.000000,4.000000,10.000000,12.000000,8.000000,0.562500,1.140000,1.402500,0.577500,9.241600,16.993600,25.171200,7.752000,49.000000,91.000000,105.000000,42.000000,2.000000,3.000000,1.000000,4.000000,10.000000,12.000000,8.000000,0.562500,1.140000,1.402500,0.577500,3.348900,33.379200,61.378200,90.914400,676.000000,1092.000000,2028.000000,2340.000000,12.000000,18.000000,108.000000,180.000000,216.000000,1.562500,5.625000,11.400000,14.025000,613.527300,1373.148000,2478.162000,3252.466800,2764.000000,6900.000000,11214.000000,13788.000000,97.000000,204.000000,378.000000,504.000000,582.000000,1524.000000,2238.000000,2604.000000,35.863300,93.870000,154.177800,195.043200,0.490000,0.840000,0.490000,1.000000,6.000000,1.000000,-1.000000,0.000000,-2.000000,-0.020000,0.380000,-0.020000,0.490000,0.840000,0.490000,1.000000,6.000000,1.000000,-1.000000,0.000000,-2.000000,-0.020000,0.380000,-0.020000,-7.260000,-11.580000,-16.740000,114.000000,234.000000,378.000000,18.000000,42.000000,72.000000,3.000000,5.880000,11.280000
NEMSAZ,3.000000,3.000000,161.295500,365.332400,557.690000,597.712400,650.000000,1532.000000,2120.000000,1796.000000,25.000000,54.000000,84.000000,94.000000,138.000000,342.000000,476.000000,424.000000,10.566500,26.136600,38.225200,36.253000,161.295500,365.332400,557.690000,597.712400,650.000000,1532.000000,2120.000000,1796.000000,25.000000,54.000000,84.000000,94.000000,138.000000,342.000000,476.000000,424.000000,10.566500,26.136600,38.225200,36.253000,9.241600,16.993600,29.944000,30.369600,49.000000,91.000000,133.000000,105.000000,2.000000,4.000000,4.000000,4.000000,12.000000,20.000000,14.000000,0.562500,1.140000,2.010000,1.695000,9.241600,16.000533,30.653333,46.866667,49.000000,86.333333,156.333333,193.666667,2.000000,4.000000,6.000000,4.000000,12.000000,22.666667,24.666667,0.562500,1.150000,2.210000,2.840000,3.348900,33.379200,59.584800,72.102000,676.000000,1092.000000,1976.000000,1976.000000,12.000000,16.000000,108.000000,216.000000,240.000000,1.562500,5.625000,11.450000,13.400000,325.939900,797.423200,1511.797600,2131.488000,1976.000000,5248.000000,9662.000000,11800.000000,51.000000,120.000000,222.000000,316.000000,342.000000,972.000000,1782.000000,2316.000000,22.695500,63.523200,116.225400,154.266000,0.490000,2.310000,2.170000,1.000000,9.000000,13.000000,-2.000000,-2.000000,1.000000,-0.020000,0.320000,0.740000,0.816667,2.076667,2.823333,1.666667,5.666667,14.333333,-2.000000,-3.333333,-0.333333,-0.033333,0.053333,0.713333,-7.260000,-10.600000,-10.120000,114.000000,236.000000,340.000000,18.000000,36.000000,56.000000,3.000000,5.840000,9.280000
NEMSED,3.000000,3.000000,161.295500,365.332400,557.690000,597.712400,650.000000,1532.000000,2120.000000,1796.000000,25.000000,54.000000,84.000000,94.000000,138.000000,342.000000,476.000000,424.000000,10.566500,26.136600,38.225200,36.253000,161.295500,365.332400,557.690000,597.712400,650.000000,1532.000000,2120.000000,1796.000000,25.000000,54.000000,84.000000,94.000000,138.000000,342.000000,476.000000,424.000000,10.566500,26.136600,38.225200,36.253000,9.241600,16.993600,29.944000,30.369600,49.000000,91.000000,133.000000,105.000000,2.000000,4.000000,4.000000,4.000000,12.000000,20.000000,14.000000,0.562500,1.140000,2.010000,1.695000,9.241600,16.000533,30.653333,46.866667,49.000000,86.333333,156.333333,193.666667,2.000000,4.000000,6.000000,4.000000,12.000000,22.666667,24.666667,0.562500,1.150000,2.210000,2.840000,3.348900,33.379200,59.584800,72.102000,676.000000,1092.000000,1976.000000,1976.000000,12.000000,16.000000,108.000000,216.000000,240.000000,1.562500,5.625000,11.450000,13.400000,325.939900,797.423200,1511.797600,2131.488000,1976.000000,5248.000000,9662.000000,11800.000000,51.000000,120.000000,222.000000,316.000000,342.000000,972.000000,1782.000000,2316.000000,22.695500,63.523200,116.225400,154.266000,0.490000,2.310000,2.170000,1.000000,9.000000,13.000000,-2.000000,-2.000000,1.000000,-0.020000,0.320000,0.740000,0.816667,2.076667,2.823333,1.666667,5.666667,14.333333,-2.000000,-3.333333,-0.333333,-0.033333,0.053333,0.713333,-7.260000,-10.600000,-10.120000,114.000000,236.000000,340.000000,18.000000,36.000000,56.000000,3.000000,5.840000,9.280000
NERDIA,3.000000,3.000000,161.295500,365.332400,557.690000,597.712400,650.000000,1532.000000,2120.000000,1796.000000,25.000000,54.000000,84.000000,94.000000,138.000000,342.000000,476.000000,424.000000,10.566500,26.136600,38.225200,36.253000,161.295500,365.332400,557.690000,597.712400,650.000000,1532.000000,2120.000000,1796.000000,25.000000,54.000000,84.000000,94.000000,138.000000,342.000000,476.000000,424.000000,10.566500,26.136600,38.225200,36.253000,9.241600,16.993600,29.944000,30.369600,49.000000,91.000000,133.000000,105.000000,2.000000,4.000000,4.000000,4.000000,12.000000,20.000000,14.000000,0.562500,1.140000,2.010000,1.695000,9.241600,16.000533,30.653333,46.866667,49.000000,86.333333,156.333333,193.666667,2.000000,4.000000,6.000000,4.000000,12.000000,22.666667,24.666667,0.562500,1.150000,2.210000,2.840000,3.348900,33.379200,59.584800,72.102000,676.000000,1092.000000,1976.000000,1976.000000,12.000000,16.000000,108.000000,216.000000,240.000000,1.562500,5.625000,11.450000,13.400000,325.939900,797.423200,1511.797600,2131.488000,1976.000000,5248.000000,9662.000000,11800.000000,51.000000,120.000000,222.000000,316.000000,342.000000,972.000000,1782.000000,2316.000000,22.695500,63.523200,116.225400,154.266000,0.490000,2.310000,2.170000,1.000000,9.000000,13.000000,-2.000000,-2.000000,1.000000,-0.020000,0.320000,0.740000,0.816667,2.076667,2.823333,1.666667,5.666667,14.333333,-2.000000,-3.333333,-0.333333,-0.033333,0.053333,0.713333,-7.260000,-10.600000,-10.120000,114.000000,236.000000,340.000000,18.000000,36.000000,56.000000,3.000000,5.840000,9.280000
NERDIA01,3.000000,3.000000,161.295500,365.332400,557.690000,597.712400,650.000000,1532.000000,2120.000000,1796.000000,25.000000,54.000000,84.000000,94.000000,138.000000,342.000000,476.000000,424.000000,10.566500,26.136600,38.225200,36.253000,161.295500,365.332400,557.690000,597.712400,650.000000,1532.000000,2120.000000,1796.000000,25.000000,54.000000,84.000000,94.000000,138.000000,342.000000,476.000000,424.000000,10.566500,26.136600,38.225200,36.253000,9.241600,16.993600,29.944000,30.369600,49.000000,91.000000,133.000000,105.000000,2.000000,4.000000,4.000000,4.000000,12.000000,20.000000,14.000000,0.562500,1.140000,2.010000,1.695000,9.241600,16.000533,30.653333,46.866667,49.000000,86.333333,156.333333,193.666667,2.000000,4.000000,6.000000,4.000000,12.000000,22.666667,24.666667,0.562500,1.150000,2.210000,2.840000,3.348900,33.379200,59.584800,72.102000,676.000000,1092.000000,1976.000000,1976.000000,12.000000,16.000000,108.000000,216.000000,240.000000,1.562500,5.625000,11.450000,13.400000,325.939900,797.423200,1511.797600,2131.488000,1976.000000,5248.000000,9662.000000,11800.000000,51.000000,120.000000,222.000000,316.000000,342.000000,972.000000,1782.000000,2316.000000,22.695500,63.523200,116.225400,154.266000,0.490000,2.310000,2.170000,1.000000,9.000000,13.000000,-2.000000,-2.000000,1.000000,-0.020000,0.320000,0.740000,0.816667,2.076667,2.823333,1.666667,5.666667,14.333333,-2.000000,-3.333333,-0.333333,-0.033333,0.053333,0.713333,-7.260000,-10.600000,-10.120000,114.000000,236.000000,340.000000,18.000000,36.000000,56.000000,3.000000,5.840000,9.280000
NESVOX,3.000000,3.000000,189.311600,422.923400,663.372400,728.532400,752.000000,1748.000000,2458.000000,2224.000000,29.000000,62.000000,98.000000,112.000000,160.000000,396.000000,554.000000,530.000000,11.966100,29.524600,43.523400,43.601200,189.311600,422.923400,663.372400,728.532400,752.000000,1748.000000,2458.000000,2224.000000,29.000000,62.000000,98.000000,112.000000,160.000000,396.000000,554.000000,530.000000,11.966100,29.524600,43.523400,43.601200,9.241600,16.993600,29.944000,30.369600,49.000000,91.000000,133.000000,105.000000,2.000000,4.000000,4.000000,4.000000,12.000000,20.000000,14.000000,0.562500,1.140000,2.010000,1.695000,9.241600,16.000533,32.639467,46.866667,49.000000,86.333333,165.666667,193.666667,2.000000,4.000000,6.000000,4.000000,12.000000,22.666667,24.666667,0.562500,1.150000,2.190000,2.840000,3.348900,33.379200,59.584800,72.102000,676.000000,1092.000000,1976.000000,1976.000000,12.000000,16.000000,108.000000,216.000000,240.000000,1.562500,5.625000,11.450000,13.400000,381.972100,912.605200,1723.162400,2381.211200,2180.000000,5680.000000,10338.000000,12600.000000,59.000000,136.000000,250.000000,352.000000,386.000000,1080.000000,1938.000000,2528.000000,25.494700,70.299200,126.821800,169.082400,0.490000,2.310000,2.170000,1.000000,9.000000,13.000000,-2.000000,-2.000000,1.000000,-0.020000,0.320000,0.740000,0.816667,1.423333,2.823333,1.666667,4.333333,14.333333,-2.000000,-3.333333,-0.333333,-0.033333,0.080000,0.713333,-7.260000,-10.600000,-10.120000,114.000000,236.000000,340.000000,18.000000,36.000000,56.000000,3.000000,5.840000,9.280000
NESVOX02,3.000000,3.000000,189.311600,422.923400,663.372400,728.532400,752.000000,1748.000000,2458.000000,2224.000000,29.000000,62.000000,98.000000,112.000000,160.000000,396.000000,554.000000,530.000000,11.966100,29.524600,43.523400,43.601200,189.311600,422.923400,663.372400,728.532400,752.000000,1748.000000,2458.000000,2224.000000,29.000000,62.000000,98.000000,112.000000,160.000000,396.000000,554.000000,530.000000,11.966100,29.524600,43.523400,43.601200,9.241600,16.993600,29.944000,30.369600,49.000000,91.000000,133.000000,105.000000,2.000000,4.000000,4.000000,4.000000,12.000000,20.000000,14.000000,0.562500,1.140000,2.010000,1.695000,9.241600,16.000533,32.639467,46.866667,49.000000,86.333333,165.666667,193.666667,2.000000,4.000000,6.000000,4.000000,12.000000,22.666667,24.666667,0.562500,1.150000,2.190000,2.840000,3.348900,33.379200,59.584800,72.102000,676.000000,1092.000000,1976.000000,1976.000000,12.000000,16.000000,108.000000,216.000000,240.000000,1.562500,5.625000,11.450000,13.400000,381.972100,912.605200,1723.162400,2381.211200,2180.000000,5680.000000,10338.000000,12600.000000,59.000000,136.000000,250.000000,352.000000,386.000000,1080.000000,1938.000000,2528.000000,25.494700,70.299200,126.821800,169.082400,0.490000,2.310000,2.170000,1.000000,9.000000,13.000000,-2.000000,-2.000000,1.000000,-0.020000,0.320000,0.740000,0.816667,1.423333,2.823333,1.666667,4.333333,14.333333,-2.000000,-3.333333,-0.333333,-0.033333,0.080000,0.713333,-7.260000,-10.600000,-10.120000,114.000000,236.000000,340.000000,18.000000,36.000000,56.000000,3.000000,5.840000,9.280000
NESVUD,3.000000,3.000000,193.660500,436.908400,701.186400,760.646400,726.000000,1744.000000,2496.000000,2292.000000,31.000000,66.000000,108.000000,118.000000,174.000000,426.000000,596.000000,580.000000,12.299900,30.755400,45.629200,46.553800,193.660500,436.908400,701.186400,760.646400,726.000000,1744.000000,2496.000000,2292.000000,31.000000,66.000000,108.000000,118.000000,174.000000,426.000000,596.000000,580.000000,12.299900,30.755400,45.629200,46.553800,9.241600,16.993600,29.944000,31.433600,49.000000,91.000000,133.000000,140.000000,2.000000,4.000000,4.000000,4.000000,12.000000,20.000000,20.000000,0.562500,1.140000,2.010000,1.995000,9.241600,16.000533,32.639467,47.221333,49.000000,86.333333,165.666667,205.333333,2.000000,4.000000,6.000000,4.000000,12.000000,22.666667,26.666667,0.562500,1.150000,2.190000,2.940000,3.348900,33.379200,59.584800,72.102000,676.000000,1092.000000,1976.000000,1976.000000,12.000000,16.000000,108.000000,216.000000,240.000000,1.562500,5.625000,11.450000,13.400000,390.669900,940.575200,1798.790400,2445.439200,2128.000000,5672.000000,10414.000000,12736.000000,63.000000,144.000000,270.000000,364.000000,414.000000,1140.000000,2022.000000,2652.000000,26.162300,72.760800,131.033400,174.987600,0.490000,2.310000,1.820000,1.000000,9.000000,8.000000,-2.000000,-2.000000,-2.000000,-0.020000,0.320000,0.340000,0.816667,1.423333,2.706667,1.666667,4.333333,12.666667,-2.000000,-3.333333,-1.333333,-0.033333,0.080000,0.580000,-7.260000,-10.600000,-10.120000,114.000000,236.000000,340.000000,18.000000,36.000000,56.000000,3.000000,5.840000,9.280000
NESVUD01,3.000000,3.000000,193.660500,436.908400,701.186400,760.646400,726.000000,1744.000000,2496.000000,2292.000000,31.000000,66.000000,108.000000,118.000000,174.000000,426.000000,596.000000,580.000000,12.299900,30.755400,45.629200,46.553800,193.660500,436.908400,701.186400,760.646400,726.000000,1744.000000,2496.000000,2292.000000,31.000000,66.000000,108.000000,118.000000,174.000000,426.000000,596.000000,580.000000,12.299900,30.755400,45.629200,46.553800,9.241600,16.993600,29.944000,31.433600,49.000000,91.000000,133.000000,140.000000,2.000000,4.000000,4.000000,4.000000,12.000000,20.000000,20.000000,0.562500,1.140000,2.010000,1.995000,9.241600,16.000533,32.639467,47.221333,49.000000,86.333333,165.666667,205.333333,2.000000,4.000000,6.000000,4.000000,12.000000,22.666667,26.666667,0.562500,1.150000,2.190000,2.940000,3.348900,33.379200,59.584800,72.102000,676.000000,1092.000000,1976.000000,1976.000000,12.000000,16.000000,108.000000,216.000000,240.000000,1.562500,5.625000,11.450000,13.400000,390.669900,940.575200,1798.790400,2445.439200,2128.000000,5672.000000,10414.000000,12736.000000,63.000000,144.000000,270.000000,364.000000,414.000000,1140.000000,2022.000000,2652.000000,26.162300,72.760800,131.033400,174.987600,0.490000,2.310000,1.820000,1.000000,9.000000,8.000000,-2.000000,-2.000000,-2.000000,-0.020000,0.320000,0.340000,0.816667,1.423333,2.706667,1.666667,4.333333,12.666667,-2.000000,-3.333333,-1.333333,-0.033333,0.080000,0.580000,-7.260000,-10.600000,-10.120000,114.000000,236.000000,340.000000,18.000000,36.000000,56.000000,3.000000,5.840000,9.280000
NESWAK,3.000000,3.000000,193.660500,436.908400,701.186400,760.646400,726.000000,1744.000000,2496.000000,2292.000000,31.000000,66.000000,108.000000,118.000000,174.000000,426.000000,596.000000,580.000000,12.299900,30.755400,45.629200,46.553800,193.660500,436.908400,701.186400,760.646400,726.000000,1744.000000,2496.000000,2292.000000,31.000000,66.000000,108.000000,118.000000,174.000000,426.000000,596.000000,580.000000,12.299900,30.755400,45.629200,46.553800,9.241600,16.993600,29.944000,31.433600,49.000000,91.000000,133.000000,140.000000,2.000000,4.000000,4.000000,4.000000,12.000000,20.000000,20.000000,0.562500,1.140000,2.010000,1.995000,9.241600,16.000533,32.639467,47.221333,49.000000,86.333333,165.666667,205.333333,2.000000,4.000000,6.000000,4.000000,12.000000,22.666667,26.666667,0.562500,1.150000,2.190000,2.940000,3.348900,33.379200,59.584800,72.102000,676.000000,1092.000000,1976.000000,1976.000000,12.000000,16.000000,108.000000,216.000000,240.000000,1.562500,5.625000,11.450000,13.400000,390.669900,940.575200,1798.790400,2445.439200,2128.000000,5672.000000,10414.000000,12736.000000,63.000000,144.000000,270.000000,364.000000,414.000000,1140.000000,2022.000000,2652.000000,26.162300,72.760800,131.033400,174.987600,0.490000,2.310000,1.820000,1.000000,9.000000,8.000000,-2.000000,-2.000000,-2.000000,-0.020000,0.320000,0.340000,0.816667,1.423333,2.706667,1.666667,4.333333,12.666667,-2.000000,-3.333333,-1.333333,-0.033333,0.080000,0.580000,-7.260000,-10.600000,-10.120000,114.000000,236.000000,340.000000,18.000000,36.000000,56.000000,3.000000,5.840000,9.280000
NETBUJ,3.000000,3.000000,232.675500,539.302000,862.860400,1034.192800,942.000000,2296.000000,3436.000000,3388.000000,37.000000,82.000000,132.000000,162.000000,214.000000,546.000000,804.000000,812.000000,15.857300,40.272200,61.632400,65.815800,232.675500,539.302000,862.860400,1034.192800,942.000000,2296.000000,3436.000000,3388.000000,37.000000,82.000000,132.000000,162.000000,214.000000,546.000000,804.000000,812.000000,15.857300,40.272200,61.632400,65.815800,9.241600,15.504000,32.497600,45.873600,49.000000,84.000000,175.000000,189.000000,2.000000,4.000000,6.000000,4.000000,12.000000,24.000000,26.000000,0.562500,1.155000,2.295000,2.850000,9.241600,15.504000,31.504533,54.020800,49.000000,84.000000,170.333333,231.000000,2.000000,4.000000,6.666667,4.000000,12.000000,24.000000,28.666667,0.562500,1.155000,2.305000,3.205000,3.348900,33.379200,55.998000,78.250800,676.000000,1092.000000,1872.000000,2600.000000,12.000000,16.000000,108.000000,216.000000,288.000000,1.562500,5.625000,11.550000,15.300000,468.699900,1145.362400,2114.964800,2957.162400,2560.000000,6776.000000,12086.000000,15952.000000,75.000000,176.000000,318.000000,452.000000,494.000000,1380.000000,2454.000000,3236.000000,33.277100,91.794400,163.239800,217.791600,0.980000,1.470000,3.150000,2.000000,3.000000,15.000000,-2.000000,-4.000000,-1.000000,-0.040000,-0.060000,0.700000,0.980000,1.796667,2.496667,2.000000,3.666667,13.666667,-2.000000,-4.000000,-1.000000,-0.040000,-0.073333,0.726667,-7.260000,-8.640000,-13.480000,114.000000,240.000000,316.000000,18.000000,36.000000,48.000000,3.000000,5.760000,7.760000
NICSEA,2.000000,2.000000,143.794500,304.582200,457.638400,507.222200,606.000000,1302.000000,1828.000000,1646.000000,21.000000,44.000000,66.000000,76.000000,110.000000,268.000000,366.000000,344.000000,9.047700,21.408000,30.528600,30.642000,143.794500,304.582200,457.638400,507.222200,606.000000,1302.000000,1828.000000,1646.000000,21.000000,44.000000,66.000000,76.000000,110.000000,268.000000,366.000000,344.000000,9.047700,21.408000,30.528600,30.642000,9.241600,16.248800,30.688800,34.245600,49.000000,87.500000,136.500000,126.000000,2.000000,4.000000,4.500000,4.000000,12.000000,20.000000,17.000000,0.562500,1.147500,2.002500,1.983750,9.241600,16.248800,30.688800,34.245600,49.000000,87.500000,136.500000,126.000000,2.000000,4.000000,4.500000,4.000000,12.000000,20.000000,17.000000,0.562500,1.147500,2.002500,1.983750,3.348900,33.379200,58.688100,80.154000,676.000000,1092.000000,1950.000000,2028.000000,12.000000,18.000000,108.000000,216.000000,252.000000,1.562500,5.625000,11.475000,14.325000,434.732400,980.505000,1767.539400,2499.491400,2494.000000,6090.000000,10854.000000,13404.000000,64.000000,144.000000,252.000000,366.000000,396.000000,1092.000000,1920.000000,2562.000000,28.705600,75.474000,131.410800,179.211000,0.735000,2.065000,2.415000,1.500000,8.500000,13.500000,-2.000000,-2.000000,0.500000,-0.030000,0.330000,0.730000,0.735000,2.065000,2.415000,1.500000,8.500000,13.500000,-2.000000,-2.000000,0.500000,-0.030000,0.330000,0.730000,-7.260000,-10.110000,-10.860000,114.000000,237.000000,390.000000,18.000000,36.000000,66.000000,3.000000,5.820000,11.040000
NIGXUY01,1.000000,1.000000,117.878900,253.176600,414.169600,448.025000,386.000000,882.000000,1120.000000,806.000000,19.000000,38.000000,66.000000,76.000000,104.000000,256.000000,340.000000,306.000000,6.583500,16.095400,23.142600,22.752400,117.878900,253.176600,414.169600,448.025000,386.000000,882.000000,1120.000000,806.000000,19.000000,38.000000,66.000000,76.000000,104.000000,256.000000,340.000000,306.000000,6.583500,16.095400,23.142600,22.752400,9.241600,16.993600,25.171200,7.752000,49.000000,91.000000,105.000000,42.000000,2.000000,3.000000,1.000000,4.000000,10.000000,12.000000,8.000000,0.562500,1.140000,1.402500,0.577500,9.241600,16.993600,25.171200,7.752000,49.000000,91.000000,105.000000,42.000000,2.000000,3.000000,1.000000,4.000000,10.000000,12.000000,8.000000,0.562500,1.140000,1.402500,0.577500,3.348900,33.379200,61.378200,90.914400,676.000000,1092.000000,2028.000000,2340.000000,12.000000,18.000000,108.000000,180.000000,216.000000,1.562500,5.625000,11.400000,14.025000,710.622300,1585.818000,2885.022000,3889.594800,2992.000000,7476.000000,12246.000000,14976.000000,115.000000,240.000000,450.000000,612.000000,690.000000,1812.000000,2742.000000,3216.000000,41.063500,107.822400,178.530600,232.964400,0.490000,0.840000,0.490000,1.000000,6.000000,1.000000,-1.000000,0.000000,-2.000000,-0.020000,0.380000,-0.020000,0.490000,0.840000,0.490000,1.000000,6.000000,1.000000,-1.000000,0.000000,-2.000000,-0.020000,0.380000,-0.020000,-7.260000,-11.580000,-16.740000,114.000000,234.000000,378.000000,18.000000,42.000000,72.000000,3.000000,5.880000,11.280000
NIGXUY02,1.000000,1.000000,117.878900,253.176600,414.169600,448.025000,386.000000,882.000000,1120.000000,806.000000,19.000000,38.000000,66.000000,76.000000,104.000000,256.000000,340.000000,306.000000,6.583500,16.095400,23.142600,22.752400,117.878900,253.176600,414.169600,448.025000,386.000000,882.000000,1120.000000,806.000000,19.000000,38.000000,66.000000,76.000000,104.000000,256.000000,340.000000,306.000000,6.583500,16.095400,23.142600,22.752400,9.241600,16.993600,25.171200,7.752000,49.000000,91.000000,105.000000,42.000000,2.000000,3.000000,1.000000,4.000000,10.000000,12.000000,8.000000,0.562500,1.140000,1.402500,0.577500,9.241600,16.993600,25.171200,7.752000,49.000000,91.000000,105.000000,42.000000,2.000000,3.000000,1.000000,4.000000,10.000000,12.000000,8.000000,0.562500,1.140000,1.402500,0.577500,3.348900,33.379200,61.378200,90.914400,676.000000,1092.000000,2028.000000,2340.000000,12.000000,18.000000,108.000000,180.000000,216.000000,1.562500,5.625000,11.400000,14.025000,710.622300,1585.818000,2885.022000,3889.594800,2992.000000,7476.000000,12246.000000,14976.000000,115.000000,240.000000,450.000000,612.000000,690.000000,1812.000000,2742.000000,3216.000000,41.063500,107.822400,178.530600,232.964400,0.490000,0.840000,0.490000,1.000000,6.000000,1.000000,-1.000000,0.000000,-2.000000,-0.020000,0.380000,-0.020000,0.490000,0.840000,0.490000,1.000000,6.000000,1.000000,-1.000000,0.000000,-2.000000,-0.020000,0.380000,-0.020000,-7.260000,-11.580000,-16.740000,114.000000,234.000000,378.000000,18.000000,42.000000,72.000000,3.000000,5.880000,11.280000
NIQFUP,6.000000,6.000000,399.978700,875.925000,1454.784000,1741.813200,1348.000000,3168.000000,4236.000000,4320.000000,67.000000,138.000000,234.000000,282.000000,372.000000,906.000000,1200.000000,1338.000000,24.463500,61.030200,89.077800,99.892200,399.978700,875.925000,1454.784000,1741.813200,1348.000000,3168.000000,4236.000000,4320.000000,67.000000,138.000000,234.000000,282.000000,372.000000,906.000000,1200.000000,1338.000000,24.463500,61.030200,89.077800,99.892200,9.241600,15.504000,33.288000,48.366400,49.000000,84.000000,136.500000,143.500000,2.000000,4.500000,6.500000,4.000000,13.000000,23.000000,21.000000,0.562500,1.155000,2.148750,2.531250,9.241600,15.504000,33.288000,48.366400,49.000000,84.000000,136.500000,143.500000,2.000000,4.500000,6.500000,4.000000,13.000000,23.000000,21.000000,0.562500,1.155000,2.148750,2.531250,3.348900,33.379200,55.998000,92.232000,676.000000,1092.000000,1872.000000,2106.000000,12.000000,21.000000,108.000000,234.000000,306.000000,1.562500,5.625000,11.550000,15.712500,403.327600,942.683400,1844.028000,2708.043600,2024.000000,5352.000000,9450.000000,12774.000000,68.000000,150.000000,288.000000,426.000000,438.000000,1200.000000,2076.000000,3090.000000,26.026000,72.280200,129.052800,190.312200,0.980000,2.730000,3.850000,2.000000,12.000000,25.000000,-2.500000,-2.500000,2.500000,-0.040000,0.510000,1.500000,0.980000,2.730000,3.850000,2.000000,12.000000,25.000000,-2.500000,-2.500000,2.500000,-0.040000,0.510000,1.500000,-7.260000,-8.640000,-11.970000,114.000000,240.000000,465.000000,18.000000,33.000000,75.000000,3.000000,5.760000,13.680000
NIQFUP11,6.000000,6.000000,399.978700,875.925000,1454.784000,1741.813200,1348.000000,3168.000000,4236.000000,4320.000000,67.000000,138.000000,234.000000,282.000000,372.000000,906.000000,1200.000000,1338.000000,24.463500,61.030200,89.077800,99.892200,399.978700,875.925000,1454.784000,1741.813200,1348.000000,3168.000000,4236.000000,4320.000000,67.000000,138.000000,234.000000,282.000000,372.000000,906.000000,1200.000000,1338.000000,24.463500,61.030200,89.077800,99.892200,9.241600,15.504000,33.288000,48.366400,49.000000,84.000000,136.500000,143.500000,2.000000,4.500000,6.500000,4.000000,13.000000,23.000000,21.000000,0.562500,1.155000,2.148750,2.531250,9.241600,15.504000,33.288000,48.366400,49.000000,84.000000,136.500000,143.500000,2.000000,4.500000,6.500000,4.000000,13.000000,23.000000,21.000000,0.562500,1.155000,2.148750,2.531250,3.348900,33.379200,55.998000,92.232000,676.000000,1092.000000,1872.000000,2106.000000,12.000000,21.000000,108.000000,234.000000,306.000000,1.562500,5.625000,11.550000,15.712500,403.327600,942.683400,1844.028000,2708.043600,2024.000000,5352.000000,9450.000000,12774.000000,68.000000,150.000000,288.000000,426.000000,438.000000,1200.000000,2076.000000,3090.000000,26.026000,72.280200,129.052800,190.312200,0.980000,2.730000,3.850000,2.000000,12.000000,25.000000,-2.500000,-2.500000,2.500000,-0.040000,0.510000,1.500000,0.980000,2.730000,3.850000,2.000000,12.000000,25.000000,-2.500000,-2.500000,2.500000,-0.040000,0.510000,1.500000,-7.260000,-8.640000,-11.970000,114.000000,240.000000,465.000000,18.000000,33.000000,75.000000,3.000000,5.760000,13.680000
NIXWEZ,3.000000,3.000000,271.543000,623.677200,996.698200,1192.318600,1054.000000,2562.000000,3766.000000,3778.000000,44.000000,96.000000,156.000000,190.000000,252.000000,636.000000,928.000000,972.000000,18.183600,46.109600,70.092000,76.628600,271.543000,623.677200,996.698200,1192.318600,1054.000000,2562.000000,3766.000000,3778.000000,44.000000,96.000000,156.000000,190.000000,252.000000,636.000000,928.000000,972.000000,18.183600,46.109600,70.092000,76.628600,9.241600,16.248800,31.220800,38.653600,49.000000,87.500000,154.000000,164.500000,2.000000,4.000000,5.000000,4.000000,12.000000,22.000000,22.000000,0.562500,1.147500,2.152500,2.422500,9.241600,15.752267,31.078933,50.621067,49.000000,85.166667,163.333333,218.166667,2.000000,4.000000,6.333333,4.000000,12.000000,23.333333,27.333333,0.562500,1.152500,2.257500,3.072500,3.348900,33.379200,57.791400,75.176400,676.000000,1092.000000,1924.000000,2288.000000,12.000000,16.000000,108.000000,216.000000,264.000000,1.562500,5.625000,11.500000,14.350000,546.434900,1314.112800,2386.227200,3297.057200,2784.000000,7308.000000,12850.000000,16248.000000,89.000000,204.000000,366.000000,508.000000,570.000000,1560.000000,2694.000000,3492.000000,37.929700,103.469200,180.059000,237.217200,0.735000,1.890000,2.485000,1.500000,6.000000,11.500000,-2.000000,-3.000000,-1.000000,-0.030000,0.130000,0.520000,0.898333,1.936667,2.601667,1.833333,4.666667,13.166667,-2.000000,-3.666667,-1.000000,-0.036667,-0.010000,0.653333,-7.260000,-9.620000,-11.800000,114.000000,238.000000,328.000000,18.000000,36.000000,52.000000,3.000000,5.800000,8.520000
NIXXAW,3.000000,3.000000,303.908000,694.567200,1129.238200,1340.748600,1130.000000,2754.000000,4090.000000,4302.000000,50.000000,108.000000,180.000000,214.000000,288.000000,720.000000,1048.000000,1164.000000,19.917000,50.760400,77.617600,87.754200,303.908000,694.567200,1129.238200,1340.748600,1130.000000,2754.000000,4090.000000,4302.000000,50.000000,108.000000,180.000000,214.000000,288.000000,720.000000,1048.000000,1164.000000,19.917000,50.760400,77.617600,87.754200,9.241600,16.248800,31.220800,38.653600,49.000000,87.500000,154.000000,164.500000,2.000000,4.000000,5.000000,4.000000,12.000000,22.000000,22.000000,0.562500,1.147500,2.152500,2.422500,9.241600,15.752267,31.078933,50.621067,49.000000,85.166667,163.333333,218.166667,2.000000,4.000000,6.333333,4.000000,12.000000,23.333333,27.333333,0.562500,1.152500,2.257500,3.072500,3.348900,33.379200,57.791400,75.176400,676.000000,1092.000000,1924.000000,2288.000000,12.000000,16.000000,108.000000,216.000000,264.000000,1.562500,5.625000,11.500000,14.350000,611.164900,1455.892800,2651.307200,3593.917200,2936.000000,7692.000000,13498.000000,17296.000000,101.000000,228.000000,414.000000,556.000000,642.000000,1728.000000,2934.000000,3876.000000,41.396500,112.770800,195.110200,259.468400,0.735000,1.890000,2.485000,1.500000,6.000000,11.500000,-2.000000,-3.000000,-1.000000,-0.030000,0.130000,0.520000,0.898333,1.936667,2.601667,1.833333,4.666667,13.166667,-2.000000,-3.666667,-1.000000,-0.036667,-0.010000,0.653333,-7.260000,-9.620000,-11.800000,114.000000,238.000000,328.000000,18.000000,36.000000,52.000000,3.000000,5.800000,8.520000
NIXXEA,3.000000,3.000000,336.273000,765.457200,1261.778200,1489.668600,1206.000000,2946.000000,4414.000000,4926.000000,56.000000,120.000000,204.000000,238.000000,324.000000,804.000000,1168.000000,1404.000000,21.650400,55.411200,85.143200,99.519800,336.273000,765.457200,1261.778200,1489.668600,1206.000000,2946.000000,4414.000000,4926.000000,56.000000,120.000000,204.000000,238.000000,324.000000,804.000000,1168.000000,1404.000000,21.650400,55.411200,85.143200,99.519800,9.241600,16.248800,31.220800,38.653600,49.000000,87.500000,154.000000,164.500000,2.000000,4.000000,5.000000,4.000000,12.000000,22.000000,22.000000,0.562500,1.147500,2.152500,2.422500,9.241600,15.752267,31.078933,50.621067,49.000000,85.166667,163.333333,218.166667,2.000000,4.000000,6.333333,4.000000,12.000000,23.333333,27.333333,0.562500,1.152500,2.257500,3.072500,3.348900,33.379200,57.791400,75.176400,676.000000,1092.000000,1924.000000,2288.000000,12.000000,16.000000,108.000000,216.000000,264.000000,1.562500,5.625000,11.500000,14.350000,675.894900,1597.672800,2916.387200,3891.757200,3088.000000,8076.000000,14146.000000,18544.000000,113.000000,252.000000,462.000000,604.000000,714.000000,1896.000000,3174.000000,4356.000000,44.863300,122.072400,210.161400,282.999600,0.735000,1.890000,2.485000,1.500000,6.000000,11.500000,-2.000000,-3.000000,-1.000000,-0.030000,0.130000,0.520000,0.898333,1.936667,2.601667,1.833333,4.666667,13.166667,-2.000000,-3.666667,-1.000000,-0.036667,-0.010000,0.653333,-7.260000,-9.620000,-11.800000,114.000000,238.000000,328.000000,18.000000,36.000000,52.000000,3.000000,5.800000,8.520000
NOWBIK,2.000000,1.500000,216.293200,479.196000,723.616000,868.429200,832.000000,1944.000000,2572.000000,2478.000000,36.000000,76.000000,116.000000,144.000000,192.000000,470.000000,632.000000,620.000000,14.899600,36.313200,51.314000,54.735600,119.346850,253.929000,369.651200,434.214600,586.500000,1110.000000,1398.000000,1239.000000,19.500000,40.000000,59.000000,72.000000,99.000000,239.000000,317.000000,310.000000,8.547700,19.519500,26.422000,27.367800,9.241600,15.504000,29.944000,37.057600,49.000000,84.000000,133.000000,112.000000,2.000000,4.000000,5.000000,4.000000,12.000000,20.000000,16.000000,0.562500,1.155000,2.010000,1.972500,9.241600,11.628000,18.893600,22.936800,49.000000,63.000000,122.500000,94.500000,1.500000,2.500000,3.000000,2.500000,7.000000,10.500000,13.000000,0.562500,0.866250,1.387500,1.425000,3.348900,33.379200,46.665000,62.878800,676.000000,1092.000000,1560.000000,2184.000000,10.000000,14.000000,96.000000,168.000000,180.000000,1.562500,5.625000,9.625000,12.100000,480.736300,1082.474400,1849.182800,2538.833600,3022.000000,6624.000000,10182.000000,12992.000000,79.000000,172.000000,286.000000,404.000000,458.000000,1204.000000,1900.000000,2316.000000,35.753300,89.328000,141.813000,184.551200,0.980000,2.310000,3.010000,2.000000,9.000000,19.000000,-2.000000,-2.000000,2.000000,-0.040000,0.320000,1.120000,0.735000,1.385000,1.575000,1.500000,0.000000,7.500000,-1.500000,-1.000000,-0.500000,-0.030000,0.025000,0.350000,-7.260000,-7.200000,-8.740000,114.000000,200.000000,280.000000,20.000000,32.000000,54.000000,3.000000,4.800000,7.820000
NOWBIK01,2.000000,1.500000,216.293200,479.196000,723.616000,868.429200,832.000000,1944.000000,2572.000000,2478.000000,36.000000,76.000000,116.000000,144.000000,192.000000,470.000000,632.000000,620.000000,14.899600,36.313200,51.314000,54.735600,119.346850,253.929000,369.651200,434.214600,586.500000,1110.000000,1398.000000,1239.000000,19.500000,40.000000,59.000000,72.000000,99.000000,239.000000,317.000000,310.000000,8.547700,19.519500,26.422000,27.367800,9.241600,15.504000,29.944000,37.057600,49.000000,84.000000,133.000000,112.000000,2.000000,4.000000,5.000000,4.000000,12.000000,20.000000,16.000000,0.562500,1.155000,2.010000,1.972500,9.241600,11.628000,18.893600,22.936800,49.000000,63.000000,122.500000,94.500000,1.500000,2.500000,3.000000,2.500000,7.000000,10.500000,13.000000,0.562500,0.866250,1.387500,1.425000,3.348900,33.379200,46.665000,62.878800,676.000000,1092.000000,1560.000000,2184.000000,10.000000,14.000000,96.000000,168.000000,180.000000,1.562500,5.625000,9.625000,12.100000,480.736300,1082.474400,1849.182800,2538.833600,3022.000000,6624.000000,10182.000000,12992.000000,79.000000,172.000000,286.000000,404.000000,458.000000,1204.000000,1900.000000,2316.000000,35.753300,89.328000,141.813000,184.551200,0.980000,2.310000,3.010000,2.000000,9.000000,19.000000,-2.000000,-2.000000,2.000000,-0.040000,0.320000,1.120000,0.735000,1.385000,1.575000,1.500000,0.000000,7.500000,-1.500000,-1.000000,-0.500000,-0.030000,0.025000,0.350000,-7.260000,-7.200000,-8.740000,114.000000,200.000000,280.000000,20.000000,32.000000,54.000000,3.000000,4.800000,7.820000
NOZJAN,6.000000,6.000000,505.000100,1121.796000,1911.270000,2420.000400,1766.000000,4212.000000,5700.000000,6312.000000,83.000000,174.000000,300.000000,390.000000,474.000000,1182.000000,1620.000000,1908.000000,31.092300,78.401400,117.510000,139.499400,505.000100,1121.796000,1911.270000,2420.000400,1766.000000,4212.000000,5700.000000,6312.000000,83.000000,174.000000,300.000000,390.000000,474.000000,1182.000000,1620.000000,1908.000000,31.092300,78.401400,117.510000,139.499400,9.241600,15.504000,33.288000,46.299200,49.000000,84.000000,136.500000,161.000000,2.000000,4.500000,6.000000,4.000000,13.000000,22.000000,21.000000,0.562500,1.155000,2.148750,2.535000,9.241600,15.504000,33.288000,46.299200,49.000000,84.000000,136.500000,161.000000,2.000000,4.500000,6.000000,4.000000,13.000000,22.000000,21.000000,0.562500,1.155000,2.148750,2.535000,3.348900,33.379200,55.998000,92.232000,676.000000,1092.000000,1872.000000,2106.000000,12.000000,21.000000,108.000000,234.000000,288.000000,1.562500,5.625000,11.550000,15.712500,508.349000,1188.554400,2300.514000,3386.230800,2442.000000,6396.000000,10914.000000,14766.000000,84.000000,186.000000,354.000000,534.000000,540.000000,1476.000000,2490.000000,3624.000000,32.654800,89.651400,157.485000,229.919400,0.980000,2.730000,3.010000,2.000000,12.000000,19.000000,-2.500000,-2.000000,1.500000,-0.040000,0.510000,1.120000,0.980000,2.730000,3.010000,2.000000,12.000000,19.000000,-2.500000,-2.000000,1.500000,-0.040000,0.510000,1.120000,-7.260000,-8.640000,-11.970000,114.000000,240.000000,465.000000,18.000000,33.000000,78.000000,3.000000,5.760000,13.680000
NUMBEC,4.000000,2.000000,231.303900,508.804000,843.110000,1050.732400,756.000000,1780.000000,2336.000000,2344.000000,39.000000,80.000000,136.000000,176.000000,216.000000,540.000000,740.000000,808.000000,13.881500,34.836000,51.298400,57.882400,92.034967,188.709333,291.494267,350.244133,479.333333,777.333333,928.000000,781.333333,15.000000,29.333333,46.666667,58.666667,76.000000,185.333333,248.000000,269.333333,6.091033,13.429200,18.119467,19.294133,9.241600,18.316000,25.536000,32.436800,49.000000,70.000000,94.500000,87.500000,2.500000,3.500000,4.500000,6.500000,15.000000,20.000000,19.000000,0.562500,1.143750,1.571250,1.691250,9.241600,11.628000,20.783467,16.476800,49.000000,63.000000,124.833333,59.500000,1.500000,2.833333,2.166667,2.833333,9.333333,12.333333,11.333333,0.562500,0.866250,1.411250,0.943750,3.348900,33.379200,54.717000,73.035300,676.000000,1092.000000,1612.000000,1872.000000,12.000000,17.000000,108.000000,204.000000,168.000000,1.562500,5.625000,10.550000,11.987500,279.453800,632.886400,1261.164800,1975.772600,2114.000000,4516.000000,7478.000000,9728.000000,46.000000,100.000000,194.000000,314.000000,294.000000,840.000000,1510.000000,2016.000000,19.835600,51.537600,92.333400,135.977400,1.575000,2.240000,3.010000,7.500000,11.000000,19.000000,0.500000,0.000000,2.500000,0.350000,0.530000,1.120000,0.735000,1.776667,1.166667,1.500000,2.000000,6.666667,-1.500000,1.333333,1.166667,-0.030000,0.243333,0.366667,-7.260000,-7.940000,-8.800000,114.000000,250.000000,370.000000,18.000000,38.000000,74.000000,3.000000,6.560000,11.660000
NUMBEC01,4.000000,2.000000,231.303900,508.804000,843.110000,1050.732400,756.000000,1780.000000,2336.000000,2344.000000,39.000000,80.000000,136.000000,176.000000,216.000000,540.000000,740.000000,808.000000,13.881500,34.836000,51.298400,57.882400,92.034967,188.709333,291.494267,350.244133,479.333333,777.333333,928.000000,781.333333,15.000000,29.333333,46.666667,58.666667,76.000000,185.333333,248.000000,269.333333,6.091033,13.429200,18.119467,19.294133,9.241600,18.316000,25.536000,32.436800,49.000000,70.000000,94.500000,87.500000,2.500000,3.500000,4.500000,6.500000,15.000000,20.000000,19.000000,0.562500,1.143750,1.571250,1.691250,9.241600,11.628000,20.783467,16.476800,49.000000,63.000000,124.833333,59.500000,1.500000,2.833333,2.166667,2.833333,9.333333,12.333333,11.333333,0.562500,0.866250,1.411250,0.943750,3.348900,33.379200,54.717000,73.035300,676.000000,1092.000000,1612.000000,1872.000000,12.000000,17.000000,108.000000,204.000000,168.000000,1.562500,5.625000,10.550000,11.987500,279.453800,632.886400,1261.164800,1975.772600,2114.000000,4516.000000,7478.000000,9728.000000,46.000000,100.000000,194.000000,314.000000,294.000000,840.000000,1510.000000,2016.000000,19.835600,51.537600,92.333400,135.977400,1.575000,2.240000,3.010000,7.500000,11.000000,19.000000,0.500000,0.000000,2.500000,0.350000,0.530000,1.120000,0.735000,1.776667,1.166667,1.500000,2.000000,6.666667,-1.500000,1.333333,1.166667,-0.030000,0.243333,0.366667,-7.260000,-7.940000,-8.800000,114.000000,250.000000,370.000000,18.000000,38.000000,74.000000,3.000000,6.560000,11.660000
NUMBEC02,4.000000,2.000000,231.303900,508.804000,843.110000,1050.732400,756.000000,1780.000000,2336.000000,2344.000000,39.000000,80.000000,136.000000,176.000000,216.000000,540.000000,740.000000,808.000000,13.881500,34.836000,51.298400,57.882400,92.034967,188.709333,291.494267,350.244133,479.333333,777.333333,928.000000,781.333333,15.000000,29.333333,46.666667,58.666667,76.000000,185.333333,248.000000,269.333333,6.091033,13.429200,18.119467,19.294133,9.241600,18.316000,25.536000,32.436800,49.000000,70.000000,94.500000,87.500000,2.500000,3.500000,4.500000,6.500000,15.000000,20.000000,19.000000,0.562500,1.143750,1.571250,1.691250,9.241600,11.628000,20.783467,16.476800,49.000000,63.000000,124.833333,59.500000,1.500000,2.833333,2.166667,2.833333,9.333333,12.333333,11.333333,0.562500,0.866250,1.411250,0.943750,3.348900,33.379200,54.717000,73.035300,676.000000,1092.000000,1612.000000,1872.000000,12.000000,17.000000,108.000000,204.000000,168.000000,1.562500,5.625000,10.550000,11.987500,279.453800,632.886400,1261.164800,1975.772600,2114.000000,4516.000000,7478.000000,9728.000000,46.000000,100.000000,194.000000,314.000000,294.000000,840.000000,1510.000000,2016.000000,19.835600,51.537600,92.333400,135.977400,1.575000,2.240000,3.010000,7.500000,11.000000,19.000000,0.500000,0.000000,2.500000,0.350000,0.530000,1.120000,0.735000,1.776667,1.166667,1.500000,2.000000,6.666667,-1.500000,1.333333,1.166667,-0.030000,0.243333,0.366667,-7.260000,-7.940000,-8.800000,114.000000,250.000000,370.000000,18.000000,38.000000,74.000000,3.000000,6.560000,11.660000
OBUJAW,3.000000,3.000000,314.084800,561.706200,1083.506400,1069.801800,1487.000000,2710.000000,4998.000000,4338.000000,35.000000,74.000000,126.000000,138.000000,200.000000,494.000000,690.000000,702.000000,16.707500,38.690600,62.939400,62.478600,314.084800,561.706200,1083.506400,1069.801800,1487.000000,2710.000000,4998.000000,4338.000000,35.000000,74.000000,126.000000,138.000000,200.000000,494.000000,690.000000,702.000000,16.707500,38.690600,62.939400,62.478600,9.241600,16.993600,29.457600,74.844800,49.000000,91.000000,161.000000,308.000000,2.000000,4.000000,8.000000,4.000000,12.000000,28.000000,24.000000,0.562500,1.140000,2.370000,3.555000,9.241600,16.993600,29.457600,74.844800,49.000000,91.000000,161.000000,308.000000,2.000000,4.000000,8.000000,4.000000,12.000000,28.000000,24.000000,0.562500,1.140000,2.370000,3.555000,3.348900,33.379200,61.378200,91.463400,676.000000,1092.000000,2028.000000,3068.000000,12.000000,20.000000,108.000000,216.000000,408.000000,1.562500,5.625000,11.400000,19.450000,631.518500,1190.170800,2567.017200,3120.348000,3650.000000,7604.000000,15522.000000,19096.000000,71.000000,160.000000,306.000000,412.000000,466.000000,1276.000000,2250.000000,3228.000000,34.977500,88.631200,165.553800,218.757200,0.490000,2.470000,-0.300000,1.000000,5.000000,12.000000,-2.000000,-6.000000,4.000000,-0.020000,-0.160000,1.260000,0.490000,2.470000,-0.300000,1.000000,5.000000,12.000000,-2.000000,-6.000000,4.000000,-0.020000,-0.160000,1.260000,-7.260000,-11.580000,-13.380000,114.000000,234.000000,402.000000,18.000000,36.000000,52.000000,3.000000,5.880000,9.440000
OCEVEA,3.000000,3.000000,178.810100,399.126000,632.968800,656.304400,1138.000000,2124.000000,3164.000000,2464.000000,29.000000,62.000000,100.000000,102.000000,162.000000,390.000000,520.000000,504.000000,12.981900,31.339000,46.252400,44.092200,178.810100,399.126000,632.968800,656.304400,1138.000000,2124.000000,3164.000000,2464.000000,29.000000,62.000000,100.000000,102.000000,162.000000,390.000000,520.000000,504.000000,12.981900,31.339000,46.252400,44.092200,9.241600,15.504000,31.099200,43.745600,49.000000,84.000000,238.000000,119.000000,2.000000,4.000000,6.000000,4.000000,12.000000,24.000000,18.000000,0.562500,1.155000,2.497500,2.250000,9.241600,15.504000,31.038400,51.325333,49.000000,84.000000,191.333333,198.333333,2.000000,4.000000,6.666667,4.000000,12.000000,24.000000,26.000000,0.562500,1.155000,2.372500,3.025000,3.348900,33.379200,55.998000,74.883600,676.000000,1092.000000,1872.000000,3536.000000,12.000000,16.000000,108.000000,216.000000,288.000000,1.562500,5.625000,11.550000,16.650000,360.969100,865.010400,1655.181600,2194.651200,2952.000000,6432.000000,11542.000000,15976.000000,59.000000,136.000000,254.000000,332.000000,390.000000,1068.000000,1886.000000,2588.000000,27.526300,73.928000,132.479800,177.044400,0.980000,1.930000,3.850000,2.000000,-6.000000,25.000000,-2.000000,-4.000000,3.000000,-0.040000,-0.330000,1.500000,0.980000,1.950000,3.383333,2.000000,0.666667,18.333333,-2.000000,-4.000000,0.333333,-0.040000,-0.163333,0.966667,-7.260000,-8.640000,-11.640000,114.000000,240.000000,280.000000,18.000000,36.000000,48.000000,3.000000,5.760000,6.680000
OCEVEA01,3.000000,3.000000,178.810100,399.126000,632.968800,656.304400,1138.000000,2124.000000,3164.000000,2464.000000,29.000000,62.000000,100.000000,102.000000,162.000000,390.000000,520.000000,504.000000,12.981900,31.339000,46.252400,44.092200,178.810100,399.126000,632.968800,656.304400,1138.000000,2124.000000,3164.000000,2464.000000,29.000000,62.000000,100.000000,102.000000,162.000000,390.000000,520.000000,504.000000,12.981900,31.339000,46.252400,44.092200,9.241600,15.504000,31.099200,43.745600,49.000000,84.000000,238.000000,119.000000,2.000000,4.000000,6.000000,4.000000,12.000000,24.000000,18.000000,0.562500,1.155000,2.497500,2.250000,9.241600,15.504000,31.038400,51.325333,49.000000,84.000000,191.333333,198.333333,2.000000,4.000000,6.666667,4.000000,12.000000,24.000000,26.000000,0.562500,1.155000,2.372500,3.025000,3.348900,33.379200,55.998000,74.883600,676.000000,1092.000000,1872.000000,3536.000000,12.000000,16.000000,108.000000,216.000000,288.000000,1.562500,5.625000,11.550000,16.650000,360.969100,865.010400,1655.181600,2194.651200,2952.000000,6432.000000,11542.000000,15976.000000,59.000000,136.000000,254.000000,332.000000,390.000000,1068.000000,1886.000000,2588.000000,27.526300,73.928000,132.479800,177.044400,0.980000,1.930000,3.850000,2.000000,-6.000000,25.000000,-2.000000,-4.000000,3.000000,-0.040000,-0.330000,1.500000,0.980000,1.950000,3.383333,2.000000,0.666667,18.333333,-2.000000,-4.000000,0.333333,-0.040000,-0.163333,0.966667,-7.260000,-8.640000,-11.640000,114.000000,240.000000,280.000000,18.000000,36.000000,48.000000,3.000000,5.760000,6.680000
OCOPAA,2.000000,2.000000,135.233200,307.836000,484.936000,583.694200,538.000000,1296.000000,1852.000000,1936.000000,22.000000,48.000000,76.000000,94.000000,124.000000,312.000000,452.000000,476.000000,9.335000,23.408000,34.990000,38.577400,135.233200,307.836000,484.936000,583.694200,538.000000,1296.000000,1852.000000,1936.000000,22.000000,48.000000,76.000000,94.000000,124.000000,312.000000,452.000000,476.000000,9.335000,23.408000,34.990000,38.577400,9.241600,15.504000,29.944000,39.185600,49.000000,84.000000,133.000000,182.000000,2.000000,4.000000,5.000000,4.000000,12.000000,20.000000,24.000000,0.562500,1.155000,2.010000,2.572500,9.241600,15.504000,29.944000,39.185600,49.000000,84.000000,133.000000,182.000000,2.000000,4.000000,5.000000,4.000000,12.000000,20.000000,24.000000,0.562500,1.155000,2.010000,2.572500,3.348900,33.379200,55.998000,80.154000,676.000000,1092.000000,1872.000000,2028.000000,12.000000,18.000000,108.000000,216.000000,252.000000,1.562500,5.625000,11.550000,14.325000,409.048500,990.266400,1844.052000,2693.157000,2290.000000,6072.000000,10770.000000,14106.000000,67.000000,156.000000,282.000000,420.000000,438.000000,1224.000000,2178.000000,3000.000000,29.567500,81.474000,144.945000,203.377200,0.980000,2.310000,2.310000,2.000000,9.000000,9.000000,-2.000000,-2.000000,-2.000000,-0.040000,0.320000,0.320000,0.980000,2.310000,2.310000,2.000000,9.000000,9.000000,-2.000000,-2.000000,-2.000000,-0.040000,0.320000,0.320000,-7.260000,-8.640000,-10.860000,114.000000,240.000000,390.000000,18.000000,36.000000,66.000000,3.000000,5.760000,11.040000
OJIVOS,2.000000,2.000000,147.213900,334.296400,515.914200,585.613200,600.000000,1432.000000,2010.000000,1908.000000,23.000000,50.000000,78.000000,92.000000,128.000000,320.000000,454.000000,440.000000,9.867100,24.441400,35.961000,36.928000,147.213900,334.296400,515.914200,585.613200,600.000000,1432.000000,2010.000000,1908.000000,23.000000,50.000000,78.000000,92.000000,128.000000,320.000000,454.000000,440.000000,9.867100,24.441400,35.961000,36.928000,9.241600,15.504000,29.944000,38.121600,49.000000,84.000000,133.000000,147.000000,2.000000,4.000000,5.000000,4.000000,12.000000,20.000000,20.000000,0.562500,1.155000,2.010000,2.272500,9.241600,16.745333,25.612000,33.434933,49.000000,89.833333,133.000000,170.333333,2.000000,3.166667,4.166667,4.000000,10.333333,18.333333,21.666667,0.562500,1.142500,1.766250,2.291250,3.348900,33.379200,58.688100,70.766100,676.000000,1092.000000,1950.000000,2028.000000,12.000000,15.000000,108.000000,198.000000,234.000000,1.562500,5.625000,11.475000,12.862500,444.990600,1069.647600,1942.366800,2724.826200,2476.000000,6480.000000,11400.000000,14232.000000,70.000000,162.000000,288.000000,408.000000,450.000000,1242.000000,2142.000000,2748.000000,31.163800,84.574200,147.708000,195.054000,0.980000,2.310000,2.660000,2.000000,9.000000,14.000000,-2.000000,-2.000000,0.000000,-0.040000,0.320000,0.720000,0.571667,1.201667,1.668333,1.166667,3.166667,4.833333,-1.166667,-2.833333,-2.500000,-0.023333,0.020000,0.070000,-7.260000,-10.110000,-11.220000,114.000000,237.000000,312.000000,18.000000,39.000000,51.000000,3.000000,5.820000,8.460000
OLAYAC,2.000000,2.000000,126.482300,278.029000,469.232700,555.967000,410.000000,958.000000,1269.000000,1168.000000,21.000000,43.000000,75.000000,93.000000,118.000000,295.000000,388.000000,363.000000,7.343700,18.519700,27.556500,28.619700,136.570333,302.169000,522.327267,625.890933,439.333333,1040.000000,1400.666667,1305.333333,22.666667,46.666667,83.333333,104.666667,130.000000,328.000000,436.000000,409.333333,7.865733,20.052000,30.398867,31.965400,9.241600,15.504000,34.032800,45.022400,49.000000,84.000000,140.000000,140.000000,2.000000,4.500000,6.000000,4.000000,13.000000,23.000000,22.000000,0.562500,1.155000,2.141250,2.392500,9.241600,17.378667,32.457067,36.530667,49.000000,74.666667,116.666667,137.666667,2.333333,4.333333,4.666667,5.666667,15.333333,21.000000,21.000000,0.562500,1.147500,1.892500,2.070000,3.348900,33.379200,59.383500,94.537800,676.000000,1092.000000,1768.000000,1950.000000,13.000000,21.000000,114.000000,240.000000,270.000000,1.562500,5.625000,11.512500,14.612500,413.059900,973.265400,1962.996800,2904.754800,1994.000000,5304.000000,9208.000000,11778.000000,69.000000,152.000000,306.000000,468.000000,458.000000,1292.000000,2216.000000,2988.000000,25.159700,71.406000,131.096600,183.891200,0.980000,2.485000,3.430000,2.000000,11.500000,22.000000,-2.500000,-2.500000,1.000000,-0.040000,0.520000,1.310000,1.376667,2.496667,2.170000,5.666667,13.666667,13.000000,-1.000000,0.000000,0.333333,0.220000,0.726667,0.740000,-7.260000,-8.660000,-13.230000,114.000000,270.000000,471.000000,17.000000,38.000000,81.000000,3.000000,7.040000,14.560000
OLAYAC01,2.000000,2.000000,126.482300,278.029000,469.232700,555.967000,410.000000,958.000000,1269.000000,1168.000000,21.000000,43.000000,75.000000,93.000000,118.000000,295.000000,388.000000,363.000000,7.343700,18.519700,27.556500,28.619700,136.570333,302.169000,522.327267,625.890933,439.333333,1040.000000,1400.666667,1305.333333,22.666667,46.666667,83.333333,104.666667,130.000000,328.000000,436.000000,409.333333,7.865733,20.052000,30.398867,31.965400,9.241600,15.504000,34.032800,45.022400,49.000000,84.000000,140.000000,140.000000,2.000000,4.500000,6.000000,4.000000,13.000000,23.000000,22.000000,0.562500,1.155000,2.141250,2.392500,9.241600,17.378667,32.457067,36.530667,49.000000,74.666667,116.666667,137.666667,2.333333,4.333333,4.666667,5.666667,15.333333,21.000000,21.000000,0.562500,1.147500,1.892500,2.070000,3.348900,33.379200,59.383500,94.537800,676.000000,1092.000000,1768.000000,1950.000000,13.000000,21.000000,114.000000,240.000000,270.000000,1.562500,5.625000,11.512500,14.612500,413.059900,973.265400,1962.996800,2904.754800,1994.000000,5304.000000,9208.000000,11778.000000,69.000000,152.000000,306.000000,468.000000,458.000000,1292.000000,2216.000000,2988.000000,25.159700,71.406000,131.096600,183.891200,0.980000,2.485000,3.430000,2.000000,11.500000,22.000000,-2.500000,-2.500000,1.000000,-0.040000,0.520000,1.310000,1.376667,2.496667,2.170000,5.666667,13.666667,13.000000,-1.000000,0.000000,0.333333,0.220000,0.726667,0.740000,-7.260000,-8.660000,-13.230000,114.000000,270.000000,471.000000,17.000000,38.000000,81.000000,3.000000,7.040000,14.560000
OZOGIV,3.000000,3.000000,161.295500,366.018400,568.646400,611.334400,650.000000,1552.000000,2172.000000,1828.000000,25.000000,54.000000,84.000000,94.000000,138.000000,342.000000,476.000000,424.000000,10.566500,26.104600,38.103600,36.132200,161.295500,366.018400,568.646400,611.334400,650.000000,1552.000000,2172.000000,1828.000000,25.000000,54.000000,84.000000,94.000000,138.000000,342.000000,476.000000,424.000000,10.566500,26.104600,38.103600,36.132200,9.241600,16.993600,29.944000,30.369600,49.000000,91.000000,133.000000,105.000000,2.000000,4.000000,4.000000,4.000000,12.000000,20.000000,14.000000,0.562500,1.140000,2.010000,1.695000,9.241600,16.000533,32.639467,46.866667,49.000000,86.333333,165.666667,193.666667,2.000000,4.000000,6.000000,4.000000,12.000000,22.666667,24.666667,0.562500,1.150000,2.190000,2.840000,3.348900,33.379200,59.584800,72.102000,676.000000,1092.000000,1976.000000,1976.000000,12.000000,16.000000,108.000000,216.000000,240.000000,1.562500,5.625000,11.450000,13.400000,325.939900,798.795200,1533.710400,2146.815200,1976.000000,5288.000000,9766.000000,11808.000000,51.000000,120.000000,222.000000,316.000000,342.000000,972.000000,1782.000000,2316.000000,22.695500,63.459200,115.982200,154.144400,0.490000,2.310000,2.170000,1.000000,9.000000,13.000000,-2.000000,-2.000000,1.000000,-0.020000,0.320000,0.740000,0.816667,1.423333,2.823333,1.666667,4.333333,14.333333,-2.000000,-3.333333,-0.333333,-0.033333,0.080000,0.713333,-7.260000,-10.600000,-10.120000,114.000000,236.000000,340.000000,18.000000,36.000000,56.000000,3.000000,5.840000,9.280000
PAGXAW,2.000000,1.500000,167.598200,378.726000,618.162000,741.490200,614.000000,1488.000000,2196.000000,2352.000000,28.000000,60.000000,100.000000,118.000000,160.000000,396.000000,560.000000,620.000000,11.068400,28.058800,42.483600,48.382200,94.999350,203.694000,316.924200,370.745100,477.500000,882.000000,1210.000000,1176.000000,15.500000,32.000000,51.000000,59.000000,83.000000,202.000000,281.000000,310.000000,6.632100,15.392300,22.006800,24.191100,9.241600,15.504000,31.008000,59.249600,49.000000,84.000000,168.000000,203.000000,2.000000,4.000000,8.000000,4.000000,12.000000,26.000000,30.000000,0.562500,1.155000,2.310000,3.405000,9.241600,11.628000,19.425600,29.624800,49.000000,63.000000,140.000000,101.500000,1.500000,2.500000,4.000000,2.500000,7.000000,13.500000,15.000000,0.562500,0.866250,1.537500,1.702500,3.348900,33.379200,46.665000,65.440800,676.000000,1092.000000,1560.000000,2704.000000,10.000000,14.000000,96.000000,168.000000,252.000000,1.562500,5.625000,9.625000,14.100000,383.346300,881.534400,1638.274800,2290.079600,2586.000000,5712.000000,9430.000000,13780.000000,63.000000,140.000000,254.000000,352.000000,394.000000,1056.000000,1780.000000,2496.000000,28.090900,72.819200,124.152200,175.844400,0.980000,1.960000,4.830000,2.000000,4.000000,27.000000,-2.000000,-5.000000,1.000000,-0.040000,-0.080000,1.460000,0.735000,1.210000,2.415000,1.500000,-2.500000,13.500000,-1.500000,-2.500000,0.500000,-0.030000,-0.175000,0.730000,-7.260000,-7.200000,-10.140000,114.000000,200.000000,260.000000,20.000000,32.000000,42.000000,3.000000,4.800000,6.220000
PASDOD,6.000000,6.000000,374.168500,824.712000,1377.819600,1534.792200,1276.000000,2994.000000,4038.000000,3804.000000,61.000000,126.000000,216.000000,246.000000,342.000000,834.000000,1128.000000,1206.000000,22.182900,55.534200,81.830400,86.779800,374.168500,824.712000,1377.819600,1534.792200,1276.000000,2994.000000,4038.000000,3804.000000,61.000000,126.000000,216.000000,246.000000,342.000000,834.000000,1128.000000,1206.000000,22.182900,55.534200,81.830400,86.779800,9.241600,15.504000,33.500800,34.990400,49.000000,84.000000,122.500000,129.500000,2.000000,4.500000,4.500000,4.000000,13.000000,20.000000,18.000000,0.562500,1.155000,1.991250,1.976250,9.241600,15.504000,33.500800,34.990400,49.000000,84.000000,122.500000,129.500000,2.000000,4.500000,4.500000,4.000000,13.000000,20.000000,18.000000,0.562500,1.155000,1.991250,1.976250,3.348900,33.379200,55.998000,93.000600,676.000000,1092.000000,1872.000000,1794.000000,12.000000,21.000000,108.000000,234.000000,252.000000,1.562500,5.625000,11.550000,14.137500,377.517400,891.470400,1767.063600,2502.559800,1952.000000,5178.000000,9252.000000,11634.000000,62.000000,138.000000,270.000000,390.000000,408.000000,1128.000000,1986.000000,2832.000000,23.745400,66.784200,121.805400,174.049800,0.980000,2.660000,2.170000,2.000000,14.000000,13.000000,-2.500000,-1.000000,0.000000,-0.040000,0.720000,0.740000,0.980000,2.660000,2.170000,2.000000,14.000000,13.000000,-2.500000,-1.000000,0.000000,-0.040000,0.720000,0.740000,-7.260000,-8.640000,-12.390000,114.000000,240.000000,477.000000,18.000000,33.000000,84.000000,3.000000,5.760000,14.940000
PASDOD01,6.000000,6.000000,374.168500,824.712000,1377.819600,1534.792200,1276.000000,2994.000000,4038.000000,3804.000000,61.000000,126.000000,216.000000,246.000000,342.000000,834.000000,1128.000000,1206.000000,22.182900,55.534200,81.830400,86.779800,374.168500,824.712000,1377.819600,1534.792200,1276.000000,2994.000000,4038.000000,3804.000000,61.000000,126.000000,216.000000,246.000000,342.000000,834.000000,1128.000000,1206.000000,22.182900,55.534200,81.830400,86.779800,9.241600,15.504000,33.500800,34.990400,49.000000,84.000000,122.500000,129.500000,2.000000,4.500000,4.500000,4.000000,13.000000,20.000000,18.000000,0.562500,1.155000,1.991250,1.976250,9.241600,15.504000,33.500800,34.990400,49.000000,84.000000,122.500000,129.500000,2.000000,4.500000,4.500000,4.000000,13.000000,20.000000,18.000000,0.562500,1.155000,1.991250,1.976250,3.348900,33.379200,55.998000,93.000600,676.000000,1092.000000,1872.000000,1794.000000,12.000000,21.000000,108.000000,234.000000,252.000000,1.562500,5.625000,11.550000,14.137500,377.517400,891.470400,1767.063600,2502.559800,1952.000000,5178.000000,9252.000000,11634.000000,62.000000,138.000000,270.000000,390.000000,408.000000,1128.000000,1986.000000,2832.000000,23.745400,66.784200,121.805400,174.049800,0.980000,2.660000,2.170000,2.000000,14.000000,13.000000,-2.500000,-1.000000,0.000000,-0.040000,0.720000,0.740000,0.980000,2.660000,2.170000,2.000000,14.000000,13.000000,-2.500000,-1.000000,0.000000,-0.040000,0.720000,0.740000,-7.260000,-8.640000,-12.390000,114.000000,240.000000,477.000000,18.000000,33.000000,84.000000,3.000000,5.760000,14.940000
PASGOF,2.000000,1.500000,141.896000,314.313000,560.562800,631.834800,910.000000,1608.000000,2372.000000,2450.000000,24.000000,50.000000,92.000000,108.000000,142.000000,354.000000,460.000000,416.000000,9.591800,23.669800,37.076800,37.569000,82.148250,171.487500,288.124600,315.917400,625.500000,942.000000,1298.000000,1225.000000,13.500000,27.000000,47.000000,54.000000,74.000000,181.000000,231.000000,208.000000,5.893800,13.197800,19.303400,18.784500,9.241600,15.504000,36.723200,38.212800,49.000000,84.000000,210.000000,217.000000,2.000000,5.000000,5.000000,4.000000,14.000000,22.000000,20.000000,0.562500,1.155000,2.475000,2.460000,9.241600,11.628000,22.283200,19.106400,49.000000,63.000000,161.000000,108.500000,1.500000,3.000000,2.500000,2.500000,8.000000,11.500000,10.000000,0.562500,0.866250,1.620000,1.230000,3.348900,33.379200,46.665000,79.202400,676.000000,1092.000000,1560.000000,3328.000000,10.000000,18.000000,96.000000,192.000000,204.000000,1.562500,5.625000,9.625000,15.200000,331.941900,752.708400,1523.076400,2098.292000,3178.000000,5952.000000,9782.000000,15224.000000,55.000000,120.000000,238.000000,340.000000,358.000000,980.000000,1612.000000,2056.000000,25.137700,64.041200,113.338600,156.418000,0.980000,3.120000,2.630000,2.000000,5.000000,4.000000,-3.000000,-1.000000,0.000000,-0.040000,0.450000,0.470000,0.735000,1.790000,1.315000,1.500000,-2.000000,2.000000,-2.000000,-0.500000,0.000000,-0.030000,0.090000,0.235000,-7.260000,-7.200000,-10.340000,114.000000,200.000000,340.000000,20.000000,28.000000,74.000000,3.000000,4.800000,10.340000
PASGOF01,2.000000,1.500000,141.896000,314.313000,560.562800,631.834800,910.000000,1608.000000,2372.000000,2450.000000,24.000000,50.000000,92.000000,108.000000,142.000000,354.000000,460.000000,416.000000,9.591800,23.669800,37.076800,37.569000,82.148250,171.487500,288.124600,315.917400,625.500000,942.000000,1298.000000,1225.000000,13.500000,27.000000,47.000000,54.000000,74.000000,181.000000,231.000000,208.000000,5.893800,13.197800,19.303400,18.784500,9.241600,15.504000,36.723200,38.212800,49.000000,84.000000,210.000000,217.000000,2.000000,5.000000,5.000000,4.000000,14.000000,22.000000,20.000000,0.562500,1.155000,2.475000,2.460000,9.241600,11.628000,22.283200,19.106400,49.000000,63.000000,161.000000,108.500000,1.500000,3.000000,2.500000,2.500000,8.000000,11.500000,10.000000,0.562500,0.866250,1.620000,1.230000,3.348900,33.379200,46.665000,79.202400,676.000000,1092.000000,1560.000000,3328.000000,10.000000,18.000000,96.000000,192.000000,204.000000,1.562500,5.625000,9.625000,15.200000,331.941900,752.708400,1523.076400,2098.292000,3178.000000,5952.000000,9782.000000,15224.000000,55.000000,120.000000,238.000000,340.000000,358.000000,980.000000,1612.000000,2056.000000,25.137700,64.041200,113.338600,156.418000,0.980000,3.120000,2.630000,2.000000,5.000000,4.000000,-3.000000,-1.000000,0.000000,-0.040000,0.450000,0.470000,0.735000,1.790000,1.315000,1.500000,-2.000000,2.000000,-2.000000,-0.500000,0.000000,-0.030000,0.090000,0.235000,-7.260000,-7.200000,-10.340000,114.000000,200.000000,340.000000,20.000000,28.000000,74.000000,3.000000,4.800000,10.340000
PEJQIF,1.000000,1.000000,90.659500,187.182600,292.138600,259.173800,598.000000,882.000000,1082.000000,758.000000,13.000000,26.000000,42.000000,40.000000,68.000000,160.000000,190.000000,138.000000,5.693300,12.399400,17.217400,13.735600,90.659500,187.182600,292.138600,259.173800,598.000000,882.000000,1082.000000,758.000000,13.000000,26.000000,42.000000,40.000000,68.000000,160.000000,190.000000,138.000000,5.693300,12.399400,17.217400,13.735600,9.241600,16.993600,25.171200,7.752000,49.000000,91.000000,105.000000,42.000000,2.000000,3.000000,1.000000,4.000000,10.000000,12.000000,8.000000,0.562500,1.140000,1.402500,0.577500,9.241600,16.993600,25.171200,7.752000,49.000000,91.000000,105.000000,42.000000,2.000000,3.000000,1.000000,4.000000,10.000000,12.000000,8.000000,0.562500,1.140000,1.402500,0.577500,3.348900,33.379200,61.378200,90.914400,676.000000,1092.000000,2028.000000,2340.000000,12.000000,18.000000,108.000000,180.000000,216.000000,1.562500,5.625000,11.400000,14.025000,547.305900,1189.854000,2152.836000,2756.487600,4264.000000,7476.000000,12018.000000,14688.000000,79.000000,168.000000,306.000000,396.000000,474.000000,1236.000000,1842.000000,2208.000000,35.722300,85.646400,142.979400,178.863600,0.490000,0.840000,0.490000,1.000000,6.000000,1.000000,-1.000000,0.000000,-2.000000,-0.020000,0.380000,-0.020000,0.490000,0.840000,0.490000,1.000000,6.000000,1.000000,-1.000000,0.000000,-2.000000,-0.020000,0.380000,-0.020000,-7.260000,-11.580000,-16.740000,114.000000,234.000000,378.000000,18.000000,42.000000,72.000000,3.000000,5.880000,11.280000
PEJQIF01,1.000000,1.000000,90.659500,187.182600,292.138600,259.173800,598.000000,882.000000,1082.000000,758.000000,13.000000,26.000000,42.000000,40.000000,68.000000,160.000000,190.000000,138.000000,5.693300,12.399400,17.217400,13.735600,90.659500,187.182600,292.138600,259.173800,598.000000,882.000000,1082.000000,758.000000,13.000000,26.000000,42.000000,40.000000,68.000000,160.000000,190.000000,138.000000,5.693300,12.399400,17.217400,13.735600,9.241600,16.993600,25.171200,7.752000,49.000000,91.000000,105.000000,42.000000,2.000000,3.000000,1.000000,4.000000,10.000000,12.000000,8.000000,0.562500,1.140000,1.402500,0.577500,9.241600,16.993600,25.171200,7.752000,49.000000,91.000000,105.000000,42.000000,2.000000,3.000000,1.000000,4.000000,10.000000,12.000000,8.000000,0.562500,1.140000,1.402500,0.577500,3.348900,33.379200,61.378200,90.914400,676.000000,1092.000000,2028.000000,2340.000000,12.000000,18.000000,108.000000,180.000000,216.000000,1.562500,5.625000,11.400000,14.025000,547.305900,1189.854000,2152.836000,2756.487600,4264.000000,7476.000000,12018.000000,14688.000000,79.000000,168.000000,306.000000,396.000000,474.000000,1236.000000,1842.000000,2208.000000,35.722300,85.646400,142.979400,178.863600,0.490000,0.840000,0.490000,1.000000,6.000000,1.000000,-1.000000,0.000000,-2.000000,-0.020000,0.380000,-0.020000,0.490000,0.840000,0.490000,1.000000,6.000000,1.000000,-1.000000,0.000000,-2.000000,-0.020000,0.380000,-0.020000,-7.260000,-11.580000,-16.740000,114.000000,234.000000,378.000000,18.000000,42.000000,72.000000,3.000000,5.880000,11.280000
PIVFEG,1.000000,1.000000,92.016400,208.296600,317.662600,281.538000,346.000000,834.000000,952.000000,618.000000,14.000000,30.000000,48.000000,46.000000,84.000000,224.000000,244.000000,178.000000,5.443000,13.816200,18.246400,14.206600,92.016400,208.296600,317.662600,281.538000,346.000000,834.000000,952.000000,618.000000,14.000000,30.000000,48.000000,46.000000,84.000000,224.000000,244.000000,178.000000,5.443000,13.816200,18.246400,14.206600,9.241600,16.993600,25.171200,7.752000,49.000000,91.000000,105.000000,42.000000,2.000000,3.000000,1.000000,4.000000,10.000000,12.000000,8.000000,0.562500,1.140000,1.402500,0.577500,9.241600,16.993600,25.171200,7.752000,49.000000,91.000000,105.000000,42.000000,2.000000,3.000000,1.000000,4.000000,10.000000,12.000000,8.000000,0.562500,1.140000,1.402500,0.577500,3.348900,33.379200,61.378200,90.914400,676.000000,1092.000000,2028.000000,2340.000000,12.000000,18.000000,108.000000,180.000000,216.000000,1.562500,5.625000,11.400000,14.025000,555.447300,1316.538000,2305.980000,2890.672800,2752.000000,7188.000000,11238.000000,13848.000000,85.000000,192.000000,342.000000,432.000000,570.000000,1620.000000,2166.000000,2448.000000,34.220500,94.147200,149.153400,181.689600,0.490000,0.840000,0.490000,1.000000,6.000000,1.000000,-1.000000,0.000000,-2.000000,-0.020000,0.380000,-0.020000,0.490000,0.840000,0.490000,1.000000,6.000000,1.000000,-1.000000,0.000000,-2.000000,-0.020000,0.380000,-0.020000,-7.260000,-11.580000,-16.740000,114.000000,234.000000,378.000000,18.000000,42.000000,72.000000,3.000000,5.880000,11.280000
POGMED,2.000000,1.500000,152.492300,335.645000,518.754200,566.584400,554.000000,1286.000000,1718.000000,1502.000000,25.000000,52.000000,82.000000,92.000000,134.000000,324.000000,434.000000,412.000000,9.715300,23.855200,33.857000,33.668000,87.446400,182.153500,267.220300,283.292200,447.500000,781.000000,971.000000,751.000000,14.000000,28.000000,42.000000,46.000000,70.000000,166.000000,218.000000,206.000000,5.955550,13.290500,17.693500,16.834000,9.241600,15.504000,31.433600,29.305600,49.000000,84.000000,140.000000,70.000000,2.000000,4.000000,4.000000,4.000000,12.000000,20.000000,10.000000,0.562500,1.155000,1.995000,1.395000,9.241600,11.628000,18.893600,24.213600,49.000000,63.000000,122.500000,115.500000,1.500000,2.500000,3.000000,2.500000,7.000000,10.500000,16.000000,0.562500,0.866250,1.387500,1.567500,3.348900,33.379200,46.665000,64.672200,676.000000,1092.000000,1560.000000,2236.000000,10.000000,14.000000,96.000000,168.000000,180.000000,1.562500,5.625000,9.625000,12.050000,353.134500,795.372400,1439.459200,1938.730800,2466.000000,5308.000000,8474.000000,11144.000000,57.000000,124.000000,218.000000,300.000000,342.000000,912.000000,1504.000000,1900.000000,25.384700,64.412000,106.899000,142.316000,0.980000,1.820000,2.520000,2.000000,8.000000,18.000000,-2.000000,-2.000000,3.000000,-0.040000,0.340000,1.140000,0.735000,1.385000,1.155000,1.500000,0.000000,4.500000,-1.500000,-1.000000,-2.000000,-0.030000,0.025000,0.160000,-7.260000,-7.200000,-9.720000,114.000000,200.000000,278.000000,20.000000,32.000000,54.000000,3.000000,4.800000,7.860000
POGXOA,2.000000,1.500000,120.281200,264.718000,391.182000,406.795200,698.000000,1324.000000,1902.000000,1390.000000,19.000000,40.000000,60.000000,64.000000,100.000000,240.000000,318.000000,288.000000,8.429400,19.990400,28.298800,25.819800,71.340850,146.690000,203.434200,203.397600,519.500000,800.000000,1063.000000,695.000000,11.000000,22.000000,31.000000,32.000000,53.000000,124.000000,160.000000,144.000000,5.312600,11.358100,14.914400,12.909900,9.241600,15.504000,32.588800,37.057600,49.000000,84.000000,245.000000,112.000000,2.000000,4.000000,5.000000,4.000000,12.000000,22.000000,16.000000,0.562500,1.155000,2.482500,1.972500,9.241600,11.628000,18.893600,19.060800,49.000000,63.000000,122.500000,73.500000,1.500000,2.500000,2.500000,2.500000,7.000000,10.500000,10.000000,0.562500,0.866250,1.387500,1.136250,3.348900,33.379200,46.665000,66.063000,676.000000,1092.000000,1560.000000,3016.000000,10.000000,14.000000,96.000000,168.000000,192.000000,1.562500,5.625000,9.625000,13.675000,288.712300,653.518400,1184.314800,1621.934000,2754.000000,5384.000000,8842.000000,12480.000000,45.000000,100.000000,174.000000,244.000000,274.000000,744.000000,1276.000000,1664.000000,22.812900,56.682400,95.782600,129.869600,0.980000,1.440000,3.010000,2.000000,-7.000000,19.000000,-2.000000,-3.000000,2.000000,-0.040000,-0.310000,1.120000,0.735000,1.385000,1.330000,1.500000,0.000000,7.000000,-1.500000,-1.000000,0.000000,-0.030000,0.025000,0.360000,-7.260000,-7.200000,-10.480000,114.000000,200.000000,248.000000,20.000000,32.000000,52.000000,3.000000,4.800000,6.560000
POGXUG,2.000000,1.500000,120.281200,264.718000,391.182000,406.795200,698.000000,1324.000000,1902.000000,1390.000000,19.000000,40.000000,60.000000,64.000000,100.000000,240.000000,318.000000,288.000000,8.429400,19.990400,28.298800,25.819800,71.263900,146.613500,203.343000,203.397600,969.500000,908.000000,1189.000000,695.000000,11.000000,22.000000,31.000000,32.000000,53.000000,124.000000,160.000000,144.000000,5.465200,11.465900,15.019400,12.909900,9.241600,15.504000,32.588800,37.057600,49.000000,84.000000,245.000000,112.000000,2.000000,4.000000,5.000000,4.000000,12.000000,22.000000,16.000000,0.562500,1.155000,2.482500,1.972500,9.241600,11.628000,18.848000,19.060800,49.000000,63.000000,185.500000,73.500000,1.500000,2.500000,2.500000,2.500000,7.000000,10.500000,10.000000,0.562500,0.866250,1.440000,1.136250,3.348900,33.379200,46.665000,65.953200,676.000000,1092.000000,1560.000000,3952.000000,10.000000,14.000000,96.000000,168.000000,192.000000,1.562500,5.625000,9.625000,14.025000,288.404500,653.212400,1183.950000,1621.714400,4554.000000,5816.000000,9346.000000,14352.000000,45.000000,100.000000,174.000000,244.000000,274.000000,744.000000,1276.000000,1664.000000,23.423300,57.113600,96.202600,130.569600,0.980000,1.440000,3.010000,2.000000,-7.000000,19.000000,-2.000000,-3.000000,2.000000,-0.040000,-0.310000,1.120000,0.735000,1.400000,1.330000,1.500000,-9.000000,7.000000,-1.500000,-1.000000,0.000000,-0.030000,-0.045000,0.360000,-7.260000,-7.200000,-10.420000,114.000000,200.000000,212.000000,20.000000,32.000000,52.000000,3.000000,4.800000,6.280000
POHLON,2.000000,1.500000,131.031400,300.232000,459.362000,516.752600,562.000000,1321.000000,1880.000000,1943.000000,20.000000,45.000000,68.000000,77.000000,115.000000,286.000000,400.000000,411.000000,9.000400,22.282100,32.496400,34.231700,76.715950,164.447000,237.524200,258.376300,451.500000,798.500000,1052.000000,971.500000,11.500000,24.500000,35.000000,38.500000,60.500000,147.000000,201.000000,205.500000,5.598100,12.503950,17.013200,17.115850,9.241600,15.504000,29.944000,40.675200,49.000000,84.000000,133.000000,189.000000,2.000000,4.000000,5.000000,4.000000,12.000000,20.000000,22.000000,0.562500,1.155000,2.010000,2.557500,9.241600,11.628000,18.893600,20.337600,49.000000,63.000000,122.500000,94.500000,1.500000,2.500000,2.500000,2.500000,7.000000,10.500000,11.000000,0.562500,0.866250,1.387500,1.278750,3.348900,33.379200,46.665000,62.878800,676.000000,1092.000000,1560.000000,2184.000000,10.000000,14.000000,96.000000,168.000000,180.000000,1.562500,5.625000,9.625000,12.100000,310.212700,724.546400,1320.674800,1835.480400,2482.000000,5378.000000,8798.000000,11922.000000,47.000000,110.000000,190.000000,270.000000,304.000000,836.000000,1436.000000,1902.000000,23.954900,61.265800,104.177800,143.543400,0.980000,2.310000,1.820000,2.000000,9.000000,8.000000,-2.000000,-2.000000,-1.000000,-0.040000,0.320000,0.340000,0.735000,1.385000,0.910000,1.500000,0.000000,4.000000,-1.500000,-1.000000,-0.500000,-0.030000,0.025000,0.170000,-7.260000,-7.200000,-8.740000,114.000000,200.000000,280.000000,20.000000,32.000000,54.000000,3.000000,4.800000,7.820000
POHLON01,2.000000,1.500000,131.031400,295.392000,459.362000,521.592600,562.000000,1320.000000,1880.000000,1944.000000,20.000000,44.000000,68.000000,78.000000,112.000000,276.000000,388.000000,396.000000,9.000400,22.145200,32.496400,34.368600,76.715950,162.027000,237.524200,260.796300,451.500000,798.000000,1052.000000,972.000000,11.500000,24.000000,35.000000,39.000000,59.000000,142.000000,195.000000,198.000000,5.598100,12.435500,17.013200,17.184300,9.241600,15.504000,29.944000,40.675200,49.000000,84.000000,133.000000,189.000000,2.000000,4.000000,5.000000,4.000000,12.000000,20.000000,22.000000,0.562500,1.155000,2.010000,2.557500,9.241600,11.628000,18.893600,20.337600,49.000000,63.000000,122.500000,94.500000,1.500000,2.500000,2.500000,2.500000,7.000000,10.500000,11.000000,0.562500,0.866250,1.387500,1.278750,3.348900,33.379200,46.665000,62.878800,676.000000,1092.000000,1560.000000,2184.000000,10.000000,14.000000,96.000000,168.000000,180.000000,1.562500,5.625000,9.625000,12.100000,310.212700,714.866400,1320.674800,1845.160400,2482.000000,5376.000000,8798.000000,11924.000000,47.000000,108.000000,190.000000,272.000000,298.000000,816.000000,1412.000000,1872.000000,23.954900,60.992000,104.177800,143.817200,0.980000,2.310000,1.820000,2.000000,9.000000,8.000000,-2.000000,-2.000000,-1.000000,-0.040000,0.320000,0.340000,0.735000,1.385000,0.910000,1.500000,0.000000,4.000000,-1.500000,-1.000000,-0.500000,-0.030000,0.025000,0.170000,-7.260000,-7.200000,-8.740000,114.000000,200.000000,280.000000,20.000000,32.000000,54.000000,3.000000,4.800000,7.820000
POWSID,2.000000,1.500000,202.411400,470.322000,757.888000,942.814400,854.000000,2088.000000,3148.000000,3578.000000,32.000000,72.000000,116.000000,146.000000,188.000000,480.000000,716.000000,790.000000,14.291200,36.282400,55.995600,64.721800,112.405950,249.492000,386.787200,471.407200,597.500000,1182.000000,1686.000000,1789.000000,17.500000,38.000000,59.000000,73.000000,97.000000,244.000000,359.000000,395.000000,8.243500,19.504100,28.762800,32.360900,9.241600,15.504000,29.944000,39.185600,49.000000,84.000000,133.000000,182.000000,2.000000,4.000000,5.000000,4.000000,12.000000,20.000000,24.000000,0.562500,1.155000,2.010000,2.572500,9.241600,11.628000,18.893600,19.592800,49.000000,63.000000,122.500000,91.000000,1.500000,2.500000,2.500000,2.500000,7.000000,10.500000,12.000000,0.562500,0.866250,1.387500,1.286250,3.348900,33.379200,46.665000,62.878800,676.000000,1092.000000,1560.000000,2184.000000,10.000000,14.000000,96.000000,168.000000,180.000000,1.562500,5.625000,9.625000,12.100000,452.972700,1064.726400,1917.726800,2687.604000,3066.000000,6912.000000,11334.000000,15192.000000,71.000000,164.000000,286.000000,408.000000,450.000000,1224.000000,2068.000000,2668.000000,34.536500,89.266400,151.176200,204.523600,0.980000,2.310000,2.310000,2.000000,9.000000,9.000000,-2.000000,-2.000000,-2.000000,-0.040000,0.320000,0.320000,0.735000,1.385000,1.155000,1.500000,0.000000,4.500000,-1.500000,-1.000000,-1.000000,-0.030000,0.025000,0.160000,-7.260000,-7.200000,-8.740000,114.000000,200.000000,280.000000,20.000000,32.000000,54.000000,3.000000,4.800000,7.820000
POWSID01,2.000000,1.500000,202.411400,470.322000,757.888000,942.814400,854.000000,2088.000000,3148.000000,3578.000000,32.000000,72.000000,116.000000,146.000000,188.000000,480.000000,716.000000,790.000000,14.291200,36.282400,55.995600,64.721800,112.405950,249.492000,386.787200,471.407200,597.500000,1182.000000,1686.000000,1789.000000,17.500000,38.000000,59.000000,73.000000,97.000000,244.000000,359.000000,395.000000,8.243500,19.504100,28.762800,32.360900,9.241600,15.504000,29.944000,39.185600,49.000000,84.000000,133.000000,182.000000,2.000000,4.000000,5.000000,4.000000,12.000000,20.000000,24.000000,0.562500,1.155000,2.010000,2.572500,9.241600,11.628000,18.893600,19.592800,49.000000,63.000000,122.500000,91.000000,1.500000,2.500000,2.500000,2.500000,7.000000,10.500000,12.000000,0.562500,0.866250,1.387500,1.286250,3.348900,33.379200,46.665000,62.878800,676.000000,1092.000000,1560.000000,2184.000000,10.000000,14.000000,96.000000,168.000000,180.000000,1.562500,5.625000,9.625000,12.100000,452.972700,1064.726400,1917.726800,2687.604000,3066.000000,6912.000000,11334.000000,15192.000000,71.000000,164.000000,286.000000,408.000000,450.000000,1224.000000,2068.000000,2668.000000,34.536500,89.266400,151.176200,204.523600,0.980000,2.310000,2.310000,2.000000,9.000000,9.000000,-2.000000,-2.000000,-2.000000,-0.040000,0.320000,0.320000,0.735000,1.385000,1.155000,1.500000,0.000000,4.500000,-1.500000,-1.000000,-1.000000,-0.030000,0.025000,0.160000,-7.260000,-7.200000,-8.740000,114.000000,200.000000,280.000000,20.000000,32.000000,54.000000,3.000000,4.800000,7.820000
PUBBOD,3.000000,3.000000,178.656200,398.820000,623.620400,695.926800,918.000000,1884.000000,2712.000000,2570.000000,29.000000,62.000000,98.000000,110.000000,160.000000,390.000000,530.000000,522.000000,12.534400,30.569000,44.640600,45.363200,178.656200,398.820000,623.620400,695.926800,918.000000,1884.000000,2712.000000,2570.000000,29.000000,62.000000,98.000000,110.000000,160.000000,390.000000,530.000000,522.000000,12.534400,30.569000,44.640600,45.363200,9.241600,15.504000,30.521600,40.933600,49.000000,84.000000,185.500000,133.000000,2.000000,4.000000,5.500000,4.000000,12.000000,22.000000,19.000000,0.562500,1.155000,2.253750,2.261250,9.241600,15.504000,30.845867,50.448800,49.000000,84.000000,173.833333,249.666667,2.000000,4.000000,6.500000,4.000000,12.000000,23.333333,25.000000,0.562500,1.155000,2.291250,3.153750,3.348900,33.379200,55.998000,73.492800,676.000000,1092.000000,1872.000000,2756.000000,12.000000,16.000000,108.000000,216.000000,264.000000,1.562500,5.625000,11.550000,15.025000,360.661300,864.398400,1636.484800,2271.114400,2512.000000,5952.000000,10638.000000,14628.000000,59.000000,136.000000,250.000000,348.000000,386.000000,1068.000000,1898.000000,2576.000000,26.631300,72.388000,129.256200,176.336400,0.980000,2.120000,3.255000,2.000000,1.500000,19.500000,-2.000000,-3.000000,1.500000,-0.040000,-0.005000,1.110000,0.980000,2.013333,3.165000,2.000000,3.166667,9.833333,-2.000000,-3.666667,0.500000,-0.040000,-0.055000,0.670000,-7.260000,-8.640000,-10.880000,114.000000,240.000000,310.000000,18.000000,36.000000,52.000000,3.000000,5.760000,7.980000
PUTGOC,2.000000,2.000000,96.218200,205.609000,309.949000,346.195200,322.000000,712.000000,874.000000,756.000000,16.000000,32.000000,50.000000,58.000000,82.000000,196.000000,244.000000,224.000000,5.777600,13.922800,19.029400,18.582600,96.218200,205.609000,309.949000,346.195200,322.000000,712.000000,874.000000,756.000000,16.000000,32.000000,50.000000,58.000000,82.000000,196.000000,244.000000,224.000000,5.777600,13.922800,19.029400,18.582600,9.241600,15.504000,29.944000,43.745600,49.000000,84.000000,133.000000,119.000000,2.000000,4.000000,6.000000,4.000000,12.000000,22.000000,20.000000,0.562500,1.155000,2.010000,2.250000,9.241600,20.190667,22.597333,21.452267,49.000000,60.666667,68.833333,95.666667,2.833333,3.166667,2.666667,8.166667,17.000000,16.166667,15.833333,0.562500,1.136250,1.278750,1.325000,3.348900,33.379200,66.154500,64.233000,676.000000,1092.000000,1560.000000,1170.000000,15.000000,15.000000,126.000000,216.000000,162.000000,1.562500,5.625000,11.437500,9.937500,292.003500,683.585400,1339.404000,2117.538000,1642.000000,4320.000000,7212.000000,8010.000000,49.000000,108.000000,210.000000,336.000000,318.000000,912.000000,1626.000000,2136.000000,18.895300,53.018400,96.838200,133.942800,0.980000,2.310000,3.850000,2.000000,9.000000,25.000000,-2.000000,-3.000000,2.000000,-0.040000,0.320000,1.500000,1.971667,2.193333,1.050000,11.166667,12.333333,5.000000,2.166667,2.833333,1.166667,0.610000,0.670000,0.233333,-7.260000,-8.700000,-7.650000,114.000000,330.000000,345.000000,15.000000,54.000000,63.000000,3.000000,9.600000,10.800000
PUTGOC01,2.000000,2.000000,96.218200,205.609000,309.949000,346.195200,322.000000,712.000000,874.000000,756.000000,16.000000,32.000000,50.000000,58.000000,82.000000,196.000000,244.000000,224.000000,5.777600,13.922800,19.029400,18.582600,96.218200,205.609000,309.949000,346.195200,322.000000,712.000000,874.000000,756.000000,16.000000,32.000000,50.000000,58.000000,82.000000,196.000000,244.000000,224.000000,5.777600,13.922800,19.029400,18.582600,9.241600,15.504000,29.944000,43.745600,49.000000,84.000000,133.000000,119.000000,2.000000,4.000000,6.000000,4.000000,12.000000,22.000000,20.000000,0.562500,1.155000,2.010000,2.250000,9.241600,20.190667,22.597333,21.452267,49.000000,60.666667,68.833333,95.666667,2.833333,3.166667,2.666667,8.166667,17.000000,16.166667,15.833333,0.562500,1.136250,1.278750,1.325000,3.348900,33.379200,66.154500,64.233000,676.000000,1092.000000,1560.000000,1170.000000,15.000000,15.000000,126.000000,216.000000,162.000000,1.562500,5.625000,11.437500,9.937500,292.003500,683.585400,1339.404000,2117.538000,1642.000000,4320.000000,7212.000000,8010.000000,49.000000,108.000000,210.000000,336.000000,318.000000,912.000000,1626.000000,2136.000000,18.895300,53.018400,96.838200,133.942800,0.980000,2.310000,3.850000,2.000000,9.000000,25.000000,-2.000000,-3.000000,2.000000,-0.040000,0.320000,1.500000,1.971667,2.193333,1.050000,11.166667,12.333333,5.000000,2.166667,2.833333,1.166667,0.610000,0.670000,0.233333,-7.260000,-8.700000,-7.650000,114.000000,330.000000,345.000000,15.000000,54.000000,63.000000,3.000000,9.600000,10.800000
PUTHAP,2.000000,2.000000,96.218200,205.609000,309.949000,346.195200,322.000000,712.000000,874.000000,756.000000,16.000000,32.000000,50.000000,58.000000,82.000000,196.000000,244.000000,224.000000,5.777600,13.922800,19.029400,18.582600,96.218200,205.609000,309.949000,346.195200,322.000000,712.000000,874.000000,756.000000,16.000000,32.000000,50.000000,58.000000,82.000000,196.000000,244.000000,224.000000,5.777600,13.922800,19.029400,18.582600,9.241600,15.504000,29.944000,43.745600,49.000000,84.000000,133.000000,119.000000,2.000000,4.000000,6.000000,4.000000,12.000000,22.000000,20.000000,0.562500,1.155000,2.010000,2.250000,9.241600,20.190667,22.597333,21.452267,49.000000,60.666667,68.833333,95.666667,2.833333,3.166667,2.666667,8.166667,17.000000,16.166667,15.833333,0.562500,1.136250,1.278750,1.325000,3.348900,33.379200,66.154500,64.233000,676.000000,1092.000000,1560.000000,1170.000000,15.000000,15.000000,126.000000,216.000000,162.000000,1.562500,5.625000,11.437500,9.937500,292.003500,683.585400,1339.404000,2117.538000,1642.000000,4320.000000,7212.000000,8010.000000,49.000000,108.000000,210.000000,336.000000,318.000000,912.000000,1626.000000,2136.000000,18.895300,53.018400,96.838200,133.942800,0.980000,2.310000,3.850000,2.000000,9.000000,25.000000,-2.000000,-3.000000,2.000000,-0.040000,0.320000,1.500000,1.971667,2.193333,1.050000,11.166667,12.333333,5.000000,2.166667,2.833333,1.166667,0.610000,0.670000,0.233333,-7.260000,-8.700000,-7.650000,114.000000,330.000000,345.000000,15.000000,54.000000,63.000000,3.000000,9.600000,10.800000
PUTHAP01,2.000000,2.000000,96.218200,205.609000,309.949000,346.195200,322.000000,712.000000,874.000000,756.000000,16.000000,32.000000,50.000000,58.000000,82.000000,196.000000,244.000000,224.000000,5.777600,13.922800,19.029400,18.582600,96.218200,205.609000,309.949000,346.195200,322.000000,712.000000,874.000000,756.000000,16.000000,32.000000,50.000000,58.000000,82.000000,196.000000,244.000000,224.000000,5.777600,13.922800,19.029400,18.582600,9.241600,15.504000,29.944000,43.745600,49.000000,84.000000,133.000000,119.000000,2.000000,4.000000,6.000000,4.000000,12.000000,22.000000,20.000000,0.562500,1.155000,2.010000,2.250000,9.241600,20.190667,22.597333,21.452267,49.000000,60.666667,68.833333,95.666667,2.833333,3.166667,2.666667,8.166667,17.000000,16.166667,15.833333,0.562500,1.136250,1.278750,1.325000,3.348900,33.379200,66.154500,64.233000,676.000000,1092.000000,1560.000000,1170.000000,15.000000,15.000000,126.000000,216.000000,162.000000,1.562500,5.625000,11.437500,9.937500,292.003500,683.585400,1339.404000,2117.538000,1642.000000,4320.000000,7212.000000,8010.000000,49.000000,108.000000,210.000000,336.000000,318.000000,912.000000,1626.000000,2136.000000,18.895300,53.018400,96.838200,133.942800,0.980000,2.310000,3.850000,2.000000,9.000000,25.000000,-2.000000,-3.000000,2.000000,-0.040000,0.320000,1.500000,1.971667,2.193333,1.050000,11.166667,12.333333,5.000000,2.166667,2.833333,1.166667,0.610000,0.670000,0.233333,-7.260000,-8.700000,-7.650000,114.000000,330.000000,345.000000,15.000000,54.000000,63.000000,3.000000,9.600000,10.800000
PUTHIX,2.000000,2.000000,96.218200,205.609000,309.949000,346.195200,322.000000,712.000000,874.000000,756.000000,16.000000,32.000000,50.000000,58.000000,82.000000,196.000000,244.000000,224.000000,5.777600,13.922800,19.029400,18.582600,96.218200,205.609000,309.949000,346.195200,322.000000,712.000000,874.000000,756.000000,16.000000,32.000000,50.000000,58.000000,82.000000,196.000000,244.000000,224.000000,5.777600,13.922800,19.029400,18.582600,9.241600,18.316000,25.536000,30.369600,49.000000,70.000000,94.500000,105.000000,2.500000,3.500000,4.000000,6.500000,15.000000,18.500000,17.500000,0.562500,1.143750,1.571250,1.695000,9.241600,18.316000,25.536000,30.369600,49.000000,70.000000,94.500000,105.000000,2.500000,3.500000,4.000000,6.500000,15.000000,18.500000,17.500000,0.562500,1.143750,1.571250,1.695000,3.348900,33.379200,66.154500,64.233000,676.000000,1092.000000,1560.000000,1170.000000,15.000000,15.000000,126.000000,216.000000,162.000000,1.562500,5.625000,11.437500,9.937500,292.003500,683.585400,1339.404000,2117.538000,1642.000000,4320.000000,7212.000000,8010.000000,49.000000,108.000000,210.000000,336.000000,318.000000,912.000000,1626.000000,2136.000000,18.895300,53.018400,96.838200,133.942800,1.575000,2.240000,2.170000,7.500000,11.000000,13.000000,0.500000,0.500000,1.500000,0.350000,0.530000,0.740000,1.575000,2.240000,2.170000,7.500000,11.000000,13.000000,0.500000,0.500000,1.500000,0.350000,0.530000,0.740000,-7.260000,-8.700000,-7.650000,114.000000,330.000000,345.000000,15.000000,54.000000,63.000000,3.000000,9.600000,10.800000
PUTHIX01,2.000000,2.000000,96.218200,205.609000,309.949000,346.195200,322.000000,712.000000,874.000000,756.000000,16.000000,32.000000,50.000000,58.000000,82.000000,196.000000,244.000000,224.000000,5.777600,13.922800,19.029400,18.582600,96.218200,205.609000,309.949000,346.195200,322.000000,712.000000,874.000000,756.000000,16.000000,32.000000,50.000000,58.000000,82.000000,196.000000,244.000000,224.000000,5.777600,13.922800,19.029400,18.582600,9.241600,18.316000,25.536000,30.369600,49.000000,70.000000,94.500000,105.000000,2.500000,3.500000,4.000000,6.500000,15.000000,18.500000,17.500000,0.562500,1.143750,1.571250,1.695000,9.241600,18.316000,25.536000,30.369600,49.000000,70.000000,94.500000,105.000000,2.500000,3.500000,4.000000,6.500000,15.000000,18.500000,17.500000,0.562500,1.143750,1.571250,1.695000,3.348900,33.379200,66.154500,64.233000,676.000000,1092.000000,1560.000000,1170.000000,15.000000,15.000000,126.000000,216.000000,162.000000,1.562500,5.625000,11.437500,9.937500,292.003500,683.585400,1339.404000,2117.538000,1642.000000,4320.000000,7212.000000,8010.000000,49.000000,108.000000,210.000000,336.000000,318.000000,912.000000,1626.000000,2136.000000,18.895300,53.018400,96.838200,133.942800,1.575000,2.240000,2.170000,7.500000,11.000000,13.000000,0.500000,0.500000,1.500000,0.350000,0.530000,0.740000,1.575000,2.240000,2.170000,7.500000,11.000000,13.000000,0.500000,0.500000,1.500000,0.350000,0.530000,0.740000,-7.260000,-8.700000,-7.650000,114.000000,330.000000,345.000000,15.000000,54.000000,63.000000,3.000000,9.600000,10.800000
QAHPIY01,1.000000,1.000000,55.102700,113.633200,152.493000,98.824000,224.000000,472.000000,510.000000,88.000000,8.000000,16.000000,22.000000,16.000000,38.000000,86.000000,98.000000,32.000000,3.284800,7.455200,9.118600,3.877600,55.102700,113.633200,152.493000,98.824000,224.000000,472.000000,510.000000,88.000000,8.000000,16.000000,22.000000,16.000000,38.000000,86.000000,98.000000,32.000000,3.284800,7.455200,9.118600,3.877600,9.241600,18.209600,22.192000,13.376000,49.000000,98.000000,91.000000,14.000000,2.000000,3.000000,2.000000,4.000000,10.000000,14.000000,4.000000,0.562500,1.125000,1.432500,0.555000,9.241600,18.209600,22.192000,13.376000,49.000000,98.000000,91.000000,14.000000,2.000000,3.000000,2.000000,4.000000,10.000000,14.000000,4.000000,0.562500,1.125000,1.432500,0.555000,3.348900,33.379200,65.770200,80.154000,676.000000,1092.000000,2184.000000,2028.000000,12.000000,18.000000,108.000000,180.000000,252.000000,1.562500,5.625000,11.250000,14.325000,333.965100,748.557600,1323.746400,1845.828000,2020.000000,5016.000000,8898.000000,10464.000000,49.000000,108.000000,186.000000,252.000000,294.000000,792.000000,1302.000000,1620.000000,21.271300,55.981200,94.086600,119.415600,0.090000,1.820000,1.680000,0.000000,8.000000,12.000000,-1.000000,-1.000000,2.000000,0.000000,0.340000,0.760000,0.090000,1.820000,1.680000,0.000000,8.000000,12.000000,-1.000000,-1.000000,2.000000,0.000000,0.340000,0.760000,-7.260000,-13.980000,-10.860000,114.000000,228.000000,390.000000,18.000000,42.000000,66.000000,3.000000,6.000000,11.040000
QAHPIY02,1.000000,1.000000,55.102700,113.633200,152.493000,98.824000,224.000000,472.000000,510.000000,88.000000,8.000000,16.000000,22.000000,16.000000,38.000000,86.000000,98.000000,32.000000,3.284800,7.455200,9.118600,3.877600,55.102700,113.633200,152.493000,98.824000,224.000000,472.000000,510.000000,88.000000,8.000000,16.000000,22.000000,16.000000,38.000000,86.000000,98.000000,32.000000,3.284800,7.455200,9.118600,3.877600,9.241600,18.209600,22.192000,13.376000,49.000000,98.000000,91.000000,14.000000,2.000000,3.000000,2.000000,4.000000,10.000000,14.000000,4.000000,0.562500,1.125000,1.432500,0.555000,9.241600,18.209600,22.192000,13.376000,49.000000,98.000000,91.000000,14.000000,2.000000,3.000000,2.000000,4.000000,10.000000,14.000000,4.000000,0.562500,1.125000,1.432500,0.555000,3.348900,33.379200,65.770200,80.154000,676.000000,1092.000000,2184.000000,2028.000000,12.000000,18.000000,108.000000,180.000000,252.000000,1.562500,5.625000,11.250000,14.325000,333.965100,748.557600,1323.746400,1845.828000,2020.000000,5016.000000,8898.000000,10464.000000,49.000000,108.000000,186.000000,252.000000,294.000000,792.000000,1302.000000,1620.000000,21.271300,55.981200,94.086600,119.415600,0.090000,1.820000,1.680000,0.000000,8.000000,12.000000,-1.000000,-1.000000,2.000000,0.000000,0.340000,0.760000,0.090000,1.820000,1.680000,0.000000,8.000000,12.000000,-1.000000,-1.000000,2.000000,0.000000,0.340000,0.760000,-7.260000,-13.980000,-10.860000,114.000000,228.000000,390.000000,18.000000,42.000000,66.000000,3.000000,6.000000,11.040000
QAHVIE,1.000000,2.000000,22.400500,28.662000,15.686400,0.000000,341.000000,276.000000,224.000000,0.000000,3.000000,4.000000,2.000000,0.000000,6.000000,8.000000,2.000000,0.000000,2.195800,2.725800,1.530000,0.000000,181.879600,407.560400,617.341400,709.533200,736.000000,1712.000000,2390.000000,2432.000000,28.000000,60.000000,92.000000,108.000000,152.000000,374.000000,520.000000,524.000000,11.858800,29.016400,41.934800,44.277200,9.241600,7.752000,7.843200,0.000000,49.000000,42.000000,112.000000,0.000000,1.000000,1.000000,0.000000,1.000000,2.000000,1.000000,0.000000,0.562500,0.577500,0.765000,0.000000,9.241600,16.248800,27.344800,36.799200,49.000000,87.500000,133.000000,168.000000,2.000000,3.500000,4.500000,4.000000,11.000000,19.000000,21.000000,0.562500,1.147500,1.863750,2.268750,3.348900,33.379200,48.458400,56.620200,676.000000,1092.000000,1612.000000,2184.000000,10.000000,12.000000,96.000000,156.000000,168.000000,1.562500,5.625000,9.575000,11.125000,411.909100,939.203200,1640.220400,2238.316400,2830.000000,6160.000000,9922.000000,13040.000000,63.000000,140.000000,238.000000,328.000000,378.000000,1008.000000,1648.000000,2048.000000,29.671700,74.734400,122.954600,161.384400,0.490000,0.460000,0.000000,1.000000,-9.000000,0.000000,-1.000000,0.000000,0.000000,-0.020000,-0.270000,0.000000,0.735000,1.645000,1.575000,1.500000,5.500000,7.500000,-1.500000,-2.500000,-1.500000,-0.030000,0.140000,0.350000,-7.260000,-8.180000,-8.980000,114.000000,198.000000,228.000000,20.000000,34.000000,44.000000,3.000000,4.840000,6.100000
QAHVOK,1.000000,2.000000,22.246600,28.509000,15.504000,0.000000,1241.000000,492.000000,476.000000,0.000000,3.000000,4.000000,2.000000,0.000000,6.000000,8.000000,2.000000,0.000000,2.501000,2.941400,1.740000,0.000000,181.879600,407.560400,617.341400,709.533200,736.000000,1712.000000,2390.000000,2432.000000,28.000000,60.000000,92.000000,108.000000,152.000000,374.000000,520.000000,524.000000,11.858800,29.016400,41.934800,44.277200,9.241600,7.752000,7.752000,0.000000,49.000000,42.000000,238.000000,0.000000,1.000000,1.000000,0.000000,1.000000,2.000000,1.000000,0.000000,0.562500,0.577500,0.870000,0.000000,9.241600,16.248800,27.344800,36.799200,49.000000,87.500000,133.000000,168.000000,2.000000,3.500000,4.500000,4.000000,11.000000,19.000000,21.000000,0.562500,1.147500,1.863750,2.268750,3.348900,33.379200,48.458400,56.510400,676.000000,1092.000000,1612.000000,3120.000000,10.000000,12.000000,96.000000,156.000000,168.000000,1.562500,5.625000,9.575000,11.475000,411.601300,938.897200,1639.855600,2238.096800,4630.000000,6592.000000,10426.000000,14912.000000,63.000000,140.000000,238.000000,328.000000,378.000000,1008.000000,1648.000000,2048.000000,30.282100,75.165600,123.374600,162.084400,0.490000,0.490000,0.000000,1.000000,-27.000000,0.000000,-1.000000,0.000000,0.000000,-0.020000,-0.410000,0.000000,0.735000,1.645000,1.575000,1.500000,5.500000,7.500000,-1.500000,-2.500000,-1.500000,-0.030000,0.140000,0.350000,-7.260000,-8.180000,-8.920000,114.000000,198.000000,192.000000,20.000000,34.000000,44.000000,3.000000,4.840000,5.820000
QALMAR,2.000000,2.000000,111.523900,246.008200,366.788400,357.211400,454.000000,1036.000000,1368.000000,1064.000000,17.000000,36.000000,54.000000,56.000000,90.000000,216.000000,284.000000,238.000000,7.221700,17.388000,24.228200,21.242400,111.523900,246.008200,366.788400,357.211400,454.000000,1036.000000,1368.000000,1064.000000,17.000000,36.000000,54.000000,56.000000,90.000000,216.000000,284.000000,238.000000,7.221700,17.388000,24.228200,21.242400,9.241600,15.504000,31.433600,31.646400,49.000000,84.000000,140.000000,126.000000,2.000000,4.000000,4.000000,4.000000,12.000000,19.000000,15.000000,0.562500,1.155000,1.995000,1.837500,9.241600,15.504000,31.433600,31.646400,49.000000,84.000000,140.000000,126.000000,2.000000,4.000000,4.000000,4.000000,12.000000,19.000000,15.000000,0.562500,1.155000,1.995000,1.837500,3.348900,33.379200,55.998000,85.534200,676.000000,1092.000000,1872.000000,2184.000000,12.000000,18.000000,108.000000,216.000000,234.000000,1.562500,5.625000,11.550000,14.175000,337.920600,804.783000,1489.609200,2024.469000,2038.000000,5292.000000,9318.000000,11802.000000,52.000000,120.000000,216.000000,306.000000,336.000000,936.000000,1668.000000,2196.000000,23.227600,63.414000,112.659600,151.072200,0.980000,1.820000,1.750000,2.000000,8.000000,10.000000,-2.000000,-1.500000,0.500000,-0.040000,0.340000,0.550000,0.980000,1.820000,1.750000,2.000000,8.000000,10.000000,-2.000000,-1.500000,0.500000,-0.040000,0.340000,0.550000,-7.260000,-8.640000,-13.800000,114.000000,240.000000,384.000000,18.000000,36.000000,69.000000,3.000000,5.760000,11.160000
QALMAR01,2.000000,2.000000,111.523900,246.008200,366.788400,357.211400,454.000000,1036.000000,1368.000000,1064.000000,17.000000,36.000000,54.000000,56.000000,90.000000,216.000000,284.000000,238.000000,7.221700,17.388000,24.228200,21.242400,111.523900,246.008200,366.788400,357.211400,454.000000,1036.000000,1368.000000,1064.000000,17.000000,36.000000,54.000000,56.000000,90.000000,216.000000,284.000000,238.000000,7.221700,17.388000,24.228200,21.242400,9.241600,15.504000,31.433600,31.646400,49.000000,84.000000,140.000000,126.000000,2.000000,4.000000,4.000000,4.000000,12.000000,19.000000,15.000000,0.562500,1.155000,1.995000,1.837500,9.241600,15.504000,31.433600,31.646400,49.000000,84.000000,140.000000,126.000000,2.000000,4.000000,4.000000,4.000000,12.000000,19.000000,15.000000,0.562500,1.155000,1.995000,1.837500,3.348900,33.379200,55.998000,85.534200,676.000000,1092.000000,1872.000000,2184.000000,12.000000,18.000000,108.000000,216.000000,234.000000,1.562500,5.625000,11.550000,14.175000,337.920600,804.783000,1489.609200,2024.469000,2038.000000,5292.000000,9318.000000,11802.000000,52.000000,120.000000,216.000000,306.000000,336.000000,936.000000,1668.000000,2196.000000,23.227600,63.414000,112.659600,151.072200,0.980000,1.820000,1.750000,2.000000,8.000000,10.000000,-2.000000,-1.500000,0.500000,-0.040000,0.340000,0.550000,0.980000,1.820000,1.750000,2.000000,8.000000,10.000000,-2.000000,-1.500000,0.500000,-0.040000,0.340000,0.550000,-7.260000,-8.640000,-13.800000,114.000000,240.000000,384.000000,18.000000,36.000000,69.000000,3.000000,5.760000,11.160000
QERDIB,3.000000,3.000000,185.057100,418.191000,673.123600,721.356000,702.000000,1662.000000,2326.000000,1728.000000,29.000000,62.000000,102.000000,114.000000,164.000000,410.000000,574.000000,518.000000,11.539700,28.953800,43.227000,40.327000,185.057100,418.191000,673.123600,721.356000,702.000000,1662.000000,2326.000000,1728.000000,29.000000,62.000000,102.000000,114.000000,164.000000,410.000000,574.000000,518.000000,11.539700,28.953800,43.227000,40.327000,9.241600,15.504000,31.433600,34.504000,49.000000,84.000000,140.000000,70.000000,2.000000,4.000000,5.000000,4.000000,12.000000,22.000000,14.000000,0.562500,1.155000,1.995000,1.687500,9.241600,15.504000,32.142933,48.589333,49.000000,84.000000,163.333333,107.333333,2.000000,4.000000,7.000000,4.000000,12.000000,26.000000,20.666667,0.562500,1.155000,2.195000,2.442500,3.348900,33.379200,55.998000,96.148200,676.000000,1092.000000,1872.000000,2756.000000,12.000000,20.000000,108.000000,216.000000,336.000000,1.562500,5.625000,11.550000,17.100000,373.463100,903.140400,1735.491200,2441.216400,2080.000000,5508.000000,9866.000000,13336.000000,59.000000,136.000000,258.000000,372.000000,394.000000,1108.000000,1994.000000,2748.000000,24.641900,69.157600,126.429000,174.914000,0.980000,1.820000,3.850000,2.000000,8.000000,25.000000,-2.000000,-3.000000,3.000000,-0.040000,0.340000,1.500000,0.980000,1.586667,5.296667,2.000000,4.666667,33.666667,-2.000000,-5.000000,3.666667,-0.040000,0.073333,1.993333,-7.260000,-8.640000,-15.940000,114.000000,240.000000,414.000000,18.000000,36.000000,64.000000,3.000000,5.760000,11.320000
QERDIB01,3.000000,3.000000,185.057100,418.191000,673.123600,721.356000,702.000000,1662.000000,2326.000000,1728.000000,29.000000,62.000000,102.000000,114.000000,164.000000,410.000000,574.000000,518.000000,11.539700,28.953800,43.227000,40.327000,185.057100,418.191000,673.123600,721.356000,702.000000,1662.000000,2326.000000,1728.000000,29.000000,62.000000,102.000000,114.000000,164.000000,410.000000,574.000000,518.000000,11.539700,28.953800,43.227000,40.327000,9.241600,15.504000,31.433600,34.504000,49.000000,84.000000,140.000000,70.000000,2.000000,4.000000,5.000000,4.000000,12.000000,22.000000,14.000000,0.562500,1.155000,1.995000,1.687500,9.241600,15.504000,32.142933,48.589333,49.000000,84.000000,163.333333,107.333333,2.000000,4.000000,7.000000,4.000000,12.000000,26.000000,20.666667,0.562500,1.155000,2.195000,2.442500,3.348900,33.379200,55.998000,96.148200,676.000000,1092.000000,1872.000000,2756.000000,12.000000,20.000000,108.000000,216.000000,336.000000,1.562500,5.625000,11.550000,17.100000,373.463100,903.140400,1735.491200,2441.216400,2080.000000,5508.000000,9866.000000,13336.000000,59.000000,136.000000,258.000000,372.000000,394.000000,1108.000000,1994.000000,2748.000000,24.641900,69.157600,126.429000,174.914000,0.980000,1.820000,3.850000,2.000000,8.000000,25.000000,-2.000000,-3.000000,3.000000,-0.040000,0.340000,1.500000,0.980000,1.586667,5.296667,2.000000,4.666667,33.666667,-2.000000,-5.000000,3.666667,-0.040000,0.073333,1.993333,-7.260000,-8.640000,-15.940000,114.000000,240.000000,414.000000,18.000000,36.000000,64.000000,3.000000,5.760000,11.320000
QERDOH,3.000000,3.000000,185.057100,418.191000,673.123600,721.356000,702.000000,1662.000000,2326.000000,1728.000000,29.000000,62.000000,102.000000,114.000000,164.000000,410.000000,574.000000,518.000000,11.539700,28.953800,43.227000,40.327000,185.057100,418.191000,673.123600,721.356000,702.000000,1662.000000,2326.000000,1728.000000,29.000000,62.000000,102.000000,114.000000,164.000000,410.000000,574.000000,518.000000,11.539700,28.953800,43.227000,40.327000,9.241600,15.504000,31.433600,34.504000,49.000000,84.000000,140.000000,70.000000,2.000000,4.000000,5.000000,4.000000,12.000000,22.000000,14.000000,0.562500,1.155000,1.995000,1.687500,9.241600,15.504000,32.142933,48.589333,49.000000,84.000000,163.333333,107.333333,2.000000,4.000000,7.000000,4.000000,12.000000,26.000000,20.666667,0.562500,1.155000,2.195000,2.442500,3.348900,33.379200,55.998000,96.148200,676.000000,1092.000000,1872.000000,2756.000000,12.000000,20.000000,108.000000,216.000000,336.000000,1.562500,5.625000,11.550000,17.100000,373.463100,903.140400,1735.491200,2441.216400,2080.000000,5508.000000,9866.000000,13336.000000,59.000000,136.000000,258.000000,372.000000,394.000000,1108.000000,1994.000000,2748.000000,24.641900,69.157600,126.429000,174.914000,0.980000,1.820000,3.850000,2.000000,8.000000,25.000000,-2.000000,-3.000000,3.000000,-0.040000,0.340000,1.500000,0.980000,1.586667,5.296667,2.000000,4.666667,33.666667,-2.000000,-5.000000,3.666667,-0.040000,0.073333,1.993333,-7.260000,-8.640000,-15.940000,114.000000,240.000000,414.000000,18.000000,36.000000,64.000000,3.000000,5.760000,11.320000
QIDJET,3.000000,3.000000,173.862100,396.078600,606.314600,687.786600,769.000000,1818.000000,2612.000000,2598.000000,26.000000,58.000000,90.000000,106.000000,148.000000,372.000000,544.000000,568.000000,12.041000,29.709000,44.201000,46.975400,173.862100,396.078600,606.314600,687.786600,769.000000,1818.000000,2612.000000,2598.000000,26.000000,58.000000,90.000000,106.000000,148.000000,372.000000,544.000000,568.000000,12.041000,29.709000,44.201000,46.975400,9.241600,16.248800,28.089600,28.089600,49.000000,87.500000,136.500000,136.500000,2.000000,3.500000,3.500000,4.000000,11.000000,17.000000,17.000000,0.562500,1.147500,1.856250,1.856250,9.241600,15.752267,30.035200,47.809067,49.000000,85.166667,157.500000,232.166667,2.000000,3.833333,5.833333,4.000000,11.666667,21.666667,27.000000,0.562500,1.152500,2.158750,3.083750,3.348900,33.379200,57.791400,67.636800,676.000000,1092.000000,1924.000000,2028.000000,12.000000,14.000000,108.000000,204.000000,204.000000,1.562500,5.625000,11.500000,12.375000,351.073100,858.915600,1605.460000,2272.914000,2214.000000,5820.000000,10542.000000,13368.000000,53.000000,128.000000,234.000000,336.000000,362.000000,1028.000000,1882.000000,2488.000000,25.644500,70.668000,128.277000,173.960800,0.735000,1.400000,1.400000,1.500000,5.000000,5.000000,-1.500000,-1.500000,-1.500000,-0.030000,0.150000,0.150000,0.898333,1.773333,2.006667,1.833333,4.333333,7.666667,-1.833333,-3.166667,-1.833333,-0.036667,-0.003333,0.263333,-7.260000,-9.620000,-11.340000,114.000000,238.000000,286.000000,18.000000,38.000000,50.000000,3.000000,5.800000,7.600000
QIDJET01,3.000000,3.000000,173.862100,396.078600,606.314600,687.786600,769.000000,1818.000000,2612.000000,2598.000000,26.000000,58.000000,90.000000,106.000000,148.000000,372.000000,544.000000,568.000000,12.041000,29.709000,44.201000,46.975400,173.862100,396.078600,606.314600,687.786600,769.000000,1818.000000,2612.000000,2598.000000,26.000000,58.000000,90.000000,106.000000,148.000000,372.000000,544.000000,568.000000,12.041000,29.709000,44.201000,46.975400,9.241600,16.248800,28.089600,28.089600,49.000000,87.500000,136.500000,136.500000,2.000000,3.500000,3.500000,4.000000,11.000000,17.000000,17.000000,0.562500,1.147500,1.856250,1.856250,9.241600,15.752267,30.035200,47.809067,49.000000,85.166667,157.500000,232.166667,2.000000,3.833333,5.833333,4.000000,11.666667,21.666667,27.000000,0.562500,1.152500,2.158750,3.083750,3.348900,33.379200,57.791400,67.636800,676.000000,1092.000000,1924.000000,2028.000000,12.000000,14.000000,108.000000,204.000000,204.000000,1.562500,5.625000,11.500000,12.375000,351.073100,858.915600,1605.460000,2272.914000,2214.000000,5820.000000,10542.000000,13368.000000,53.000000,128.000000,234.000000,336.000000,362.000000,1028.000000,1882.000000,2488.000000,25.644500,70.668000,128.277000,173.960800,0.735000,1.400000,1.400000,1.500000,5.000000,5.000000,-1.500000,-1.500000,-1.500000,-0.030000,0.150000,0.150000,0.898333,1.773333,2.006667,1.833333,4.333333,7.666667,-1.833333,-3.166667,-1.833333,-0.036667,-0.003333,0.263333,-7.260000,-9.620000,-11.340000,114.000000,238.000000,286.000000,18.000000,38.000000,50.000000,3.000000,5.800000,7.600000
QIDJIX,3.000000,3.000000,173.862100,396.078600,606.314600,687.786600,769.000000,1818.000000,2612.000000,2598.000000,26.000000,58.000000,90.000000,106.000000,148.000000,372.000000,544.000000,568.000000,12.041000,29.709000,44.201000,46.975400,173.862100,396.078600,606.314600,687.786600,769.000000,1818.000000,2612.000000,2598.000000,26.000000,58.000000,90.000000,106.000000,148.000000,372.000000,544.000000,568.000000,12.041000,29.709000,44.201000,46.975400,9.241600,16.248800,28.089600,28.089600,49.000000,87.500000,136.500000,136.500000,2.000000,3.500000,3.500000,4.000000,11.000000,17.000000,17.000000,0.562500,1.147500,1.856250,1.856250,9.241600,15.752267,30.035200,47.809067,49.000000,85.166667,157.500000,232.166667,2.000000,3.833333,5.833333,4.000000,11.666667,21.666667,27.000000,0.562500,1.152500,2.158750,3.083750,3.348900,33.379200,57.791400,67.636800,676.000000,1092.000000,1924.000000,2028.000000,12.000000,14.000000,108.000000,204.000000,204.000000,1.562500,5.625000,11.500000,12.375000,351.073100,858.915600,1605.460000,2272.914000,2214.000000,5820.000000,10542.000000,13368.000000,53.000000,128.000000,234.000000,336.000000,362.000000,1028.000000,1882.000000,2488.000000,25.644500,70.668000,128.277000,173.960800,0.735000,1.400000,1.400000,1.500000,5.000000,5.000000,-1.500000,-1.500000,-1.500000,-0.030000,0.150000,0.150000,0.898333,1.773333,2.006667,1.833333,4.333333,7.666667,-1.833333,-3.166667,-1.833333,-0.036667,-0.003333,0.263333,-7.260000,-9.620000,-11.340000,114.000000,238.000000,286.000000,18.000000,38.000000,50.000000,3.000000,5.800000,7.600000
QIDJOD,3.000000,3.000000,194.884600,445.242600,706.490600,796.551600,808.000000,1938.000000,2828.000000,2838.000000,30.000000,66.000000,106.000000,122.000000,172.000000,428.000000,610.000000,638.000000,13.044600,32.573400,48.997400,52.646200,194.884600,445.242600,706.490600,796.551600,808.000000,1938.000000,2828.000000,2838.000000,30.000000,66.000000,106.000000,122.000000,172.000000,428.000000,610.000000,638.000000,13.044600,32.573400,48.997400,52.646200,9.241600,16.248800,28.089600,31.965600,49.000000,87.500000,136.500000,157.500000,2.000000,3.500000,4.000000,4.000000,11.000000,18.000000,21.000000,0.562500,1.147500,1.856250,2.145000,9.241600,15.752267,30.035200,49.101067,49.000000,85.166667,157.500000,239.166667,2.000000,3.833333,6.000000,4.000000,11.666667,22.000000,28.333333,0.562500,1.152500,2.158750,3.180000,3.348900,33.379200,57.791400,67.636800,676.000000,1092.000000,1924.000000,2028.000000,12.000000,14.000000,108.000000,204.000000,216.000000,1.562500,5.625000,11.500000,12.375000,393.118100,957.243600,1805.812000,2490.444000,2292.000000,6060.000000,10974.000000,13848.000000,61.000000,144.000000,266.000000,368.000000,410.000000,1140.000000,2018.000000,2668.000000,27.651700,76.396800,137.869800,185.302400,0.735000,1.400000,1.645000,1.500000,5.000000,5.500000,-1.500000,-2.000000,-2.500000,-0.030000,0.150000,0.140000,0.898333,1.773333,2.088333,1.833333,4.333333,7.833333,-1.833333,-3.333333,-2.166667,-0.036667,-0.003333,0.260000,-7.260000,-9.620000,-11.340000,114.000000,238.000000,286.000000,18.000000,38.000000,48.000000,3.000000,5.800000,7.600000
QIDJUJ,3.000000,3.000000,194.884600,445.242600,706.490600,796.551600,808.000000,1938.000000,2828.000000,2838.000000,30.000000,66.000000,106.000000,122.000000,172.000000,428.000000,610.000000,638.000000,13.044600,32.573400,48.997400,52.646200,194.884600,445.242600,706.490600,796.551600,808.000000,1938.000000,2828.000000,2838.000000,30.000000,66.000000,106.000000,122.000000,172.000000,428.000000,610.000000,638.000000,13.044600,32.573400,48.997400,52.646200,9.241600,16.248800,28.089600,31.965600,49.000000,87.500000,136.500000,157.500000,2.000000,3.500000,4.000000,4.000000,11.000000,18.000000,21.000000,0.562500,1.147500,1.856250,2.145000,9.241600,15.752267,30.035200,49.101067,49.000000,85.166667,157.500000,239.166667,2.000000,3.833333,6.000000,4.000000,11.666667,22.000000,28.333333,0.562500,1.152500,2.158750,3.180000,3.348900,33.379200,57.791400,67.636800,676.000000,1092.000000,1924.000000,2028.000000,12.000000,14.000000,108.000000,204.000000,216.000000,1.562500,5.625000,11.500000,12.375000,393.118100,957.243600,1805.812000,2490.444000,2292.000000,6060.000000,10974.000000,13848.000000,61.000000,144.000000,266.000000,368.000000,410.000000,1140.000000,2018.000000,2668.000000,27.651700,76.396800,137.869800,185.302400,0.735000,1.400000,1.645000,1.500000,5.000000,5.500000,-1.500000,-2.000000,-2.500000,-0.030000,0.150000,0.140000,0.898333,1.773333,2.088333,1.833333,4.333333,7.833333,-1.833333,-3.333333,-2.166667,-0.036667,-0.003333,0.260000,-7.260000,-9.620000,-11.340000,114.000000,238.000000,286.000000,18.000000,38.000000,48.000000,3.000000,5.800000,7.600000
QIDKAQ,3.000000,3.000000,211.067100,480.687600,774.398600,899.015600,846.000000,2034.000000,2960.000000,3032.000000,33.000000,72.000000,118.000000,140.000000,190.000000,476.000000,670.000000,692.000000,13.911300,34.898800,52.720200,57.154000,211.067100,480.687600,774.398600,899.015600,846.000000,2034.000000,2960.000000,3032.000000,33.000000,72.000000,118.000000,140.000000,190.000000,476.000000,670.000000,692.000000,13.911300,34.898800,52.720200,57.154000,9.241600,16.248800,28.089600,31.965600,49.000000,87.500000,136.500000,157.500000,2.000000,3.500000,4.000000,4.000000,11.000000,18.000000,21.000000,0.562500,1.147500,1.856250,2.145000,9.241600,15.752267,30.035200,49.101067,49.000000,85.166667,157.500000,239.166667,2.000000,3.833333,6.000000,4.000000,11.666667,22.000000,28.333333,0.562500,1.152500,2.158750,3.180000,3.348900,33.379200,57.791400,67.636800,676.000000,1092.000000,1924.000000,2028.000000,12.000000,14.000000,108.000000,204.000000,216.000000,1.562500,5.625000,11.500000,12.375000,425.483100,1028.133600,1941.628000,2695.372000,2368.000000,6252.000000,11238.000000,14236.000000,67.000000,156.000000,290.000000,404.000000,446.000000,1236.000000,2138.000000,2776.000000,29.385100,81.047600,145.315400,194.318000,0.735000,1.400000,1.645000,1.500000,5.000000,5.500000,-1.500000,-2.000000,-2.500000,-0.030000,0.150000,0.140000,0.898333,1.773333,2.088333,1.833333,4.333333,7.833333,-1.833333,-3.333333,-2.166667,-0.036667,-0.003333,0.260000,-7.260000,-9.620000,-11.340000,114.000000,238.000000,286.000000,18.000000,38.000000,48.000000,3.000000,5.800000,7.600000
QIDKEU,3.000000,3.000000,211.067100,480.687600,774.398600,899.015600,846.000000,2034.000000,2960.000000,3032.000000,33.000000,72.000000,118.000000,140.000000,190.000000,476.000000,670.000000,692.000000,13.911300,34.898800,52.720200,57.154000,211.067100,480.687600,774.398600,899.015600,846.000000,2034.000000,2960.000000,3032.000000,33.000000,72.000000,118.000000,140.000000,190.000000,476.000000,670.000000,692.000000,13.911300,34.898800,52.720200,57.154000,9.241600,16.248800,28.089600,31.965600,49.000000,87.500000,136.500000,157.500000,2.000000,3.500000,4.000000,4.000000,11.000000,18.000000,21.000000,0.562500,1.147500,1.856250,2.145000,9.241600,15.752267,30.035200,49.101067,49.000000,85.166667,157.500000,239.166667,2.000000,3.833333,6.000000,4.000000,11.666667,22.000000,28.333333,0.562500,1.152500,2.158750,3.180000,3.348900,33.379200,57.791400,67.636800,676.000000,1092.000000,1924.000000,2028.000000,12.000000,14.000000,108.000000,204.000000,216.000000,1.562500,5.625000,11.500000,12.375000,425.483100,1028.133600,1941.628000,2695.372000,2368.000000,6252.000000,11238.000000,14236.000000,67.000000,156.000000,290.000000,404.000000,446.000000,1236.000000,2138.000000,2776.000000,29.385100,81.047600,145.315400,194.318000,0.735000,1.400000,1.645000,1.500000,5.000000,5.500000,-1.500000,-2.000000,-2.500000,-0.030000,0.150000,0.140000,0.898333,1.773333,2.088333,1.833333,4.333333,7.833333,-1.833333,-3.333333,-2.166667,-0.036667,-0.003333,0.260000,-7.260000,-9.620000,-11.340000,114.000000,238.000000,286.000000,18.000000,38.000000,48.000000,3.000000,5.800000,7.600000
QIDKIY,3.000000,3.000000,243.432100,551.577600,909.528600,1092.568600,922.000000,2226.000000,3204.000000,3298.000000,39.000000,84.000000,142.000000,176.000000,226.000000,572.000000,802.000000,830.000000,15.644700,39.549600,60.197800,66.258400,243.432100,551.577600,909.528600,1092.568600,922.000000,2226.000000,3204.000000,3298.000000,39.000000,84.000000,142.000000,176.000000,226.000000,572.000000,802.000000,830.000000,15.644700,39.549600,60.197800,66.258400,9.241600,16.248800,28.089600,31.965600,49.000000,87.500000,136.500000,157.500000,2.000000,3.500000,4.000000,4.000000,11.000000,18.000000,21.000000,0.562500,1.147500,1.856250,2.145000,9.241600,15.752267,30.035200,49.101067,49.000000,85.166667,157.500000,239.166667,2.000000,3.833333,6.000000,4.000000,11.666667,22.000000,28.333333,0.562500,1.152500,2.158750,3.180000,3.348900,33.379200,57.791400,67.636800,676.000000,1092.000000,1924.000000,2028.000000,12.000000,14.000000,108.000000,204.000000,216.000000,1.562500,5.625000,11.500000,12.375000,490.213100,1169.913600,2211.888000,3082.478000,2520.000000,6636.000000,11726.000000,14768.000000,79.000000,180.000000,338.000000,476.000000,518.000000,1428.000000,2402.000000,3052.000000,32.851900,90.349200,160.270600,212.526800,0.735000,1.400000,1.645000,1.500000,5.000000,5.500000,-1.500000,-2.000000,-2.500000,-0.030000,0.150000,0.140000,0.898333,1.773333,2.088333,1.833333,4.333333,7.833333,-1.833333,-3.333333,-2.166667,-0.036667,-0.003333,0.260000,-7.260000,-9.620000,-11.340000,114.000000,238.000000,286.000000,18.000000,38.000000,48.000000,3.000000,5.800000,7.600000
QIDKOE,3.000000,3.000000,259.614600,587.022600,977.093600,1189.173600,960.000000,2322.000000,3326.000000,3426.000000,42.000000,90.000000,154.000000,194.000000,244.000000,620.000000,868.000000,902.000000,16.511400,41.875000,63.936600,70.818600,259.614600,587.022600,977.093600,1189.173600,960.000000,2322.000000,3326.000000,3426.000000,42.000000,90.000000,154.000000,194.000000,244.000000,620.000000,868.000000,902.000000,16.511400,41.875000,63.936600,70.818600,9.241600,16.248800,28.089600,31.965600,49.000000,87.500000,136.500000,157.500000,2.000000,3.500000,4.000000,4.000000,11.000000,18.000000,21.000000,0.562500,1.147500,1.856250,2.145000,9.241600,15.752267,30.035200,49.101067,49.000000,85.166667,157.500000,239.166667,2.000000,3.833333,6.000000,4.000000,11.666667,22.000000,28.333333,0.562500,1.152500,2.158750,3.180000,3.348900,33.379200,57.791400,67.636800,676.000000,1092.000000,1924.000000,2028.000000,12.000000,14.000000,108.000000,204.000000,216.000000,1.562500,5.625000,11.500000,12.375000,522.578100,1240.803600,2347.018000,3275.688000,2596.000000,6828.000000,11970.000000,15024.000000,85.000000,192.000000,362.000000,512.000000,554.000000,1524.000000,2534.000000,3196.000000,34.585300,95.000000,167.748200,221.647200,0.735000,1.400000,1.645000,1.500000,5.000000,5.500000,-1.500000,-2.000000,-2.500000,-0.030000,0.150000,0.140000,0.898333,1.773333,2.088333,1.833333,4.333333,7.833333,-1.833333,-3.333333,-2.166667,-0.036667,-0.003333,0.260000,-7.260000,-9.620000,-11.340000,114.000000,238.000000,286.000000,18.000000,38.000000,48.000000,3.000000,5.800000,7.600000
QIDKUK,3.000000,3.000000,259.614600,587.022600,977.093600,1189.173600,960.000000,2322.000000,3326.000000,3426.000000,42.000000,90.000000,154.000000,194.000000,244.000000,620.000000,868.000000,902.000000,16.511400,41.875000,63.936600,70.818600,259.614600,587.022600,977.093600,1189.173600,960.000000,2322.000000,3326.000000,3426.000000,42.000000,90.000000,154.000000,194.000000,244.000000,620.000000,868.000000,902.000000,16.511400,41.875000,63.936600,70.818600,9.241600,16.248800,28.089600,31.965600,49.000000,87.500000,136.500000,157.500000,2.000000,3.500000,4.000000,4.000000,11.000000,18.000000,21.000000,0.562500,1.147500,1.856250,2.145000,9.241600,15.752267,30.035200,49.101067,49.000000,85.166667,157.500000,239.166667,2.000000,3.833333,6.000000,4.000000,11.666667,22.000000,28.333333,0.562500,1.152500,2.158750,3.180000,3.348900,33.379200,57.791400,67.636800,676.000000,1092.000000,1924.000000,2028.000000,12.000000,14.000000,108.000000,204.000000,216.000000,1.562500,5.625000,11.500000,12.375000,522.578100,1240.803600,2347.018000,3275.688000,2596.000000,6828.000000,11970.000000,15024.000000,85.000000,192.000000,362.000000,512.000000,554.000000,1524.000000,2534.000000,3196.000000,34.585300,95.000000,167.748200,221.647200,0.735000,1.400000,1.645000,1.500000,5.000000,5.500000,-1.500000,-2.000000,-2.500000,-0.030000,0.150000,0.140000,0.898333,1.773333,2.088333,1.833333,4.333333,7.833333,-1.833333,-3.333333,-2.166667,-0.036667,-0.003333,0.260000,-7.260000,-9.620000,-11.340000,114.000000,238.000000,286.000000,18.000000,38.000000,48.000000,3.000000,5.800000,7.600000
QIDLAR,3.000000,3.000000,275.797100,622.467600,1044.658600,1285.778600,998.000000,2418.000000,3448.000000,3554.000000,45.000000,96.000000,166.000000,212.000000,262.000000,668.000000,934.000000,974.000000,17.378100,44.200400,67.675400,75.378800,275.797100,622.467600,1044.658600,1285.778600,998.000000,2418.000000,3448.000000,3554.000000,45.000000,96.000000,166.000000,212.000000,262.000000,668.000000,934.000000,974.000000,17.378100,44.200400,67.675400,75.378800,9.241600,16.248800,28.089600,31.965600,49.000000,87.500000,136.500000,157.500000,2.000000,3.500000,4.000000,4.000000,11.000000,18.000000,21.000000,0.562500,1.147500,1.856250,2.145000,9.241600,15.752267,30.035200,49.101067,49.000000,85.166667,157.500000,239.166667,2.000000,3.833333,6.000000,4.000000,11.666667,22.000000,28.333333,0.562500,1.152500,2.158750,3.180000,3.348900,33.379200,57.791400,67.636800,676.000000,1092.000000,1924.000000,2028.000000,12.000000,14.000000,108.000000,204.000000,216.000000,1.562500,5.625000,11.500000,12.375000,554.943100,1311.693600,2482.148000,3468.898000,2672.000000,7020.000000,12214.000000,15280.000000,91.000000,204.000000,386.000000,548.000000,590.000000,1620.000000,2666.000000,3340.000000,36.318700,99.650800,175.225800,230.767600,0.735000,1.400000,1.645000,1.500000,5.000000,5.500000,-1.500000,-2.000000,-2.500000,-0.030000,0.150000,0.140000,0.898333,1.773333,2.088333,1.833333,4.333333,7.833333,-1.833333,-3.333333,-2.166667,-0.036667,-0.003333,0.260000,-7.260000,-9.620000,-11.340000,114.000000,238.000000,286.000000,18.000000,38.000000,48.000000,3.000000,5.800000,7.600000
QIDLEV,3.000000,3.000000,275.797100,622.467600,1044.658600,1285.778600,998.000000,2418.000000,3448.000000,3554.000000,45.000000,96.000000,166.000000,212.000000,262.000000,668.000000,934.000000,974.000000,17.378100,44.200400,67.675400,75.378800,275.797100,622.467600,1044.658600,1285.778600,998.000000,2418.000000,3448.000000,3554.000000,45.000000,96.000000,166.000000,212.000000,262.000000,668.000000,934.000000,974.000000,17.378100,44.200400,67.675400,75.378800,9.241600,16.248800,28.089600,31.965600,49.000000,87.500000,136.500000,157.500000,2.000000,3.500000,4.000000,4.000000,11.000000,18.000000,21.000000,0.562500,1.147500,1.856250,2.145000,9.241600,15.752267,30.035200,49.101067,49.000000,85.166667,157.500000,239.166667,2.000000,3.833333,6.000000,4.000000,11.666667,22.000000,28.333333,0.562500,1.152500,2.158750,3.180000,3.348900,33.379200,57.791400,67.636800,676.000000,1092.000000,1924.000000,2028.000000,12.000000,14.000000,108.000000,204.000000,216.000000,1.562500,5.625000,11.500000,12.375000,554.943100,1311.693600,2482.148000,3468.898000,2672.000000,7020.000000,12214.000000,15280.000000,91.000000,204.000000,386.000000,548.000000,590.000000,1620.000000,2666.000000,3340.000000,36.318700,99.650800,175.225800,230.767600,0.735000,1.400000,1.645000,1.500000,5.000000,5.500000,-1.500000,-2.000000,-2.500000,-0.030000,0.150000,0.140000,0.898333,1.773333,2.088333,1.833333,4.333333,7.833333,-1.833333,-3.333333,-2.166667,-0.036667,-0.003333,0.260000,-7.260000,-9.620000,-11.340000,114.000000,238.000000,286.000000,18.000000,38.000000,48.000000,3.000000,5.800000,7.600000
QIDLIZ,3.000000,3.000000,291.979600,657.912600,1112.223600,1382.383600,1036.000000,2514.000000,3570.000000,3682.000000,48.000000,102.000000,178.000000,230.000000,280.000000,716.000000,1000.000000,1046.000000,18.244800,46.525800,71.414200,79.939000,291.979600,657.912600,1112.223600,1382.383600,1036.000000,2514.000000,3570.000000,3682.000000,48.000000,102.000000,178.000000,230.000000,280.000000,716.000000,1000.000000,1046.000000,18.244800,46.525800,71.414200,79.939000,9.241600,16.248800,28.089600,31.965600,49.000000,87.500000,136.500000,157.500000,2.000000,3.500000,4.000000,4.000000,11.000000,18.000000,21.000000,0.562500,1.147500,1.856250,2.145000,9.241600,15.752267,30.035200,49.101067,49.000000,85.166667,157.500000,239.166667,2.000000,3.833333,6.000000,4.000000,11.666667,22.000000,28.333333,0.562500,1.152500,2.158750,3.180000,3.348900,33.379200,57.791400,67.636800,676.000000,1092.000000,1924.000000,2028.000000,12.000000,14.000000,108.000000,204.000000,216.000000,1.562500,5.625000,11.500000,12.375000,587.308100,1382.583600,2617.278000,3662.108000,2748.000000,7212.000000,12458.000000,15536.000000,97.000000,216.000000,410.000000,584.000000,626.000000,1716.000000,2798.000000,3484.000000,38.052100,104.301600,182.703400,239.888000,0.735000,1.400000,1.645000,1.500000,5.000000,5.500000,-1.500000,-2.000000,-2.500000,-0.030000,0.150000,0.140000,0.898333,1.773333,2.088333,1.833333,4.333333,7.833333,-1.833333,-3.333333,-2.166667,-0.036667,-0.003333,0.260000,-7.260000,-9.620000,-11.340000,114.000000,238.000000,286.000000,18.000000,38.000000,48.000000,3.000000,5.800000,7.600000
QIDLOF,3.000000,3.000000,291.979600,657.912600,1112.223600,1382.383600,1036.000000,2514.000000,3570.000000,3682.000000,48.000000,102.000000,178.000000,230.000000,280.000000,716.000000,1000.000000,1046.000000,18.244800,46.525800,71.414200,79.939000,291.979600,657.912600,1112.223600,1382.383600,1036.000000,2514.000000,3570.000000,3682.000000,48.000000,102.000000,178.000000,230.000000,280.000000,716.000000,1000.000000,1046.000000,18.244800,46.525800,71.414200,79.939000,9.241600,16.248800,28.089600,31.965600,49.000000,87.500000,136.500000,157.500000,2.000000,3.500000,4.000000,4.000000,11.000000,18.000000,21.000000,0.562500,1.147500,1.856250,2.145000,9.241600,15.752267,30.035200,49.101067,49.000000,85.166667,157.500000,239.166667,2.000000,3.833333,6.000000,4.000000,11.666667,22.000000,28.333333,0.562500,1.152500,2.158750,3.180000,3.348900,33.379200,57.791400,67.636800,676.000000,1092.000000,1924.000000,2028.000000,12.000000,14.000000,108.000000,204.000000,216.000000,1.562500,5.625000,11.500000,12.375000,587.308100,1382.583600,2617.278000,3662.108000,2748.000000,7212.000000,12458.000000,15536.000000,97.000000,216.000000,410.000000,584.000000,626.000000,1716.000000,2798.000000,3484.000000,38.052100,104.301600,182.703400,239.888000,0.735000,1.400000,1.645000,1.500000,5.000000,5.500000,-1.500000,-2.000000,-2.500000,-0.030000,0.150000,0.140000,0.898333,1.773333,2.088333,1.833333,4.333333,7.833333,-1.833333,-3.333333,-2.166667,-0.036667,-0.003333,0.260000,-7.260000,-9.620000,-11.340000,114.000000,238.000000,286.000000,18.000000,38.000000,48.000000,3.000000,5.800000,7.600000
QIDLUL,3.000000,3.000000,437.622100,976.917600,1720.308600,2251.828600,1378.000000,3378.000000,4668.000000,4834.000000,75.000000,156.000000,286.000000,392.000000,442.000000,1148.000000,1594.000000,1694.000000,26.045100,67.454400,105.063400,120.980800,437.622100,976.917600,1720.308600,2251.828600,1378.000000,3378.000000,4668.000000,4834.000000,75.000000,156.000000,286.000000,392.000000,442.000000,1148.000000,1594.000000,1694.000000,26.045100,67.454400,105.063400,120.980800,9.241600,16.248800,28.089600,31.965600,49.000000,87.500000,136.500000,157.500000,2.000000,3.500000,4.000000,4.000000,11.000000,18.000000,21.000000,0.562500,1.147500,1.856250,2.145000,9.241600,15.752267,30.035200,49.101067,49.000000,85.166667,157.500000,239.166667,2.000000,3.833333,6.000000,4.000000,11.666667,22.000000,28.333333,0.562500,1.152500,2.158750,3.180000,3.348900,33.379200,57.791400,67.636800,676.000000,1092.000000,1924.000000,2028.000000,12.000000,14.000000,108.000000,204.000000,216.000000,1.562500,5.625000,11.500000,12.375000,878.593100,2020.593600,3833.448000,5400.998000,3432.000000,8940.000000,14654.000000,17840.000000,151.000000,324.000000,626.000000,908.000000,950.000000,2580.000000,3986.000000,4780.000000,53.652700,146.158800,250.001800,321.971600,0.735000,1.400000,1.645000,1.500000,5.000000,5.500000,-1.500000,-2.000000,-2.500000,-0.030000,0.150000,0.140000,0.898333,1.773333,2.088333,1.833333,4.333333,7.833333,-1.833333,-3.333333,-2.166667,-0.036667,-0.003333,0.260000,-7.260000,-9.620000,-11.340000,114.000000,238.000000,286.000000,18.000000,38.000000,48.000000,3.000000,5.800000,7.600000
QIDLUL01,3.000000,3.000000,437.622100,976.917600,1720.308600,2251.828600,1378.000000,3378.000000,4668.000000,4834.000000,75.000000,156.000000,286.000000,392.000000,442.000000,1148.000000,1594.000000,1694.000000,26.045100,67.454400,105.063400,120.980800,437.622100,976.917600,1720.308600,2251.828600,1378.000000,3378.000000,4668.000000,4834.000000,75.000000,156.000000,286.000000,392.000000,442.000000,1148.000000,1594.000000,1694.000000,26.045100,67.454400,105.063400,120.980800,9.241600,16.248800,28.089600,31.965600,49.000000,87.500000,136.500000,157.500000,2.000000,3.500000,4.000000,4.000000,11.000000,18.000000,21.000000,0.562500,1.147500,1.856250,2.145000,9.241600,15.752267,30.035200,49.101067,49.000000,85.166667,157.500000,239.166667,2.000000,3.833333,6.000000,4.000000,11.666667,22.000000,28.333333,0.562500,1.152500,2.158750,3.180000,3.348900,33.379200,57.791400,67.636800,676.000000,1092.000000,1924.000000,2028.000000,12.000000,14.000000,108.000000,204.000000,216.000000,1.562500,5.625000,11.500000,12.375000,878.593100,2020.593600,3833.448000,5400.998000,3432.000000,8940.000000,14654.000000,17840.000000,151.000000,324.000000,626.000000,908.000000,950.000000,2580.000000,3986.000000,4780.000000,53.652700,146.158800,250.001800,321.971600,0.735000,1.400000,1.645000,1.500000,5.000000,5.500000,-1.500000,-2.000000,-2.500000,-0.030000,0.150000,0.140000,0.898333,1.773333,2.088333,1.833333,4.333333,7.833333,-1.833333,-3.333333,-2.166667,-0.036667,-0.003333,0.260000,-7.260000,-9.620000,-11.340000,114.000000,238.000000,286.000000,18.000000,38.000000,48.000000,3.000000,5.800000,7.600000
QOMDAY,1.000000,4.000000,22.400500,28.662000,15.686400,0.000000,341.000000,276.000000,224.000000,0.000000,3.000000,4.000000,2.000000,0.000000,6.000000,8.000000,2.000000,0.000000,2.195800,2.725800,1.530000,0.000000,262.939600,590.965000,914.440800,1121.176200,1030.000000,2428.000000,3396.000000,3390.000000,42.000000,90.000000,140.000000,176.000000,230.000000,570.000000,788.000000,826.000000,17.423400,43.105800,62.590000,68.506400,9.241600,7.752000,7.843200,0.000000,49.000000,42.000000,112.000000,0.000000,1.000000,1.000000,0.000000,1.000000,2.000000,1.000000,0.000000,0.562500,0.577500,0.765000,0.000000,9.241600,15.504000,31.965600,44.064800,49.000000,84.000000,157.500000,150.500000,2.000000,4.000000,6.000000,4.000000,12.000000,22.000000,23.000000,0.562500,1.155000,2.145000,2.557500,3.348900,33.379200,46.665000,65.953200,676.000000,1092.000000,1560.000000,2496.000000,10.000000,14.000000,96.000000,168.000000,204.000000,1.562500,5.625000,9.625000,13.050000,311.089500,715.047400,1316.391600,1916.775400,2388.000000,5164.000000,8434.000000,11980.000000,49.000000,110.000000,194.000000,290.000000,304.000000,834.000000,1432.000000,1938.000000,23.377500,59.807400,101.775000,144.301400,0.490000,0.460000,0.000000,1.000000,-9.000000,0.000000,-1.000000,0.000000,0.000000,-0.020000,-0.270000,0.000000,0.980000,1.645000,3.745000,2.000000,5.500000,20.500000,-2.000000,-3.000000,0.500000,-0.040000,0.140000,1.090000,-7.260000,-7.200000,-10.420000,114.000000,200.000000,268.000000,20.000000,32.000000,50.000000,3.000000,4.800000,7.060000
QOMDAY01,1.000000,4.000000,22.400500,28.662000,15.686400,0.000000,341.000000,276.000000,224.000000,0.000000,3.000000,4.000000,2.000000,0.000000,6.000000,8.000000,2.000000,0.000000,2.195800,2.725800,1.530000,0.000000,262.939600,590.965000,914.440800,1121.176200,1030.000000,2428.000000,3396.000000,3390.000000,42.000000,90.000000,140.000000,176.000000,230.000000,570.000000,788.000000,826.000000,17.423400,43.105800,62.590000,68.506400,9.241600,7.752000,7.843200,0.000000,49.000000,42.000000,112.000000,0.000000,1.000000,1.000000,0.000000,1.000000,2.000000,1.000000,0.000000,0.562500,0.577500,0.765000,0.000000,9.241600,15.504000,31.965600,44.064800,49.000000,84.000000,157.500000,150.500000,2.000000,4.000000,6.000000,4.000000,12.000000,22.000000,23.000000,0.562500,1.155000,2.145000,2.557500,3.348900,33.379200,46.665000,65.953200,676.000000,1092.000000,1560.000000,2496.000000,10.000000,14.000000,96.000000,168.000000,204.000000,1.562500,5.625000,9.625000,13.050000,311.089500,715.047400,1316.391600,1916.775400,2388.000000,5164.000000,8434.000000,11980.000000,49.000000,110.000000,194.000000,290.000000,304.000000,834.000000,1432.000000,1938.000000,23.377500,59.807400,101.775000,144.301400,0.490000,0.460000,0.000000,1.000000,-9.000000,0.000000,-1.000000,0.000000,0.000000,-0.020000,-0.270000,0.000000,0.980000,1.645000,3.745000,2.000000,5.500000,20.500000,-2.000000,-3.000000,0.500000,-0.040000,0.140000,1.090000,-7.260000,-7.200000,-10.420000,114.000000,200.000000,268.000000,20.000000,32.000000,50.000000,3.000000,4.800000,7.060000
QOMDAY02,1.000000,4.000000,22.400500,28.662000,15.686400,0.000000,341.000000,276.000000,224.000000,0.000000,3.000000,4.000000,2.000000,0.000000,6.000000,8.000000,2.000000,0.000000,2.195800,2.725800,1.530000,0.000000,262.939600,590.965000,914.440800,1121.176200,1030.000000,2428.000000,3396.000000,3390.000000,42.000000,90.000000,140.000000,176.000000,230.000000,570.000000,788.000000,826.000000,17.423400,43.105800,62.590000,68.506400,9.241600,7.752000,7.843200,0.000000,49.000000,42.000000,112.000000,0.000000,1.000000,1.000000,0.000000,1.000000,2.000000,1.000000,0.000000,0.562500,0.577500,0.765000,0.000000,9.241600,15.504000,31.965600,44.064800,49.000000,84.000000,157.500000,150.500000,2.000000,4.000000,6.000000,4.000000,12.000000,22.000000,23.000000,0.562500,1.155000,2.145000,2.557500,3.348900,33.379200,46.665000,65.953200,676.000000,1092.000000,1560.000000,2496.000000,10.000000,14.000000,96.000000,168.000000,204.000000,1.562500,5.625000,9.625000,13.050000,311.089500,715.047400,1316.391600,1916.775400,2388.000000,5164.000000,8434.000000,11980.000000,49.000000,110.000000,194.000000,290.000000,304.000000,834.000000,1432.000000,1938.000000,23.377500,59.807400,101.775000,144.301400,0.490000,0.460000,0.000000,1.000000,-9.000000,0.000000,-1.000000,0.000000,0.000000,-0.020000,-0.270000,0.000000,0.980000,1.645000,3.745000,2.000000,5.500000,20.500000,-2.000000,-3.000000,0.500000,-0.040000,0.140000,1.090000,-7.260000,-7.200000,-10.420000,114.000000,200.000000,268.000000,20.000000,32.000000,50.000000,3.000000,4.800000,7.060000
QOSVOJ,6.000000,6.000000,500.746000,1126.122000,1839.468600,2208.247200,1822.000000,4362.000000,6030.000000,5904.000000,82.000000,174.000000,288.000000,360.000000,462.000000,1158.000000,1620.000000,1710.000000,31.897800,80.297400,119.743200,130.302000,500.746000,1126.122000,1839.468600,2208.247200,1822.000000,4362.000000,6030.000000,5904.000000,82.000000,174.000000,288.000000,360.000000,462.000000,1158.000000,1620.000000,1710.000000,31.897800,80.297400,119.743200,130.302000,9.241600,15.504000,34.032800,42.210400,49.000000,84.000000,140.000000,154.000000,2.000000,4.500000,5.500000,4.000000,13.000000,22.000000,21.000000,0.562500,1.155000,2.141250,2.403750,9.241600,15.504000,34.032800,42.210400,49.000000,84.000000,140.000000,154.000000,2.000000,4.500000,5.500000,4.000000,13.000000,22.000000,21.000000,0.562500,1.155000,2.141250,2.403750,3.348900,33.379200,55.998000,94.922100,676.000000,1092.000000,1872.000000,2184.000000,12.000000,21.000000,108.000000,234.000000,288.000000,1.562500,5.625000,11.550000,15.637500,504.094900,1192.880400,2228.712600,3179.857800,2498.000000,6546.000000,11244.000000,14514.000000,83.000000,186.000000,342.000000,504.000000,528.000000,1452.000000,2490.000000,3426.000000,33.460300,91.547400,159.718200,220.572000,0.980000,2.485000,2.835000,2.000000,11.500000,16.500000,-2.500000,-2.000000,0.500000,-0.040000,0.520000,0.920000,0.980000,2.485000,2.835000,2.000000,11.500000,16.500000,-2.500000,-2.000000,0.500000,-0.040000,0.520000,0.920000,-7.260000,-8.640000,-13.440000,114.000000,240.000000,462.000000,18.000000,33.000000,78.000000,3.000000,5.760000,13.740000
QOZNOL,3.000000,3.000000,325.274500,733.380000,1254.452400,1534.784800,1198.000000,2892.000000,4212.000000,4096.000000,53.000000,114.000000,196.000000,250.000000,310.000000,794.000000,1144.000000,1180.000000,20.724500,52.991400,82.108400,90.242200,325.274500,733.380000,1254.452400,1534.784800,1198.000000,2892.000000,4212.000000,4096.000000,53.000000,114.000000,196.000000,250.000000,310.000000,794.000000,1144.000000,1180.000000,20.724500,52.991400,82.108400,90.242200,9.241600,15.504000,40.401600,51.497600,49.000000,84.000000,189.000000,161.000000,2.000000,5.000000,7.000000,4.000000,14.000000,28.000000,24.000000,0.562500,1.155000,2.557500,2.827500,9.241600,15.504000,34.139200,57.516800,49.000000,84.000000,175.000000,231.000000,2.000000,4.333333,7.000000,4.000000,12.666667,25.333333,25.333333,0.562500,1.155000,2.392500,3.177500,3.348900,33.379200,55.998000,97.282800,676.000000,1092.000000,1872.000000,2808.000000,12.000000,20.000000,108.000000,240.000000,336.000000,1.562500,5.625000,11.550000,17.050000,653.897900,1533.518400,2898.148800,3996.410400,3072.000000,7968.000000,13638.000000,17784.000000,107.000000,240.000000,446.000000,636.000000,686.000000,1884.000000,3198.000000,4172.000000,43.011500,117.232800,204.191800,270.144400,0.980000,1.910000,4.340000,2.000000,8.000000,26.000000,-3.000000,-4.000000,2.000000,-0.040000,0.340000,1.480000,0.980000,1.943333,2.360000,2.000000,5.333333,16.000000,-2.333333,-4.000000,1.333333,-0.040000,0.060000,1.013333,-7.260000,-8.640000,-16.560000,114.000000,240.000000,412.000000,18.000000,32.000000,64.000000,3.000000,5.760000,11.360000
QUHWAT,4.000000,2.000000,247.486400,544.935000,920.776000,1098.977600,794.000000,1896.000000,2500.000000,2522.000000,42.000000,86.000000,148.000000,182.000000,234.000000,576.000000,800.000000,906.000000,14.748200,37.129400,54.676400,62.576600,97.326533,200.651000,317.261333,366.325867,1092.000000,960.000000,1150.666667,840.666667,16.000000,31.333333,50.666667,60.666667,82.000000,197.333333,268.000000,302.000000,6.583400,14.337400,19.385467,20.858867,9.241600,15.504000,29.944000,43.745600,49.000000,84.000000,133.000000,119.000000,2.000000,4.000000,6.000000,4.000000,12.000000,22.000000,20.000000,0.562500,1.155000,2.010000,2.250000,9.241600,12.920000,25.941333,13.203733,49.000000,70.000000,203.000000,51.333333,1.666667,3.666667,1.666667,3.666667,13.333333,14.666667,10.000000,0.562500,0.962500,1.612500,0.752500,3.348900,33.379200,55.998000,92.415000,676.000000,1092.000000,1872.000000,2808.000000,12.000000,22.000000,108.000000,240.000000,180.000000,1.562500,5.625000,11.550000,14.150000,295.328500,668.711400,1341.028000,2065.574000,3952.000000,5064.000000,8666.000000,12380.000000,49.000000,106.000000,206.000000,328.000000,312.000000,888.000000,1654.000000,2272.000000,21.312700,54.262200,98.131400,149.871600,0.980000,2.310000,3.850000,2.000000,9.000000,25.000000,-2.000000,-3.000000,2.000000,-0.040000,0.320000,1.500000,0.816667,2.613333,0.723333,1.666667,-3.333333,4.333333,-1.666667,4.333333,1.666667,-0.033333,0.600000,0.246667,-7.260000,-8.640000,-10.240000,114.000000,240.000000,464.000000,18.000000,32.000000,102.000000,3.000000,5.760000,16.180000
QUHWAT01,4.000000,2.000000,247.486400,544.935000,920.776000,1098.977600,794.000000,1896.000000,2500.000000,2522.000000,42.000000,86.000000,148.000000,182.000000,234.000000,576.000000,800.000000,906.000000,14.748200,37.129400,54.676400,62.576600,97.326533,200.651000,317.261333,366.325867,1092.000000,960.000000,1150.666667,840.666667,16.000000,31.333333,50.666667,60.666667,82.000000,197.333333,268.000000,302.000000,6.583400,14.337400,19.385467,20.858867,9.241600,15.504000,29.944000,43.745600,49.000000,84.000000,133.000000,119.000000,2.000000,4.000000,6.000000,4.000000,12.000000,22.000000,20.000000,0.562500,1.155000,2.010000,2.250000,9.241600,12.920000,25.941333,13.203733,49.000000,70.000000,203.000000,51.333333,1.666667,3.666667,1.666667,3.666667,13.333333,14.666667,10.000000,0.562500,0.962500,1.612500,0.752500,3.348900,33.379200,55.998000,92.415000,676.000000,1092.000000,1872.000000,2808.000000,12.000000,22.000000,108.000000,240.000000,180.000000,1.562500,5.625000,11.550000,14.150000,295.328500,668.711400,1341.028000,2065.574000,3952.000000,5064.000000,8666.000000,12380.000000,49.000000,106.000000,206.000000,328.000000,312.000000,888.000000,1654.000000,2272.000000,21.312700,54.262200,98.131400,149.871600,0.980000,2.310000,3.850000,2.000000,9.000000,25.000000,-2.000000,-3.000000,2.000000,-0.040000,0.320000,1.500000,0.816667,2.613333,0.723333,1.666667,-3.333333,4.333333,-1.666667,4.333333,1.666667,-0.033333,0.600000,0.246667,-7.260000,-8.640000,-10.240000,114.000000,240.000000,464.000000,18.000000,32.000000,102.000000,3.000000,5.760000,16.180000
QUHWAT02,4.000000,2.000000,247.486400,544.935000,920.776000,1098.977600,794.000000,1896.000000,2500.000000,2522.000000,42.000000,86.000000,148.000000,182.000000,234.000000,576.000000,800.000000,906.000000,14.748200,37.129400,54.676400,62.576600,97.326533,200.651000,317.261333,366.325867,1092.000000,960.000000,1150.666667,840.666667,16.000000,31.333333,50.666667,60.666667,82.000000,197.333333,268.000000,302.000000,6.583400,14.337400,19.385467,20.858867,9.241600,15.504000,29.944000,43.745600,49.000000,84.000000,133.000000,119.000000,2.000000,4.000000,6.000000,4.000000,12.000000,22.000000,20.000000,0.562500,1.155000,2.010000,2.250000,9.241600,12.920000,25.941333,13.203733,49.000000,70.000000,203.000000,51.333333,1.666667,3.666667,1.666667,3.666667,13.333333,14.666667,10.000000,0.562500,0.962500,1.612500,0.752500,3.348900,33.379200,55.998000,92.415000,676.000000,1092.000000,1872.000000,2808.000000,12.000000,22.000000,108.000000,240.000000,180.000000,1.562500,5.625000,11.550000,14.150000,295.328500,668.711400,1341.028000,2065.574000,3952.000000,5064.000000,8666.000000,12380.000000,49.000000,106.000000,206.000000,328.000000,312.000000,888.000000,1654.000000,2272.000000,21.312700,54.262200,98.131400,149.871600,0.980000,2.310000,3.850000,2.000000,9.000000,25.000000,-2.000000,-3.000000,2.000000,-0.040000,0.320000,1.500000,0.816667,2.613333,0.723333,1.666667,-3.333333,4.333333,-1.666667,4.333333,1.666667,-0.033333,0.600000,0.246667,-7.260000,-8.640000,-10.240000,114.000000,240.000000,464.000000,18.000000,32.000000,102.000000,3.000000,5.760000,16.180000
QUNYAA,2.000000,1.500000,150.692800,347.776800,546.871200,626.034200,890.000000,1888.000000,2622.000000,2750.000000,23.000000,52.000000,82.000000,96.000000,134.000000,340.000000,508.000000,534.000000,11.226600,27.638400,41.597400,44.956400,86.546650,188.219400,281.278800,313.017100,615.500000,1082.000000,1423.000000,1375.000000,13.000000,28.000000,42.000000,48.000000,70.000000,174.000000,255.000000,267.000000,6.711200,15.182100,21.563700,22.478200,9.241600,15.504000,29.944000,39.185600,49.000000,84.000000,133.000000,182.000000,2.000000,4.000000,5.000000,4.000000,12.000000,20.000000,24.000000,0.562500,1.155000,2.010000,2.572500,9.241600,11.628000,18.893600,19.592800,49.000000,63.000000,122.500000,91.000000,1.500000,2.500000,2.500000,2.500000,7.000000,10.500000,12.000000,0.562500,0.866250,1.387500,1.286250,3.348900,33.379200,46.665000,62.878800,676.000000,1092.000000,1560.000000,2184.000000,10.000000,14.000000,96.000000,168.000000,180.000000,1.562500,5.625000,9.625000,12.100000,349.535500,819.636000,1495.693200,2054.043600,3138.000000,6512.000000,10282.000000,13536.000000,53.000000,124.000000,218.000000,308.000000,342.000000,944.000000,1652.000000,2156.000000,28.407300,71.978400,122.379800,164.992800,0.980000,2.310000,2.310000,2.000000,9.000000,9.000000,-2.000000,-2.000000,-2.000000,-0.040000,0.320000,0.320000,0.735000,1.385000,1.155000,1.500000,0.000000,4.500000,-1.500000,-1.000000,-1.000000,-0.030000,0.025000,0.160000,-7.260000,-7.200000,-8.740000,114.000000,200.000000,280.000000,20.000000,32.000000,54.000000,3.000000,4.800000,7.820000
QUNYEE,2.000000,1.500000,150.692800,347.776800,546.871200,626.034200,890.000000,1888.000000,2622.000000,2750.000000,23.000000,52.000000,82.000000,96.000000,134.000000,340.000000,508.000000,534.000000,11.226600,27.638400,41.597400,44.956400,86.546650,188.219400,281.278800,313.017100,615.500000,1082.000000,1423.000000,1375.000000,13.000000,28.000000,42.000000,48.000000,70.000000,174.000000,255.000000,267.000000,6.711200,15.182100,21.563700,22.478200,9.241600,15.504000,29.944000,39.185600,49.000000,84.000000,133.000000,182.000000,2.000000,4.000000,5.000000,4.000000,12.000000,20.000000,24.000000,0.562500,1.155000,2.010000,2.572500,9.241600,11.628000,18.893600,19.592800,49.000000,63.000000,122.500000,91.000000,1.500000,2.500000,2.500000,2.500000,7.000000,10.500000,12.000000,0.562500,0.866250,1.387500,1.286250,3.348900,33.379200,46.665000,62.878800,676.000000,1092.000000,1560.000000,2184.000000,10.000000,14.000000,96.000000,168.000000,180.000000,1.562500,5.625000,9.625000,12.100000,349.535500,819.636000,1495.693200,2054.043600,3138.000000,6512.000000,10282.000000,13536.000000,53.000000,124.000000,218.000000,308.000000,342.000000,944.000000,1652.000000,2156.000000,28.407300,71.978400,122.379800,164.992800,0.980000,2.310000,2.310000,2.000000,9.000000,9.000000,-2.000000,-2.000000,-2.000000,-0.040000,0.320000,0.320000,0.735000,1.385000,1.155000,1.500000,0.000000,4.500000,-1.500000,-1.000000,-1.000000,-0.030000,0.025000,0.160000,-7.260000,-7.200000,-8.740000,114.000000,200.000000,280.000000,20.000000,32.000000,54.000000,3.000000,4.800000,7.820000
QUNYEE01,2.000000,1.500000,150.692800,347.776800,546.871200,626.034200,890.000000,1888.000000,2622.000000,2750.000000,23.000000,52.000000,82.000000,96.000000,134.000000,340.000000,508.000000,534.000000,11.226600,27.638400,41.597400,44.956400,86.546650,188.219400,281.278800,313.017100,615.500000,1082.000000,1423.000000,1375.000000,13.000000,28.000000,42.000000,48.000000,70.000000,174.000000,255.000000,267.000000,6.711200,15.182100,21.563700,22.478200,9.241600,15.504000,29.944000,39.185600,49.000000,84.000000,133.000000,182.000000,2.000000,4.000000,5.000000,4.000000,12.000000,20.000000,24.000000,0.562500,1.155000,2.010000,2.572500,9.241600,11.628000,18.893600,19.592800,49.000000,63.000000,122.500000,91.000000,1.500000,2.500000,2.500000,2.500000,7.000000,10.500000,12.000000,0.562500,0.866250,1.387500,1.286250,3.348900,33.379200,46.665000,62.878800,676.000000,1092.000000,1560.000000,2184.000000,10.000000,14.000000,96.000000,168.000000,180.000000,1.562500,5.625000,9.625000,12.100000,349.535500,819.636000,1495.693200,2054.043600,3138.000000,6512.000000,10282.000000,13536.000000,53.000000,124.000000,218.000000,308.000000,342.000000,944.000000,1652.000000,2156.000000,28.407300,71.978400,122.379800,164.992800,0.980000,2.310000,2.310000,2.000000,9.000000,9.000000,-2.000000,-2.000000,-2.000000,-0.040000,0.320000,0.320000,0.735000,1.385000,1.155000,1.500000,0.000000,4.500000,-1.500000,-1.000000,-1.000000,-0.030000,0.025000,0.160000,-7.260000,-7.200000,-8.740000,114.000000,200.000000,280.000000,20.000000,32.000000,54.000000,3.000000,4.800000,7.820000
RAKZIM,1.000000,1.000000,90.659500,187.182600,292.138600,259.173800,598.000000,882.000000,1082.000000,758.000000,13.000000,26.000000,42.000000,40.000000,68.000000,160.000000,190.000000,138.000000,5.693300,12.399400,17.217400,13.735600,90.659500,187.182600,292.138600,259.173800,598.000000,882.000000,1082.000000,758.000000,13.000000,26.000000,42.000000,40.000000,68.000000,160.000000,190.000000,138.000000,5.693300,12.399400,17.217400,13.735600,9.241600,16.993600,25.171200,7.752000,49.000000,91.000000,105.000000,42.000000,2.000000,3.000000,1.000000,4.000000,10.000000,12.000000,8.000000,0.562500,1.140000,1.402500,0.577500,9.241600,16.993600,25.171200,7.752000,49.000000,91.000000,105.000000,42.000000,2.000000,3.000000,1.000000,4.000000,10.000000,12.000000,8.000000,0.562500,1.140000,1.402500,0.577500,3.348900,33.379200,61.378200,90.914400,676.000000,1092.000000,2028.000000,2340.000000,12.000000,18.000000,108.000000,180.000000,216.000000,1.562500,5.625000,11.400000,14.025000,547.305900,1189.854000,2152.836000,2756.487600,4264.000000,7476.000000,12018.000000,14688.000000,79.000000,168.000000,306.000000,396.000000,474.000000,1236.000000,1842.000000,2208.000000,35.722300,85.646400,142.979400,178.863600,0.490000,0.840000,0.490000,1.000000,6.000000,1.000000,-1.000000,0.000000,-2.000000,-0.020000,0.380000,-0.020000,0.490000,0.840000,0.490000,1.000000,6.000000,1.000000,-1.000000,0.000000,-2.000000,-0.020000,0.380000,-0.020000,-7.260000,-11.580000,-16.740000,114.000000,234.000000,378.000000,18.000000,42.000000,72.000000,3.000000,5.880000,11.280000
RAKZIM01,1.000000,1.000000,90.659500,187.182600,292.138600,259.173800,598.000000,882.000000,1082.000000,758.000000,13.000000,26.000000,42.000000,40.000000,68.000000,160.000000,190.000000,138.000000,5.693300,12.399400,17.217400,13.735600,90.659500,187.182600,292.138600,259.173800,598.000000,882.000000,1082.000000,758.000000,13.000000,26.000000,42.000000,40.000000,68.000000,160.000000,190.000000,138.000000,5.693300,12.399400,17.217400,13.735600,9.241600,16.993600,25.171200,7.752000,49.000000,91.000000,105.000000,42.000000,2.000000,3.000000,1.000000,4.000000,10.000000,12.000000,8.000000,0.562500,1.140000,1.402500,0.577500,9.241600,16.993600,25.171200,7.752000,49.000000,91.000000,105.000000,42.000000,2.000000,3.000000,1.000000,4.000000,10.000000,12.000000,8.000000,0.562500,1.140000,1.402500,0.577500,3.348900,33.379200,61.378200,90.914400,676.000000,1092.000000,2028.000000,2340.000000,12.000000,18.000000,108.000000,180.000000,216.000000,1.562500,5.625000,11.400000,14.025000,547.305900,1189.854000,2152.836000,2756.487600,4264.000000,7476.000000,12018.000000,14688.000000,79.000000,168.000000,306.000000,396.000000,474.000000,1236.000000,1842.000000,2208.000000,35.722300,85.646400,142.979400,178.863600,0.490000,0.840000,0.490000,1.000000,6.000000,1.000000,-1.000000,0.000000,-2.000000,-0.020000,0.380000,-0.020000,0.490000,0.840000,0.490000,1.000000,6.000000,1.000000,-1.000000,0.000000,-2.000000,-0.020000,0.380000,-0.020000,-7.260000,-11.580000,-16.740000,114.000000,234.000000,378.000000,18.000000,42.000000,72.000000,3.000000,5.880000,11.280000
RESWES,3.000000,3.000000,312.176200,692.674200,1202.446200,1358.143200,995.000000,2422.000000,3696.000000,4266.000000,53.000000,110.000000,198.000000,210.000000,308.000000,746.000000,1050.000000,1332.000000,18.602900,47.930600,74.146200,87.427800,312.176200,692.674200,1202.446200,1358.143200,995.000000,2422.000000,3696.000000,4266.000000,53.000000,110.000000,198.000000,210.000000,308.000000,746.000000,1050.000000,1332.000000,18.602900,47.930600,74.146200,87.427800,9.241600,16.993600,29.457600,60.739200,49.000000,91.000000,161.000000,210.000000,2.000000,4.000000,8.000000,4.000000,12.000000,28.000000,36.000000,0.562500,1.140000,2.370000,3.390000,9.241600,16.993600,29.457600,60.739200,49.000000,91.000000,161.000000,210.000000,2.000000,4.000000,8.000000,4.000000,12.000000,28.000000,36.000000,0.562500,1.140000,2.370000,3.390000,3.348900,33.379200,61.378200,91.463400,676.000000,1092.000000,2028.000000,3068.000000,12.000000,20.000000,108.000000,216.000000,408.000000,1.562500,5.625000,11.400000,19.450000,627.701300,1452.106800,2804.896800,3697.030800,2666.000000,7028.000000,12918.000000,18952.000000,107.000000,232.000000,450.000000,556.000000,682.000000,1780.000000,2970.000000,4560.000000,38.768300,107.111200,187.967400,268.655600,0.490000,2.470000,4.340000,1.000000,5.000000,26.000000,-2.000000,-6.000000,-2.000000,-0.020000,-0.160000,1.480000,0.490000,2.470000,4.340000,1.000000,5.000000,26.000000,-2.000000,-6.000000,-2.000000,-0.020000,-0.160000,1.480000,-7.260000,-11.580000,-13.380000,114.000000,234.000000,402.000000,18.000000,36.000000,52.000000,3.000000,5.880000,9.440000
RESWIW,3.000000,3.000000,369.674400,873.857600,1479.552000,1745.746400,1309.000000,3408.000000,4684.000000,5208.000000,61.000000,136.000000,236.000000,280.000000,396.000000,1096.000000,1388.000000,1416.000000,23.285300,63.253600,95.478000,103.128800,369.674400,873.857600,1479.552000,1745.746400,1309.000000,3408.000000,4684.000000,5208.000000,61.000000,136.000000,236.000000,280.000000,396.000000,1096.000000,1388.000000,1416.000000,23.285300,63.253600,95.478000,103.128800,9.241600,16.993600,29.457600,63.292800,49.000000,91.000000,161.000000,252.000000,2.000000,4.000000,8.000000,4.000000,12.000000,28.000000,40.000000,0.562500,1.140000,2.370000,3.675000,9.241600,16.993600,29.457600,63.292800,49.000000,91.000000,161.000000,252.000000,2.000000,4.000000,8.000000,4.000000,12.000000,28.000000,40.000000,0.562500,1.140000,2.370000,3.675000,3.348900,33.379200,61.378200,91.463400,676.000000,1092.000000,2028.000000,3068.000000,12.000000,20.000000,108.000000,216.000000,408.000000,1.562500,5.625000,11.400000,19.450000,742.697700,1814.473600,3359.108400,4472.237200,3294.000000,9000.000000,14894.000000,20836.000000,123.000000,284.000000,526.000000,696.000000,858.000000,2480.000000,3646.000000,4752.000000,48.133100,137.757200,230.631000,300.057600,0.490000,2.470000,3.500000,1.000000,5.000000,20.000000,-2.000000,-6.000000,-4.000000,-0.020000,-0.160000,1.100000,0.490000,2.470000,3.500000,1.000000,5.000000,20.000000,-2.000000,-6.000000,-4.000000,-0.020000,-0.160000,1.100000,-7.260000,-11.580000,-13.380000,114.000000,234.000000,402.000000,18.000000,36.000000,52.000000,3.000000,5.880000,9.440000
RESWIW01,3.000000,3.000000,369.674400,873.857600,1479.552000,1745.746400,1309.000000,3408.000000,4684.000000,5208.000000,61.000000,136.000000,236.000000,280.000000,396.000000,1096.000000,1388.000000,1416.000000,23.285300,63.253600,95.478000,103.128800,369.674400,873.857600,1479.552000,1745.746400,1309.000000,3408.000000,4684.000000,5208.000000,61.000000,136.000000,236.000000,280.000000,396.000000,1096.000000,1388.000000,1416.000000,23.285300,63.253600,95.478000,103.128800,9.241600,16.993600,29.457600,63.292800,49.000000,91.000000,161.000000,252.000000,2.000000,4.000000,8.000000,4.000000,12.000000,28.000000,40.000000,0.562500,1.140000,2.370000,3.675000,9.241600,16.993600,29.457600,63.292800,49.000000,91.000000,161.000000,252.000000,2.000000,4.000000,8.000000,4.000000,12.000000,28.000000,40.000000,0.562500,1.140000,2.370000,3.675000,3.348900,33.379200,61.378200,91.463400,676.000000,1092.000000,2028.000000,3068.000000,12.000000,20.000000,108.000000,216.000000,408.000000,1.562500,5.625000,11.400000,19.450000,742.697700,1814.473600,3359.108400,4472.237200,3294.000000,9000.000000,14894.000000,20836.000000,123.000000,284.000000,526.000000,696.000000,858.000000,2480.000000,3646.000000,4752.000000,48.133100,137.757200,230.631000,300.057600,0.490000,2.470000,3.500000,1.000000,5.000000,20.000000,-2.000000,-6.000000,-4.000000,-0.020000,-0.160000,1.100000,0.490000,2.470000,3.500000,1.000000,5.000000,20.000000,-2.000000,-6.000000,-4.000000,-0.020000,-0.160000,1.100000,-7.260000,-11.580000,-13.380000,114.000000,234.000000,402.000000,18.000000,36.000000,52.000000,3.000000,5.880000,9.440000
REWPOZ,3.000000,3.000000,169.138700,373.770400,584.150400,643.193600,3098.000000,2368.000000,3804.000000,4004.000000,25.000000,54.000000,84.000000,94.000000,138.000000,342.000000,476.000000,424.000000,12.891900,28.476200,42.846800,43.031400,169.138700,373.770400,584.150400,643.193600,3098.000000,2368.000000,3804.000000,4004.000000,25.000000,54.000000,84.000000,94.000000,138.000000,342.000000,476.000000,424.000000,12.891900,28.476200,42.846800,43.031400,9.241600,16.993600,29.944000,32.680000,49.000000,91.000000,133.000000,343.000000,2.000000,4.000000,4.000000,4.000000,12.000000,20.000000,14.000000,0.562500,1.140000,2.010000,2.272500,9.241600,16.000533,32.639467,47.636800,49.000000,86.333333,165.666667,273.000000,2.000000,4.000000,6.000000,4.000000,12.000000,22.666667,24.666667,0.562500,1.150000,2.190000,3.032500,3.348900,33.379200,59.584800,72.102000,676.000000,1092.000000,1976.000000,1976.000000,12.000000,16.000000,108.000000,216.000000,240.000000,1.562500,5.625000,11.450000,13.400000,341.626300,814.299200,1564.718400,2210.533600,6872.000000,6920.000000,13030.000000,16160.000000,51.000000,120.000000,222.000000,316.000000,342.000000,972.000000,1782.000000,2316.000000,27.346300,68.202400,125.468600,167.942800,0.490000,2.310000,1.410000,1.000000,9.000000,-21.000000,-2.000000,-2.000000,1.000000,-0.020000,0.320000,-0.030000,0.816667,1.423333,2.570000,1.666667,4.333333,3.000000,-2.000000,-3.333333,-0.333333,-0.033333,0.080000,0.456667,-7.260000,-10.600000,-10.120000,114.000000,236.000000,340.000000,18.000000,36.000000,56.000000,3.000000,5.840000,9.280000
REWPUF,3.000000,3.000000,171.586700,375.810400,588.230400,651.577600,1226.000000,1936.000000,2940.000000,2852.000000,25.000000,54.000000,84.000000,94.000000,138.000000,342.000000,476.000000,424.000000,12.252900,28.014200,41.922800,41.687400,171.586700,375.810400,588.230400,651.577600,1226.000000,1936.000000,2940.000000,2852.000000,25.000000,54.000000,84.000000,94.000000,138.000000,342.000000,476.000000,424.000000,12.252900,28.014200,41.922800,41.687400,9.241600,16.993600,29.944000,33.288000,49.000000,91.000000,133.000000,217.000000,2.000000,4.000000,4.000000,4.000000,12.000000,20.000000,14.000000,0.562500,1.140000,2.010000,2.160000,9.241600,16.000533,32.639467,47.839467,49.000000,86.333333,165.666667,231.000000,2.000000,4.000000,6.000000,4.000000,12.000000,22.666667,24.666667,0.562500,1.150000,2.190000,2.995000,3.348900,33.379200,59.584800,72.102000,676.000000,1092.000000,1976.000000,1976.000000,12.000000,16.000000,108.000000,216.000000,240.000000,1.562500,5.625000,11.450000,13.400000,346.522300,818.379200,1572.878400,2227.301600,3128.000000,6056.000000,11302.000000,13856.000000,51.000000,120.000000,222.000000,316.000000,342.000000,972.000000,1782.000000,2316.000000,26.068300,67.278400,123.620600,165.254800,0.490000,2.310000,1.210000,1.000000,9.000000,-3.000000,-2.000000,-2.000000,1.000000,-0.020000,0.320000,0.120000,0.816667,1.423333,2.503333,1.666667,4.333333,9.000000,-2.000000,-3.333333,-0.333333,-0.033333,0.080000,0.506667,-7.260000,-10.600000,-10.120000,114.000000,236.000000,340.000000,18.000000,36.000000,56.000000,3.000000,5.840000,9.280000
REWPUF02,3.000000,3.000000,171.586700,375.810400,588.230400,651.577600,1226.000000,1936.000000,2940.000000,2852.000000,25.000000,54.000000,84.000000,94.000000,138.000000,342.000000,476.000000,424.000000,12.252900,28.014200,41.922800,41.687400,171.586700,375.810400,588.230400,651.577600,1226.000000,1936.000000,2940.000000,2852.000000,25.000000,54.000000,84.000000,94.000000,138.000000,342.000000,476.000000,424.000000,12.252900,28.014200,41.922800,41.687400,9.241600,16.993600,29.944000,33.288000,49.000000,91.000000,133.000000,217.000000,2.000000,4.000000,4.000000,4.000000,12.000000,20.000000,14.000000,0.562500,1.140000,2.010000,2.160000,9.241600,16.000533,32.639467,47.839467,49.000000,86.333333,165.666667,231.000000,2.000000,4.000000,6.000000,4.000000,12.000000,22.666667,24.666667,0.562500,1.150000,2.190000,2.995000,3.348900,33.379200,59.584800,72.102000,676.000000,1092.000000,1976.000000,1976.000000,12.000000,16.000000,108.000000,216.000000,240.000000,1.562500,5.625000,11.450000,13.400000,346.522300,818.379200,1572.878400,2227.301600,3128.000000,6056.000000,11302.000000,13856.000000,51.000000,120.000000,222.000000,316.000000,342.000000,972.000000,1782.000000,2316.000000,26.068300,67.278400,123.620600,165.254800,0.490000,2.310000,1.210000,1.000000,9.000000,-3.000000,-2.000000,-2.000000,1.000000,-0.020000,0.320000,0.120000,0.816667,1.423333,2.503333,1.666667,4.333333,9.000000,-2.000000,-3.333333,-0.333333,-0.033333,0.080000,0.506667,-7.260000,-10.600000,-10.120000,114.000000,236.000000,340.000000,18.000000,36.000000,56.000000,3.000000,5.840000,9.280000
RIZSOI,3.000000,3.000000,174.454400,388.532000,590.308200,639.158600,942.000000,1910.000000,2712.000000,2320.000000,27.000000,58.000000,88.000000,98.000000,146.000000,354.000000,478.000000,456.000000,12.199800,29.291400,41.856800,40.681200,174.454400,388.532000,590.308200,639.158600,942.000000,1910.000000,2712.000000,2320.000000,27.000000,58.000000,88.000000,98.000000,146.000000,354.000000,478.000000,456.000000,12.199800,29.291400,41.856800,40.681200,9.241600,15.504000,30.688800,37.589600,49.000000,84.000000,136.500000,129.500000,2.000000,4.000000,5.000000,4.000000,12.000000,20.000000,18.000000,0.562500,1.155000,2.002500,2.122500,9.241600,15.504000,31.955467,37.944267,49.000000,84.000000,208.833333,141.166667,2.000000,4.000000,5.000000,4.000000,12.000000,21.333333,19.333333,0.562500,1.155000,2.322500,2.222500,3.348900,33.379200,55.998000,83.338200,676.000000,1092.000000,1872.000000,2860.000000,12.000000,18.000000,108.000000,216.000000,264.000000,1.562500,5.625000,11.550000,15.900000,352.257700,843.822400,1569.860400,2214.235200,2560.000000,6004.000000,10638.000000,14532.000000,55.000000,128.000000,230.000000,332.000000,358.000000,996.000000,1782.000000,2456.000000,25.962100,69.832800,123.688600,170.972400,0.980000,2.065000,2.835000,2.000000,8.500000,16.500000,-2.000000,-2.000000,1.000000,-0.040000,0.330000,0.920000,0.980000,1.648333,2.718333,2.000000,-1.833333,14.833333,-2.000000,-2.666667,0.333333,-0.040000,-0.096667,0.786667,-7.260000,-8.640000,-12.600000,114.000000,240.000000,358.000000,18.000000,36.000000,64.000000,3.000000,5.760000,9.780000
RONPIT26,2.000000,1.500000,203.288200,453.186000,697.606000,855.424200,760.000000,1800.000000,2428.000000,2406.000000,34.000000,72.000000,112.000000,142.000000,184.000000,456.000000,632.000000,658.000000,13.713800,33.941600,48.942400,53.549800,112.844350,240.924000,356.646200,427.712100,550.500000,1038.000000,1326.000000,1203.000000,18.500000,38.000000,57.000000,71.000000,95.000000,232.000000,317.000000,329.000000,7.954800,18.333700,25.236200,26.774900,9.241600,15.504000,29.944000,37.057600,49.000000,84.000000,133.000000,112.000000,2.000000,4.000000,5.000000,4.000000,12.000000,20.000000,16.000000,0.562500,1.155000,2.010000,1.972500,9.241600,11.628000,18.893600,22.936800,49.000000,63.000000,122.500000,94.500000,1.500000,2.500000,3.000000,2.500000,7.000000,10.500000,13.000000,0.562500,0.866250,1.387500,1.425000,3.348900,33.379200,46.665000,62.878800,676.000000,1092.000000,1560.000000,2184.000000,10.000000,14.000000,96.000000,168.000000,180.000000,1.562500,5.625000,9.625000,12.100000,454.726300,1030.454400,1797.162800,2512.823600,2878.000000,6336.000000,9894.000000,12848.000000,75.000000,164.000000,278.000000,400.000000,442.000000,1176.000000,1900.000000,2392.000000,33.381700,84.584800,137.069800,182.179600,0.980000,2.310000,3.010000,2.000000,9.000000,19.000000,-2.000000,-2.000000,2.000000,-0.040000,0.320000,1.120000,0.735000,1.385000,1.575000,1.500000,0.000000,7.500000,-1.500000,-1.000000,-0.500000,-0.030000,0.025000,0.350000,-7.260000,-7.200000,-8.740000,114.000000,200.000000,280.000000,20.000000,32.000000,54.000000,3.000000,4.800000,7.820000
RONPIT34,2.000000,1.500000,203.288200,453.186000,697.606000,855.424200,760.000000,1800.000000,2428.000000,2406.000000,34.000000,72.000000,112.000000,142.000000,184.000000,456.000000,632.000000,658.000000,13.713800,33.941600,48.942400,53.549800,112.844350,240.924000,356.646200,427.712100,550.500000,1038.000000,1326.000000,1203.000000,18.500000,38.000000,57.000000,71.000000,95.000000,232.000000,317.000000,329.000000,7.954800,18.333700,25.236200,26.774900,9.241600,15.504000,29.944000,37.057600,49.000000,84.000000,133.000000,112.000000,2.000000,4.000000,5.000000,4.000000,12.000000,20.000000,16.000000,0.562500,1.155000,2.010000,1.972500,9.241600,11.628000,18.893600,22.936800,49.000000,63.000000,122.500000,94.500000,1.500000,2.500000,3.000000,2.500000,7.000000,10.500000,13.000000,0.562500,0.866250,1.387500,1.425000,3.348900,33.379200,46.665000,62.878800,676.000000,1092.000000,1560.000000,2184.000000,10.000000,14.000000,96.000000,168.000000,180.000000,1.562500,5.625000,9.625000,12.100000,454.726300,1030.454400,1797.162800,2512.823600,2878.000000,6336.000000,9894.000000,12848.000000,75.000000,164.000000,278.000000,400.000000,442.000000,1176.000000,1900.000000,2392.000000,33.381700,84.584800,137.069800,182.179600,0.980000,2.310000,3.010000,2.000000,9.000000,19.000000,-2.000000,-2.000000,2.000000,-0.040000,0.320000,1.120000,0.735000,1.385000,1.575000,1.500000,0.000000,7.500000,-1.500000,-1.000000,-0.500000,-0.030000,0.025000,0.350000,-7.260000,-7.200000,-8.740000,114.000000,200.000000,280.000000,20.000000,32.000000,54.000000,3.000000,4.800000,7.820000
RONPIT39,2.000000,1.500000,203.288200,453.186000,697.606000,855.424200,760.000000,1800.000000,2428.000000,2406.000000,34.000000,72.000000,112.000000,142.000000,184.000000,456.000000,632.000000,658.000000,13.713800,33.941600,48.942400,53.549800,112.844350,240.924000,356.646200,427.712100,550.500000,1038.000000,1326.000000,1203.000000,18.500000,38.000000,57.000000,71.000000,95.000000,232.000000,317.000000,329.000000,7.954800,18.333700,25.236200,26.774900,9.241600,15.504000,29.944000,37.057600,49.000000,84.000000,133.000000,112.000000,2.000000,4.000000,5.000000,4.000000,12.000000,20.000000,16.000000,0.562500,1.155000,2.010000,1.972500,9.241600,11.628000,18.893600,22.936800,49.000000,63.000000,122.500000,94.500000,1.500000,2.500000,3.000000,2.500000,7.000000,10.500000,13.000000,0.562500,0.866250,1.387500,1.425000,3.348900,33.379200,46.665000,62.878800,676.000000,1092.000000,1560.000000,2184.000000,10.000000,14.000000,96.000000,168.000000,180.000000,1.562500,5.625000,9.625000,12.100000,454.726300,1030.454400,1797.162800,2512.823600,2878.000000,6336.000000,9894.000000,12848.000000,75.000000,164.000000,278.000000,400.000000,442.000000,1176.000000,1900.000000,2392.000000,33.381700,84.584800,137.069800,182.179600,0.980000,2.310000,3.010000,2.000000,9.000000,19.000000,-2.000000,-2.000000,2.000000,-0.040000,0.320000,1.120000,0.735000,1.385000,1.575000,1.500000,0.000000,7.500000,-1.500000,-1.000000,-0.500000,-0.030000,0.025000,0.350000,-7.260000,-7.200000,-8.740000,114.000000,200.000000,280.000000,20.000000,32.000000,54.000000,3.000000,4.800000,7.820000
RONPIT41,2.000000,1.500000,203.288200,453.186000,697.606000,855.424200,760.000000,1800.000000,2428.000000,2406.000000,34.000000,72.000000,112.000000,142.000000,184.000000,456.000000,632.000000,658.000000,13.713800,33.941600,48.942400,53.549800,112.844350,240.924000,356.646200,427.712100,550.500000,1038.000000,1326.000000,1203.000000,18.500000,38.000000,57.000000,71.000000,95.000000,232.000000,317.000000,329.000000,7.954800,18.333700,25.236200,26.774900,9.241600,15.504000,29.944000,37.057600,49.000000,84.000000,133.000000,112.000000,2.000000,4.000000,5.000000,4.000000,12.000000,20.000000,16.000000,0.562500,1.155000,2.010000,1.972500,9.241600,11.628000,18.893600,22.936800,49.000000,63.000000,122.500000,94.500000,1.500000,2.500000,3.000000,2.500000,7.000000,10.500000,13.000000,0.562500,0.866250,1.387500,1.425000,3.348900,33.379200,46.665000,62.878800,676.000000,1092.000000,1560.000000,2184.000000,10.000000,14.000000,96.000000,168.000000,180.000000,1.562500,5.625000,9.625000,12.100000,454.726300,1030.454400,1797.162800,2512.823600,2878.000000,6336.000000,9894.000000,12848.000000,75.000000,164.000000,278.000000,400.000000,442.000000,1176.000000,1900.000000,2392.000000,33.381700,84.584800,137.069800,182.179600,0.980000,2.310000,3.010000,2.000000,9.000000,19.000000,-2.000000,-2.000000,2.000000,-0.040000,0.320000,1.120000,0.735000,1.385000,1.575000,1.500000,0.000000,7.500000,-1.500000,-1.000000,-0.500000,-0.030000,0.025000,0.350000,-7.260000,-7.200000,-8.740000,114.000000,200.000000,280.000000,20.000000,32.000000,54.000000,3.000000,4.800000,7.820000
RUCJEF,3.000000,3.000000,250.958900,563.652000,891.842000,1149.532000,968.000000,2304.000000,3272.000000,3832.000000,41.000000,88.000000,140.000000,184.000000,228.000000,576.000000,836.000000,976.000000,16.891300,42.072800,62.865200,75.362400,250.958900,563.652000,891.842000,1149.532000,968.000000,2304.000000,3272.000000,3832.000000,41.000000,88.000000,140.000000,184.000000,228.000000,576.000000,836.000000,976.000000,16.891300,42.072800,62.865200,75.362400,9.241600,15.504000,29.944000,44.384000,49.000000,84.000000,133.000000,182.000000,2.000000,4.000000,6.000000,4.000000,12.000000,22.000000,28.000000,0.562500,1.155000,2.010000,2.865000,9.241600,15.504000,29.944000,44.384000,49.000000,84.000000,133.000000,182.000000,2.000000,4.000000,6.000000,4.000000,12.000000,22.000000,28.000000,0.562500,1.155000,2.010000,2.865000,3.348900,33.379200,55.998000,89.487000,676.000000,1092.000000,1872.000000,2340.000000,12.000000,20.000000,108.000000,216.000000,300.000000,1.562500,5.625000,11.550000,16.250000,505.266700,1194.062400,2172.928000,3222.230000,2612.000000,6792.000000,11758.000000,16376.000000,83.000000,188.000000,334.000000,504.000000,522.000000,1440.000000,2506.000000,3584.000000,35.345100,95.395600,165.705400,238.664800,0.980000,2.310000,3.640000,2.000000,9.000000,16.000000,-2.000000,-3.000000,-2.000000,-0.040000,0.320000,0.680000,0.980000,2.310000,3.640000,2.000000,9.000000,16.000000,-2.000000,-3.000000,-2.000000,-0.040000,0.320000,0.680000,-7.260000,-8.640000,-12.300000,114.000000,240.000000,430.000000,18.000000,36.000000,70.000000,3.000000,5.760000,12.000000
SIXJUE,2.000000,2.000000,118.026400,257.337400,372.022000,416.276200,490.000000,1108.000000,1420.000000,1318.000000,18.000000,38.000000,56.000000,64.000000,94.000000,226.000000,296.000000,274.000000,7.814600,18.589400,25.472800,25.277600,118.026400,257.337400,372.022000,416.276200,490.000000,1108.000000,1420.000000,1318.000000,18.000000,38.000000,56.000000,64.000000,94.000000,226.000000,296.000000,274.000000,7.814600,18.589400,25.472800,25.277600,9.241600,16.993600,23.256000,38.121600,49.000000,91.000000,126.000000,147.000000,2.000000,3.000000,5.000000,4.000000,10.000000,18.000000,20.000000,0.562500,1.140000,1.732500,2.272500,9.241600,16.993600,23.256000,38.121600,49.000000,91.000000,126.000000,147.000000,2.000000,3.000000,5.000000,4.000000,10.000000,18.000000,20.000000,0.562500,1.140000,1.732500,2.272500,3.348900,33.379200,61.378200,55.998000,676.000000,1092.000000,2028.000000,1872.000000,12.000000,12.000000,108.000000,180.000000,216.000000,1.562500,5.625000,11.400000,11.550000,357.428100,838.770600,1516.070400,2231.967000,2146.000000,5508.000000,9786.000000,12360.000000,55.000000,126.000000,222.000000,318.000000,348.000000,954.000000,1626.000000,2118.000000,25.006300,67.018200,116.093400,157.027800,0.490000,1.470000,2.660000,1.000000,3.000000,14.000000,-1.000000,-3.000000,0.000000,-0.020000,-0.060000,0.720000,0.490000,1.470000,2.660000,1.000000,3.000000,14.000000,-1.000000,-3.000000,0.000000,-0.020000,-0.060000,0.720000,-7.260000,-11.580000,-8.640000,114.000000,234.000000,240.000000,18.000000,42.000000,36.000000,3.000000,5.880000,5.760000
SOJKUY,3.000000,3.000000,161.295500,365.332400,557.690000,597.712400,650.000000,1532.000000,2120.000000,1796.000000,25.000000,54.000000,84.000000,94.000000,138.000000,342.000000,476.000000,424.000000,10.566500,26.136600,38.225200,36.253000,161.295500,365.332400,557.690000,597.712400,650.000000,1532.000000,2120.000000,1796.000000,25.000000,54.000000,84.000000,94.000000,138.000000,342.000000,476.000000,424.000000,10.566500,26.136600,38.225200,36.253000,9.241600,16.993600,29.944000,30.369600,49.000000,91.000000,133.000000,105.000000,2.000000,4.000000,4.000000,4.000000,12.000000,20.000000,14.000000,0.562500,1.140000,2.010000,1.695000,9.241600,16.000533,30.653333,46.866667,49.000000,86.333333,156.333333,193.666667,2.000000,4.000000,6.000000,4.000000,12.000000,22.666667,24.666667,0.562500,1.150000,2.210000,2.840000,3.348900,33.379200,59.584800,72.102000,676.000000,1092.000000,1976.000000,1976.000000,12.000000,16.000000,108.000000,216.000000,240.000000,1.562500,5.625000,11.450000,13.400000,325.939900,797.423200,1511.797600,2131.488000,1976.000000,5248.000000,9662.000000,11800.000000,51.000000,120.000000,222.000000,316.000000,342.000000,972.000000,1782.000000,2316.000000,22.695500,63.523200,116.225400,154.266000,0.490000,2.310000,2.170000,1.000000,9.000000,13.000000,-2.000000,-2.000000,1.000000,-0.020000,0.320000,0.740000,0.816667,2.076667,2.823333,1.666667,5.666667,14.333333,-2.000000,-3.333333,-0.333333,-0.033333,0.053333,0.713333,-7.260000,-10.600000,-10.120000,114.000000,236.000000,340.000000,18.000000,36.000000,56.000000,3.000000,5.840000,9.280000
TEKHAU,4.000000,2.000000,289.678900,642.906000,1073.293000,1323.509400,976.000000,2340.000000,3226.000000,3282.000000,49.000000,102.000000,174.000000,216.000000,276.000000,684.000000,946.000000,1072.000000,17.986500,45.414600,67.637800,77.361200,111.493300,233.410000,368.221933,441.169800,552.666667,964.000000,1224.666667,1094.000000,18.333333,36.666667,59.333333,72.000000,96.000000,233.333333,316.666667,357.333333,7.459367,16.955400,23.565933,25.787067,9.241600,15.504000,31.008000,63.809600,49.000000,84.000000,168.000000,140.000000,2.000000,4.000000,9.000000,4.000000,12.000000,28.000000,26.000000,0.562500,1.155000,2.310000,3.082500,9.241600,11.628000,20.783467,16.228533,49.000000,63.000000,124.833333,58.333333,1.500000,2.833333,2.166667,2.833333,9.333333,12.333333,11.166667,0.562500,0.866250,1.411250,0.946250,3.348900,33.379200,51.331500,79.623300,676.000000,1092.000000,1716.000000,2418.000000,11.000000,18.000000,102.000000,204.000000,234.000000,1.562500,5.625000,10.587500,14.450000,337.828800,766.988400,1484.576800,2205.485600,2334.000000,5076.000000,8576.000000,12038.000000,56.000000,122.000000,230.000000,346.000000,352.000000,972.000000,1710.000000,2392.000000,23.940600,62.116200,108.747800,160.606200,0.980000,1.960000,6.370000,2.000000,4.000000,43.000000,-2.000000,-6.000000,5.000000,-0.040000,-0.080000,2.640000,0.735000,1.776667,1.248333,1.500000,2.000000,6.833333,-1.500000,1.333333,1.166667,-0.030000,0.243333,0.363333,-7.260000,-7.920000,-10.570000,114.000000,220.000000,375.000000,19.000000,32.000000,69.000000,3.000000,5.280000,10.940000
TEKHEY,4.000000,2.000000,279.851400,615.825000,1054.002000,1256.773600,870.000000,2088.000000,2844.000000,2938.000000,48.000000,98.000000,172.000000,206.000000,270.000000,660.000000,908.000000,1050.000000,16.481600,41.780200,62.170000,72.381400,108.217467,224.383000,361.791600,418.924533,517.333333,880.000000,1097.333333,979.333333,18.000000,35.333333,58.666667,68.666667,94.000000,225.333333,304.000000,350.000000,6.957733,15.743933,21.743333,24.127133,9.241600,15.504000,31.008000,63.809600,49.000000,84.000000,168.000000,140.000000,2.000000,4.000000,9.000000,4.000000,12.000000,28.000000,26.000000,0.562500,1.155000,2.310000,3.082500,9.241600,12.920000,26.002133,13.203733,49.000000,70.000000,119.000000,51.333333,1.666667,3.666667,1.666667,3.666667,13.333333,14.666667,10.000000,0.562500,0.962500,1.542500,0.752500,3.348900,33.379200,55.998000,93.805800,676.000000,1092.000000,1872.000000,2132.000000,12.000000,22.000000,108.000000,240.000000,216.000000,1.562500,5.625000,11.550000,14.800000,328.001300,739.907400,1474.618800,2226.151600,2228.000000,4824.000000,8506.000000,11444.000000,55.000000,118.000000,230.000000,352.000000,348.000000,972.000000,1774.000000,2500.000000,22.435700,58.481800,105.205000,160.976400,0.980000,1.960000,6.370000,2.000000,4.000000,43.000000,-2.000000,-6.000000,5.000000,-0.040000,-0.080000,2.640000,0.816667,2.593333,0.723333,1.666667,8.666667,4.333333,-1.666667,4.333333,1.666667,-0.033333,0.693333,0.246667,-7.260000,-8.640000,-11.000000,114.000000,240.000000,490.000000,18.000000,32.000000,96.000000,3.000000,5.760000,15.660000
TEKHIC,4.000000,2.000000,247.486400,544.935000,920.776000,1098.977600,794.000000,1896.000000,2500.000000,2522.000000,42.000000,86.000000,148.000000,182.000000,234.000000,576.000000,800.000000,906.000000,14.748200,37.129400,54.676400,62.576600,97.429133,200.753000,317.382933,366.325867,492.000000,816.000000,982.666667,840.666667,16.000000,31.333333,50.666667,60.666667,82.000000,197.333333,268.000000,302.000000,6.379933,14.193667,19.245467,20.858867,9.241600,15.504000,29.944000,43.745600,49.000000,84.000000,133.000000,119.000000,2.000000,4.000000,6.000000,4.000000,12.000000,22.000000,20.000000,0.562500,1.155000,2.010000,2.250000,9.241600,12.920000,26.002133,13.203733,49.000000,70.000000,119.000000,51.333333,1.666667,3.666667,1.666667,3.666667,13.333333,14.666667,10.000000,0.562500,0.962500,1.542500,0.752500,3.348900,33.379200,55.998000,92.524800,676.000000,1092.000000,1872.000000,1872.000000,12.000000,22.000000,108.000000,240.000000,180.000000,1.562500,5.625000,11.550000,13.800000,295.636300,669.017400,1341.392800,2065.793600,2152.000000,4632.000000,8162.000000,10508.000000,49.000000,106.000000,206.000000,328.000000,312.000000,888.000000,1654.000000,2272.000000,20.702300,53.831000,97.711400,149.171600,0.980000,2.310000,3.850000,2.000000,9.000000,25.000000,-2.000000,-3.000000,2.000000,-0.040000,0.320000,1.500000,0.816667,2.593333,0.723333,1.666667,8.666667,4.333333,-1.666667,4.333333,1.666667,-0.033333,0.693333,0.246667,-7.260000,-8.640000,-10.300000,114.000000,240.000000,500.000000,18.000000,32.000000,102.000000,3.000000,5.760000,16.460000
TEKHOI,4.000000,2.000000,253.988900,555.441000,925.843000,1102.478600,830.000000,1956.000000,2584.000000,2582.000000,43.000000,88.000000,150.000000,180.000000,238.000000,580.000000,780.000000,876.000000,15.341100,38.346000,55.889400,62.534000,99.596633,204.255000,319.071933,367.492867,504.000000,836.000000,1010.666667,860.666667,16.333333,32.000000,51.333333,60.000000,83.333333,198.666667,261.333333,292.000000,6.577567,14.599200,19.649800,20.844667,9.241600,15.504000,33.288000,53.245600,49.000000,84.000000,136.500000,112.000000,2.000000,4.500000,7.500000,4.000000,13.000000,25.000000,21.000000,0.562500,1.155000,2.148750,2.516250,9.241600,11.628000,20.783467,16.725067,49.000000,63.000000,124.833333,60.666667,1.500000,2.833333,2.166667,2.833333,9.333333,12.333333,10.333333,0.562500,0.866250,1.411250,0.941250,3.348900,33.379200,51.331500,77.701800,676.000000,1092.000000,1716.000000,2028.000000,11.000000,18.000000,102.000000,210.000000,192.000000,1.562500,5.625000,10.587500,12.950000,302.138800,679.523400,1337.126800,1962.128600,2188.000000,4692.000000,7934.000000,10460.000000,50.000000,108.000000,206.000000,308.000000,314.000000,870.000000,1550.000000,2096.000000,21.295200,55.047600,96.999400,141.654000,0.980000,2.730000,5.285000,2.000000,12.000000,36.500000,-2.500000,-3.500000,4.500000,-0.040000,0.510000,2.270000,0.735000,1.776667,1.085000,1.500000,2.000000,6.500000,-1.500000,1.333333,1.500000,-0.030000,0.243333,0.370000,-7.260000,-7.920000,-9.520000,114.000000,220.000000,390.000000,19.000000,31.000000,76.000000,3.000000,5.280000,12.140000
TEKHUO,4.000000,2.000000,314.517100,689.775000,1166.581600,1353.212600,1006.000000,2388.000000,3178.000000,3410.000000,53.000000,108.000000,186.000000,220.000000,294.000000,712.000000,966.000000,1116.000000,18.473300,46.323200,67.767400,78.638800,119.772700,249.033000,399.318133,451.070867,562.666667,980.000000,1208.666667,1136.666667,19.666667,38.666667,63.333333,73.333333,102.000000,242.666667,323.333333,372.000000,7.621633,17.258267,23.609133,26.212933,9.241600,15.504000,34.777600,48.685600,49.000000,84.000000,143.500000,175.000000,2.000000,4.500000,6.500000,4.000000,13.000000,23.000000,31.000000,0.562500,1.155000,2.133750,2.838750,9.241600,11.628000,20.783467,16.725067,49.000000,63.000000,124.833333,60.666667,1.500000,2.833333,2.166667,2.833333,9.333333,12.333333,10.333333,0.562500,0.866250,1.411250,0.941250,3.348900,33.379200,51.331500,79.495200,676.000000,1092.000000,1716.000000,2080.000000,11.000000,18.000000,102.000000,210.000000,180.000000,1.562500,5.625000,10.587500,12.900000,362.667000,813.857400,1577.865400,2216.449400,2364.000000,5124.000000,8528.000000,11392.000000,60.000000,128.000000,242.000000,348.000000,370.000000,1002.000000,1732.000000,2332.000000,24.427400,63.024800,108.877400,157.658800,0.980000,2.240000,3.745000,2.000000,11.000000,20.500000,-2.500000,-2.500000,-2.500000,-0.040000,0.530000,1.090000,0.735000,1.776667,1.085000,1.500000,2.000000,6.500000,-1.500000,1.333333,1.500000,-0.030000,0.243333,0.370000,-7.260000,-7.920000,-10.500000,114.000000,220.000000,388.000000,19.000000,31.000000,78.000000,3.000000,5.280000,12.180000
TESLUY,3.000000,3.000000,213.168000,485.949200,792.221400,909.354600,834.000000,2018.000000,3000.000000,3132.000000,34.000000,74.000000,122.000000,140.000000,196.000000,486.000000,692.000000,752.000000,14.078600,35.528600,53.929800,59.578000,213.168000,485.949200,792.221400,909.354600,834.000000,2018.000000,3000.000000,3132.000000,34.000000,74.000000,122.000000,140.000000,196.000000,486.000000,692.000000,752.000000,14.078600,35.528600,53.929800,59.578000,9.241600,15.504000,31.965600,41.997600,49.000000,84.000000,157.500000,168.000000,2.000000,4.000000,5.500000,4.000000,12.000000,22.000000,24.000000,0.562500,1.155000,2.145000,2.561250,9.241600,15.504000,31.327200,52.445067,49.000000,84.000000,164.500000,242.666667,2.000000,4.000000,6.500000,4.000000,12.000000,23.333333,29.333333,0.562500,1.155000,2.255000,3.318750,3.348900,33.379200,55.998000,76.969800,676.000000,1092.000000,1872.000000,2340.000000,12.000000,16.000000,108.000000,216.000000,264.000000,1.562500,5.625000,11.550000,14.300000,429.684900,1038.656800,1973.686800,2704.924000,2344.000000,6220.000000,11214.000000,14920.000000,69.000000,160.000000,298.000000,408.000000,458.000000,1260.000000,2222.000000,3064.000000,29.719700,82.307200,147.834600,203.316000,0.980000,1.645000,2.905000,2.000000,5.500000,14.500000,-2.000000,-3.000000,-1.000000,-0.040000,0.140000,0.710000,0.980000,1.855000,2.508333,2.000000,4.500000,10.833333,-2.000000,-3.666667,-1.666667,-0.040000,-0.006667,0.450000,-7.260000,-8.640000,-12.780000,114.000000,240.000000,326.000000,18.000000,36.000000,52.000000,3.000000,5.760000,8.560000
TESMAF,3.000000,3.000000,213.168000,485.949200,792.221400,909.354600,834.000000,2018.000000,3000.000000,3132.000000,34.000000,74.000000,122.000000,140.000000,196.000000,486.000000,692.000000,752.000000,14.078600,35.528600,53.929800,59.578000,213.168000,485.949200,792.221400,909.354600,834.000000,2018.000000,3000.000000,3132.000000,34.000000,74.000000,122.000000,140.000000,196.000000,486.000000,692.000000,752.000000,14.078600,35.528600,53.929800,59.578000,9.241600,15.504000,31.965600,41.997600,49.000000,84.000000,157.500000,168.000000,2.000000,4.000000,5.500000,4.000000,12.000000,22.000000,24.000000,0.562500,1.155000,2.145000,2.561250,9.241600,15.504000,31.327200,52.445067,49.000000,84.000000,164.500000,242.666667,2.000000,4.000000,6.500000,4.000000,12.000000,23.333333,29.333333,0.562500,1.155000,2.255000,3.318750,3.348900,33.379200,55.998000,76.969800,676.000000,1092.000000,1872.000000,2340.000000,12.000000,16.000000,108.000000,216.000000,264.000000,1.562500,5.625000,11.550000,14.300000,429.684900,1038.656800,1973.686800,2704.924000,2344.000000,6220.000000,11214.000000,14920.000000,69.000000,160.000000,298.000000,408.000000,458.000000,1260.000000,2222.000000,3064.000000,29.719700,82.307200,147.834600,203.316000,0.980000,1.645000,2.905000,2.000000,5.500000,14.500000,-2.000000,-3.000000,-1.000000,-0.040000,0.140000,0.710000,0.980000,1.855000,2.508333,2.000000,4.500000,10.833333,-2.000000,-3.666667,-1.666667,-0.040000,-0.006667,0.450000,-7.260000,-8.640000,-12.780000,114.000000,240.000000,326.000000,18.000000,36.000000,52.000000,3.000000,5.760000,8.560000
TETXAR,3.000000,3.000000,196.985500,450.161200,719.140400,829.868600,796.000000,1912.000000,2822.000000,2864.000000,31.000000,68.000000,110.000000,128.000000,178.000000,444.000000,638.000000,668.000000,13.211900,33.219200,50.227400,54.371600,196.985500,450.161200,719.140400,829.868600,796.000000,1912.000000,2822.000000,2864.000000,31.000000,68.000000,110.000000,128.000000,178.000000,444.000000,638.000000,668.000000,13.211900,33.219200,50.227400,54.371600,9.241600,15.504000,31.965600,41.465600,49.000000,84.000000,157.500000,150.500000,2.000000,4.000000,5.500000,4.000000,12.000000,22.000000,21.000000,0.562500,1.155000,2.145000,2.411250,9.241600,15.504000,31.327200,52.267733,49.000000,84.000000,164.500000,236.833333,2.000000,4.000000,6.500000,4.000000,12.000000,23.333333,28.333333,0.562500,1.155000,2.255000,3.268750,3.348900,33.379200,55.998000,76.969800,676.000000,1092.000000,1872.000000,2340.000000,12.000000,16.000000,108.000000,216.000000,264.000000,1.562500,5.625000,11.550000,14.300000,397.319900,967.080800,1827.524800,2545.952000,2268.000000,6008.000000,10858.000000,14384.000000,63.000000,148.000000,274.000000,384.000000,422.000000,1176.000000,2114.000000,2884.000000,27.986300,77.688400,140.429800,192.903200,0.980000,1.645000,3.080000,2.000000,5.500000,17.000000,-2.000000,-3.000000,0.500000,-0.040000,0.140000,0.910000,0.980000,1.855000,2.566667,2.000000,4.500000,11.666667,-2.000000,-3.666667,-1.166667,-0.040000,-0.006667,0.516667,-7.260000,-8.640000,-12.780000,114.000000,240.000000,326.000000,18.000000,36.000000,52.000000,3.000000,5.760000,8.560000
TIHTAF,4.000000,3.000000,215.121400,473.359000,775.545000,954.607600,718.000000,1684.000000,2214.000000,2218.000000,36.000000,74.000000,124.000000,158.000000,198.000000,492.000000,674.000000,738.000000,13.014800,32.510600,47.559600,53.323000,160.071400,354.019000,565.913700,644.648200,568.000000,1324.000000,1761.000000,1543.000000,26.000000,54.000000,88.000000,105.000000,142.000000,351.000000,479.000000,472.000000,9.821800,24.348600,35.285600,35.774900,9.241600,15.504000,29.944000,43.745600,49.000000,84.000000,133.000000,119.000000,2.000000,4.000000,6.000000,4.000000,12.000000,22.000000,20.000000,0.562500,1.155000,2.010000,2.250000,9.241600,18.848000,36.844800,35.735200,49.000000,87.500000,126.000000,133.000000,2.500000,5.000000,4.500000,6.500000,19.500000,26.500000,22.000000,0.562500,1.293750,2.130000,1.968750,3.348900,33.379200,64.050000,87.437400,676.000000,1092.000000,1924.000000,1612.000000,14.000000,20.000000,120.000000,252.000000,216.000000,1.562500,5.625000,12.475000,13.200000,323.491700,774.796400,1537.175400,2330.206400,1812.000000,4832.000000,8840.000000,10426.000000,53.000000,120.000000,234.000000,366.000000,354.000000,1026.000000,1922.000000,2590.000000,21.206100,59.947200,112.396200,159.059800,0.980000,2.310000,3.850000,2.000000,9.000000,25.000000,-2.000000,-3.000000,2.000000,-0.040000,0.320000,1.500000,1.400000,3.080000,1.925000,5.000000,17.000000,12.500000,-1.000000,2.500000,3.000000,0.150000,0.910000,0.750000,-7.260000,-9.380000,-11.180000,114.000000,290.000000,458.000000,16.000000,42.000000,84.000000,3.000000,7.520000,14.440000
TIHTAF01,4.000000,3.000000,215.121400,473.359000,775.545000,954.607600,718.000000,1684.000000,2214.000000,2218.000000,36.000000,74.000000,124.000000,158.000000,198.000000,492.000000,674.000000,738.000000,13.014800,32.510600,47.559600,53.323000,160.071400,354.019000,565.913700,644.648200,568.000000,1324.000000,1761.000000,1543.000000,26.000000,54.000000,88.000000,105.000000,142.000000,351.000000,479.000000,472.000000,9.821800,24.348600,35.285600,35.774900,9.241600,15.504000,29.944000,43.745600,49.000000,84.000000,133.000000,119.000000,2.000000,4.000000,6.000000,4.000000,12.000000,22.000000,20.000000,0.562500,1.155000,2.010000,2.250000,9.241600,18.848000,36.844800,35.735200,49.000000,87.500000,126.000000,133.000000,2.500000,5.000000,4.500000,6.500000,19.500000,26.500000,22.000000,0.562500,1.293750,2.130000,1.968750,3.348900,33.379200,64.050000,87.437400,676.000000,1092.000000,1924.000000,1612.000000,14.000000,20.000000,120.000000,252.000000,216.000000,1.562500,5.625000,12.475000,13.200000,323.491700,774.796400,1537.175400,2330.206400,1812.000000,4832.000000,8840.000000,10426.000000,53.000000,120.000000,234.000000,366.000000,354.000000,1026.000000,1922.000000,2590.000000,21.206100,59.947200,112.396200,159.059800,0.980000,2.310000,3.850000,2.000000,9.000000,25.000000,-2.000000,-3.000000,2.000000,-0.040000,0.320000,1.500000,1.400000,3.080000,1.925000,5.000000,17.000000,12.500000,-1.000000,2.500000,3.000000,0.150000,0.910000,0.750000,-7.260000,-9.380000,-11.180000,114.000000,290.000000,458.000000,16.000000,42.000000,84.000000,3.000000,7.520000,14.440000
TISWIC,1.000000,1.333333,65.954100,139.128000,199.540000,196.746000,234.000000,516.000000,580.000000,360.000000,11.000000,22.000000,32.000000,34.000000,54.000000,126.000000,152.000000,112.000000,4.211500,9.902200,12.721600,10.290200,75.901633,158.542000,235.422600,269.444800,476.000000,784.000000,1041.333333,1008.000000,11.666667,24.000000,36.000000,41.333333,60.000000,145.333333,204.666667,226.000000,5.634700,12.330267,17.022933,18.364267,9.241600,15.504000,28.880000,21.128000,49.000000,84.000000,98.000000,56.000000,2.000000,4.000000,3.000000,4.000000,12.000000,16.000000,10.000000,0.562500,1.155000,1.710000,1.132500,9.241600,10.336000,15.210133,13.061867,49.000000,56.000000,119.000000,60.666667,1.333333,2.000000,1.666667,2.000000,5.333333,7.333333,8.000000,0.562500,0.770000,1.180000,0.857500,3.348900,33.379200,46.665000,70.930800,676.000000,1092.000000,1560.000000,2236.000000,10.000000,16.000000,96.000000,168.000000,192.000000,1.562500,5.625000,9.625000,13.025000,362.962000,820.640400,1475.925800,2069.396800,2572.000000,5568.000000,8874.000000,12150.000000,58.000000,128.000000,222.000000,318.000000,350.000000,936.000000,1542.000000,2038.000000,26.889600,68.045200,112.637000,156.038200,0.980000,2.660000,2.170000,2.000000,14.000000,13.000000,-2.000000,0.000000,1.000000,-0.040000,0.720000,0.740000,0.653333,1.076667,0.770000,1.333333,-3.000000,3.000000,-1.333333,-0.666667,-0.666667,-0.026667,-0.073333,0.106667,-7.260000,-7.200000,-9.480000,114.000000,200.000000,330.000000,20.000000,32.000000,64.000000,3.000000,4.800000,9.580000
TISWIC01,1.000000,1.333333,65.954100,139.128000,199.540000,196.746000,234.000000,516.000000,580.000000,360.000000,11.000000,22.000000,32.000000,34.000000,54.000000,126.000000,152.000000,112.000000,4.211500,9.902200,12.721600,10.290200,75.901633,158.542000,235.422600,269.444800,476.000000,784.000000,1041.333333,1008.000000,11.666667,24.000000,36.000000,41.333333,60.000000,145.333333,204.666667,226.000000,5.634700,12.330267,17.022933,18.364267,9.241600,15.504000,28.880000,21.128000,49.000000,84.000000,98.000000,56.000000,2.000000,4.000000,3.000000,4.000000,12.000000,16.000000,10.000000,0.562500,1.155000,1.710000,1.132500,9.241600,10.336000,15.210133,13.061867,49.000000,56.000000,119.000000,60.666667,1.333333,2.000000,1.666667,2.000000,5.333333,7.333333,8.000000,0.562500,0.770000,1.180000,0.857500,3.348900,33.379200,46.665000,70.930800,676.000000,1092.000000,1560.000000,2236.000000,10.000000,16.000000,96.000000,168.000000,192.000000,1.562500,5.625000,9.625000,13.025000,362.962000,820.640400,1475.925800,2069.396800,2572.000000,5568.000000,8874.000000,12150.000000,58.000000,128.000000,222.000000,318.000000,350.000000,936.000000,1542.000000,2038.000000,26.889600,68.045200,112.637000,156.038200,0.980000,2.660000,2.170000,2.000000,14.000000,13.000000,-2.000000,0.000000,1.000000,-0.040000,0.720000,0.740000,0.653333,1.076667,0.770000,1.333333,-3.000000,3.000000,-1.333333,-0.666667,-0.666667,-0.026667,-0.073333,0.106667,-7.260000,-7.200000,-9.480000,114.000000,200.000000,330.000000,20.000000,32.000000,64.000000,3.000000,4.800000,9.580000
TULHEQ,3.000000,3.000000,431.172700,964.328400,1593.498400,1997.308800,1522.000000,3624.000000,5344.000000,6132.000000,71.000000,150.000000,256.000000,322.000000,406.000000,1022.000000,1440.000000,1648.000000,26.775900,68.056600,104.237600,122.817400,431.172700,964.328400,1593.498400,1997.308800,1522.000000,3624.000000,5344.000000,6132.000000,71.000000,150.000000,256.000000,322.000000,406.000000,1022.000000,1440.000000,1648.000000,26.775900,68.056600,104.237600,122.817400,9.241600,16.993600,31.008000,49.643200,49.000000,91.000000,168.000000,238.000000,2.000000,4.000000,6.000000,4.000000,12.000000,24.000000,28.000000,0.562500,1.140000,2.310000,3.120000,9.241600,16.000533,31.008000,53.291200,49.000000,86.333333,168.000000,238.000000,2.000000,4.000000,6.666667,4.000000,12.000000,24.000000,29.333333,0.562500,1.150000,2.310000,3.315000,3.348900,33.379200,59.584800,74.664000,676.000000,1092.000000,1976.000000,2496.000000,12.000000,16.000000,108.000000,216.000000,288.000000,1.562500,5.625000,11.450000,15.400000,865.694300,1995.415200,3583.414400,4935.804800,3720.000000,9432.000000,16110.000000,21512.000000,143.000000,312.000000,566.000000,772.000000,878.000000,2332.000000,3726.000000,4916.000000,55.114300,147.363200,248.250200,331.394800,0.490000,1.960000,1.910000,1.000000,4.000000,8.000000,-2.000000,-4.000000,-2.000000,-0.020000,-0.080000,0.340000,0.816667,1.960000,2.736667,1.666667,4.000000,12.666667,-2.000000,-4.000000,-1.333333,-0.033333,-0.080000,0.580000,-7.260000,-10.600000,-11.520000,114.000000,236.000000,320.000000,18.000000,36.000000,48.000000,3.000000,5.840000,7.680000
TULHIU,3.000000,3.000000,345.714300,717.080400,1130.782400,1465.078400,1538.000000,3240.000000,4976.000000,5652.000000,47.000000,102.000000,160.000000,202.000000,262.000000,662.000000,960.000000,1000.000000,21.311100,51.547800,78.420000,89.528600,345.714300,717.080400,1130.782400,1465.078400,1538.000000,3240.000000,4976.000000,5652.000000,47.000000,102.000000,160.000000,202.000000,262.000000,662.000000,960.000000,1000.000000,21.311100,51.547800,78.420000,89.528600,9.241600,16.993600,31.008000,49.643200,49.000000,91.000000,168.000000,238.000000,2.000000,4.000000,6.000000,4.000000,12.000000,24.000000,28.000000,0.562500,1.140000,2.310000,3.120000,9.241600,16.000533,31.008000,53.291200,49.000000,86.333333,168.000000,238.000000,2.000000,4.000000,6.666667,4.000000,12.000000,24.000000,29.333333,0.562500,1.150000,2.310000,3.315000,3.348900,33.379200,59.584800,74.664000,676.000000,1092.000000,1976.000000,2496.000000,12.000000,16.000000,108.000000,216.000000,288.000000,1.562500,5.625000,11.450000,15.400000,694.777500,1500.919200,2657.982400,3871.344000,3752.000000,8664.000000,15374.000000,20552.000000,95.000000,216.000000,374.000000,532.000000,590.000000,1612.000000,2766.000000,3620.000000,44.184700,114.345600,196.615000,264.817200,0.490000,1.960000,1.910000,1.000000,4.000000,8.000000,-2.000000,-4.000000,-2.000000,-0.020000,-0.080000,0.340000,0.816667,1.960000,2.736667,1.666667,4.000000,12.666667,-2.000000,-4.000000,-1.333333,-0.033333,-0.080000,0.580000,-7.260000,-10.600000,-11.520000,114.000000,236.000000,320.000000,18.000000,36.000000,48.000000,3.000000,5.840000,7.680000
TUNBIN,1.000000,1.000000,85.513900,182.286600,278.794600,244.889000,310.000000,690.000000,826.000000,470.000000,13.000000,26.000000,42.000000,40.000000,68.000000,160.000000,190.000000,138.000000,4.850100,11.444600,15.345000,11.888000,85.513900,182.286600,278.794600,244.889000,310.000000,690.000000,826.000000,470.000000,13.000000,26.000000,42.000000,40.000000,68.000000,160.000000,190.000000,138.000000,4.850100,11.444600,15.345000,11.888000,9.241600,16.993600,25.171200,7.752000,49.000000,91.000000,105.000000,42.000000,2.000000,3.000000,1.000000,4.000000,10.000000,12.000000,8.000000,0.562500,1.140000,1.402500,0.577500,9.241600,16.993600,25.171200,7.752000,49.000000,91.000000,105.000000,42.000000,2.000000,3.000000,1.000000,4.000000,10.000000,12.000000,8.000000,0.562500,1.140000,1.402500,0.577500,3.348900,33.379200,61.378200,90.914400,676.000000,1092.000000,2028.000000,2340.000000,12.000000,18.000000,108.000000,180.000000,216.000000,1.562500,5.625000,11.400000,14.025000,516.432300,1160.478000,2072.772000,2670.778800,2536.000000,6324.000000,10482.000000,12960.000000,79.000000,168.000000,306.000000,396.000000,474.000000,1236.000000,1842.000000,2208.000000,30.663100,79.917600,131.745000,167.778000,0.490000,0.840000,0.490000,1.000000,6.000000,1.000000,-1.000000,0.000000,-2.000000,-0.020000,0.380000,-0.020000,0.490000,0.840000,0.490000,1.000000,6.000000,1.000000,-1.000000,0.000000,-2.000000,-0.020000,0.380000,-0.020000,-7.260000,-11.580000,-16.740000,114.000000,234.000000,378.000000,18.000000,42.000000,72.000000,3.000000,5.880000,11.280000
UCIGUJ,3.000000,3.000000,202.280800,435.489000,643.961800,761.070000,1341.000000,2472.000000,3476.000000,4128.000000,31.000000,66.000000,98.000000,118.000000,164.000000,402.000000,562.000000,584.000000,15.474900,35.497000,50.139000,56.098400,202.280800,435.489000,643.961800,761.070000,1341.000000,2472.000000,3476.000000,4128.000000,31.000000,66.000000,98.000000,118.000000,164.000000,402.000000,562.000000,584.000000,15.474900,35.497000,50.139000,56.098400,9.241600,15.504000,29.944000,38.121600,49.000000,84.000000,133.000000,147.000000,2.000000,4.000000,5.000000,4.000000,12.000000,20.000000,20.000000,0.562500,1.155000,2.010000,2.272500,9.241600,15.504000,30.653333,45.822933,49.000000,84.000000,156.333333,319.666667,2.000000,4.000000,5.666667,4.000000,12.000000,22.666667,25.333333,0.562500,1.155000,2.210000,3.297500,3.348900,33.379200,55.998000,72.102000,676.000000,1092.000000,1872.000000,1976.000000,12.000000,16.000000,108.000000,216.000000,240.000000,1.562500,5.625000,11.550000,13.400000,407.910500,937.736400,1677.167600,2398.619200,3358.000000,7128.000000,12166.000000,16184.000000,63.000000,144.000000,250.000000,364.000000,394.000000,1092.000000,1954.000000,2656.000000,32.512300,82.244000,140.253000,194.556800,0.980000,2.310000,2.660000,2.000000,9.000000,14.000000,-2.000000,-2.000000,0.000000,-0.040000,0.320000,0.720000,0.980000,2.076667,2.153333,2.000000,5.666667,-6.000000,-2.000000,-3.333333,-1.333333,-0.040000,0.053333,-0.146667,-7.260000,-8.640000,-10.120000,114.000000,240.000000,340.000000,18.000000,36.000000,56.000000,3.000000,5.760000,9.280000
UFIPIJ,2.000000,1.500000,201.187300,446.964000,685.162000,828.419400,772.000000,1812.000000,2452.000000,2484.000000,33.000000,70.000000,108.000000,134.000000,178.000000,438.000000,596.000000,606.000000,13.546500,33.310200,47.679600,51.391800,111.793900,237.813000,350.424200,414.209700,556.500000,1044.000000,1338.000000,1242.000000,18.000000,37.000000,55.000000,67.000000,92.000000,223.000000,299.000000,303.000000,7.871150,18.018000,24.604800,25.695900,9.241600,15.504000,29.944000,38.121600,49.000000,84.000000,133.000000,147.000000,2.000000,4.000000,5.000000,4.000000,12.000000,20.000000,20.000000,0.562500,1.155000,2.010000,2.272500,9.241600,11.628000,19.425600,31.433600,49.000000,63.000000,140.000000,140.000000,1.500000,2.500000,4.000000,2.500000,7.000000,12.500000,18.000000,0.562500,0.866250,1.537500,1.995000,3.348900,33.379200,46.665000,64.159800,676.000000,1092.000000,1560.000000,2444.000000,10.000000,14.000000,96.000000,168.000000,204.000000,1.562500,5.625000,9.625000,13.100000,450.524500,1018.010400,1772.274800,2461.376000,2902.000000,6360.000000,9942.000000,13524.000000,73.000000,160.000000,270.000000,384.000000,430.000000,1140.000000,1836.000000,2364.000000,33.047100,83.322000,134.544200,179.863600,0.980000,2.310000,2.660000,2.000000,9.000000,14.000000,-2.000000,-2.000000,0.000000,-0.040000,0.320000,0.720000,0.735000,1.210000,1.820000,1.500000,-2.500000,8.000000,-1.500000,-2.000000,-1.000000,-0.030000,-0.175000,0.340000,-7.260000,-7.200000,-9.440000,114.000000,200.000000,270.000000,20.000000,32.000000,50.000000,3.000000,4.800000,7.020000
UFIPIJ01,2.000000,1.500000,201.187300,446.964000,685.162000,828.419400,772.000000,1812.000000,2452.000000,2484.000000,33.000000,70.000000,108.000000,134.000000,178.000000,438.000000,596.000000,606.000000,13.546500,33.310200,47.679600,51.391800,111.793900,237.813000,350.424200,414.209700,556.500000,1044.000000,1338.000000,1242.000000,18.000000,37.000000,55.000000,67.000000,92.000000,223.000000,299.000000,303.000000,7.871150,18.018000,24.604800,25.695900,9.241600,15.504000,29.944000,38.121600,49.000000,84.000000,133.000000,147.000000,2.000000,4.000000,5.000000,4.000000,12.000000,20.000000,20.000000,0.562500,1.155000,2.010000,2.272500,9.241600,11.628000,19.425600,31.433600,49.000000,63.000000,140.000000,140.000000,1.500000,2.500000,4.000000,2.500000,7.000000,12.500000,18.000000,0.562500,0.866250,1.537500,1.995000,3.348900,33.379200,46.665000,64.159800,676.000000,1092.000000,1560.000000,2444.000000,10.000000,14.000000,96.000000,168.000000,204.000000,1.562500,5.625000,9.625000,13.100000,450.524500,1018.010400,1772.274800,2461.376000,2902.000000,6360.000000,9942.000000,13524.000000,73.000000,160.000000,270.000000,384.000000,430.000000,1140.000000,1836.000000,2364.000000,33.047100,83.322000,134.544200,179.863600,0.980000,2.310000,2.660000,2.000000,9.000000,14.000000,-2.000000,-2.000000,0.000000,-0.040000,0.320000,0.720000,0.735000,1.210000,1.820000,1.500000,-2.500000,8.000000,-1.500000,-2.000000,-1.000000,-0.030000,-0.175000,0.340000,-7.260000,-7.200000,-9.440000,114.000000,200.000000,270.000000,20.000000,32.000000,50.000000,3.000000,4.800000,7.020000
UJEDOC,3.000000,3.000000,161.295500,365.332400,557.690000,597.712400,650.000000,1532.000000,2120.000000,1796.000000,25.000000,54.000000,84.000000,94.000000,138.000000,342.000000,476.000000,424.000000,10.566500,26.136600,38.225200,36.253000,161.295500,365.332400,557.690000,597.712400,650.000000,1532.000000,2120.000000,1796.000000,25.000000,54.000000,84.000000,94.000000,138.000000,342.000000,476.000000,424.000000,10.566500,26.136600,38.225200,36.253000,9.241600,16.993600,29.944000,30.369600,49.000000,91.000000,133.000000,105.000000,2.000000,4.000000,4.000000,4.000000,12.000000,20.000000,14.000000,0.562500,1.140000,2.010000,1.695000,9.241600,16.000533,30.653333,46.866667,49.000000,86.333333,156.333333,193.666667,2.000000,4.000000,6.000000,4.000000,12.000000,22.666667,24.666667,0.562500,1.150000,2.210000,2.840000,3.348900,33.379200,59.584800,72.102000,676.000000,1092.000000,1976.000000,1976.000000,12.000000,16.000000,108.000000,216.000000,240.000000,1.562500,5.625000,11.450000,13.400000,325.939900,797.423200,1511.797600,2131.488000,1976.000000,5248.000000,9662.000000,11800.000000,51.000000,120.000000,222.000000,316.000000,342.000000,972.000000,1782.000000,2316.000000,22.695500,63.523200,116.225400,154.266000,0.490000,2.310000,2.170000,1.000000,9.000000,13.000000,-2.000000,-2.000000,1.000000,-0.020000,0.320000,0.740000,0.816667,2.076667,2.823333,1.666667,5.666667,14.333333,-2.000000,-3.333333,-0.333333,-0.033333,0.053333,0.713333,-7.260000,-10.600000,-10.120000,114.000000,236.000000,340.000000,18.000000,36.000000,56.000000,3.000000,5.840000,9.280000
UJEDOC01,3.000000,3.000000,161.295500,365.332400,557.690000,597.712400,650.000000,1532.000000,2120.000000,1796.000000,25.000000,54.000000,84.000000,94.000000,138.000000,342.000000,476.000000,424.000000,10.566500,26.136600,38.225200,36.253000,161.295500,365.332400,557.690000,597.712400,650.000000,1532.000000,2120.000000,1796.000000,25.000000,54.000000,84.000000,94.000000,138.000000,342.000000,476.000000,424.000000,10.566500,26.136600,38.225200,36.253000,9.241600,16.993600,29.944000,30.369600,49.000000,91.000000,133.000000,105.000000,2.000000,4.000000,4.000000,4.000000,12.000000,20.000000,14.000000,0.562500,1.140000,2.010000,1.695000,9.241600,16.000533,30.653333,46.866667,49.000000,86.333333,156.333333,193.666667,2.000000,4.000000,6.000000,4.000000,12.000000,22.666667,24.666667,0.562500,1.150000,2.210000,2.840000,3.348900,33.379200,59.584800,72.102000,676.000000,1092.000000,1976.000000,1976.000000,12.000000,16.000000,108.000000,216.000000,240.000000,1.562500,5.625000,11.450000,13.400000,325.939900,797.423200,1511.797600,2131.488000,1976.000000,5248.000000,9662.000000,11800.000000,51.000000,120.000000,222.000000,316.000000,342.000000,972.000000,1782.000000,2316.000000,22.695500,63.523200,116.225400,154.266000,0.490000,2.310000,2.170000,1.000000,9.000000,13.000000,-2.000000,-2.000000,1.000000,-0.020000,0.320000,0.740000,0.816667,2.076667,2.823333,1.666667,5.666667,14.333333,-2.000000,-3.333333,-0.333333,-0.033333,0.053333,0.713333,-7.260000,-10.600000,-10.120000,114.000000,236.000000,340.000000,18.000000,36.000000,56.000000,3.000000,5.840000,9.280000
ULAHIY,1.000000,1.000000,57.350700,122.057000,173.885200,125.268000,210.000000,458.000000,514.000000,108.000000,9.000000,18.000000,26.000000,22.000000,44.000000,102.000000,122.000000,50.000000,3.451300,8.070200,10.305800,5.335400,57.350700,122.057000,173.885200,125.268000,210.000000,458.000000,514.000000,108.000000,9.000000,18.000000,26.000000,22.000000,44.000000,102.000000,122.000000,50.000000,3.451300,8.070200,10.305800,5.335400,9.241600,15.504000,30.369600,13.376000,49.000000,84.000000,105.000000,14.000000,2.000000,4.000000,2.000000,4.000000,12.000000,16.000000,4.000000,0.562500,1.155000,1.695000,0.555000,9.241600,15.504000,30.369600,13.376000,49.000000,84.000000,105.000000,14.000000,2.000000,4.000000,2.000000,4.000000,12.000000,16.000000,4.000000,0.562500,1.155000,1.695000,0.555000,3.348900,33.379200,55.998000,109.690200,676.000000,1092.000000,1872.000000,2340.000000,12.000000,24.000000,108.000000,216.000000,288.000000,1.562500,5.625000,11.550000,16.950000,347.453100,799.100400,1432.555200,1901.228400,1936.000000,4932.000000,8298.000000,10368.000000,55.000000,120.000000,210.000000,300.000000,330.000000,900.000000,1530.000000,1980.000000,22.270300,59.671200,101.809800,135.212400,0.980000,2.170000,1.680000,2.000000,13.000000,12.000000,-2.000000,0.000000,2.000000,-0.040000,0.740000,0.760000,0.980000,2.170000,1.680000,2.000000,13.000000,12.000000,-2.000000,0.000000,2.000000,-0.040000,0.740000,0.760000,-7.260000,-8.640000,-16.020000,114.000000,240.000000,534.000000,18.000000,36.000000,96.000000,3.000000,5.760000,16.440000
ULODIJ,6.000000,6.000000,374.168500,824.712000,1378.848600,1547.812200,1276.000000,2994.000000,4068.000000,3612.000000,61.000000,126.000000,216.000000,246.000000,342.000000,834.000000,1110.000000,1152.000000,22.182900,55.534200,81.782400,84.846600,374.168500,824.712000,1378.848600,1547.812200,1276.000000,2994.000000,4068.000000,3612.000000,61.000000,126.000000,216.000000,246.000000,342.000000,834.000000,1110.000000,1152.000000,22.182900,55.534200,81.782400,84.846600,9.241600,15.504000,34.032800,44.490400,49.000000,84.000000,140.000000,122.500000,2.000000,4.500000,6.000000,4.000000,13.000000,23.000000,18.000000,0.562500,1.155000,2.141250,2.242500,9.241600,15.504000,34.032800,44.490400,49.000000,84.000000,140.000000,122.500000,2.000000,4.500000,6.000000,4.000000,13.000000,23.000000,18.000000,0.562500,1.155000,2.141250,2.242500,3.348900,33.379200,55.998000,94.922100,676.000000,1092.000000,1872.000000,2184.000000,12.000000,21.000000,108.000000,234.000000,306.000000,1.562500,5.625000,11.550000,15.637500,377.517400,891.470400,1768.092600,2519.422800,1952.000000,5178.000000,9282.000000,12222.000000,62.000000,138.000000,270.000000,390.000000,408.000000,1128.000000,1986.000000,2886.000000,23.745400,66.784200,121.757400,175.116600,0.980000,2.485000,3.605000,2.000000,11.500000,24.500000,-2.500000,-2.500000,3.000000,-0.040000,0.520000,1.510000,0.980000,2.485000,3.605000,2.000000,11.500000,24.500000,-2.500000,-2.500000,3.000000,-0.040000,0.520000,1.510000,-7.260000,-8.640000,-13.440000,114.000000,240.000000,462.000000,18.000000,33.000000,75.000000,3.000000,5.760000,13.740000
ULODIJ01,6.000000,6.000000,374.168500,824.712000,1378.848600,1547.812200,1276.000000,2994.000000,4068.000000,3612.000000,61.000000,126.000000,216.000000,246.000000,342.000000,834.000000,1110.000000,1152.000000,22.182900,55.534200,81.782400,84.846600,374.168500,824.712000,1378.848600,1547.812200,1276.000000,2994.000000,4068.000000,3612.000000,61.000000,126.000000,216.000000,246.000000,342.000000,834.000000,1110.000000,1152.000000,22.182900,55.534200,81.782400,84.846600,9.241600,15.504000,34.032800,44.490400,49.000000,84.000000,140.000000,122.500000,2.000000,4.500000,6.000000,4.000000,13.000000,23.000000,18.000000,0.562500,1.155000,2.141250,2.242500,9.241600,15.504000,34.032800,44.490400,49.000000,84.000000,140.000000,122.500000,2.000000,4.500000,6.000000,4.000000,13.000000,23.000000,18.000000,0.562500,1.155000,2.141250,2.242500,3.348900,33.379200,55.998000,94.922100,676.000000,1092.000000,1872.000000,2184.000000,12.000000,21.000000,108.000000,234.000000,306.000000,1.562500,5.625000,11.550000,15.637500,377.517400,891.470400,1768.092600,2519.422800,1952.000000,5178.000000,9282.000000,12222.000000,62.000000,138.000000,270.000000,390.000000,408.000000,1128.000000,1986.000000,2886.000000,23.745400,66.784200,121.757400,175.116600,0.980000,2.485000,3.605000,2.000000,11.500000,24.500000,-2.500000,-2.500000,3.000000,-0.040000,0.520000,1.510000,0.980000,2.485000,3.605000,2.000000,11.500000,24.500000,-2.500000,-2.500000,3.000000,-0.040000,0.520000,1.510000,-7.260000,-8.640000,-13.440000,114.000000,240.000000,462.000000,18.000000,33.000000,75.000000,3.000000,5.760000,13.740000
ULODUV,6.000000,6.000000,374.168500,824.712000,1378.848600,1547.812200,1276.000000,2994.000000,4068.000000,3612.000000,61.000000,126.000000,216.000000,246.000000,342.000000,834.000000,1110.000000,1152.000000,22.182900,55.534200,81.782400,84.846600,374.168500,824.712000,1378.848600,1547.812200,1276.000000,2994.000000,4068.000000,3612.000000,61.000000,126.000000,216.000000,246.000000,342.000000,834.000000,1110.000000,1152.000000,22.182900,55.534200,81.782400,84.846600,9.241600,15.504000,34.032800,44.490400,49.000000,84.000000,140.000000,122.500000,2.000000,4.500000,6.000000,4.000000,13.000000,23.000000,18.000000,0.562500,1.155000,2.141250,2.242500,9.241600,15.504000,34.032800,44.490400,49.000000,84.000000,140.000000,122.500000,2.000000,4.500000,6.000000,4.000000,13.000000,23.000000,18.000000,0.562500,1.155000,2.141250,2.242500,3.348900,33.379200,55.998000,94.922100,676.000000,1092.000000,1872.000000,2184.000000,12.000000,21.000000,108.000000,234.000000,306.000000,1.562500,5.625000,11.550000,15.637500,377.517400,891.470400,1768.092600,2519.422800,1952.000000,5178.000000,9282.000000,12222.000000,62.000000,138.000000,270.000000,390.000000,408.000000,1128.000000,1986.000000,2886.000000,23.745400,66.784200,121.757400,175.116600,0.980000,2.485000,3.605000,2.000000,11.500000,24.500000,-2.500000,-2.500000,3.000000,-0.040000,0.520000,1.510000,0.980000,2.485000,3.605000,2.000000,11.500000,24.500000,-2.500000,-2.500000,3.000000,-0.040000,0.520000,1.510000,-7.260000,-8.640000,-13.440000,114.000000,240.000000,462.000000,18.000000,33.000000,75.000000,3.000000,5.760000,13.740000
ULOFAD,6.000000,6.000000,374.168500,824.712000,1378.848600,1547.812200,1276.000000,2994.000000,4068.000000,3612.000000,61.000000,126.000000,216.000000,246.000000,342.000000,834.000000,1110.000000,1152.000000,22.182900,55.534200,81.782400,84.846600,374.168500,824.712000,1378.848600,1547.812200,1276.000000,2994.000000,4068.000000,3612.000000,61.000000,126.000000,216.000000,246.000000,342.000000,834.000000,1110.000000,1152.000000,22.182900,55.534200,81.782400,84.846600,9.241600,15.504000,34.032800,44.490400,49.000000,84.000000,140.000000,122.500000,2.000000,4.500000,6.000000,4.000000,13.000000,23.000000,18.000000,0.562500,1.155000,2.141250,2.242500,9.241600,15.504000,34.032800,44.490400,49.000000,84.000000,140.000000,122.500000,2.000000,4.500000,6.000000,4.000000,13.000000,23.000000,18.000000,0.562500,1.155000,2.141250,2.242500,3.348900,33.379200,55.998000,94.922100,676.000000,1092.000000,1872.000000,2184.000000,12.000000,21.000000,108.000000,234.000000,306.000000,1.562500,5.625000,11.550000,15.637500,377.517400,891.470400,1768.092600,2519.422800,1952.000000,5178.000000,9282.000000,12222.000000,62.000000,138.000000,270.000000,390.000000,408.000000,1128.000000,1986.000000,2886.000000,23.745400,66.784200,121.757400,175.116600,0.980000,2.485000,3.605000,2.000000,11.500000,24.500000,-2.500000,-2.500000,3.000000,-0.040000,0.520000,1.510000,0.980000,2.485000,3.605000,2.000000,11.500000,24.500000,-2.500000,-2.500000,3.000000,-0.040000,0.520000,1.510000,-7.260000,-8.640000,-13.440000,114.000000,240.000000,462.000000,18.000000,33.000000,75.000000,3.000000,5.760000,13.740000
ULOFEH,6.000000,6.000000,374.168500,824.712000,1378.848600,1547.812200,1276.000000,2994.000000,4068.000000,3612.000000,61.000000,126.000000,216.000000,246.000000,342.000000,834.000000,1110.000000,1152.000000,22.182900,55.534200,81.782400,84.846600,374.168500,824.712000,1378.848600,1547.812200,1276.000000,2994.000000,4068.000000,3612.000000,61.000000,126.000000,216.000000,246.000000,342.000000,834.000000,1110.000000,1152.000000,22.182900,55.534200,81.782400,84.846600,9.241600,15.504000,34.032800,44.490400,49.000000,84.000000,140.000000,122.500000,2.000000,4.500000,6.000000,4.000000,13.000000,23.000000,18.000000,0.562500,1.155000,2.141250,2.242500,9.241600,15.504000,34.032800,44.490400,49.000000,84.000000,140.000000,122.500000,2.000000,4.500000,6.000000,4.000000,13.000000,23.000000,18.000000,0.562500,1.155000,2.141250,2.242500,3.348900,33.379200,55.998000,94.922100,676.000000,1092.000000,1872.000000,2184.000000,12.000000,21.000000,108.000000,234.000000,306.000000,1.562500,5.625000,11.550000,15.637500,377.517400,891.470400,1768.092600,2519.422800,1952.000000,5178.000000,9282.000000,12222.000000,62.000000,138.000000,270.000000,390.000000,408.000000,1128.000000,1986.000000,2886.000000,23.745400,66.784200,121.757400,175.116600,0.980000,2.485000,3.605000,2.000000,11.500000,24.500000,-2.500000,-2.500000,3.000000,-0.040000,0.520000,1.510000,0.980000,2.485000,3.605000,2.000000,11.500000,24.500000,-2.500000,-2.500000,3.000000,-0.040000,0.520000,1.510000,-7.260000,-8.640000,-13.440000,114.000000,240.000000,462.000000,18.000000,33.000000,75.000000,3.000000,5.760000,13.740000
UZAXUQ,1.000000,2.000000,22.400500,28.662000,15.686400,0.000000,341.000000,276.000000,224.000000,0.000000,3.000000,4.000000,2.000000,0.000000,6.000000,8.000000,2.000000,0.000000,2.195800,2.725800,1.530000,0.000000,282.447100,642.132400,1001.673400,1218.426200,1138.000000,2728.000000,3874.000000,4124.000000,45.000000,98.000000,154.000000,192.000000,252.000000,632.000000,906.000000,964.000000,19.202100,47.849400,70.935800,78.941600,9.241600,7.752000,7.843200,0.000000,49.000000,42.000000,112.000000,0.000000,1.000000,1.000000,0.000000,1.000000,2.000000,1.000000,0.000000,0.562500,0.577500,0.765000,0.000000,9.241600,16.248800,27.344800,36.799200,49.000000,87.500000,133.000000,168.000000,2.000000,3.500000,4.500000,4.000000,11.000000,19.000000,20.000000,0.562500,1.147500,1.863750,2.268750,3.348900,33.379200,48.458400,56.620200,676.000000,1092.000000,1612.000000,2184.000000,10.000000,12.000000,96.000000,156.000000,168.000000,1.562500,5.625000,9.575000,11.125000,613.044100,1408.347200,2408.884400,3256.102400,3634.000000,8192.000000,12890.000000,16424.000000,97.000000,216.000000,362.000000,496.000000,578.000000,1524.000000,2420.000000,2924.000000,44.358300,112.400400,180.956600,230.713200,0.490000,0.460000,0.000000,1.000000,-9.000000,0.000000,-1.000000,0.000000,0.000000,-0.020000,-0.270000,0.000000,0.735000,1.645000,1.575000,1.500000,5.500000,7.500000,-1.500000,-2.500000,-1.000000,-0.030000,0.140000,0.350000,-7.260000,-8.180000,-8.980000,114.000000,198.000000,228.000000,20.000000,34.000000,44.000000,3.000000,4.840000,6.100000
UZELAN,4.000000,2.000000,312.416200,700.497600,1209.180600,1355.604600,1018.000000,2490.000000,3636.000000,3558.000000,52.000000,108.000000,192.000000,210.000000,300.000000,732.000000,1026.000000,1170.000000,18.306000,46.849200,71.502000,79.068600,119.072400,252.607200,413.517800,451.868200,566.666667,1014.000000,1361.333333,1186.000000,19.333333,38.666667,65.333333,70.000000,104.000000,249.333333,343.333333,390.000000,7.565867,17.433600,24.854000,26.356200,9.241600,16.993600,31.008000,57.121600,49.000000,91.000000,168.000000,133.000000,2.000000,4.000000,8.000000,4.000000,12.000000,28.000000,26.000000,0.562500,1.140000,2.310000,2.805000,9.241600,11.876267,21.705600,18.017067,49.000000,64.166667,134.166667,67.666667,1.500000,2.833333,2.333333,2.833333,9.333333,12.833333,11.833333,0.562500,0.863750,1.453750,1.037500,3.348900,33.379200,54.021600,75.597300,676.000000,1092.000000,1794.000000,2392.000000,11.000000,17.000000,102.000000,204.000000,228.000000,1.562500,5.625000,10.512500,13.987500,360.566100,824.580000,1625.844600,2246.796000,2376.000000,5226.000000,9142.000000,12332.000000,59.000000,128.000000,248.000000,336.000000,376.000000,1020.000000,1794.000000,2460.000000,24.260100,63.550800,112.462000,159.903600,0.490000,1.960000,5.530000,1.000000,4.000000,37.000000,-2.000000,-6.000000,3.000000,-0.020000,-0.080000,2.260000,0.653333,1.473333,1.166667,1.333333,0.666667,6.666667,-1.500000,1.000000,1.000000,-0.026667,0.186667,0.366667,-7.260000,-9.390000,-10.200000,114.000000,217.000000,350.000000,19.000000,32.000000,64.000000,3.000000,5.340000,10.060000
VASYOF,1.000000,4.000000,22.400500,28.662000,15.686400,0.000000,341.000000,276.000000,224.000000,0.000000,3.000000,4.000000,2.000000,0.000000,6.000000,8.000000,2.000000,0.000000,2.195800,2.725800,1.530000,0.000000,295.304600,661.855000,1046.980800,1269.116200,1106.000000,2620.000000,3720.000000,3814.000000,48.000000,102.000000,164.000000,200.000000,266.000000,654.000000,908.000000,994.000000,19.156800,47.756600,70.115600,78.992000,9.241600,7.752000,7.843200,0.000000,49.000000,42.000000,112.000000,0.000000,1.000000,1.000000,0.000000,1.000000,2.000000,1.000000,0.000000,0.562500,0.577500,0.765000,0.000000,9.241600,15.504000,31.965600,44.064800,49.000000,84.000000,157.500000,150.500000,2.000000,4.000000,6.000000,4.000000,12.000000,22.000000,23.000000,0.562500,1.155000,2.145000,2.557500,3.348900,33.379200,46.665000,65.953200,676.000000,1092.000000,1560.000000,2496.000000,10.000000,14.000000,96.000000,168.000000,204.000000,1.562500,5.625000,9.625000,13.050000,343.454500,785.937400,1448.931600,2064.715400,2464.000000,5356.000000,8758.000000,12404.000000,55.000000,122.000000,218.000000,314.000000,340.000000,918.000000,1552.000000,2106.000000,25.110900,64.458200,109.300600,154.787000,0.490000,0.460000,0.000000,1.000000,-9.000000,0.000000,-1.000000,0.000000,0.000000,-0.020000,-0.270000,0.000000,0.980000,1.645000,3.745000,2.000000,5.500000,20.500000,-2.000000,-3.000000,0.500000,-0.040000,0.140000,1.090000,-7.260000,-7.200000,-10.420000,114.000000,200.000000,268.000000,20.000000,32.000000,50.000000,3.000000,4.800000,7.060000
VASYUL,1.000000,4.000000,22.400500,28.662000,15.686400,0.000000,341.000000,276.000000,224.000000,0.000000,3.000000,4.000000,2.000000,0.000000,6.000000,8.000000,2.000000,0.000000,2.195800,2.725800,1.530000,0.000000,295.304600,661.855000,1046.980800,1270.978200,1106.000000,2620.000000,3720.000000,3954.000000,48.000000,102.000000,164.000000,200.000000,266.000000,654.000000,908.000000,1006.000000,19.156800,47.756600,70.115600,79.568000,9.241600,7.752000,7.843200,0.000000,49.000000,42.000000,112.000000,0.000000,1.000000,1.000000,0.000000,1.000000,2.000000,1.000000,0.000000,0.562500,0.577500,0.765000,0.000000,9.241600,15.504000,31.965600,44.596800,49.000000,84.000000,157.500000,168.000000,2.000000,4.000000,6.000000,4.000000,12.000000,22.000000,26.000000,0.562500,1.155000,2.145000,2.707500,3.348900,33.379200,46.665000,65.953200,676.000000,1092.000000,1560.000000,2496.000000,10.000000,14.000000,96.000000,168.000000,204.000000,1.562500,5.625000,9.625000,13.050000,343.454500,785.937400,1448.931600,2066.577400,2464.000000,5356.000000,8758.000000,12544.000000,55.000000,122.000000,218.000000,314.000000,340.000000,918.000000,1552.000000,2130.000000,25.110900,64.458200,109.300600,155.363000,0.490000,0.460000,0.000000,1.000000,-9.000000,0.000000,-1.000000,0.000000,0.000000,-0.020000,-0.270000,0.000000,0.980000,1.645000,3.570000,2.000000,5.500000,18.000000,-2.000000,-3.000000,-1.000000,-0.040000,0.140000,0.890000,-7.260000,-7.200000,-10.420000,114.000000,200.000000,268.000000,20.000000,32.000000,50.000000,3.000000,4.800000,7.060000
VASYUL01,1.000000,4.000000,22.400500,28.662000,15.686400,0.000000,341.000000,276.000000,224.000000,0.000000,3.000000,4.000000,2.000000,0.000000,6.000000,8.000000,2.000000,0.000000,2.195800,2.725800,1.530000,0.000000,295.304600,661.855000,1046.980800,1270.978200,1106.000000,2620.000000,3720.000000,3954.000000,48.000000,102.000000,164.000000,200.000000,266.000000,654.000000,908.000000,1006.000000,19.156800,47.756600,70.115600,79.568000,9.241600,7.752000,7.843200,0.000000,49.000000,42.000000,112.000000,0.000000,1.000000,1.000000,0.000000,1.000000,2.000000,1.000000,0.000000,0.562500,0.577500,0.765000,0.000000,9.241600,15.504000,31.965600,44.596800,49.000000,84.000000,157.500000,168.000000,2.000000,4.000000,6.000000,4.000000,12.000000,22.000000,26.000000,0.562500,1.155000,2.145000,2.707500,3.348900,33.379200,46.665000,65.953200,676.000000,1092.000000,1560.000000,2496.000000,10.000000,14.000000,96.000000,168.000000,204.000000,1.562500,5.625000,9.625000,13.050000,343.454500,785.937400,1448.931600,2066.577400,2464.000000,5356.000000,8758.000000,12544.000000,55.000000,122.000000,218.000000,314.000000,340.000000,918.000000,1552.000000,2130.000000,25.110900,64.458200,109.300600,155.363000,0.490000,0.460000,0.000000,1.000000,-9.000000,0.000000,-1.000000,0.000000,0.000000,-0.020000,-0.270000,0.000000,0.980000,1.645000,3.570000,2.000000,5.500000,18.000000,-2.000000,-3.000000,-1.000000,-0.040000,0.140000,0.890000,-7.260000,-7.200000,-10.420000,114.000000,200.000000,268.000000,20.000000,32.000000,50.000000,3.000000,4.800000,7.060000
VASZEW,1.000000,4.000000,22.400500,28.662000,15.686400,0.000000,341.000000,276.000000,224.000000,0.000000,3.000000,4.000000,2.000000,0.000000,6.000000,8.000000,2.000000,0.000000,2.195800,2.725800,1.530000,0.000000,334.319600,765.895000,1212.280800,1536.648200,1322.000000,3196.000000,4644.000000,5018.000000,54.000000,118.000000,188.000000,244.000000,306.000000,774.000000,1124.000000,1254.000000,22.714200,57.243000,86.121200,99.543600,9.241600,7.752000,7.843200,0.000000,49.000000,42.000000,112.000000,0.000000,1.000000,1.000000,0.000000,1.000000,2.000000,1.000000,0.000000,0.562500,0.577500,0.765000,0.000000,9.241600,15.504000,31.965600,44.596800,49.000000,84.000000,157.500000,168.000000,2.000000,4.000000,6.000000,4.000000,12.000000,22.000000,25.000000,0.562500,1.155000,2.145000,2.707500,3.348900,33.379200,46.665000,65.953200,676.000000,1092.000000,1560.000000,2496.000000,10.000000,14.000000,96.000000,168.000000,204.000000,1.562500,5.625000,9.625000,13.050000,382.469500,889.977400,1614.231600,2332.247400,2680.000000,5932.000000,9682.000000,13608.000000,61.000000,138.000000,242.000000,358.000000,380.000000,1038.000000,1768.000000,2374.000000,28.668300,73.944600,125.306200,175.338600,0.490000,0.460000,0.000000,1.000000,-9.000000,0.000000,-1.000000,0.000000,0.000000,-0.020000,-0.270000,0.000000,0.980000,1.645000,3.570000,2.000000,5.500000,18.000000,-2.000000,-3.000000,-0.500000,-0.040000,0.140000,0.890000,-7.260000,-7.200000,-10.420000,114.000000,200.000000,268.000000,20.000000,32.000000,50.000000,3.000000,4.800000,7.060000
VASZEW01,1.000000,4.000000,22.400500,28.662000,15.686400,0.000000,341.000000,276.000000,224.000000,0.000000,3.000000,4.000000,2.000000,0.000000,6.000000,8.000000,2.000000,0.000000,2.195800,2.725800,1.530000,0.000000,334.319600,765.895000,1212.280800,1536.648200,1322.000000,3196.000000,4644.000000,5018.000000,54.000000,118.000000,188.000000,244.000000,306.000000,774.000000,1124.000000,1254.000000,22.714200,57.243000,86.121200,99.543600,9.241600,7.752000,7.843200,0.000000,49.000000,42.000000,112.000000,0.000000,1.000000,1.000000,0.000000,1.000000,2.000000,1.000000,0.000000,0.562500,0.577500,0.765000,0.000000,9.241600,15.504000,31.965600,44.596800,49.000000,84.000000,157.500000,168.000000,2.000000,4.000000,6.000000,4.000000,12.000000,22.000000,25.000000,0.562500,1.155000,2.145000,2.707500,3.348900,33.379200,46.665000,65.953200,676.000000,1092.000000,1560.000000,2496.000000,10.000000,14.000000,96.000000,168.000000,204.000000,1.562500,5.625000,9.625000,13.050000,382.469500,889.977400,1614.231600,2332.247400,2680.000000,5932.000000,9682.000000,13608.000000,61.000000,138.000000,242.000000,358.000000,380.000000,1038.000000,1768.000000,2374.000000,28.668300,73.944600,125.306200,175.338600,0.490000,0.460000,0.000000,1.000000,-9.000000,0.000000,-1.000000,0.000000,0.000000,-0.020000,-0.270000,0.000000,0.980000,1.645000,3.570000,2.000000,5.500000,18.000000,-2.000000,-3.000000,-0.500000,-0.040000,0.140000,0.890000,-7.260000,-7.200000,-10.420000,114.000000,200.000000,268.000000,20.000000,32.000000,50.000000,3.000000,4.800000,7.060000
VEVQOE,3.000000,3.000000,161.295500,365.332400,557.690000,597.712400,650.000000,1532.000000,2120.000000,1796.000000,25.000000,54.000000,84.000000,94.000000,138.000000,342.000000,476.000000,424.000000,10.566500,26.136600,38.225200,36.253000,161.295500,365.332400,557.690000,597.712400,650.000000,1532.000000,2120.000000,1796.000000,25.000000,54.000000,84.000000,94.000000,138.000000,342.000000,476.000000,424.000000,10.566500,26.136600,38.225200,36.253000,9.241600,16.993600,29.944000,30.369600,49.000000,91.000000,133.000000,105.000000,2.000000,4.000000,4.000000,4.000000,12.000000,20.000000,14.000000,0.562500,1.140000,2.010000,1.695000,9.241600,16.000533,30.653333,46.866667,49.000000,86.333333,156.333333,193.666667,2.000000,4.000000,6.000000,4.000000,12.000000,22.666667,24.666667,0.562500,1.150000,2.210000,2.840000,3.348900,33.379200,59.584800,72.102000,676.000000,1092.000000,1976.000000,1976.000000,12.000000,16.000000,108.000000,216.000000,240.000000,1.562500,5.625000,11.450000,13.400000,325.939900,797.423200,1511.797600,2131.488000,1976.000000,5248.000000,9662.000000,11800.000000,51.000000,120.000000,222.000000,316.000000,342.000000,972.000000,1782.000000,2316.000000,22.695500,63.523200,116.225400,154.266000,0.490000,2.310000,2.170000,1.000000,9.000000,13.000000,-2.000000,-2.000000,1.000000,-0.020000,0.320000,0.740000,0.816667,2.076667,2.823333,1.666667,5.666667,14.333333,-2.000000,-3.333333,-0.333333,-0.033333,0.053333,0.713333,-7.260000,-10.600000,-10.120000,114.000000,236.000000,340.000000,18.000000,36.000000,56.000000,3.000000,5.840000,9.280000
VEWVEY,2.000000,2.000000,138.410700,304.266000,473.519000,545.106200,504.000000,1176.000000,1592.000000,1526.000000,23.000000,48.000000,76.000000,88.000000,124.000000,300.000000,398.000000,402.000000,9.015900,22.176000,31.622000,33.159600,138.410700,304.266000,473.519000,545.106200,504.000000,1176.000000,1592.000000,1526.000000,23.000000,48.000000,76.000000,88.000000,124.000000,300.000000,398.000000,402.000000,9.015900,22.176000,31.622000,33.159600,9.241600,15.504000,31.008000,58.185600,49.000000,84.000000,168.000000,168.000000,2.000000,4.000000,8.000000,4.000000,12.000000,26.000000,26.000000,0.562500,1.155000,2.310000,3.105000,9.241600,15.504000,30.121333,41.465600,49.000000,84.000000,138.833333,150.500000,2.000000,4.000000,5.500000,4.000000,12.000000,21.000000,21.000000,0.562500,1.155000,2.060000,2.411250,3.348900,33.379200,55.998000,82.075500,676.000000,1092.000000,1872.000000,2418.000000,12.000000,18.000000,108.000000,216.000000,306.000000,1.562500,5.625000,11.550000,15.825000,418.581000,979.556400,1809.801000,2581.236000,2188.000000,5712.000000,9990.000000,13656.000000,70.000000,156.000000,282.000000,402.000000,438.000000,1188.000000,2034.000000,2880.000000,28.610200,77.778000,134.841000,190.123800,0.980000,1.960000,5.180000,2.000000,4.000000,32.000000,-2.000000,-5.000000,3.000000,-0.040000,-0.080000,1.860000,0.980000,2.251667,3.080000,2.000000,8.166667,17.000000,-2.000000,-2.500000,0.500000,-0.040000,0.253333,0.910000,-7.260000,-8.640000,-11.910000,114.000000,240.000000,375.000000,18.000000,36.000000,57.000000,3.000000,5.760000,9.840000
VEYTEY,2.000000,2.000000,176.401400,409.609000,655.494400,765.210800,710.000000,1732.000000,2596.000000,2432.000000,28.000000,62.000000,100.000000,120.000000,162.000000,414.000000,612.000000,594.000000,11.919600,30.323800,46.478800,47.849600,176.401400,409.609000,655.494400,765.210800,710.000000,1732.000000,2596.000000,2432.000000,28.000000,62.000000,100.000000,120.000000,162.000000,414.000000,612.000000,594.000000,11.919600,30.323800,46.478800,47.849600,9.241600,15.504000,32.497600,47.363200,49.000000,84.000000,175.000000,196.000000,2.000000,4.000000,6.000000,4.000000,12.000000,24.000000,26.000000,0.562500,1.155000,2.295000,2.835000,9.241600,15.504000,32.497600,47.363200,49.000000,84.000000,175.000000,196.000000,2.000000,4.000000,6.000000,4.000000,12.000000,24.000000,26.000000,0.562500,1.155000,2.295000,2.835000,3.348900,33.379200,55.998000,89.377200,676.000000,1092.000000,1872.000000,2964.000000,12.000000,18.000000,108.000000,216.000000,324.000000,1.562500,5.625000,11.550000,17.175000,532.553100,1295.585400,2355.727200,3256.153200,2806.000000,7380.000000,13002.000000,17466.000000,85.000000,198.000000,354.000000,498.000000,552.000000,1530.000000,2682.000000,3510.000000,37.321300,102.221400,179.411400,236.893800,0.980000,1.470000,2.660000,2.000000,3.000000,14.000000,-2.000000,-4.000000,-1.000000,-0.040000,-0.060000,0.720000,0.980000,1.470000,2.660000,2.000000,3.000000,14.000000,-2.000000,-4.000000,-1.000000,-0.040000,-0.060000,0.720000,-7.260000,-8.640000,-15.900000,114.000000,240.000000,354.000000,18.000000,36.000000,54.000000,3.000000,5.760000,8.760000
VEYTIC,2.000000,2.000000,176.401400,409.609000,655.494400,765.210800,710.000000,1732.000000,2596.000000,2432.000000,28.000000,62.000000,100.000000,120.000000,162.000000,414.000000,612.000000,594.000000,11.919600,30.323800,46.478800,47.849600,176.401400,409.609000,655.494400,765.210800,710.000000,1732.000000,2596.000000,2432.000000,28.000000,62.000000,100.000000,120.000000,162.000000,414.000000,612.000000,594.000000,11.919600,30.323800,46.478800,47.849600,9.241600,15.504000,32.497600,47.363200,49.000000,84.000000,175.000000,196.000000,2.000000,4.000000,6.000000,4.000000,12.000000,24.000000,26.000000,0.562500,1.155000,2.295000,2.835000,9.241600,15.504000,32.497600,47.363200,49.000000,84.000000,175.000000,196.000000,2.000000,4.000000,6.000000,4.000000,12.000000,24.000000,26.000000,0.562500,1.155000,2.295000,2.835000,3.348900,33.379200,55.998000,89.377200,676.000000,1092.000000,1872.000000,2964.000000,12.000000,18.000000,108.000000,216.000000,324.000000,1.562500,5.625000,11.550000,17.175000,532.553100,1295.585400,2355.727200,3256.153200,2806.000000,7380.000000,13002.000000,17466.000000,85.000000,198.000000,354.000000,498.000000,552.000000,1530.000000,2682.000000,3510.000000,37.321300,102.221400,179.411400,236.893800,0.980000,1.470000,2.660000,2.000000,3.000000,14.000000,-2.000000,-4.000000,-1.000000,-0.040000,-0.060000,0.720000,0.980000,1.470000,2.660000,2.000000,3.000000,14.000000,-2.000000,-4.000000,-1.000000,-0.040000,-0.060000,0.720000,-7.260000,-8.640000,-15.900000,114.000000,240.000000,354.000000,18.000000,36.000000,54.000000,3.000000,5.760000,8.760000
VIFNAC,1.000000,1.000000,106.842000,222.627600,359.703600,355.181000,636.000000,978.000000,1204.000000,864.000000,16.000000,32.000000,54.000000,58.000000,86.000000,208.000000,256.000000,204.000000,6.560000,14.724800,20.956200,18.304600,106.842000,222.627600,359.703600,355.181000,636.000000,978.000000,1204.000000,864.000000,16.000000,32.000000,54.000000,58.000000,86.000000,208.000000,256.000000,204.000000,6.560000,14.724800,20.956200,18.304600,9.241600,16.993600,25.171200,7.752000,49.000000,91.000000,105.000000,42.000000,2.000000,3.000000,1.000000,4.000000,10.000000,12.000000,8.000000,0.562500,1.140000,1.402500,0.577500,9.241600,16.993600,25.171200,7.752000,49.000000,91.000000,105.000000,42.000000,2.000000,3.000000,1.000000,4.000000,10.000000,12.000000,8.000000,0.562500,1.140000,1.402500,0.577500,3.348900,33.379200,61.378200,90.914400,676.000000,1092.000000,2028.000000,2340.000000,12.000000,18.000000,108.000000,180.000000,216.000000,1.562500,5.625000,11.400000,14.025000,644.400900,1402.524000,2558.226000,3332.530800,4492.000000,8052.000000,12750.000000,15324.000000,97.000000,204.000000,378.000000,504.000000,582.000000,1524.000000,2238.000000,2604.000000,40.922500,99.598800,165.412200,206.277600,0.490000,0.840000,0.490000,1.000000,6.000000,1.000000,-1.000000,0.000000,-2.000000,-0.020000,0.380000,-0.020000,0.490000,0.840000,0.490000,1.000000,6.000000,1.000000,-1.000000,0.000000,-2.000000,-0.020000,0.380000,-0.020000,-7.260000,-11.580000,-16.740000,114.000000,234.000000,378.000000,18.000000,42.000000,72.000000,3.000000,5.880000,11.280000
VIFNAC01,1.000000,1.000000,106.842000,222.627600,359.703600,355.181000,636.000000,978.000000,1204.000000,864.000000,16.000000,32.000000,54.000000,58.000000,86.000000,208.000000,256.000000,204.000000,6.560000,14.724800,20.956200,18.304600,106.842000,222.627600,359.703600,355.181000,636.000000,978.000000,1204.000000,864.000000,16.000000,32.000000,54.000000,58.000000,86.000000,208.000000,256.000000,204.000000,6.560000,14.724800,20.956200,18.304600,9.241600,16.993600,25.171200,7.752000,49.000000,91.000000,105.000000,42.000000,2.000000,3.000000,1.000000,4.000000,10.000000,12.000000,8.000000,0.562500,1.140000,1.402500,0.577500,9.241600,16.993600,25.171200,7.752000,49.000000,91.000000,105.000000,42.000000,2.000000,3.000000,1.000000,4.000000,10.000000,12.000000,8.000000,0.562500,1.140000,1.402500,0.577500,3.348900,33.379200,61.378200,90.914400,676.000000,1092.000000,2028.000000,2340.000000,12.000000,18.000000,108.000000,180.000000,216.000000,1.562500,5.625000,11.400000,14.025000,644.400900,1402.524000,2558.226000,3332.530800,4492.000000,8052.000000,12750.000000,15324.000000,97.000000,204.000000,378.000000,504.000000,582.000000,1524.000000,2238.000000,2604.000000,40.922500,99.598800,165.412200,206.277600,0.490000,0.840000,0.490000,1.000000,6.000000,1.000000,-1.000000,0.000000,-2.000000,-0.020000,0.380000,-0.020000,0.490000,0.840000,0.490000,1.000000,6.000000,1.000000,-1.000000,0.000000,-2.000000,-0.020000,0.380000,-0.020000,-7.260000,-11.580000,-16.740000,114.000000,234.000000,378.000000,18.000000,42.000000,72.000000,3.000000,5.880000,11.280000
VILZAT,3.000000,3.000000,239.030500,533.808400,849.398000,988.294400,874.000000,2080.000000,2900.000000,2780.000000,39.000000,82.000000,132.000000,158.000000,214.000000,530.000000,728.000000,728.000000,15.219100,37.777800,55.491600,58.658600,239.030500,533.808400,849.398000,988.294400,874.000000,2080.000000,2900.000000,2780.000000,39.000000,82.000000,132.000000,158.000000,214.000000,530.000000,728.000000,728.000000,15.219100,37.777800,55.491600,58.658600,9.241600,16.993600,31.008000,51.497600,49.000000,91.000000,168.000000,161.000000,2.000000,4.000000,7.000000,4.000000,12.000000,26.000000,24.000000,0.562500,1.140000,2.310000,2.827500,9.241600,16.000533,31.008000,53.909333,49.000000,86.333333,168.000000,212.333333,2.000000,4.000000,7.000000,4.000000,12.000000,24.666667,28.000000,0.562500,1.150000,2.310000,3.217500,3.348900,33.379200,59.584800,74.664000,676.000000,1092.000000,1976.000000,2496.000000,12.000000,16.000000,108.000000,216.000000,312.000000,1.562500,5.625000,11.450000,15.400000,481.409900,1134.375200,2095.213600,2917.776000,2424.000000,6344.000000,11222.000000,14808.000000,79.000000,176.000000,318.000000,444.000000,494.000000,1348.000000,2310.000000,3108.000000,32.000700,86.805600,150.758200,203.077200,0.490000,1.960000,4.340000,1.000000,4.000000,26.000000,-2.000000,-5.000000,2.000000,-0.020000,-0.080000,1.480000,0.816667,1.960000,3.546667,1.666667,4.000000,18.666667,-2.000000,-4.333333,0.000000,-0.033333,-0.080000,0.960000,-7.260000,-10.600000,-11.520000,114.000000,236.000000,320.000000,18.000000,36.000000,44.000000,3.000000,5.840000,7.680000
VILZEX,3.000000,3.000000,310.410500,708.738400,1146.748000,1391.880400,1166.000000,2848.000000,4048.000000,3928.000000,51.000000,110.000000,180.000000,226.000000,290.000000,734.000000,1056.000000,1100.000000,20.509900,51.915000,78.382800,85.391800,310.410500,708.738400,1146.748000,1391.880400,1166.000000,2848.000000,4048.000000,3928.000000,51.000000,110.000000,180.000000,226.000000,290.000000,734.000000,1056.000000,1100.000000,20.509900,51.915000,78.382800,85.391800,9.241600,16.993600,31.008000,51.497600,49.000000,91.000000,168.000000,161.000000,2.000000,4.000000,7.000000,4.000000,12.000000,26.000000,24.000000,0.562500,1.140000,2.310000,2.827500,9.241600,16.000533,31.008000,53.909333,49.000000,86.333333,168.000000,212.333333,2.000000,4.000000,7.000000,4.000000,12.000000,24.666667,28.000000,0.562500,1.150000,2.310000,3.217500,3.348900,33.379200,59.584800,74.664000,676.000000,1092.000000,1976.000000,2496.000000,12.000000,16.000000,108.000000,216.000000,312.000000,1.562500,5.625000,11.450000,15.400000,624.169900,1484.235200,2689.913600,3724.948000,3008.000000,7880.000000,13518.000000,17104.000000,103.000000,232.000000,414.000000,580.000000,646.000000,1756.000000,2966.000000,3852.000000,42.582300,115.080000,196.540600,256.543600,0.490000,1.960000,4.340000,1.000000,4.000000,26.000000,-2.000000,-5.000000,2.000000,-0.020000,-0.080000,1.480000,0.816667,1.960000,3.546667,1.666667,4.000000,18.666667,-2.000000,-4.333333,0.000000,-0.033333,-0.080000,0.960000,-7.260000,-10.600000,-11.520000,114.000000,236.000000,320.000000,18.000000,36.000000,44.000000,3.000000,5.840000,7.680000
VILZOH,3.000000,3.000000,193.660500,436.908400,703.852000,755.508400,726.000000,1744.000000,2476.000000,2212.000000,31.000000,66.000000,108.000000,118.000000,174.000000,426.000000,584.000000,568.000000,12.299900,30.755400,45.630000,46.057800,193.660500,436.908400,703.852000,755.508400,726.000000,1744.000000,2476.000000,2212.000000,31.000000,66.000000,108.000000,118.000000,174.000000,426.000000,584.000000,568.000000,12.299900,30.755400,45.630000,46.057800,9.241600,16.993600,31.008000,50.433600,49.000000,91.000000,168.000000,126.000000,2.000000,4.000000,7.000000,4.000000,12.000000,26.000000,20.000000,0.562500,1.140000,2.310000,2.527500,9.241600,16.000533,31.008000,53.554667,49.000000,86.333333,168.000000,200.666667,2.000000,4.000000,7.000000,4.000000,12.000000,24.666667,26.666667,0.562500,1.150000,2.310000,3.117500,3.348900,33.379200,59.584800,74.664000,676.000000,1092.000000,1976.000000,2496.000000,12.000000,16.000000,108.000000,216.000000,312.000000,1.562500,5.625000,11.450000,15.400000,390.669900,940.575200,1804.121600,2452.204000,2128.000000,5672.000000,10374.000000,13672.000000,63.000000,144.000000,270.000000,364.000000,414.000000,1140.000000,2022.000000,2772.000000,26.162300,72.760800,131.035000,177.875600,0.490000,1.960000,4.690000,1.000000,4.000000,31.000000,-2.000000,-5.000000,4.000000,-0.020000,-0.080000,1.880000,0.816667,1.960000,3.663333,1.666667,4.000000,20.333333,-2.000000,-4.333333,0.666667,-0.033333,-0.080000,1.093333,-7.260000,-10.600000,-11.520000,114.000000,236.000000,320.000000,18.000000,36.000000,44.000000,3.000000,5.840000,7.680000
VIMBAW,3.000000,3.000000,193.660500,436.908400,703.852000,755.508400,726.000000,1744.000000,2476.000000,2212.000000,31.000000,66.000000,108.000000,118.000000,174.000000,426.000000,584.000000,568.000000,12.299900,30.755400,45.630000,46.057800,193.660500,436.908400,703.852000,755.508400,726.000000,1744.000000,2476.000000,2212.000000,31.000000,66.000000,108.000000,118.000000,174.000000,426.000000,584.000000,568.000000,12.299900,30.755400,45.630000,46.057800,9.241600,16.993600,31.008000,50.433600,49.000000,91.000000,168.000000,126.000000,2.000000,4.000000,7.000000,4.000000,12.000000,26.000000,20.000000,0.562500,1.140000,2.310000,2.527500,9.241600,16.000533,31.008000,53.554667,49.000000,86.333333,168.000000,200.666667,2.000000,4.000000,7.000000,4.000000,12.000000,24.666667,26.666667,0.562500,1.150000,2.310000,3.117500,3.348900,33.379200,59.584800,74.664000,676.000000,1092.000000,1976.000000,2496.000000,12.000000,16.000000,108.000000,216.000000,312.000000,1.562500,5.625000,11.450000,15.400000,390.669900,940.575200,1804.121600,2452.204000,2128.000000,5672.000000,10374.000000,13672.000000,63.000000,144.000000,270.000000,364.000000,414.000000,1140.000000,2022.000000,2772.000000,26.162300,72.760800,131.035000,177.875600,0.490000,1.960000,4.690000,1.000000,4.000000,31.000000,-2.000000,-5.000000,4.000000,-0.020000,-0.080000,1.880000,0.816667,1.960000,3.663333,1.666667,4.000000,20.333333,-2.000000,-4.333333,0.666667,-0.033333,-0.080000,1.093333,-7.260000,-10.600000,-11.520000,114.000000,236.000000,320.000000,18.000000,36.000000,44.000000,3.000000,5.840000,7.680000
VISCAD,3.000000,3.000000,301.712700,680.082400,1045.732000,1296.240400,1218.000000,2836.000000,4132.000000,4324.000000,47.000000,102.000000,160.000000,202.000000,262.000000,662.000000,968.000000,1028.000000,19.842300,49.485400,74.383200,83.094200,301.712700,680.082400,1045.732000,1296.240400,1218.000000,2836.000000,4132.000000,4324.000000,47.000000,102.000000,160.000000,202.000000,262.000000,662.000000,968.000000,1028.000000,19.842300,49.485400,74.383200,83.094200,9.241600,16.993600,29.944000,31.433600,49.000000,91.000000,133.000000,140.000000,2.000000,4.000000,4.000000,4.000000,12.000000,20.000000,18.000000,0.562500,1.140000,2.010000,1.995000,9.241600,16.000533,30.653333,47.221333,49.000000,86.333333,156.333333,205.333333,2.000000,4.000000,6.000000,4.000000,12.000000,22.666667,26.000000,0.562500,1.150000,2.210000,2.940000,3.348900,33.379200,59.584800,72.102000,676.000000,1092.000000,1976.000000,1976.000000,12.000000,16.000000,108.000000,216.000000,240.000000,1.562500,5.625000,11.450000,13.400000,606.774300,1426.923200,2487.881600,3528.544000,3112.000000,7856.000000,13686.000000,16856.000000,95.000000,216.000000,374.000000,532.000000,590.000000,1612.000000,2766.000000,3540.000000,41.247100,110.220800,188.541400,247.948400,0.490000,2.310000,1.820000,1.000000,9.000000,8.000000,-2.000000,-2.000000,-1.000000,-0.020000,0.320000,0.340000,0.816667,2.076667,2.706667,1.666667,5.666667,12.666667,-2.000000,-3.333333,-1.000000,-0.033333,0.053333,0.580000,-7.260000,-10.600000,-10.120000,114.000000,236.000000,340.000000,18.000000,36.000000,56.000000,3.000000,5.840000,9.280000
VOJPAM,1.000000,1.000000,117.878900,253.176600,413.924600,438.442000,386.000000,882.000000,1070.000000,736.000000,19.000000,38.000000,66.000000,76.000000,104.000000,256.000000,322.000000,276.000000,6.583500,16.095400,22.822600,20.992400,117.878900,253.176600,413.924600,438.442000,386.000000,882.000000,1070.000000,736.000000,19.000000,38.000000,66.000000,76.000000,104.000000,256.000000,322.000000,276.000000,6.583500,16.095400,22.822600,20.992400,9.241600,16.993600,25.171200,7.752000,49.000000,91.000000,105.000000,42.000000,2.000000,3.000000,1.000000,4.000000,10.000000,12.000000,8.000000,0.562500,1.140000,1.402500,0.577500,9.241600,16.993600,25.171200,7.752000,49.000000,91.000000,105.000000,42.000000,2.000000,3.000000,1.000000,4.000000,10.000000,12.000000,8.000000,0.562500,1.140000,1.402500,0.577500,3.348900,33.379200,61.378200,90.914400,676.000000,1092.000000,2028.000000,2340.000000,12.000000,18.000000,108.000000,180.000000,216.000000,1.562500,5.625000,11.400000,14.025000,710.622300,1585.818000,2883.552000,3832.096800,2992.000000,7476.000000,11946.000000,14556.000000,115.000000,240.000000,450.000000,612.000000,690.000000,1812.000000,2634.000000,3036.000000,41.063500,107.822400,176.610600,222.404400,0.490000,0.840000,0.490000,1.000000,6.000000,1.000000,-1.000000,0.000000,-2.000000,-0.020000,0.380000,-0.020000,0.490000,0.840000,0.490000,1.000000,6.000000,1.000000,-1.000000,0.000000,-2.000000,-0.020000,0.380000,-0.020000,-7.260000,-11.580000,-16.740000,114.000000,234.000000,378.000000,18.000000,42.000000,72.000000,3.000000,5.880000,11.280000
VUJRIC,3.000000,3.000000,261.129600,586.665600,980.613600,1082.326200,891.000000,2166.000000,3246.000000,3300.000000,43.000000,90.000000,156.000000,162.000000,246.000000,594.000000,822.000000,900.000000,15.736300,39.965400,60.463200,65.392200,261.129600,586.665600,980.613600,1082.326200,891.000000,2166.000000,3246.000000,3300.000000,43.000000,90.000000,156.000000,162.000000,246.000000,594.000000,822.000000,900.000000,15.736300,39.965400,60.463200,65.392200,9.241600,16.993600,31.008000,52.987200,49.000000,91.000000,168.000000,168.000000,2.000000,4.000000,7.000000,4.000000,12.000000,26.000000,28.000000,0.562500,1.140000,2.310000,2.812500,9.241600,16.993600,31.008000,52.987200,49.000000,91.000000,168.000000,168.000000,2.000000,4.000000,7.000000,4.000000,12.000000,26.000000,28.000000,0.562500,1.140000,2.310000,2.812500,3.348900,33.379200,61.378200,93.330000,676.000000,1092.000000,2028.000000,3120.000000,12.000000,20.000000,108.000000,216.000000,396.000000,1.562500,5.625000,11.400000,19.250000,525.608100,1240.089600,2361.231600,3149.130000,2458.000000,6516.000000,12018.000000,17124.000000,87.000000,192.000000,366.000000,460.000000,558.000000,1476.000000,2502.000000,3624.000000,33.035100,91.180800,160.601400,224.184400,0.490000,1.960000,3.850000,1.000000,4.000000,25.000000,-2.000000,-5.000000,0.000000,-0.020000,-0.080000,1.500000,0.490000,1.960000,3.850000,1.000000,4.000000,25.000000,-2.000000,-5.000000,0.000000,-0.020000,-0.080000,1.500000,-7.260000,-11.580000,-14.400000,114.000000,234.000000,400.000000,18.000000,36.000000,54.000000,3.000000,5.880000,9.600000
WAHKEX,4.000000,2.000000,257.313900,572.016000,940.067000,1165.713400,900.000000,2148.000000,2882.000000,2866.000000,43.000000,90.000000,150.000000,192.000000,240.000000,600.000000,838.000000,928.000000,16.253100,40.763800,60.144200,67.556400,100.704967,209.780000,323.813267,388.571133,527.333333,900.000000,1110.000000,955.333333,16.333333,32.666667,51.333333,64.000000,84.000000,205.333333,280.666667,309.333333,6.881567,15.405133,21.068067,22.518800,9.241600,15.504000,29.944000,43.000800,49.000000,84.000000,133.000000,115.500000,2.000000,4.000000,6.000000,4.000000,12.000000,22.000000,21.000000,0.562500,1.155000,2.010000,2.257500,9.241600,11.628000,20.783467,16.476800,49.000000,63.000000,124.833333,59.500000,1.500000,2.833333,2.166667,2.833333,9.333333,12.333333,10.833333,0.562500,0.866250,1.411250,0.943750,3.348900,33.379200,51.331500,78.342300,676.000000,1092.000000,1716.000000,2158.000000,11.000000,18.000000,102.000000,204.000000,198.000000,1.562500,5.625000,10.587500,13.450000,305.463800,696.098400,1351.350800,2045.127600,2258.000000,4884.000000,8232.000000,11102.000000,50.000000,110.000000,206.000000,322.000000,316.000000,888.000000,1590.000000,2164.000000,22.207200,57.465400,101.254200,148.801400,0.980000,2.310000,4.095000,2.000000,9.000000,25.500000,-2.000000,-3.000000,1.500000,-0.040000,0.320000,1.490000,0.735000,1.776667,1.166667,1.500000,2.000000,6.666667,-1.500000,1.333333,1.333333,-0.030000,0.243333,0.366667,-7.260000,-7.920000,-9.870000,114.000000,220.000000,385.000000,19.000000,32.000000,75.000000,3.000000,5.280000,11.740000
WAHKEX01,4.000000,2.000000,257.313900,572.016000,940.067000,1165.713400,900.000000,2148.000000,2882.000000,2866.000000,43.000000,90.000000,150.000000,192.000000,240.000000,600.000000,838.000000,928.000000,16.253100,40.763800,60.144200,67.556400,100.704967,209.780000,323.813267,388.571133,527.333333,900.000000,1110.000000,955.333333,16.333333,32.666667,51.333333,64.000000,84.000000,205.333333,280.666667,309.333333,6.881567,15.405133,21.068067,22.518800,9.241600,15.504000,29.944000,43.000800,49.000000,84.000000,133.000000,115.500000,2.000000,4.000000,6.000000,4.000000,12.000000,22.000000,21.000000,0.562500,1.155000,2.010000,2.257500,9.241600,11.628000,20.783467,16.476800,49.000000,63.000000,124.833333,59.500000,1.500000,2.833333,2.166667,2.833333,9.333333,12.333333,10.833333,0.562500,0.866250,1.411250,0.943750,3.348900,33.379200,51.331500,78.342300,676.000000,1092.000000,1716.000000,2158.000000,11.000000,18.000000,102.000000,204.000000,198.000000,1.562500,5.625000,10.587500,13.450000,305.463800,696.098400,1351.350800,2045.127600,2258.000000,4884.000000,8232.000000,11102.000000,50.000000,110.000000,206.000000,322.000000,316.000000,888.000000,1590.000000,2164.000000,22.207200,57.465400,101.254200,148.801400,0.980000,2.310000,4.095000,2.000000,9.000000,25.500000,-2.000000,-3.000000,1.500000,-0.040000,0.320000,1.490000,0.735000,1.776667,1.166667,1.500000,2.000000,6.666667,-1.500000,1.333333,1.333333,-0.030000,0.243333,0.366667,-7.260000,-7.920000,-9.870000,114.000000,220.000000,385.000000,19.000000,32.000000,75.000000,3.000000,5.280000,11.740000
WATJEJ,2.000000,1.500000,216.293200,479.196000,723.616000,868.429200,832.000000,1944.000000,2572.000000,2478.000000,36.000000,76.000000,116.000000,144.000000,192.000000,470.000000,632.000000,620.000000,14.899600,36.313200,51.314000,54.735600,119.269900,253.852500,369.560000,434.214600,1036.500000,1218.000000,1524.000000,1239.000000,19.500000,40.000000,59.000000,72.000000,99.000000,239.000000,317.000000,310.000000,8.700300,19.627300,26.527000,27.367800,9.241600,15.504000,29.944000,37.057600,49.000000,84.000000,133.000000,112.000000,2.000000,4.000000,5.000000,4.000000,12.000000,20.000000,16.000000,0.562500,1.155000,2.010000,1.972500,9.241600,11.628000,18.848000,22.936800,49.000000,63.000000,185.500000,94.500000,1.500000,2.500000,3.000000,2.500000,7.000000,10.500000,13.000000,0.562500,0.866250,1.440000,1.425000,3.348900,33.379200,46.665000,62.769000,676.000000,1092.000000,1560.000000,3120.000000,10.000000,14.000000,96.000000,168.000000,180.000000,1.562500,5.625000,9.625000,12.450000,480.428500,1082.168400,1848.818000,2538.614000,4822.000000,7056.000000,10686.000000,14864.000000,79.000000,172.000000,286.000000,404.000000,458.000000,1204.000000,1900.000000,2316.000000,36.363700,89.759200,142.233000,185.251200,0.980000,2.310000,3.010000,2.000000,9.000000,19.000000,-2.000000,-2.000000,2.000000,-0.040000,0.320000,1.120000,0.735000,1.400000,1.575000,1.500000,-9.000000,7.500000,-1.500000,-1.000000,-0.500000,-0.030000,-0.045000,0.350000,-7.260000,-7.200000,-8.680000,114.000000,200.000000,244.000000,20.000000,32.000000,54.000000,3.000000,4.800000,7.540000
WATJEJ01,2.000000,1.500000,216.293200,479.196000,723.616000,868.429200,832.000000,1944.000000,2572.000000,2478.000000,36.000000,76.000000,116.000000,144.000000,192.000000,470.000000,632.000000,620.000000,14.899600,36.313200,51.314000,54.735600,119.269900,253.852500,369.560000,434.214600,1036.500000,1218.000000,1524.000000,1239.000000,19.500000,40.000000,59.000000,72.000000,99.000000,239.000000,317.000000,310.000000,8.700300,19.627300,26.527000,27.367800,9.241600,15.504000,29.944000,37.057600,49.000000,84.000000,133.000000,112.000000,2.000000,4.000000,5.000000,4.000000,12.000000,20.000000,16.000000,0.562500,1.155000,2.010000,1.972500,9.241600,11.628000,18.848000,22.936800,49.000000,63.000000,185.500000,94.500000,1.500000,2.500000,3.000000,2.500000,7.000000,10.500000,13.000000,0.562500,0.866250,1.440000,1.425000,3.348900,33.379200,46.665000,62.769000,676.000000,1092.000000,1560.000000,3120.000000,10.000000,14.000000,96.000000,168.000000,180.000000,1.562500,5.625000,9.625000,12.450000,480.428500,1082.168400,1848.818000,2538.614000,4822.000000,7056.000000,10686.000000,14864.000000,79.000000,172.000000,286.000000,404.000000,458.000000,1204.000000,1900.000000,2316.000000,36.363700,89.759200,142.233000,185.251200,0.980000,2.310000,3.010000,2.000000,9.000000,19.000000,-2.000000,-2.000000,2.000000,-0.040000,0.320000,1.120000,0.735000,1.400000,1.575000,1.500000,-9.000000,7.500000,-1.500000,-1.000000,-0.500000,-0.030000,-0.045000,0.350000,-7.260000,-7.200000,-8.680000,114.000000,200.000000,244.000000,20.000000,32.000000,54.000000,3.000000,4.800000,7.540000
WEKJED,3.000000,3.000000,149.167300,318.727000,504.043000,571.462400,484.000000,1084.000000,1366.000000,1340.000000,25.000000,50.000000,82.000000,94.000000,132.000000,314.000000,386.000000,386.000000,8.803300,21.453400,29.920200,31.185400,149.167300,318.727000,504.043000,571.462400,484.000000,1084.000000,1366.000000,1340.000000,25.000000,50.000000,82.000000,94.000000,132.000000,314.000000,386.000000,386.000000,8.803300,21.453400,29.920200,31.185400,9.241600,18.316000,25.536000,30.369600,49.000000,70.000000,94.500000,105.000000,2.500000,3.500000,4.000000,6.500000,15.000000,19.000000,17.000000,0.562500,1.143750,1.571250,1.695000,9.241600,16.441333,32.933333,49.906667,49.000000,79.333333,124.833333,151.666667,2.166667,4.500000,6.666667,4.833333,14.333333,23.666667,23.000000,0.562500,1.151250,2.048750,2.625000,3.348900,33.379200,62.769000,68.259000,676.000000,1092.000000,1664.000000,1196.000000,14.000000,16.000000,120.000000,228.000000,180.000000,1.562500,5.625000,11.475000,10.400000,301.683500,704.212400,1410.872000,2124.198000,1644.000000,4352.000000,7530.000000,8488.000000,51.000000,112.000000,222.000000,336.000000,334.000000,944.000000,1676.000000,2252.000000,19.169100,54.156800,99.665400,138.280800,1.575000,2.240000,2.170000,7.500000,11.000000,13.000000,0.500000,0.500000,2.000000,0.350000,0.530000,0.740000,1.178333,2.846667,3.850000,3.833333,13.666667,25.000000,-1.833333,-1.833333,2.666667,0.090000,0.643333,1.500000,-7.260000,-8.680000,-8.020000,114.000000,300.000000,370.000000,16.000000,46.000000,66.000000,3.000000,8.320000,11.680000
WEKJIH,3.000000,3.000000,165.349800,354.515000,576.536000,639.027400,522.000000,1190.000000,1484.000000,1462.000000,28.000000,56.000000,94.000000,106.000000,150.000000,356.000000,440.000000,452.000000,9.670000,23.762800,33.318600,34.924200,165.349800,354.515000,576.536000,639.027400,522.000000,1190.000000,1484.000000,1462.000000,28.000000,56.000000,94.000000,106.000000,150.000000,356.000000,440.000000,452.000000,9.670000,23.762800,33.318600,34.924200,9.241600,18.848000,35.568000,30.369600,49.000000,87.500000,105.000000,105.000000,2.500000,5.000000,4.000000,6.500000,19.500000,23.500000,17.000000,0.562500,1.293750,1.987500,1.695000,9.241600,16.618667,36.277333,49.906667,49.000000,85.166667,128.333333,151.666667,2.166667,5.000000,6.666667,4.833333,15.833333,25.166667,23.000000,0.562500,1.201250,2.187500,2.625000,3.348900,33.379200,64.050000,92.415000,676.000000,1092.000000,1924.000000,1352.000000,14.000000,22.000000,120.000000,264.000000,216.000000,1.562500,5.625000,12.475000,13.175000,334.048500,775.788400,1558.420000,2328.920000,1720.000000,4564.000000,8286.000000,9744.000000,57.000000,124.000000,246.000000,372.000000,370.000000,1040.000000,1868.000000,2648.000000,20.902500,58.775600,108.462200,157.308400,1.400000,3.500000,2.170000,5.000000,20.000000,13.000000,-1.000000,3.500000,2.000000,0.150000,1.100000,0.740000,1.120000,3.266667,3.850000,3.000000,16.666667,25.000000,-2.333333,-0.833333,2.666667,0.023333,0.833333,1.500000,-7.260000,-9.380000,-10.240000,114.000000,290.000000,520.000000,16.000000,40.000000,96.000000,3.000000,7.520000,16.960000
WIDGEW,1.000000,4.000000,22.400500,28.662000,15.686400,0.000000,341.000000,276.000000,224.000000,0.000000,3.000000,4.000000,2.000000,0.000000,6.000000,8.000000,2.000000,0.000000,2.195800,2.725800,1.530000,0.000000,249.934600,566.601400,913.808000,1063.256600,958.000000,2308.000000,3236.000000,2942.000000,40.000000,86.000000,140.000000,168.000000,226.000000,566.000000,796.000000,798.000000,16.237600,40.703800,60.735600,63.250400,9.241600,7.752000,7.843200,0.000000,49.000000,42.000000,112.000000,0.000000,1.000000,1.000000,0.000000,1.000000,2.000000,1.000000,0.000000,0.562500,0.577500,0.765000,0.000000,9.241600,16.248800,30.476000,47.621600,49.000000,87.500000,150.500000,140.000000,2.000000,4.000000,6.500000,4.000000,12.000000,24.000000,22.000000,0.562500,1.147500,2.160000,2.538750,3.348900,33.379200,48.458400,64.159800,676.000000,1092.000000,1612.000000,2444.000000,10.000000,14.000000,96.000000,168.000000,216.000000,1.562500,5.625000,9.575000,13.100000,298.084500,690.683800,1319.345600,1879.102600,2316.000000,5044.000000,8378.000000,11540.000000,47.000000,106.000000,194.000000,282.000000,300.000000,830.000000,1448.000000,1930.000000,22.191700,57.405400,99.820600,138.905400,0.490000,0.460000,0.000000,1.000000,-9.000000,0.000000,-1.000000,0.000000,0.000000,-0.020000,-0.270000,0.000000,0.735000,2.135000,4.095000,1.500000,6.500000,25.500000,-2.000000,-4.000000,2.000000,-0.030000,0.120000,1.490000,-7.260000,-8.180000,-9.440000,114.000000,198.000000,270.000000,20.000000,32.000000,48.000000,3.000000,4.840000,7.020000
WIDGIA,1.000000,4.000000,22.400500,28.662000,15.686400,0.000000,341.000000,276.000000,224.000000,0.000000,3.000000,4.000000,2.000000,0.000000,6.000000,8.000000,2.000000,0.000000,2.195800,2.725800,1.530000,0.000000,314.664600,708.381400,1180.260000,1383.790600,1110.000000,2692.000000,3924.000000,3934.000000,52.000000,110.000000,188.000000,216.000000,298.000000,734.000000,1024.000000,1134.000000,19.704400,50.005400,75.722800,84.028000,9.241600,7.752000,7.843200,0.000000,49.000000,42.000000,112.000000,0.000000,1.000000,1.000000,0.000000,1.000000,2.000000,1.000000,0.000000,0.562500,0.577500,0.765000,0.000000,9.241600,16.248800,31.008000,58.185600,49.000000,87.500000,168.000000,168.000000,2.000000,4.000000,8.000000,4.000000,12.000000,27.000000,28.000000,0.562500,1.147500,2.310000,3.105000,3.348900,33.379200,48.458400,65.440800,676.000000,1092.000000,1612.000000,2704.000000,10.000000,14.000000,96.000000,168.000000,252.000000,1.562500,5.625000,9.575000,14.100000,362.814500,832.463800,1585.797600,2202.198600,2468.000000,5428.000000,9066.000000,13052.000000,59.000000,130.000000,242.000000,330.000000,372.000000,998.000000,1688.000000,2362.000000,25.658500,66.707000,114.807800,161.683000,0.490000,0.460000,0.000000,1.000000,-9.000000,0.000000,-1.000000,0.000000,0.000000,-0.020000,-0.270000,0.000000,0.735000,1.960000,5.180000,1.500000,4.000000,32.000000,-2.000000,-5.500000,2.000000,-0.030000,-0.080000,1.860000,-7.260000,-8.180000,-10.140000,114.000000,198.000000,260.000000,20.000000,32.000000,42.000000,3.000000,4.840000,6.220000
WIDGOG,1.000000,4.000000,40.729800,62.016000,49.971400,31.008000,219.000000,336.000000,268.000000,168.000000,5.000000,8.000000,6.000000,4.000000,14.000000,24.000000,16.000000,8.000000,2.873300,4.620000,3.435800,2.310000,314.664600,708.381400,1180.260000,1383.790600,1110.000000,2692.000000,3924.000000,3934.000000,52.000000,110.000000,188.000000,216.000000,298.000000,734.000000,1024.000000,1134.000000,19.704400,50.005400,75.722800,84.028000,9.241600,7.752000,9.241600,7.752000,49.000000,42.000000,49.000000,42.000000,1.000000,1.000000,1.000000,1.000000,2.000000,2.000000,2.000000,0.562500,0.577500,0.562500,0.577500,9.241600,16.248800,31.008000,58.185600,49.000000,87.500000,168.000000,168.000000,2.000000,4.000000,8.000000,4.000000,12.000000,27.000000,28.000000,0.562500,1.147500,2.310000,3.105000,3.348900,33.379200,48.458400,67.124400,676.000000,1092.000000,1612.000000,2236.000000,10.000000,14.000000,96.000000,168.000000,264.000000,1.562500,5.625000,9.575000,13.425000,399.473100,899.171800,1654.367600,2267.581800,2224.000000,5548.000000,9154.000000,12452.000000,63.000000,138.000000,250.000000,338.000000,388.000000,1030.000000,1720.000000,2410.000000,27.013500,70.495400,118.619400,164.953000,0.490000,0.000000,0.490000,1.000000,0.000000,1.000000,-1.000000,-1.000000,-1.000000,-0.020000,0.000000,-0.020000,0.735000,1.960000,5.180000,1.500000,4.000000,32.000000,-2.000000,-5.500000,2.000000,-0.030000,-0.080000,1.860000,-7.260000,-8.180000,-11.060000,114.000000,198.000000,278.000000,20.000000,32.000000,40.000000,3.000000,4.840000,6.760000
WIFZUG,1.000000,1.000000,22.400500,28.662000,15.686400,0.000000,341.000000,276.000000,224.000000,0.000000,3.000000,4.000000,2.000000,0.000000,6.000000,8.000000,2.000000,0.000000,2.195800,2.725800,1.530000,0.000000,147.014100,323.493000,490.240000,583.806000,528.000000,1236.000000,1588.000000,1446.000000,25.000000,52.000000,80.000000,100.000000,132.000000,324.000000,440.000000,442.000000,9.776100,23.993200,33.788800,35.597600,9.241600,7.752000,7.843200,0.000000,49.000000,42.000000,112.000000,0.000000,1.000000,1.000000,0.000000,1.000000,2.000000,1.000000,0.000000,0.562500,0.577500,0.765000,0.000000,9.241600,15.504000,28.880000,21.128000,49.000000,84.000000,98.000000,56.000000,2.000000,4.000000,3.000000,4.000000,12.000000,16.000000,10.000000,0.562500,1.155000,1.710000,1.132500,3.348900,33.379200,46.665000,78.982800,676.000000,1092.000000,1560.000000,2288.000000,10.000000,18.000000,96.000000,168.000000,204.000000,1.562500,5.625000,9.625000,13.950000,636.206300,1418.054400,2362.910800,3268.389600,3470.000000,7680.000000,11390.000000,14560.000000,107.000000,228.000000,374.000000,536.000000,602.000000,1560.000000,2380.000000,2952.000000,45.058500,112.674400,174.340200,228.040400,0.490000,0.460000,0.000000,1.000000,-9.000000,0.000000,-1.000000,0.000000,0.000000,-0.020000,-0.270000,0.000000,0.980000,2.660000,2.170000,2.000000,14.000000,13.000000,-2.000000,0.000000,1.000000,-0.040000,0.720000,0.740000,-7.260000,-7.200000,-10.220000,114.000000,200.000000,380.000000,20.000000,32.000000,74.000000,3.000000,4.800000,11.340000
WIGBAP,1.000000,1.000000,22.400500,28.662000,15.686400,0.000000,341.000000,276.000000,224.000000,0.000000,3.000000,4.000000,2.000000,0.000000,6.000000,8.000000,2.000000,0.000000,2.195800,2.725800,1.530000,0.000000,147.014100,323.493000,490.240000,583.806000,528.000000,1236.000000,1588.000000,1446.000000,25.000000,52.000000,80.000000,100.000000,132.000000,324.000000,440.000000,442.000000,9.776100,23.993200,33.788800,35.597600,9.241600,7.752000,7.843200,0.000000,49.000000,42.000000,112.000000,0.000000,1.000000,1.000000,0.000000,1.000000,2.000000,1.000000,0.000000,0.562500,0.577500,0.765000,0.000000,9.241600,15.504000,28.880000,21.128000,49.000000,84.000000,98.000000,56.000000,2.000000,4.000000,3.000000,4.000000,12.000000,16.000000,10.000000,0.562500,1.155000,1.710000,1.132500,3.348900,33.379200,46.665000,78.982800,676.000000,1092.000000,1560.000000,2288.000000,10.000000,18.000000,96.000000,168.000000,204.000000,1.562500,5.625000,9.625000,13.950000,636.206300,1418.054400,2362.910800,3268.389600,3470.000000,7680.000000,11390.000000,14560.000000,107.000000,228.000000,374.000000,536.000000,602.000000,1560.000000,2380.000000,2952.000000,45.058500,112.674400,174.340200,228.040400,0.490000,0.460000,0.000000,1.000000,-9.000000,0.000000,-1.000000,0.000000,0.000000,-0.020000,-0.270000,0.000000,0.980000,2.660000,2.170000,2.000000,14.000000,13.000000,-2.000000,0.000000,1.000000,-0.040000,0.720000,0.740000,-7.260000,-7.200000,-10.220000,114.000000,200.000000,380.000000,20.000000,32.000000,74.000000,3.000000,4.800000,11.340000
XADFEN,3.000000,3.000000,181.732500,402.242200,623.026400,683.886600,738.000000,1708.000000,2402.000000,2226.000000,28.000000,60.000000,94.000000,104.000000,154.000000,374.000000,502.000000,492.000000,11.859600,29.046000,41.896200,42.281600,181.732500,402.242200,623.026400,683.886600,738.000000,1708.000000,2402.000000,2226.000000,28.000000,60.000000,94.000000,104.000000,154.000000,374.000000,502.000000,492.000000,11.859600,29.046000,41.896200,42.281600,9.241600,15.504000,32.573600,37.589600,49.000000,84.000000,161.000000,129.500000,2.000000,4.000000,5.000000,4.000000,12.000000,21.000000,18.000000,0.562500,1.155000,2.137500,2.122500,9.241600,15.504000,31.529867,50.266400,49.000000,84.000000,165.666667,206.500000,2.000000,4.000000,6.333333,4.000000,12.000000,23.000000,24.666667,0.562500,1.155000,2.252500,2.972500,3.348900,33.379200,55.998000,78.433800,676.000000,1092.000000,1872.000000,2392.000000,12.000000,16.000000,108.000000,216.000000,252.000000,1.562500,5.625000,11.550000,14.250000,366.813900,871.242800,1635.296800,2256.916000,2152.000000,5600.000000,10018.000000,13212.000000,57.000000,132.000000,242.000000,336.000000,374.000000,1036.000000,1838.000000,2488.000000,25.281700,69.342000,123.767400,168.623200,0.980000,1.445000,2.835000,2.000000,5.000000,16.500000,-2.000000,-2.500000,1.000000,-0.040000,0.150000,0.920000,0.980000,1.788333,2.718333,2.000000,4.333333,14.833333,-2.000000,-3.500000,0.333333,-0.040000,-0.003333,0.786667,-7.260000,-8.640000,-13.580000,114.000000,240.000000,324.000000,18.000000,36.000000,54.000000,3.000000,5.760000,8.600000
XAMNII,3.000000,3.000000,168.874600,385.215600,621.063600,675.313200,664.000000,1602.000000,2256.000000,1890.000000,26.000000,56.000000,90.000000,102.000000,146.000000,368.000000,528.000000,486.000000,10.673000,26.582800,39.647400,37.600200,168.874600,385.215600,621.063600,675.313200,664.000000,1602.000000,2256.000000,1890.000000,26.000000,56.000000,90.000000,102.000000,146.000000,368.000000,528.000000,486.000000,10.673000,26.582800,39.647400,37.600200,9.241600,16.993600,29.944000,38.547200,49.000000,91.000000,133.000000,119.000000,2.000000,4.000000,5.000000,4.000000,12.000000,22.000000,18.000000,0.562500,1.140000,2.010000,1.957500,9.241600,16.993600,29.944000,38.547200,49.000000,91.000000,133.000000,119.000000,2.000000,4.000000,5.000000,4.000000,12.000000,22.000000,18.000000,0.562500,1.140000,2.010000,1.957500,3.348900,33.379200,61.378200,89.487000,676.000000,1092.000000,2028.000000,2340.000000,12.000000,20.000000,108.000000,216.000000,300.000000,1.562500,5.625000,11.400000,16.250000,341.098100,837.189600,1642.131600,2327.418000,2004.000000,5388.000000,10038.000000,12744.000000,53.000000,124.000000,234.000000,340.000000,358.000000,1024.000000,1890.000000,2544.000000,22.908500,64.415600,118.969800,162.600400,0.490000,2.310000,2.520000,1.000000,9.000000,18.000000,-2.000000,-3.000000,1.000000,-0.020000,0.320000,1.140000,0.490000,2.310000,2.520000,1.000000,9.000000,18.000000,-2.000000,-3.000000,1.000000,-0.020000,0.320000,1.140000,-7.260000,-11.580000,-12.300000,114.000000,234.000000,430.000000,18.000000,36.000000,70.000000,3.000000,5.880000,12.000000
XAMNII01,3.000000,3.000000,168.874600,385.215600,621.063600,675.313200,664.000000,1602.000000,2256.000000,1890.000000,26.000000,56.000000,90.000000,102.000000,146.000000,368.000000,528.000000,486.000000,10.673000,26.582800,39.647400,37.600200,168.874600,385.215600,621.063600,675.313200,664.000000,1602.000000,2256.000000,1890.000000,26.000000,56.000000,90.000000,102.000000,146.000000,368.000000,528.000000,486.000000,10.673000,26.582800,39.647400,37.600200,9.241600,16.993600,29.944000,38.547200,49.000000,91.000000,133.000000,119.000000,2.000000,4.000000,5.000000,4.000000,12.000000,22.000000,18.000000,0.562500,1.140000,2.010000,1.957500,9.241600,16.993600,29.944000,38.547200,49.000000,91.000000,133.000000,119.000000,2.000000,4.000000,5.000000,4.000000,12.000000,22.000000,18.000000,0.562500,1.140000,2.010000,1.957500,3.348900,33.379200,61.378200,89.487000,676.000000,1092.000000,2028.000000,2340.000000,12.000000,20.000000,108.000000,216.000000,300.000000,1.562500,5.625000,11.400000,16.250000,341.098100,837.189600,1642.131600,2327.418000,2004.000000,5388.000000,10038.000000,12744.000000,53.000000,124.000000,234.000000,340.000000,358.000000,1024.000000,1890.000000,2544.000000,22.908500,64.415600,118.969800,162.600400,0.490000,2.310000,2.520000,1.000000,9.000000,18.000000,-2.000000,-3.000000,1.000000,-0.020000,0.320000,1.140000,0.490000,2.310000,2.520000,1.000000,9.000000,18.000000,-2.000000,-3.000000,1.000000,-0.020000,0.320000,1.140000,-7.260000,-11.580000,-12.300000,114.000000,234.000000,430.000000,18.000000,36.000000,70.000000,3.000000,5.880000,12.000000
XECMIB01,2.000000,1.500000,261.663200,589.101000,917.416000,1152.479200,980.000000,2352.000000,3244.000000,3346.000000,44.000000,94.000000,148.000000,192.000000,242.000000,606.000000,860.000000,932.000000,17.818800,44.521400,65.358800,73.978800,142.031850,308.881500,466.551200,576.239600,660.500000,1314.000000,1734.000000,1673.000000,23.500000,49.000000,75.000000,96.000000,124.000000,307.000000,431.000000,466.000000,10.007300,23.623600,33.444400,36.989400,9.241600,15.504000,29.944000,37.057600,49.000000,84.000000,133.000000,112.000000,2.000000,4.000000,5.000000,4.000000,12.000000,20.000000,16.000000,0.562500,1.155000,2.010000,1.972500,9.241600,11.628000,18.893600,22.936800,49.000000,63.000000,122.500000,94.500000,1.500000,2.500000,3.000000,2.500000,7.000000,10.500000,13.000000,0.562500,0.866250,1.387500,1.425000,3.348900,33.379200,46.665000,62.878800,676.000000,1092.000000,1560.000000,2184.000000,10.000000,14.000000,96.000000,168.000000,180.000000,1.562500,5.625000,9.625000,12.100000,571.476300,1302.284400,2236.782800,3106.933600,3318.000000,7440.000000,11526.000000,14728.000000,95.000000,208.000000,350.000000,500.000000,558.000000,1476.000000,2356.000000,2940.000000,41.591700,105.744400,169.902600,223.037600,0.980000,2.310000,3.010000,2.000000,9.000000,19.000000,-2.000000,-2.000000,2.000000,-0.040000,0.320000,1.120000,0.735000,1.385000,1.575000,1.500000,0.000000,7.500000,-1.500000,-1.000000,-0.500000,-0.030000,0.025000,0.350000,-7.260000,-7.200000,-8.740000,114.000000,200.000000,280.000000,20.000000,32.000000,54.000000,3.000000,4.800000,7.820000
XECMIB02,2.000000,1.500000,261.663200,589.101000,917.416000,1152.479200,980.000000,2352.000000,3244.000000,3346.000000,44.000000,94.000000,148.000000,192.000000,242.000000,606.000000,860.000000,932.000000,17.818800,44.521400,65.358800,73.978800,142.031850,308.881500,466.551200,576.239600,660.500000,1314.000000,1734.000000,1673.000000,23.500000,49.000000,75.000000,96.000000,124.000000,307.000000,431.000000,466.000000,10.007300,23.623600,33.444400,36.989400,9.241600,15.504000,29.944000,37.057600,49.000000,84.000000,133.000000,112.000000,2.000000,4.000000,5.000000,4.000000,12.000000,20.000000,16.000000,0.562500,1.155000,2.010000,1.972500,9.241600,11.628000,18.893600,22.936800,49.000000,63.000000,122.500000,94.500000,1.500000,2.500000,3.000000,2.500000,7.000000,10.500000,13.000000,0.562500,0.866250,1.387500,1.425000,3.348900,33.379200,46.665000,62.878800,676.000000,1092.000000,1560.000000,2184.000000,10.000000,14.000000,96.000000,168.000000,180.000000,1.562500,5.625000,9.625000,12.100000,571.476300,1302.284400,2236.782800,3106.933600,3318.000000,7440.000000,11526.000000,14728.000000,95.000000,208.000000,350.000000,500.000000,558.000000,1476.000000,2356.000000,2940.000000,41.591700,105.744400,169.902600,223.037600,0.980000,2.310000,3.010000,2.000000,9.000000,19.000000,-2.000000,-2.000000,2.000000,-0.040000,0.320000,1.120000,0.735000,1.385000,1.575000,1.500000,0.000000,7.500000,-1.500000,-1.000000,-0.500000,-0.030000,0.025000,0.350000,-7.260000,-7.200000,-8.740000,114.000000,200.000000,280.000000,20.000000,32.000000,54.000000,3.000000,4.800000,7.820000
XECNAU,2.000000,1.500000,221.771400,489.672200,738.610000,897.045200,858.000000,1994.000000,2644.000000,2582.000000,36.000000,76.000000,116.000000,144.000000,192.000000,470.000000,632.000000,620.000000,14.838800,36.190800,51.129200,54.430000,122.085950,259.167100,377.148200,448.522600,599.500000,1135.000000,1434.000000,1291.000000,19.500000,40.000000,59.000000,72.000000,99.000000,239.000000,317.000000,310.000000,8.517300,19.458300,26.329600,27.215000,9.241600,15.504000,29.944000,37.057600,49.000000,84.000000,133.000000,112.000000,2.000000,4.000000,5.000000,4.000000,12.000000,20.000000,16.000000,0.562500,1.155000,2.010000,1.972500,9.241600,11.628000,18.893600,22.936800,49.000000,63.000000,122.500000,94.500000,1.500000,2.500000,3.000000,2.500000,7.000000,10.500000,13.000000,0.562500,0.866250,1.387500,1.425000,3.348900,33.379200,46.665000,62.878800,676.000000,1092.000000,1560.000000,2184.000000,10.000000,14.000000,96.000000,168.000000,180.000000,1.562500,5.625000,9.625000,12.100000,491.692700,1103.426800,1879.170800,2596.065600,3074.000000,6724.000000,10326.000000,13200.000000,79.000000,172.000000,286.000000,404.000000,458.000000,1204.000000,1900.000000,2316.000000,35.631700,89.083200,141.443400,183.940000,0.980000,2.310000,3.010000,2.000000,9.000000,19.000000,-2.000000,-2.000000,2.000000,-0.040000,0.320000,1.120000,0.735000,1.385000,1.575000,1.500000,0.000000,7.500000,-1.500000,-1.000000,-0.500000,-0.030000,0.025000,0.350000,-7.260000,-7.200000,-8.740000,114.000000,200.000000,280.000000,20.000000,32.000000,54.000000,3.000000,4.800000,7.820000
XECNAU01,2.000000,1.500000,221.771400,489.672200,738.610000,897.045200,858.000000,1994.000000,2644.000000,2582.000000,36.000000,76.000000,116.000000,144.000000,192.000000,470.000000,632.000000,620.000000,14.838800,36.190800,51.129200,54.430000,122.085950,259.167100,377.148200,448.522600,599.500000,1135.000000,1434.000000,1291.000000,19.500000,40.000000,59.000000,72.000000,99.000000,239.000000,317.000000,310.000000,8.517300,19.458300,26.329600,27.215000,9.241600,15.504000,29.944000,37.057600,49.000000,84.000000,133.000000,112.000000,2.000000,4.000000,5.000000,4.000000,12.000000,20.000000,16.000000,0.562500,1.155000,2.010000,1.972500,9.241600,11.628000,18.893600,22.936800,49.000000,63.000000,122.500000,94.500000,1.500000,2.500000,3.000000,2.500000,7.000000,10.500000,13.000000,0.562500,0.866250,1.387500,1.425000,3.348900,33.379200,46.665000,62.878800,676.000000,1092.000000,1560.000000,2184.000000,10.000000,14.000000,96.000000,168.000000,180.000000,1.562500,5.625000,9.625000,12.100000,491.692700,1103.426800,1879.170800,2596.065600,3074.000000,6724.000000,10326.000000,13200.000000,79.000000,172.000000,286.000000,404.000000,458.000000,1204.000000,1900.000000,2316.000000,35.631700,89.083200,141.443400,183.940000,0.980000,2.310000,3.010000,2.000000,9.000000,19.000000,-2.000000,-2.000000,2.000000,-0.040000,0.320000,1.120000,0.735000,1.385000,1.575000,1.500000,0.000000,7.500000,-1.500000,-1.000000,-0.500000,-0.030000,0.025000,0.350000,-7.260000,-7.200000,-8.740000,114.000000,200.000000,280.000000,20.000000,32.000000,54.000000,3.000000,4.800000,7.820000
XEFDER02,3.000000,3.000000,265.969600,597.885600,1020.741600,1156.114200,892.000000,2178.000000,3288.000000,3378.000000,44.000000,92.000000,162.000000,174.000000,254.000000,620.000000,870.000000,990.000000,15.873200,40.535200,62.128200,68.766600,265.969600,597.885600,1020.741600,1156.114200,892.000000,2178.000000,3288.000000,3378.000000,44.000000,92.000000,162.000000,174.000000,254.000000,620.000000,870.000000,990.000000,15.873200,40.535200,62.128200,68.766600,9.241600,16.993600,31.008000,59.675200,49.000000,91.000000,168.000000,175.000000,2.000000,4.000000,8.000000,4.000000,12.000000,28.000000,30.000000,0.562500,1.140000,2.310000,3.090000,9.241600,16.993600,31.008000,59.675200,49.000000,91.000000,168.000000,175.000000,2.000000,4.000000,8.000000,4.000000,12.000000,28.000000,30.000000,0.562500,1.140000,2.310000,3.090000,3.348900,33.379200,61.378200,93.330000,676.000000,1092.000000,2028.000000,3120.000000,12.000000,20.000000,108.000000,216.000000,408.000000,1.562500,5.625000,11.400000,19.250000,535.288100,1262.529600,2441.487600,3296.706000,2460.000000,6540.000000,12102.000000,17280.000000,89.000000,196.000000,378.000000,484.000000,574.000000,1528.000000,2610.000000,3840.000000,33.308900,92.320400,163.931400,230.933200,0.490000,1.960000,4.690000,1.000000,4.000000,31.000000,-2.000000,-6.000000,1.000000,-0.020000,-0.080000,1.880000,0.490000,1.960000,4.690000,1.000000,4.000000,31.000000,-2.000000,-6.000000,1.000000,-0.020000,-0.080000,1.880000,-7.260000,-11.580000,-14.400000,114.000000,234.000000,400.000000,18.000000,36.000000,52.000000,3.000000,5.880000,9.600000
XEFDER06,3.000000,3.000000,265.969600,597.885600,1020.741600,1156.114200,892.000000,2178.000000,3288.000000,3378.000000,44.000000,92.000000,162.000000,174.000000,254.000000,620.000000,870.000000,990.000000,15.873200,40.535200,62.128200,68.766600,265.969600,597.885600,1020.741600,1156.114200,892.000000,2178.000000,3288.000000,3378.000000,44.000000,92.000000,162.000000,174.000000,254.000000,620.000000,870.000000,990.000000,15.873200,40.535200,62.128200,68.766600,9.241600,16.993600,31.008000,59.675200,49.000000,91.000000,168.000000,175.000000,2.000000,4.000000,8.000000,4.000000,12.000000,28.000000,30.000000,0.562500,1.140000,2.310000,3.090000,9.241600,16.993600,31.008000,59.675200,49.000000,91.000000,168.000000,175.000000,2.000000,4.000000,8.000000,4.000000,12.000000,28.000000,30.000000,0.562500,1.140000,2.310000,3.090000,3.348900,33.379200,61.378200,93.330000,676.000000,1092.000000,2028.000000,3120.000000,12.000000,20.000000,108.000000,216.000000,408.000000,1.562500,5.625000,11.400000,19.250000,535.288100,1262.529600,2441.487600,3296.706000,2460.000000,6540.000000,12102.000000,17280.000000,89.000000,196.000000,378.000000,484.000000,574.000000,1528.000000,2610.000000,3840.000000,33.308900,92.320400,163.931400,230.933200,0.490000,1.960000,4.690000,1.000000,4.000000,31.000000,-2.000000,-6.000000,1.000000,-0.020000,-0.080000,1.880000,0.490000,1.960000,4.690000,1.000000,4.000000,31.000000,-2.000000,-6.000000,1.000000,-0.020000,-0.080000,1.880000,-7.260000,-11.580000,-14.400000,114.000000,234.000000,400.000000,18.000000,36.000000,52.000000,3.000000,5.880000,9.600000
XENBEX06,3.000000,3.000000,161.295500,366.018400,568.646400,611.334400,650.000000,1552.000000,2172.000000,1828.000000,25.000000,54.000000,84.000000,94.000000,138.000000,342.000000,476.000000,424.000000,10.566500,26.104600,38.103600,36.132200,161.295500,366.018400,568.646400,611.334400,650.000000,1552.000000,2172.000000,1828.000000,25.000000,54.000000,84.000000,94.000000,138.000000,342.000000,476.000000,424.000000,10.566500,26.104600,38.103600,36.132200,9.241600,16.993600,29.944000,30.369600,49.000000,91.000000,133.000000,105.000000,2.000000,4.000000,4.000000,4.000000,12.000000,20.000000,14.000000,0.562500,1.140000,2.010000,1.695000,9.241600,16.000533,32.639467,46.866667,49.000000,86.333333,165.666667,193.666667,2.000000,4.000000,6.000000,4.000000,12.000000,22.666667,24.666667,0.562500,1.150000,2.190000,2.840000,3.348900,33.379200,59.584800,72.102000,676.000000,1092.000000,1976.000000,1976.000000,12.000000,16.000000,108.000000,216.000000,240.000000,1.562500,5.625000,11.450000,13.400000,325.939900,798.795200,1533.710400,2146.815200,1976.000000,5288.000000,9766.000000,11808.000000,51.000000,120.000000,222.000000,316.000000,342.000000,972.000000,1782.000000,2316.000000,22.695500,63.459200,115.982200,154.144400,0.490000,2.310000,2.170000,1.000000,9.000000,13.000000,-2.000000,-2.000000,1.000000,-0.020000,0.320000,0.740000,0.816667,1.423333,2.823333,1.666667,4.333333,14.333333,-2.000000,-3.333333,-0.333333,-0.033333,0.080000,0.713333,-7.260000,-10.600000,-10.120000,114.000000,236.000000,340.000000,18.000000,36.000000,56.000000,3.000000,5.840000,9.280000
XENBEX07,3.000000,3.000000,161.295500,366.018400,568.646400,611.334400,650.000000,1552.000000,2172.000000,1828.000000,25.000000,54.000000,84.000000,94.000000,138.000000,342.000000,476.000000,424.000000,10.566500,26.104600,38.103600,36.132200,161.295500,366.018400,568.646400,611.334400,650.000000,1552.000000,2172.000000,1828.000000,25.000000,54.000000,84.000000,94.000000,138.000000,342.000000,476.000000,424.000000,10.566500,26.104600,38.103600,36.132200,9.241600,16.993600,29.944000,30.369600,49.000000,91.000000,133.000000,105.000000,2.000000,4.000000,4.000000,4.000000,12.000000,20.000000,14.000000,0.562500,1.140000,2.010000,1.695000,9.241600,16.000533,32.639467,46.866667,49.000000,86.333333,165.666667,193.666667,2.000000,4.000000,6.000000,4.000000,12.000000,22.666667,24.666667,0.562500,1.150000,2.190000,2.840000,3.348900,33.379200,59.584800,72.102000,676.000000,1092.000000,1976.000000,1976.000000,12.000000,16.000000,108.000000,216.000000,240.000000,1.562500,5.625000,11.450000,13.400000,325.939900,798.795200,1533.710400,2146.815200,1976.000000,5288.000000,9766.000000,11808.000000,51.000000,120.000000,222.000000,316.000000,342.000000,972.000000,1782.000000,2316.000000,22.695500,63.459200,115.982200,154.144400,0.490000,2.310000,2.170000,1.000000,9.000000,13.000000,-2.000000,-2.000000,1.000000,-0.020000,0.320000,0.740000,0.816667,1.423333,2.823333,1.666667,4.333333,14.333333,-2.000000,-3.333333,-0.333333,-0.033333,0.080000,0.713333,-7.260000,-10.600000,-10.120000,114.000000,236.000000,340.000000,18.000000,36.000000,56.000000,3.000000,5.840000,9.280000
XEVYUS,3.000000,3.000000,168.874600,385.215600,621.063600,675.313200,664.000000,1602.000000,2256.000000,1890.000000,26.000000,56.000000,90.000000,102.000000,146.000000,368.000000,528.000000,486.000000,10.673000,26.582800,39.647400,37.600200,168.874600,385.215600,621.063600,675.313200,664.000000,1602.000000,2256.000000,1890.000000,26.000000,56.000000,90.000000,102.000000,146.000000,368.000000,528.000000,486.000000,10.673000,26.582800,39.647400,37.600200,9.241600,16.993600,29.944000,38.547200,49.000000,91.000000,133.000000,119.000000,2.000000,4.000000,5.000000,4.000000,12.000000,22.000000,18.000000,0.562500,1.140000,2.010000,1.957500,9.241600,16.993600,29.944000,38.547200,49.000000,91.000000,133.000000,119.000000,2.000000,4.000000,5.000000,4.000000,12.000000,22.000000,18.000000,0.562500,1.140000,2.010000,1.957500,3.348900,33.379200,61.378200,89.487000,676.000000,1092.000000,2028.000000,2340.000000,12.000000,20.000000,108.000000,216.000000,300.000000,1.562500,5.625000,11.400000,16.250000,341.098100,837.189600,1642.131600,2327.418000,2004.000000,5388.000000,10038.000000,12744.000000,53.000000,124.000000,234.000000,340.000000,358.000000,1024.000000,1890.000000,2544.000000,22.908500,64.415600,118.969800,162.600400,0.490000,2.310000,2.520000,1.000000,9.000000,18.000000,-2.000000,-3.000000,1.000000,-0.020000,0.320000,1.140000,0.490000,2.310000,2.520000,1.000000,9.000000,18.000000,-2.000000,-3.000000,1.000000,-0.020000,0.320000,1.140000,-7.260000,-11.580000,-12.300000,114.000000,234.000000,430.000000,18.000000,36.000000,70.000000,3.000000,5.880000,12.000000
XOCFIF,3.000000,3.000000,273.850500,607.248400,942.499800,1064.637400,1336.000000,2824.000000,4150.000000,3716.000000,43.000000,92.000000,144.000000,166.000000,236.000000,578.000000,786.000000,760.000000,18.890200,45.647200,66.794400,69.277600,273.850500,607.248400,942.499800,1064.637400,1336.000000,2824.000000,4150.000000,3716.000000,43.000000,92.000000,144.000000,166.000000,236.000000,578.000000,786.000000,760.000000,18.890200,45.647200,66.794400,69.277600,9.241600,16.993600,29.944000,30.369600,49.000000,91.000000,133.000000,105.000000,2.000000,4.000000,4.000000,4.000000,12.000000,20.000000,14.000000,0.562500,1.140000,2.010000,1.695000,9.241600,16.000533,32.639467,46.866667,49.000000,86.333333,165.666667,193.666667,2.000000,4.000000,6.000000,4.000000,12.000000,22.666667,24.666667,0.562500,1.150000,2.190000,2.840000,3.348900,33.379200,59.584800,72.102000,676.000000,1092.000000,1976.000000,1976.000000,12.000000,16.000000,108.000000,216.000000,240.000000,1.562500,5.625000,11.450000,13.400000,551.049900,1281.255200,2281.417200,3053.421200,3348.000000,7832.000000,13722.000000,15584.000000,87.000000,196.000000,342.000000,460.000000,538.000000,1444.000000,2402.000000,2988.000000,39.342900,102.544400,173.363800,220.435200,0.490000,2.310000,2.170000,1.000000,9.000000,13.000000,-2.000000,-2.000000,1.000000,-0.020000,0.320000,0.740000,0.816667,1.423333,2.823333,1.666667,4.333333,14.333333,-2.000000,-3.333333,-0.333333,-0.033333,0.080000,0.713333,-7.260000,-10.600000,-10.120000,114.000000,236.000000,340.000000,18.000000,36.000000,56.000000,3.000000,5.840000,9.280000
XODCEB,3.000000,3.000000,250.520500,574.856200,907.988200,1071.312600,1015.000000,2452.000000,3580.000000,3516.000000,40.000000,88.000000,140.000000,170.000000,228.000000,576.000000,834.000000,842.000000,17.180000,43.229200,65.189600,69.121400,250.520500,574.856200,907.988200,1071.312600,1015.000000,2452.000000,3580.000000,3516.000000,40.000000,88.000000,140.000000,170.000000,228.000000,576.000000,834.000000,842.000000,17.180000,43.229200,65.189600,69.121400,9.241600,16.248800,31.220800,35.309600,49.000000,87.500000,154.000000,161.000000,2.000000,4.000000,4.500000,4.000000,12.000000,21.000000,21.000000,0.562500,1.147500,2.152500,2.283750,9.241600,15.752267,31.078933,49.506400,49.000000,85.166667,163.333333,217.000000,2.000000,4.000000,6.166667,4.000000,12.000000,23.000000,25.666667,0.562500,1.152500,2.257500,3.026250,3.348900,33.379200,57.791400,75.176400,676.000000,1092.000000,1924.000000,2288.000000,12.000000,16.000000,108.000000,216.000000,252.000000,1.562500,5.625000,11.500000,14.350000,504.389900,1216.470800,2208.807200,3055.045200,2706.000000,7088.000000,12478.000000,15724.000000,81.000000,188.000000,334.000000,468.000000,522.000000,1440.000000,2502.000000,3200.000000,35.922500,97.708400,170.254200,222.202800,0.735000,1.890000,2.065000,1.500000,6.000000,8.500000,-2.000000,-2.500000,-1.500000,-0.030000,0.130000,0.330000,0.898333,1.936667,2.461667,1.833333,4.666667,12.166667,-2.000000,-3.500000,-0.500000,-0.036667,-0.010000,0.590000,-7.260000,-9.620000,-11.800000,114.000000,238.000000,328.000000,18.000000,36.000000,54.000000,3.000000,5.800000,8.520000
XUGGEO,4.000000,2.000000,270.171400,605.704000,1056.466000,1429.550600,868.000000,2116.000000,2932.000000,3044.000000,46.000000,96.000000,172.000000,242.000000,268.000000,700.000000,1016.000000,1128.000000,16.207800,41.858400,65.218800,76.973800,104.888200,220.907333,362.491333,476.516867,1116.666667,1033.333333,1294.666667,1014.666667,17.333333,34.666667,58.666667,80.666667,93.333333,238.666667,340.000000,376.000000,7.069933,15.913733,22.899600,25.657933,9.241600,15.504000,29.944000,43.745600,49.000000,84.000000,133.000000,119.000000,2.000000,4.000000,6.000000,4.000000,12.000000,22.000000,20.000000,0.562500,1.155000,2.010000,2.250000,9.241600,12.565333,19.608000,20.601067,49.000000,58.333333,207.666667,81.666667,1.666667,2.666667,2.666667,3.666667,10.333333,14.666667,19.000000,0.562500,0.862500,1.435000,1.230000,3.348900,33.379200,54.717000,69.540000,676.000000,1092.000000,1612.000000,2912.000000,12.000000,16.000000,108.000000,204.000000,180.000000,1.562500,5.625000,10.550000,12.375000,318.013500,729.480400,1474.156000,2329.117000,4026.000000,5284.000000,8578.000000,12410.000000,53.000000,116.000000,230.000000,376.000000,346.000000,1000.000000,1798.000000,2362.000000,22.772300,58.991200,106.673800,154.718800,0.980000,2.310000,3.850000,2.000000,9.000000,25.000000,-2.000000,-3.000000,2.000000,-0.040000,0.320000,1.500000,0.933333,1.656667,1.330000,3.333333,-11.000000,7.000000,-0.666667,1.333333,1.666667,0.100000,0.086667,0.360000,-7.260000,-7.940000,-8.720000,114.000000,250.000000,304.000000,18.000000,38.000000,66.000000,3.000000,6.560000,10.100000
XUGGEO01,4.000000,2.000000,270.171400,605.704000,1056.466000,1429.550600,868.000000,2116.000000,2932.000000,3044.000000,46.000000,96.000000,172.000000,242.000000,268.000000,700.000000,1016.000000,1128.000000,16.207800,41.858400,65.218800,76.973800,104.888200,220.907333,362.491333,476.516867,1116.666667,1033.333333,1294.666667,1014.666667,17.333333,34.666667,58.666667,80.666667,93.333333,238.666667,340.000000,376.000000,7.069933,15.913733,22.899600,25.657933,9.241600,15.504000,29.944000,43.745600,49.000000,84.000000,133.000000,119.000000,2.000000,4.000000,6.000000,4.000000,12.000000,22.000000,20.000000,0.562500,1.155000,2.010000,2.250000,9.241600,12.565333,19.608000,20.601067,49.000000,58.333333,207.666667,81.666667,1.666667,2.666667,2.666667,3.666667,10.333333,14.666667,19.000000,0.562500,0.862500,1.435000,1.230000,3.348900,33.379200,54.717000,69.540000,676.000000,1092.000000,1612.000000,2912.000000,12.000000,16.000000,108.000000,204.000000,180.000000,1.562500,5.625000,10.550000,12.375000,318.013500,729.480400,1474.156000,2329.117000,4026.000000,5284.000000,8578.000000,12410.000000,53.000000,116.000000,230.000000,376.000000,346.000000,1000.000000,1798.000000,2362.000000,22.772300,58.991200,106.673800,154.718800,0.980000,2.310000,3.850000,2.000000,9.000000,25.000000,-2.000000,-3.000000,2.000000,-0.040000,0.320000,1.500000,0.933333,1.656667,1.330000,3.333333,-11.000000,7.000000,-0.666667,1.333333,1.666667,0.100000,0.086667,0.360000,-7.260000,-7.940000,-8.720000,114.000000,250.000000,304.000000,18.000000,38.000000,66.000000,3.000000,6.560000,10.100000
XUGGEO02,4.000000,2.000000,270.171400,605.704000,1056.466000,1429.550600,868.000000,2116.000000,2932.000000,3044.000000,46.000000,96.000000,172.000000,242.000000,268.000000,700.000000,1016.000000,1128.000000,16.207800,41.858400,65.218800,76.973800,104.888200,220.907333,362.491333,476.516867,1116.666667,1033.333333,1294.666667,1014.666667,17.333333,34.666667,58.666667,80.666667,93.333333,238.666667,340.000000,376.000000,7.069933,15.913733,22.899600,25.657933,9.241600,15.504000,29.944000,43.745600,49.000000,84.000000,133.000000,119.000000,2.000000,4.000000,6.000000,4.000000,12.000000,22.000000,20.000000,0.562500,1.155000,2.010000,2.250000,9.241600,12.565333,19.608000,20.601067,49.000000,58.333333,207.666667,81.666667,1.666667,2.666667,2.666667,3.666667,10.333333,14.666667,19.000000,0.562500,0.862500,1.435000,1.230000,3.348900,33.379200,54.717000,69.540000,676.000000,1092.000000,1612.000000,2912.000000,12.000000,16.000000,108.000000,204.000000,180.000000,1.562500,5.625000,10.550000,12.375000,318.013500,729.480400,1474.156000,2329.117000,4026.000000,5284.000000,8578.000000,12410.000000,53.000000,116.000000,230.000000,376.000000,346.000000,1000.000000,1798.000000,2362.000000,22.772300,58.991200,106.673800,154.718800,0.980000,2.310000,3.850000,2.000000,9.000000,25.000000,-2.000000,-3.000000,2.000000,-0.040000,0.320000,1.500000,0.933333,1.656667,1.330000,3.333333,-11.000000,7.000000,-0.666667,1.333333,1.666667,0.100000,0.086667,0.360000,-7.260000,-7.940000,-8.720000,114.000000,250.000000,304.000000,18.000000,38.000000,66.000000,3.000000,6.560000,10.100000
XUGGEO03,4.000000,2.000000,270.171400,605.704000,1056.466000,1429.550600,868.000000,2116.000000,2932.000000,3044.000000,46.000000,96.000000,172.000000,242.000000,268.000000,700.000000,1016.000000,1128.000000,16.207800,41.858400,65.218800,76.973800,104.888200,220.907333,362.491333,476.516867,1116.666667,1033.333333,1294.666667,1014.666667,17.333333,34.666667,58.666667,80.666667,93.333333,238.666667,340.000000,376.000000,7.069933,15.913733,22.899600,25.657933,9.241600,15.504000,29.944000,43.745600,49.000000,84.000000,133.000000,119.000000,2.000000,4.000000,6.000000,4.000000,12.000000,22.000000,20.000000,0.562500,1.155000,2.010000,2.250000,9.241600,12.565333,19.608000,20.601067,49.000000,58.333333,207.666667,81.666667,1.666667,2.666667,2.666667,3.666667,10.333333,14.666667,19.000000,0.562500,0.862500,1.435000,1.230000,3.348900,33.379200,54.717000,69.540000,676.000000,1092.000000,1612.000000,2912.000000,12.000000,16.000000,108.000000,204.000000,180.000000,1.562500,5.625000,10.550000,12.375000,318.013500,729.480400,1474.156000,2329.117000,4026.000000,5284.000000,8578.000000,12410.000000,53.000000,116.000000,230.000000,376.000000,346.000000,1000.000000,1798.000000,2362.000000,22.772300,58.991200,106.673800,154.718800,0.980000,2.310000,3.850000,2.000000,9.000000,25.000000,-2.000000,-3.000000,2.000000,-0.040000,0.320000,1.500000,0.933333,1.656667,1.330000,3.333333,-11.000000,7.000000,-0.666667,1.333333,1.666667,0.100000,0.086667,0.360000,-7.260000,-7.940000,-8.720000,114.000000,250.000000,304.000000,18.000000,38.000000,66.000000,3.000000,6.560000,10.100000
XUGGIS,4.000000,2.000000,270.171400,605.704000,1056.466000,1429.550600,868.000000,2116.000000,2932.000000,3044.000000,46.000000,96.000000,172.000000,242.000000,268.000000,700.000000,1016.000000,1128.000000,16.207800,41.858400,65.218800,76.973800,104.888200,220.907333,362.491333,476.516867,1116.666667,1033.333333,1294.666667,1014.666667,17.333333,34.666667,58.666667,80.666667,93.333333,238.666667,340.000000,376.000000,7.069933,15.913733,22.899600,25.657933,9.241600,15.504000,29.944000,43.745600,49.000000,84.000000,133.000000,119.000000,2.000000,4.000000,6.000000,4.000000,12.000000,22.000000,20.000000,0.562500,1.155000,2.010000,2.250000,9.241600,12.565333,19.608000,20.601067,49.000000,58.333333,207.666667,81.666667,1.666667,2.666667,2.666667,3.666667,10.333333,14.666667,19.000000,0.562500,0.862500,1.435000,1.230000,3.348900,33.379200,54.717000,69.540000,676.000000,1092.000000,1612.000000,2912.000000,12.000000,16.000000,108.000000,204.000000,180.000000,1.562500,5.625000,10.550000,12.375000,318.013500,729.480400,1474.156000,2329.117000,4026.000000,5284.000000,8578.000000,12410.000000,53.000000,116.000000,230.000000,376.000000,346.000000,1000.000000,1798.000000,2362.000000,22.772300,58.991200,106.673800,154.718800,0.980000,2.310000,3.850000,2.000000,9.000000,25.000000,-2.000000,-3.000000,2.000000,-0.040000,0.320000,1.500000,0.933333,1.656667,1.330000,3.333333,-11.000000,7.000000,-0.666667,1.333333,1.666667,0.100000,0.086667,0.360000,-7.260000,-7.940000,-8.720000,114.000000,250.000000,304.000000,18.000000,38.000000,66.000000,3.000000,6.560000,10.100000
XUGGIS01,4.000000,2.000000,270.171400,605.704000,1056.466000,1429.550600,868.000000,2116.000000,2932.000000,3044.000000,46.000000,96.000000,172.000000,242.000000,268.000000,700.000000,1016.000000,1128.000000,16.207800,41.858400,65.218800,76.973800,104.888200,220.907333,362.491333,476.516867,1116.666667,1033.333333,1294.666667,1014.666667,17.333333,34.666667,58.666667,80.666667,93.333333,238.666667,340.000000,376.000000,7.069933,15.913733,22.899600,25.657933,9.241600,15.504000,29.944000,43.745600,49.000000,84.000000,133.000000,119.000000,2.000000,4.000000,6.000000,4.000000,12.000000,22.000000,20.000000,0.562500,1.155000,2.010000,2.250000,9.241600,12.565333,19.608000,20.601067,49.000000,58.333333,207.666667,81.666667,1.666667,2.666667,2.666667,3.666667,10.333333,14.666667,19.000000,0.562500,0.862500,1.435000,1.230000,3.348900,33.379200,54.717000,69.540000,676.000000,1092.000000,1612.000000,2912.000000,12.000000,16.000000,108.000000,204.000000,180.000000,1.562500,5.625000,10.550000,12.375000,318.013500,729.480400,1474.156000,2329.117000,4026.000000,5284.000000,8578.000000,12410.000000,53.000000,116.000000,230.000000,376.000000,346.000000,1000.000000,1798.000000,2362.000000,22.772300,58.991200,106.673800,154.718800,0.980000,2.310000,3.850000,2.000000,9.000000,25.000000,-2.000000,-3.000000,2.000000,-0.040000,0.320000,1.500000,0.933333,1.656667,1.330000,3.333333,-11.000000,7.000000,-0.666667,1.333333,1.666667,0.100000,0.086667,0.360000,-7.260000,-7.940000,-8.720000,114.000000,250.000000,304.000000,18.000000,38.000000,66.000000,3.000000,6.560000,10.100000
XUGGIS02,4.000000,2.000000,270.171400,605.704000,1056.466000,1429.550600,868.000000,2116.000000,2932.000000,3044.000000,46.000000,96.000000,172.000000,242.000000,268.000000,700.000000,1016.000000,1128.000000,16.207800,41.858400,65.218800,76.973800,104.888200,220.907333,362.491333,476.516867,1116.666667,1033.333333,1294.666667,1014.666667,17.333333,34.666667,58.666667,80.666667,93.333333,238.666667,340.000000,376.000000,7.069933,15.913733,22.899600,25.657933,9.241600,15.504000,29.944000,43.745600,49.000000,84.000000,133.000000,119.000000,2.000000,4.000000,6.000000,4.000000,12.000000,22.000000,20.000000,0.562500,1.155000,2.010000,2.250000,9.241600,12.565333,19.608000,20.601067,49.000000,58.333333,207.666667,81.666667,1.666667,2.666667,2.666667,3.666667,10.333333,14.666667,19.000000,0.562500,0.862500,1.435000,1.230000,3.348900,33.379200,54.717000,69.540000,676.000000,1092.000000,1612.000000,2912.000000,12.000000,16.000000,108.000000,204.000000,180.000000,1.562500,5.625000,10.550000,12.375000,318.013500,729.480400,1474.156000,2329.117000,4026.000000,5284.000000,8578.000000,12410.000000,53.000000,116.000000,230.000000,376.000000,346.000000,1000.000000,1798.000000,2362.000000,22.772300,58.991200,106.673800,154.718800,0.980000,2.310000,3.850000,2.000000,9.000000,25.000000,-2.000000,-3.000000,2.000000,-0.040000,0.320000,1.500000,0.933333,1.656667,1.330000,3.333333,-11.000000,7.000000,-0.666667,1.333333,1.666667,0.100000,0.086667,0.360000,-7.260000,-7.940000,-8.720000,114.000000,250.000000,304.000000,18.000000,38.000000,66.000000,3.000000,6.560000,10.100000
XUGGUE,4.000000,2.000000,270.171400,605.704000,1056.466000,1429.550600,868.000000,2116.000000,2932.000000,3044.000000,46.000000,96.000000,172.000000,242.000000,268.000000,700.000000,1016.000000,1128.000000,16.207800,41.858400,65.218800,76.973800,104.888200,220.907333,362.491333,476.516867,1116.666667,1033.333333,1294.666667,1014.666667,17.333333,34.666667,58.666667,80.666667,93.333333,238.666667,340.000000,376.000000,7.069933,15.913733,22.899600,25.657933,9.241600,15.504000,29.944000,43.745600,49.000000,84.000000,133.000000,119.000000,2.000000,4.000000,6.000000,4.000000,12.000000,22.000000,20.000000,0.562500,1.155000,2.010000,2.250000,9.241600,12.565333,19.608000,20.601067,49.000000,58.333333,207.666667,81.666667,1.666667,2.666667,2.666667,3.666667,10.333333,14.666667,19.000000,0.562500,0.862500,1.435000,1.230000,3.348900,33.379200,54.717000,69.540000,676.000000,1092.000000,1612.000000,2912.000000,12.000000,16.000000,108.000000,204.000000,180.000000,1.562500,5.625000,10.550000,12.375000,318.013500,729.480400,1474.156000,2329.117000,4026.000000,5284.000000,8578.000000,12410.000000,53.000000,116.000000,230.000000,376.000000,346.000000,1000.000000,1798.000000,2362.000000,22.772300,58.991200,106.673800,154.718800,0.980000,2.310000,3.850000,2.000000,9.000000,25.000000,-2.000000,-3.000000,2.000000,-0.040000,0.320000,1.500000,0.933333,1.656667,1.330000,3.333333,-11.000000,7.000000,-0.666667,1.333333,1.666667,0.100000,0.086667,0.360000,-7.260000,-7.940000,-8.720000,114.000000,250.000000,304.000000,18.000000,38.000000,66.000000,3.000000,6.560000,10.100000
XUGHAL,4.000000,2.000000,270.171400,605.704000,1056.466000,1429.550600,868.000000,2116.000000,2932.000000,3044.000000,46.000000,96.000000,172.000000,242.000000,268.000000,700.000000,1016.000000,1128.000000,16.207800,41.858400,65.218800,76.973800,104.888200,220.907333,362.491333,476.516867,1116.666667,1033.333333,1294.666667,1014.666667,17.333333,34.666667,58.666667,80.666667,93.333333,238.666667,340.000000,376.000000,7.069933,15.913733,22.899600,25.657933,9.241600,15.504000,29.944000,43.745600,49.000000,84.000000,133.000000,119.000000,2.000000,4.000000,6.000000,4.000000,12.000000,22.000000,20.000000,0.562500,1.155000,2.010000,2.250000,9.241600,12.565333,19.608000,20.601067,49.000000,58.333333,207.666667,81.666667,1.666667,2.666667,2.666667,3.666667,10.333333,14.666667,19.000000,0.562500,0.862500,1.435000,1.230000,3.348900,33.379200,54.717000,69.540000,676.000000,1092.000000,1612.000000,2912.000000,12.000000,16.000000,108.000000,204.000000,180.000000,1.562500,5.625000,10.550000,12.375000,318.013500,729.480400,1474.156000,2329.117000,4026.000000,5284.000000,8578.000000,12410.000000,53.000000,116.000000,230.000000,376.000000,346.000000,1000.000000,1798.000000,2362.000000,22.772300,58.991200,106.673800,154.718800,0.980000,2.310000,3.850000,2.000000,9.000000,25.000000,-2.000000,-3.000000,2.000000,-0.040000,0.320000,1.500000,0.933333,1.656667,1.330000,3.333333,-11.000000,7.000000,-0.666667,1.333333,1.666667,0.100000,0.086667,0.360000,-7.260000,-7.940000,-8.720000,114.000000,250.000000,304.000000,18.000000,38.000000,66.000000,3.000000,6.560000,10.100000
YAGYIP,1.000000,1.000000,89.435500,186.162600,289.358600,256.197800,1534.000000,1098.000000,1370.000000,1082.000000,13.000000,26.000000,42.000000,40.000000,68.000000,160.000000,190.000000,138.000000,6.012800,12.630400,17.670400,14.182600,89.435500,195.161000,315.107400,277.121800,1534.000000,1343.000000,1902.000000,1306.000000,13.000000,27.000000,45.000000,43.000000,72.000000,175.000000,227.000000,156.000000,6.012800,13.485400,19.957900,15.615400,9.241600,16.993600,25.171200,7.752000,49.000000,91.000000,105.000000,42.000000,2.000000,3.000000,1.000000,4.000000,10.000000,12.000000,8.000000,0.562500,1.140000,1.402500,0.577500,9.241600,16.993600,25.171200,12.251200,49.000000,91.000000,105.000000,164.500000,2.000000,3.000000,1.500000,4.000000,10.000000,13.000000,10.000000,0.562500,1.140000,1.402500,1.005000,3.348900,33.379200,61.378200,90.914400,676.000000,1092.000000,2028.000000,2340.000000,12.000000,18.000000,108.000000,180.000000,228.000000,1.562500,5.625000,11.400000,14.025000,539.961900,1219.727600,2239.151200,2822.327600,9880.000000,9752.000000,15874.000000,17528.000000,79.000000,172.000000,318.000000,408.000000,490.000000,1296.000000,1994.000000,2312.000000,37.639300,90.452400,154.847400,187.276800,0.490000,0.840000,0.490000,1.000000,6.000000,1.000000,-1.000000,0.000000,-2.000000,-0.020000,0.380000,-0.020000,0.490000,0.840000,0.530000,1.000000,6.000000,-13.000000,-1.000000,-0.500000,-2.000000,-0.020000,0.380000,-0.215000,-7.260000,-11.580000,-16.740000,114.000000,234.000000,378.000000,18.000000,42.000000,70.000000,3.000000,5.880000,11.280000
YAGYIP01,1.000000,1.000000,89.435500,186.162600,289.358600,256.197800,1534.000000,1098.000000,1370.000000,1082.000000,13.000000,26.000000,42.000000,40.000000,68.000000,160.000000,190.000000,138.000000,6.012800,12.630400,17.670400,14.182600,89.435500,195.161000,315.107400,277.121800,1534.000000,1343.000000,1902.000000,1306.000000,13.000000,27.000000,45.000000,43.000000,72.000000,175.000000,227.000000,156.000000,6.012800,13.485400,19.957900,15.615400,9.241600,16.993600,25.171200,7.752000,49.000000,91.000000,105.000000,42.000000,2.000000,3.000000,1.000000,4.000000,10.000000,12.000000,8.000000,0.562500,1.140000,1.402500,0.577500,9.241600,16.993600,25.171200,12.251200,49.000000,91.000000,105.000000,164.500000,2.000000,3.000000,1.500000,4.000000,10.000000,13.000000,10.000000,0.562500,1.140000,1.402500,1.005000,3.348900,33.379200,61.378200,90.914400,676.000000,1092.000000,2028.000000,2340.000000,12.000000,18.000000,108.000000,180.000000,228.000000,1.562500,5.625000,11.400000,14.025000,539.961900,1219.727600,2239.151200,2822.327600,9880.000000,9752.000000,15874.000000,17528.000000,79.000000,172.000000,318.000000,408.000000,490.000000,1296.000000,1994.000000,2312.000000,37.639300,90.452400,154.847400,187.276800,0.490000,0.840000,0.490000,1.000000,6.000000,1.000000,-1.000000,0.000000,-2.000000,-0.020000,0.380000,-0.020000,0.490000,0.840000,0.530000,1.000000,6.000000,-13.000000,-1.000000,-0.500000,-2.000000,-0.020000,0.380000,-0.215000,-7.260000,-11.580000,-16.740000,114.000000,234.000000,378.000000,18.000000,42.000000,70.000000,3.000000,5.880000,11.280000
YAGYUB,1.000000,1.000000,87.749500,184.632600,285.188600,251.733800,3118.000000,1314.000000,1658.000000,1406.000000,13.000000,26.000000,42.000000,40.000000,68.000000,160.000000,190.000000,138.000000,6.673200,13.030800,18.455600,14.957400,87.749500,184.632600,285.188600,251.733800,3118.000000,1314.000000,1658.000000,1406.000000,13.000000,26.000000,42.000000,40.000000,68.000000,160.000000,190.000000,138.000000,6.673200,13.030800,18.455600,14.957400,9.241600,16.993600,25.171200,7.752000,49.000000,91.000000,105.000000,42.000000,2.000000,3.000000,1.000000,4.000000,10.000000,12.000000,8.000000,0.562500,1.140000,1.402500,0.577500,9.241600,16.993600,25.171200,7.752000,49.000000,91.000000,105.000000,42.000000,2.000000,3.000000,1.000000,4.000000,10.000000,12.000000,8.000000,0.562500,1.140000,1.402500,0.577500,3.348900,33.379200,61.378200,90.914400,676.000000,1092.000000,2028.000000,2340.000000,12.000000,18.000000,108.000000,180.000000,216.000000,1.562500,5.625000,11.400000,14.025000,529.845900,1174.554000,2111.136000,2711.847600,19384.000000,10068.000000,15474.000000,18576.000000,79.000000,168.000000,306.000000,396.000000,474.000000,1236.000000,1842.000000,2208.000000,41.601700,89.434800,150.408600,186.194400,0.490000,0.840000,0.490000,1.000000,6.000000,1.000000,-1.000000,0.000000,-2.000000,-0.020000,0.380000,-0.020000,0.490000,0.840000,0.490000,1.000000,6.000000,1.000000,-1.000000,0.000000,-2.000000,-0.020000,0.380000,-0.020000,-7.260000,-11.580000,-16.740000,114.000000,234.000000,378.000000,18.000000,42.000000,72.000000,3.000000,5.880000,11.280000
YAGYUB01,1.000000,1.000000,87.749500,184.632600,285.188600,251.733800,3118.000000,1314.000000,1658.000000,1406.000000,13.000000,26.000000,42.000000,40.000000,68.000000,160.000000,190.000000,138.000000,6.673200,13.030800,18.455600,14.957400,87.749500,184.632600,285.188600,251.733800,3118.000000,1314.000000,1658.000000,1406.000000,13.000000,26.000000,42.000000,40.000000,68.000000,160.000000,190.000000,138.000000,6.673200,13.030800,18.455600,14.957400,9.241600,16.993600,25.171200,7.752000,49.000000,91.000000,105.000000,42.000000,2.000000,3.000000,1.000000,4.000000,10.000000,12.000000,8.000000,0.562500,1.140000,1.402500,0.577500,9.241600,16.993600,25.171200,7.752000,49.000000,91.000000,105.000000,42.000000,2.000000,3.000000,1.000000,4.000000,10.000000,12.000000,8.000000,0.562500,1.140000,1.402500,0.577500,3.348900,33.379200,61.378200,90.914400,676.000000,1092.000000,2028.000000,2340.000000,12.000000,18.000000,108.000000,180.000000,216.000000,1.562500,5.625000,11.400000,14.025000,529.845900,1174.554000,2111.136000,2711.847600,19384.000000,10068.000000,15474.000000,18576.000000,79.000000,168.000000,306.000000,396.000000,474.000000,1236.000000,1842.000000,2208.000000,41.601700,89.434800,150.408600,186.194400,0.490000,0.840000,0.490000,1.000000,6.000000,1.000000,-1.000000,0.000000,-2.000000,-0.020000,0.380000,-0.020000,0.490000,0.840000,0.490000,1.000000,6.000000,1.000000,-1.000000,0.000000,-2.000000,-0.020000,0.380000,-0.020000,-7.260000,-11.580000,-16.740000,114.000000,234.000000,378.000000,18.000000,42.000000,72.000000,3.000000,5.880000,11.280000
YAMXAL,6.000000,6.000000,415.084600,936.666000,1619.264000,2161.351000,1408.000000,3456.000000,4868.000000,5296.000000,70.000000,148.000000,260.000000,358.000000,408.000000,1056.000000,1564.000000,1864.000000,25.816600,66.374000,102.914800,124.443000,415.084600,936.666000,1619.264000,2161.351000,1408.000000,3456.000000,4868.000000,5296.000000,70.000000,148.000000,260.000000,358.000000,408.000000,1056.000000,1564.000000,1864.000000,25.816600,66.374000,102.914800,124.443000,9.241600,19.380000,47.196000,61.271200,49.000000,105.000000,168.000000,227.500000,2.500000,6.500000,8.000000,6.500000,24.000000,39.500000,46.000000,0.562500,1.443750,2.853750,3.540000,9.241600,17.442000,38.570000,52.508400,49.000000,94.500000,150.500000,173.250000,2.250000,5.250000,7.000000,5.250000,18.000000,30.750000,33.000000,0.562500,1.299375,2.431875,2.895000,3.348900,33.379200,65.331000,103.029000,676.000000,1092.000000,2184.000000,1924.000000,14.000000,24.000000,120.000000,288.000000,276.000000,1.562500,5.625000,13.475000,16.100000,418.433500,1003.424400,2027.174000,3205.233000,2084.000000,5640.000000,10706.000000,13694.000000,71.000000,160.000000,318.000000,516.000000,478.000000,1392.000000,2636.000000,3802.000000,27.379100,77.624000,146.739800,220.318000,1.225000,4.235000,4.165000,2.500000,21.500000,23.500000,-2.500000,2.500000,4.000000,-0.050000,1.070000,1.280000,1.102500,3.272500,4.007500,2.250000,15.250000,24.250000,-2.250000,-0.250000,3.000000,-0.045000,0.695000,1.390000,-7.260000,-10.080000,-12.380000,114.000000,280.000000,550.000000,16.000000,36.000000,98.000000,3.000000,6.720000,17.120000
YECMAW,3.000000,3.000000,319.213700,721.344000,1132.077200,1399.422000,1262.000000,3012.000000,4268.000000,4608.000000,51.000000,110.000000,172.000000,218.000000,282.000000,702.000000,988.000000,1088.000000,21.361100,53.022200,77.654000,88.250200,319.213700,721.344000,1132.077200,1399.422000,1262.000000,3012.000000,4268.000000,4608.000000,51.000000,110.000000,172.000000,218.000000,282.000000,702.000000,988.000000,1088.000000,21.361100,53.022200,77.654000,88.250200,9.241600,15.504000,31.433600,36.632000,49.000000,84.000000,140.000000,140.000000,2.000000,4.000000,5.000000,4.000000,12.000000,20.000000,22.000000,0.562500,1.155000,1.995000,2.287500,9.241600,15.504000,33.136000,46.968000,49.000000,84.000000,168.000000,196.000000,2.000000,4.000000,6.333333,4.000000,12.000000,22.666667,30.000000,0.562500,1.155000,2.185000,3.057500,3.348900,33.379200,55.998000,94.354800,676.000000,1092.000000,1872.000000,2704.000000,12.000000,20.000000,108.000000,216.000000,312.000000,1.562500,5.625000,11.550000,17.150000,641.776300,1509.446400,2653.398400,3793.761600,3200.000000,8208.000000,13750.000000,18992.000000,103.000000,232.000000,398.000000,580.000000,630.000000,1692.000000,2806.000000,3892.000000,44.284700,117.294400,195.283000,270.860400,0.980000,1.820000,3.150000,2.000000,8.000000,15.000000,-2.000000,-2.000000,-1.000000,-0.040000,0.340000,0.700000,0.980000,1.260000,3.803333,2.000000,4.000000,16.333333,-2.000000,-3.333333,-2.333333,-0.040000,0.086667,0.673333,-7.260000,-8.640000,-14.960000,114.000000,240.000000,416.000000,18.000000,36.000000,68.000000,3.000000,5.760000,11.280000
YELWOC,6.000000,6.000000,374.168500,824.712000,1378.848600,1547.812200,1276.000000,2994.000000,4068.000000,3612.000000,61.000000,126.000000,216.000000,246.000000,342.000000,834.000000,1110.000000,1152.000000,22.182900,55.534200,81.782400,84.846600,374.168500,824.712000,1378.848600,1547.812200,1276.000000,2994.000000,4068.000000,3612.000000,61.000000,126.000000,216.000000,246.000000,342.000000,834.000000,1110.000000,1152.000000,22.182900,55.534200,81.782400,84.846600,9.241600,15.504000,34.032800,44.490400,49.000000,84.000000,140.000000,122.500000,2.000000,4.500000,6.000000,4.000000,13.000000,23.000000,18.000000,0.562500,1.155000,2.141250,2.242500,9.241600,15.504000,34.032800,44.490400,49.000000,84.000000,140.000000,122.500000,2.000000,4.500000,6.000000,4.000000,13.000000,23.000000,18.000000,0.562500,1.155000,2.141250,2.242500,3.348900,33.379200,55.998000,94.922100,676.000000,1092.000000,1872.000000,2184.000000,12.000000,21.000000,108.000000,234.000000,306.000000,1.562500,5.625000,11.550000,15.637500,377.517400,891.470400,1768.092600,2519.422800,1952.000000,5178.000000,9282.000000,12222.000000,62.000000,138.000000,270.000000,390.000000,408.000000,1128.000000,1986.000000,2886.000000,23.745400,66.784200,121.757400,175.116600,0.980000,2.485000,3.605000,2.000000,11.500000,24.500000,-2.500000,-2.500000,3.000000,-0.040000,0.520000,1.510000,0.980000,2.485000,3.605000,2.000000,11.500000,24.500000,-2.500000,-2.500000,3.000000,-0.040000,0.520000,1.510000,-7.260000,-8.640000,-13.440000,114.000000,240.000000,462.000000,18.000000,33.000000,75.000000,3.000000,5.760000,13.740000
YELWOC01,6.000000,6.000000,374.168500,824.712000,1378.848600,1547.812200,1276.000000,2994.000000,4068.000000,3612.000000,61.000000,126.000000,216.000000,246.000000,342.000000,834.000000,1110.000000,1152.000000,22.182900,55.534200,81.782400,84.846600,374.168500,824.712000,1378.848600,1547.812200,1276.000000,2994.000000,4068.000000,3612.000000,61.000000,126.000000,216.000000,246.000000,342.000000,834.000000,1110.000000,1152.000000,22.182900,55.534200,81.782400,84.846600,9.241600,15.504000,34.032800,44.490400,49.000000,84.000000,140.000000,122.500000,2.000000,4.500000,6.000000,4.000000,13.000000,23.000000,18.000000,0.562500,1.155000,2.141250,2.242500,9.241600,15.504000,34.032800,44.490400,49.000000,84.000000,140.000000,122.500000,2.000000,4.500000,6.000000,4.000000,13.000000,23.000000,18.000000,0.562500,1.155000,2.141250,2.242500,3.348900,33.379200,55.998000,94.922100,676.000000,1092.000000,1872.000000,2184.000000,12.000000,21.000000,108.000000,234.000000,306.000000,1.562500,5.625000,11.550000,15.637500,377.517400,891.470400,1768.092600,2519.422800,1952.000000,5178.000000,9282.000000,12222.000000,62.000000,138.000000,270.000000,390.000000,408.000000,1128.000000,1986.000000,2886.000000,23.745400,66.784200,121.757400,175.116600,0.980000,2.485000,3.605000,2.000000,11.500000,24.500000,-2.500000,-2.500000,3.000000,-0.040000,0.520000,1.510000,0.980000,2.485000,3.605000,2.000000,11.500000,24.500000,-2.500000,-2.500000,3.000000,-0.040000,0.520000,1.510000,-7.260000,-8.640000,-13.440000,114.000000,240.000000,462.000000,18.000000,33.000000,75.000000,3.000000,5.760000,13.740000
YELWUI,6.000000,6.000000,374.168500,824.712000,1378.848600,1547.812200,1276.000000,2994.000000,4068.000000,3612.000000,61.000000,126.000000,216.000000,246.000000,342.000000,834.000000,1110.000000,1152.000000,22.182900,55.534200,81.782400,84.846600,374.168500,824.712000,1378.848600,1547.812200,1276.000000,2994.000000,4068.000000,3612.000000,61.000000,126.000000,216.000000,246.000000,342.000000,834.000000,1110.000000,1152.000000,22.182900,55.534200,81.782400,84.846600,9.241600,15.504000,34.032800,44.490400,49.000000,84.000000,140.000000,122.500000,2.000000,4.500000,6.000000,4.000000,13.000000,23.000000,18.000000,0.562500,1.155000,2.141250,2.242500,9.241600,15.504000,34.032800,44.490400,49.000000,84.000000,140.000000,122.500000,2.000000,4.500000,6.000000,4.000000,13.000000,23.000000,18.000000,0.562500,1.155000,2.141250,2.242500,3.348900,33.379200,55.998000,94.922100,676.000000,1092.000000,1872.000000,2184.000000,12.000000,21.000000,108.000000,234.000000,306.000000,1.562500,5.625000,11.550000,15.637500,377.517400,891.470400,1768.092600,2519.422800,1952.000000,5178.000000,9282.000000,12222.000000,62.000000,138.000000,270.000000,390.000000,408.000000,1128.000000,1986.000000,2886.000000,23.745400,66.784200,121.757400,175.116600,0.980000,2.485000,3.605000,2.000000,11.500000,24.500000,-2.500000,-2.500000,3.000000,-0.040000,0.520000,1.510000,0.980000,2.485000,3.605000,2.000000,11.500000,24.500000,-2.500000,-2.500000,3.000000,-0.040000,0.520000,1.510000,-7.260000,-8.640000,-13.440000,114.000000,240.000000,462.000000,18.000000,33.000000,75.000000,3.000000,5.760000,13.740000
YELWUI02,6.000000,6.000000,374.168500,824.712000,1378.848600,1547.812200,1276.000000,2994.000000,4068.000000,3612.000000,61.000000,126.000000,216.000000,246.000000,342.000000,834.000000,1110.000000,1152.000000,22.182900,55.534200,81.782400,84.846600,374.168500,824.712000,1378.848600,1547.812200,1276.000000,2994.000000,4068.000000,3612.000000,61.000000,126.000000,216.000000,246.000000,342.000000,834.000000,1110.000000,1152.000000,22.182900,55.534200,81.782400,84.846600,9.241600,15.504000,34.032800,44.490400,49.000000,84.000000,140.000000,122.500000,2.000000,4.500000,6.000000,4.000000,13.000000,23.000000,18.000000,0.562500,1.155000,2.141250,2.242500,9.241600,15.504000,34.032800,44.490400,49.000000,84.000000,140.000000,122.500000,2.000000,4.500000,6.000000,4.000000,13.000000,23.000000,18.000000,0.562500,1.155000,2.141250,2.242500,3.348900,33.379200,55.998000,94.922100,676.000000,1092.000000,1872.000000,2184.000000,12.000000,21.000000,108.000000,234.000000,306.000000,1.562500,5.625000,11.550000,15.637500,377.517400,891.470400,1768.092600,2519.422800,1952.000000,5178.000000,9282.000000,12222.000000,62.000000,138.000000,270.000000,390.000000,408.000000,1128.000000,1986.000000,2886.000000,23.745400,66.784200,121.757400,175.116600,0.980000,2.485000,3.605000,2.000000,11.500000,24.500000,-2.500000,-2.500000,3.000000,-0.040000,0.520000,1.510000,0.980000,2.485000,3.605000,2.000000,11.500000,24.500000,-2.500000,-2.500000,3.000000,-0.040000,0.520000,1.510000,-7.260000,-8.640000,-13.440000,114.000000,240.000000,462.000000,18.000000,33.000000,75.000000,3.000000,5.760000,13.740000
YELXAP,6.000000,6.000000,374.168500,824.712000,1378.848600,1547.812200,1276.000000,2994.000000,4068.000000,3612.000000,61.000000,126.000000,216.000000,246.000000,342.000000,834.000000,1110.000000,1152.000000,22.182900,55.534200,81.782400,84.846600,374.168500,824.712000,1378.848600,1547.812200,1276.000000,2994.000000,4068.000000,3612.000000,61.000000,126.000000,216.000000,246.000000,342.000000,834.000000,1110.000000,1152.000000,22.182900,55.534200,81.782400,84.846600,9.241600,15.504000,34.032800,44.490400,49.000000,84.000000,140.000000,122.500000,2.000000,4.500000,6.000000,4.000000,13.000000,23.000000,18.000000,0.562500,1.155000,2.141250,2.242500,9.241600,15.504000,34.032800,44.490400,49.000000,84.000000,140.000000,122.500000,2.000000,4.500000,6.000000,4.000000,13.000000,23.000000,18.000000,0.562500,1.155000,2.141250,2.242500,3.348900,33.379200,55.998000,94.922100,676.000000,1092.000000,1872.000000,2184.000000,12.000000,21.000000,108.000000,234.000000,306.000000,1.562500,5.625000,11.550000,15.637500,377.517400,891.470400,1768.092600,2519.422800,1952.000000,5178.000000,9282.000000,12222.000000,62.000000,138.000000,270.000000,390.000000,408.000000,1128.000000,1986.000000,2886.000000,23.745400,66.784200,121.757400,175.116600,0.980000,2.485000,3.605000,2.000000,11.500000,24.500000,-2.500000,-2.500000,3.000000,-0.040000,0.520000,1.510000,0.980000,2.485000,3.605000,2.000000,11.500000,24.500000,-2.500000,-2.500000,3.000000,-0.040000,0.520000,1.510000,-7.260000,-8.640000,-13.440000,114.000000,240.000000,462.000000,18.000000,33.000000,75.000000,3.000000,5.760000,13.740000
YELXET,6.000000,6.000000,374.168500,824.712000,1378.848600,1547.812200,1276.000000,2994.000000,4068.000000,3612.000000,61.000000,126.000000,216.000000,246.000000,342.000000,834.000000,1110.000000,1152.000000,22.182900,55.534200,81.782400,84.846600,374.168500,824.712000,1378.848600,1547.812200,1276.000000,2994.000000,4068.000000,3612.000000,61.000000,126.000000,216.000000,246.000000,342.000000,834.000000,1110.000000,1152.000000,22.182900,55.534200,81.782400,84.846600,9.241600,15.504000,34.032800,44.490400,49.000000,84.000000,140.000000,122.500000,2.000000,4.500000,6.000000,4.000000,13.000000,23.000000,18.000000,0.562500,1.155000,2.141250,2.242500,9.241600,15.504000,34.032800,44.490400,49.000000,84.000000,140.000000,122.500000,2.000000,4.500000,6.000000,4.000000,13.000000,23.000000,18.000000,0.562500,1.155000,2.141250,2.242500,3.348900,33.379200,55.998000,94.922100,676.000000,1092.000000,1872.000000,2184.000000,12.000000,21.000000,108.000000,234.000000,306.000000,1.562500,5.625000,11.550000,15.637500,377.517400,891.470400,1768.092600,2519.422800,1952.000000,5178.000000,9282.000000,12222.000000,62.000000,138.000000,270.000000,390.000000,408.000000,1128.000000,1986.000000,2886.000000,23.745400,66.784200,121.757400,175.116600,0.980000,2.485000,3.605000,2.000000,11.500000,24.500000,-2.500000,-2.500000,3.000000,-0.040000,0.520000,1.510000,0.980000,2.485000,3.605000,2.000000,11.500000,24.500000,-2.500000,-2.500000,3.000000,-0.040000,0.520000,1.510000,-7.260000,-8.640000,-13.440000,114.000000,240.000000,462.000000,18.000000,33.000000,75.000000,3.000000,5.760000,13.740000
YELXET01,6.000000,6.000000,374.168500,824.712000,1378.848600,1547.812200,1276.000000,2994.000000,4068.000000,3612.000000,61.000000,126.000000,216.000000,246.000000,342.000000,834.000000,1110.000000,1152.000000,22.182900,55.534200,81.782400,84.846600,374.168500,824.712000,1378.848600,1547.812200,1276.000000,2994.000000,4068.000000,3612.000000,61.000000,126.000000,216.000000,246.000000,342.000000,834.000000,1110.000000,1152.000000,22.182900,55.534200,81.782400,84.846600,9.241600,15.504000,34.032800,44.490400,49.000000,84.000000,140.000000,122.500000,2.000000,4.500000,6.000000,4.000000,13.000000,23.000000,18.000000,0.562500,1.155000,2.141250,2.242500,9.241600,15.504000,34.032800,44.490400,49.000000,84.000000,140.000000,122.500000,2.000000,4.500000,6.000000,4.000000,13.000000,23.000000,18.000000,0.562500,1.155000,2.141250,2.242500,3.348900,33.379200,55.998000,94.922100,676.000000,1092.000000,1872.000000,2184.000000,12.000000,21.000000,108.000000,234.000000,306.000000,1.562500,5.625000,11.550000,15.637500,377.517400,891.470400,1768.092600,2519.422800,1952.000000,5178.000000,9282.000000,12222.000000,62.000000,138.000000,270.000000,390.000000,408.000000,1128.000000,1986.000000,2886.000000,23.745400,66.784200,121.757400,175.116600,0.980000,2.485000,3.605000,2.000000,11.500000,24.500000,-2.500000,-2.500000,3.000000,-0.040000,0.520000,1.510000,0.980000,2.485000,3.605000,2.000000,11.500000,24.500000,-2.500000,-2.500000,3.000000,-0.040000,0.520000,1.510000,-7.260000,-8.640000,-13.440000,114.000000,240.000000,462.000000,18.000000,33.000000,75.000000,3.000000,5.760000,13.740000
YEQKIR,1.000000,1.000000,101.696400,217.731600,346.947600,356.250000,348.000000,786.000000,1008.000000,714.000000,16.000000,32.000000,54.000000,58.000000,86.000000,208.000000,268.000000,234.000000,5.716800,13.770000,19.387800,18.187800,101.696400,217.731600,346.947600,356.250000,348.000000,786.000000,1008.000000,714.000000,16.000000,32.000000,54.000000,58.000000,86.000000,208.000000,268.000000,234.000000,5.716800,13.770000,19.387800,18.187800,9.241600,16.993600,25.171200,7.752000,49.000000,91.000000,105.000000,42.000000,2.000000,3.000000,1.000000,4.000000,10.000000,12.000000,8.000000,0.562500,1.140000,1.402500,0.577500,9.241600,16.993600,25.171200,7.752000,49.000000,91.000000,105.000000,42.000000,2.000000,3.000000,1.000000,4.000000,10.000000,12.000000,8.000000,0.562500,1.140000,1.402500,0.577500,3.348900,33.379200,61.378200,90.914400,676.000000,1092.000000,2028.000000,2340.000000,12.000000,18.000000,108.000000,180.000000,216.000000,1.562500,5.625000,11.400000,14.025000,613.527300,1373.148000,2481.690000,3338.944800,2764.000000,6900.000000,11574.000000,14424.000000,97.000000,204.000000,378.000000,504.000000,582.000000,1524.000000,2310.000000,2784.000000,35.863300,93.870000,156.001800,205.576800,0.490000,0.840000,0.490000,1.000000,6.000000,1.000000,-1.000000,0.000000,-2.000000,-0.020000,0.380000,-0.020000,0.490000,0.840000,0.490000,1.000000,6.000000,1.000000,-1.000000,0.000000,-2.000000,-0.020000,0.380000,-0.020000,-7.260000,-11.580000,-16.740000,114.000000,234.000000,378.000000,18.000000,42.000000,72.000000,3.000000,5.880000,11.280000
YIMYEZ,3.000000,3.000000,217.422100,491.550600,820.902600,915.713700,778.000000,1890.000000,2772.000000,2634.000000,35.000000,74.000000,126.000000,138.000000,200.000000,494.000000,699.000000,738.000000,13.273100,33.559000,50.887800,53.183400,217.422100,491.550600,820.902600,915.713700,778.000000,1890.000000,2772.000000,2634.000000,35.000000,74.000000,126.000000,138.000000,200.000000,494.000000,699.000000,738.000000,13.273100,33.559000,50.887800,53.183400,9.241600,16.993600,30.476000,49.111200,49.000000,91.000000,150.500000,147.000000,2.000000,4.000000,6.500000,4.000000,12.000000,25.000000,24.000000,0.562500,1.140000,2.160000,2.523750,9.241600,16.993600,30.476000,49.111200,49.000000,91.000000,150.500000,147.000000,2.000000,4.000000,6.500000,4.000000,12.000000,25.000000,24.000000,0.562500,1.140000,2.160000,2.523750,3.348900,33.379200,61.378200,91.408500,676.000000,1092.000000,2028.000000,2730.000000,12.000000,20.000000,108.000000,216.000000,354.000000,1.562500,5.625000,11.400000,17.750000,438.193100,1049.859600,2041.809600,2812.062000,2232.000000,5964.000000,11070.000000,15012.000000,71.000000,160.000000,306.000000,412.000000,466.000000,1276.000000,2250.000000,3192.000000,28.108700,78.368000,141.450600,196.766800,0.490000,2.135000,3.605000,1.000000,6.500000,24.500000,-2.000000,-4.500000,1.000000,-0.020000,0.120000,1.510000,0.490000,2.135000,3.605000,1.000000,6.500000,24.500000,-2.000000,-4.500000,1.000000,-0.020000,0.120000,1.510000,-7.260000,-11.580000,-13.350000,114.000000,234.000000,415.000000,18.000000,36.000000,61.000000,3.000000,5.880000,10.800000
YIMYEZ01,3.000000,3.000000,217.422100,491.550600,820.902600,915.713700,778.000000,1890.000000,2772.000000,2634.000000,35.000000,74.000000,126.000000,138.000000,200.000000,494.000000,699.000000,738.000000,13.273100,33.559000,50.887800,53.183400,217.422100,491.550600,820.902600,915.713700,778.000000,1890.000000,2772.000000,2634.000000,35.000000,74.000000,126.000000,138.000000,200.000000,494.000000,699.000000,738.000000,13.273100,33.559000,50.887800,53.183400,9.241600,16.993600,30.476000,49.111200,49.000000,91.000000,150.500000,147.000000,2.000000,4.000000,6.500000,4.000000,12.000000,25.000000,24.000000,0.562500,1.140000,2.160000,2.523750,9.241600,16.993600,30.476000,49.111200,49.000000,91.000000,150.500000,147.000000,2.000000,4.000000,6.500000,4.000000,12.000000,25.000000,24.000000,0.562500,1.140000,2.160000,2.523750,3.348900,33.379200,61.378200,91.408500,676.000000,1092.000000,2028.000000,2730.000000,12.000000,20.000000,108.000000,216.000000,354.000000,1.562500,5.625000,11.400000,17.750000,438.193100,1049.859600,2041.809600,2812.062000,2232.000000,5964.000000,11070.000000,15012.000000,71.000000,160.000000,306.000000,412.000000,466.000000,1276.000000,2250.000000,3192.000000,28.108700,78.368000,141.450600,196.766800,0.490000,2.135000,3.605000,1.000000,6.500000,24.500000,-2.000000,-4.500000,1.000000,-0.020000,0.120000,1.510000,0.490000,2.135000,3.605000,1.000000,6.500000,24.500000,-2.000000,-4.500000,1.000000,-0.020000,0.120000,1.510000,-7.260000,-11.580000,-13.350000,114.000000,234.000000,415.000000,18.000000,36.000000,61.000000,3.000000,5.880000,10.800000
YIMYEZ02,3.000000,3.000000,217.422100,491.550600,820.902600,915.713700,778.000000,1890.000000,2772.000000,2634.000000,35.000000,74.000000,126.000000,138.000000,200.000000,494.000000,699.000000,738.000000,13.273100,33.559000,50.887800,53.183400,217.422100,491.550600,820.902600,915.713700,778.000000,1890.000000,2772.000000,2634.000000,35.000000,74.000000,126.000000,138.000000,200.000000,494.000000,699.000000,738.000000,13.273100,33.559000,50.887800,53.183400,9.241600,16.993600,30.476000,49.111200,49.000000,91.000000,150.500000,147.000000,2.000000,4.000000,6.500000,4.000000,12.000000,25.000000,24.000000,0.562500,1.140000,2.160000,2.523750,9.241600,16.993600,30.476000,49.111200,49.000000,91.000000,150.500000,147.000000,2.000000,4.000000,6.500000,4.000000,12.000000,25.000000,24.000000,0.562500,1.140000,2.160000,2.523750,3.348900,33.379200,61.378200,91.408500,676.000000,1092.000000,2028.000000,2730.000000,12.000000,20.000000,108.000000,216.000000,354.000000,1.562500,5.625000,11.400000,17.750000,438.193100,1049.859600,2041.809600,2812.062000,2232.000000,5964.000000,11070.000000,15012.000000,71.000000,160.000000,306.000000,412.000000,466.000000,1276.000000,2250.000000,3192.000000,28.108700,78.368000,141.450600,196.766800,0.490000,2.135000,3.605000,1.000000,6.500000,24.500000,-2.000000,-4.500000,1.000000,-0.020000,0.120000,1.510000,0.490000,2.135000,3.605000,1.000000,6.500000,24.500000,-2.000000,-4.500000,1.000000,-0.020000,0.120000,1.510000,-7.260000,-11.580000,-13.350000,114.000000,234.000000,415.000000,18.000000,36.000000,61.000000,3.000000,5.880000,10.800000
YIMYID02,3.000000,3.000000,241.695850,544.718100,920.307600,1027.697700,835.000000,2034.000000,3015.000000,2982.000000,39.500000,83.000000,144.000000,156.000000,227.000000,557.000000,789.000000,855.000000,14.573150,37.047100,56.532000,60.999600,241.695850,544.718100,920.307600,1027.697700,835.000000,2034.000000,3015.000000,2982.000000,39.500000,83.000000,144.000000,156.000000,227.000000,557.000000,789.000000,855.000000,14.573150,37.047100,56.532000,60.999600,9.241600,16.993600,30.476000,49.643200,49.000000,91.000000,150.500000,164.500000,2.000000,4.000000,6.500000,4.000000,12.000000,25.000000,27.000000,0.562500,1.140000,2.160000,2.673750,9.241600,16.993600,30.476000,49.643200,49.000000,91.000000,150.500000,164.500000,2.000000,4.000000,6.500000,4.000000,12.000000,25.000000,27.000000,0.562500,1.140000,2.160000,2.673750,3.348900,33.379200,61.378200,91.408500,676.000000,1092.000000,2028.000000,2730.000000,12.000000,20.000000,108.000000,216.000000,354.000000,1.562500,5.625000,11.400000,17.750000,486.740600,1156.194600,2240.619600,3036.030000,2346.000000,6252.000000,11556.000000,15708.000000,80.000000,178.000000,342.000000,448.000000,520.000000,1402.000000,2430.000000,3444.000000,30.708800,85.344200,152.739000,212.399200,0.490000,2.135000,3.430000,1.000000,6.500000,22.000000,-2.000000,-4.500000,-0.500000,-0.020000,0.120000,1.310000,0.490000,2.135000,3.430000,1.000000,6.500000,22.000000,-2.000000,-4.500000,-0.500000,-0.020000,0.120000,1.310000,-7.260000,-11.580000,-13.350000,114.000000,234.000000,415.000000,18.000000,36.000000,61.000000,3.000000,5.880000,10.800000
YIMYID04,3.000000,3.000000,241.695850,544.718100,920.307600,1027.697700,835.000000,2034.000000,3015.000000,2982.000000,39.500000,83.000000,144.000000,156.000000,227.000000,557.000000,789.000000,855.000000,14.573150,37.047100,56.532000,60.999600,241.695850,544.718100,920.307600,1027.697700,835.000000,2034.000000,3015.000000,2982.000000,39.500000,83.000000,144.000000,156.000000,227.000000,557.000000,789.000000,855.000000,14.573150,37.047100,56.532000,60.999600,9.241600,16.993600,30.476000,49.643200,49.000000,91.000000,150.500000,164.500000,2.000000,4.000000,6.500000,4.000000,12.000000,25.000000,27.000000,0.562500,1.140000,2.160000,2.673750,9.241600,16.993600,30.476000,49.643200,49.000000,91.000000,150.500000,164.500000,2.000000,4.000000,6.500000,4.000000,12.000000,25.000000,27.000000,0.562500,1.140000,2.160000,2.673750,3.348900,33.379200,61.378200,91.408500,676.000000,1092.000000,2028.000000,2730.000000,12.000000,20.000000,108.000000,216.000000,354.000000,1.562500,5.625000,11.400000,17.750000,486.740600,1156.194600,2240.619600,3036.030000,2346.000000,6252.000000,11556.000000,15708.000000,80.000000,178.000000,342.000000,448.000000,520.000000,1402.000000,2430.000000,3444.000000,30.708800,85.344200,152.739000,212.399200,0.490000,2.135000,3.430000,1.000000,6.500000,22.000000,-2.000000,-4.500000,-0.500000,-0.020000,0.120000,1.310000,0.490000,2.135000,3.430000,1.000000,6.500000,22.000000,-2.000000,-4.500000,-0.500000,-0.020000,0.120000,1.310000,-7.260000,-11.580000,-13.350000,114.000000,234.000000,415.000000,18.000000,36.000000,61.000000,3.000000,5.880000,10.800000
YIMYOJ,3.000000,3.000000,231.430150,520.003100,869.672600,1008.374000,829.000000,1988.000000,2960.000000,3047.000000,37.000000,78.000000,133.000000,150.000000,211.000000,524.000000,751.000000,825.000000,13.972900,35.269000,53.881700,58.873600,231.430150,520.003100,869.672600,1008.374000,829.000000,1988.000000,2960.000000,3047.000000,37.000000,78.000000,133.000000,150.000000,211.000000,524.000000,751.000000,825.000000,13.972900,35.269000,53.881700,58.873600,9.241600,16.993600,30.476000,49.643200,49.000000,91.000000,150.500000,164.500000,2.000000,4.000000,6.500000,4.000000,12.000000,25.000000,27.000000,0.562500,1.140000,2.160000,2.673750,9.241600,16.993600,30.476000,49.643200,49.000000,91.000000,150.500000,164.500000,2.000000,4.000000,6.500000,4.000000,12.000000,25.000000,27.000000,0.562500,1.140000,2.160000,2.673750,3.348900,33.379200,61.378200,91.408500,676.000000,1092.000000,2028.000000,2730.000000,12.000000,20.000000,108.000000,216.000000,354.000000,1.562500,5.625000,11.400000,17.750000,466.209200,1106.764600,2139.349600,2997.382600,2334.000000,6160.000000,11446.000000,15838.000000,75.000000,168.000000,320.000000,436.000000,488.000000,1336.000000,2354.000000,3384.000000,29.508300,81.788000,147.438400,208.147200,0.490000,2.135000,3.430000,1.000000,6.500000,22.000000,-2.000000,-4.500000,-0.500000,-0.020000,0.120000,1.310000,0.490000,2.135000,3.430000,1.000000,6.500000,22.000000,-2.000000,-4.500000,-0.500000,-0.020000,0.120000,1.310000,-7.260000,-11.580000,-13.350000,114.000000,234.000000,415.000000,18.000000,36.000000,61.000000,3.000000,5.880000,10.800000
YIVSEB,2.000000,2.000000,143.888900,317.241200,506.825400,522.406400,530.000000,1238.000000,1728.000000,1556.000000,23.000000,48.000000,78.000000,80.000000,126.000000,300.000000,392.000000,388.000000,8.955100,22.022800,31.661400,31.290800,143.888900,317.241200,506.825400,522.406400,530.000000,1238.000000,1728.000000,1556.000000,23.000000,48.000000,78.000000,80.000000,126.000000,300.000000,392.000000,388.000000,8.955100,22.022800,31.661400,31.290800,9.241600,15.504000,33.987200,44.809600,49.000000,84.000000,182.000000,154.000000,2.000000,4.000000,6.000000,4.000000,12.000000,24.000000,24.000000,0.562500,1.155000,2.280000,2.550000,9.241600,15.504000,30.617867,40.477600,49.000000,84.000000,141.166667,154.000000,2.000000,4.000000,5.166667,4.000000,12.000000,20.666667,19.000000,0.562500,1.155000,2.055000,2.306250,3.348900,33.379200,55.998000,87.455700,676.000000,1092.000000,1872.000000,2574.000000,12.000000,18.000000,108.000000,216.000000,288.000000,1.562500,5.625000,11.550000,15.675000,435.015600,1018.482000,1909.720200,2523.897000,2266.000000,5898.000000,10398.000000,14058.000000,70.000000,156.000000,288.000000,378.000000,444.000000,1188.000000,2010.000000,2790.000000,28.427800,77.318400,134.959200,184.217400,0.980000,0.980000,3.500000,2.000000,2.000000,20.000000,-2.000000,-4.000000,0.000000,-0.040000,-0.040000,1.100000,0.980000,2.088333,2.391667,2.000000,7.833333,14.166667,-2.000000,-2.333333,0.833333,-0.040000,0.260000,0.800000,-7.260000,-8.640000,-14.850000,114.000000,240.000000,369.000000,18.000000,36.000000,60.000000,3.000000,5.760000,9.960000
YUJBUB,3.000000,3.000000,217.422100,491.550600,820.902600,914.821200,778.000000,1890.000000,2772.000000,2604.000000,35.000000,74.000000,126.000000,138.000000,200.000000,494.000000,696.000000,726.000000,13.273100,33.559000,50.887800,52.875400,217.422100,491.550600,820.902600,914.821200,778.000000,1890.000000,2772.000000,2604.000000,35.000000,74.000000,126.000000,138.000000,200.000000,494.000000,696.000000,726.000000,13.273100,33.559000,50.887800,52.875400,9.241600,16.993600,31.008000,58.611200,49.000000,91.000000,168.000000,140.000000,2.000000,4.000000,8.000000,4.000000,12.000000,28.000000,24.000000,0.562500,1.140000,2.310000,2.790000,9.241600,16.993600,30.476000,49.111200,49.000000,91.000000,150.500000,147.000000,2.000000,4.000000,6.500000,4.000000,12.000000,25.000000,24.000000,0.562500,1.140000,2.160000,2.523750,3.348900,33.379200,61.378200,92.049000,676.000000,1092.000000,2028.000000,2860.000000,12.000000,20.000000,108.000000,216.000000,372.000000,1.562500,5.625000,11.400000,18.250000,438.193100,1049.859600,2041.809600,2811.558000,2232.000000,5964.000000,11070.000000,15212.000000,71.000000,160.000000,306.000000,412.000000,466.000000,1276.000000,2250.000000,3204.000000,28.108700,78.368000,141.450600,197.150800,0.490000,1.960000,5.040000,1.000000,4.000000,36.000000,-2.000000,-6.000000,4.000000,-0.020000,-0.080000,2.280000,0.490000,2.135000,3.605000,1.000000,6.500000,24.500000,-2.000000,-4.500000,1.000000,-0.020000,0.120000,1.510000,-7.260000,-11.580000,-13.700000,114.000000,234.000000,410.000000,18.000000,36.000000,58.000000,3.000000,5.880000,10.400000
YUJBUB01,3.000000,3.000000,217.422100,491.550600,820.902600,914.821200,778.000000,1890.000000,2772.000000,2604.000000,35.000000,74.000000,126.000000,138.000000,200.000000,494.000000,696.000000,726.000000,13.273100,33.559000,50.887800,52.875400,217.422100,491.550600,820.902600,914.821200,778.000000,1890.000000,2772.000000,2604.000000,35.000000,74.000000,126.000000,138.000000,200.000000,494.000000,696.000000,726.000000,13.273100,33.559000,50.887800,52.875400,9.241600,16.993600,31.008000,58.611200,49.000000,91.000000,168.000000,140.000000,2.000000,4.000000,8.000000,4.000000,12.000000,28.000000,24.000000,0.562500,1.140000,2.310000,2.790000,9.241600,16.993600,30.476000,49.111200,49.000000,91.000000,150.500000,147.000000,2.000000,4.000000,6.500000,4.000000,12.000000,25.000000,24.000000,0.562500,1.140000,2.160000,2.523750,3.348900,33.379200,61.378200,92.049000,676.000000,1092.000000,2028.000000,2860.000000,12.000000,20.000000,108.000000,216.000000,372.000000,1.562500,5.625000,11.400000,18.250000,438.193100,1049.859600,2041.809600,2811.558000,2232.000000,5964.000000,11070.000000,15212.000000,71.000000,160.000000,306.000000,412.000000,466.000000,1276.000000,2250.000000,3204.000000,28.108700,78.368000,141.450600,197.150800,0.490000,1.960000,5.040000,1.000000,4.000000,36.000000,-2.000000,-6.000000,4.000000,-0.020000,-0.080000,2.280000,0.490000,2.135000,3.605000,1.000000,6.500000,24.500000,-2.000000,-4.500000,1.000000,-0.020000,0.120000,1.510000,-7.260000,-11.580000,-13.700000,114.000000,234.000000,410.000000,18.000000,36.000000,58.000000,3.000000,5.880000,10.400000
YUYHOR,4.000000,2.000000,215.121400,473.359000,775.300000,944.877600,718.000000,1684.000000,2164.000000,2058.000000,36.000000,74.000000,124.000000,158.000000,198.000000,492.000000,656.000000,678.000000,13.014800,32.510600,47.239600,50.907000,94.657600,193.010333,308.502133,341.711200,314.666667,677.333333,796.000000,714.000000,16.000000,31.333333,50.666667,56.666667,82.000000,193.333333,236.000000,230.000000,5.864000,13.737533,18.283733,18.079000,9.241600,15.504000,29.944000,43.745600,49.000000,84.000000,133.000000,119.000000,2.000000,4.000000,6.000000,4.000000,12.000000,22.000000,20.000000,0.562500,1.155000,2.010000,2.250000,9.241600,12.565333,18.219733,26.579733,49.000000,58.333333,60.666667,65.333333,1.666667,2.666667,3.666667,3.666667,10.333333,13.666667,12.000000,0.562500,0.862500,1.180000,1.307500,3.348900,33.379200,54.717000,66.392400,676.000000,1092.000000,1612.000000,1144.000000,12.000000,16.000000,108.000000,204.000000,180.000000,1.562500,5.625000,10.550000,10.600000,287.321700,645.789400,1312.188400,1918.404800,1620.000000,4216.000000,7082.000000,7972.000000,49.000000,106.000000,206.000000,304.000000,312.000000,864.000000,1486.000000,1900.000000,19.154500,52.462600,92.826200,128.432000,0.980000,2.310000,3.850000,2.000000,9.000000,25.000000,-2.000000,-3.000000,2.000000,-0.040000,0.320000,1.500000,0.933333,2.113333,2.403333,3.333333,10.000000,16.333333,-0.666667,0.333333,1.666667,0.100000,0.426667,1.006667,-7.260000,-7.940000,-7.000000,114.000000,250.000000,372.000000,18.000000,38.000000,66.000000,3.000000,6.560000,11.520000
YUYHOR01,4.000000,2.000000,215.121400,473.359000,775.300000,944.877600,718.000000,1684.000000,2164.000000,2058.000000,36.000000,74.000000,124.000000,158.000000,198.000000,492.000000,656.000000,678.000000,13.014800,32.510600,47.239600,50.907000,94.657600,193.010333,308.502133,341.711200,314.666667,677.333333,796.000000,714.000000,16.000000,31.333333,50.666667,56.666667,82.000000,193.333333,236.000000,230.000000,5.864000,13.737533,18.283733,18.079000,9.241600,15.504000,29.944000,43.745600,49.000000,84.000000,133.000000,119.000000,2.000000,4.000000,6.000000,4.000000,12.000000,22.000000,20.000000,0.562500,1.155000,2.010000,2.250000,9.241600,12.565333,18.219733,26.579733,49.000000,58.333333,60.666667,65.333333,1.666667,2.666667,3.666667,3.666667,10.333333,13.666667,12.000000,0.562500,0.862500,1.180000,1.307500,3.348900,33.379200,54.717000,66.392400,676.000000,1092.000000,1612.000000,1144.000000,12.000000,16.000000,108.000000,204.000000,180.000000,1.562500,5.625000,10.550000,10.600000,287.321700,645.789400,1312.188400,1918.404800,1620.000000,4216.000000,7082.000000,7972.000000,49.000000,106.000000,206.000000,304.000000,312.000000,864.000000,1486.000000,1900.000000,19.154500,52.462600,92.826200,128.432000,0.980000,2.310000,3.850000,2.000000,9.000000,25.000000,-2.000000,-3.000000,2.000000,-0.040000,0.320000,1.500000,0.933333,2.113333,2.403333,3.333333,10.000000,16.333333,-0.666667,0.333333,1.666667,0.100000,0.426667,1.006667,-7.260000,-7.940000,-7.000000,114.000000,250.000000,372.000000,18.000000,38.000000,66.000000,3.000000,6.560000,11.520000
YUZTIX,3.000000,3.000000,217.569600,495.711400,775.326400,873.743400,882.000000,2116.000000,2992.000000,2766.000000,34.000000,74.000000,116.000000,136.000000,190.000000,474.000000,676.000000,668.000000,14.504200,36.053000,53.289200,54.797600,217.569600,495.711400,775.326400,873.743400,882.000000,2116.000000,2992.000000,2766.000000,34.000000,74.000000,116.000000,136.000000,190.000000,474.000000,676.000000,668.000000,14.504200,36.053000,53.289200,54.797600,9.241600,16.993600,29.944000,30.369600,49.000000,91.000000,133.000000,105.000000,2.000000,4.000000,4.000000,4.000000,12.000000,20.000000,14.000000,0.562500,1.140000,2.010000,1.695000,9.241600,16.000533,32.639467,46.866667,49.000000,86.333333,165.666667,193.666667,2.000000,4.000000,6.000000,4.000000,12.000000,22.666667,24.666667,0.562500,1.150000,2.190000,2.840000,3.348900,33.379200,59.584800,72.102000,676.000000,1092.000000,1976.000000,1976.000000,12.000000,16.000000,108.000000,216.000000,240.000000,1.562500,5.625000,11.450000,13.400000,438.488100,1058.181200,1947.070400,2671.633200,2440.000000,6416.000000,11406.000000,13684.000000,69.000000,160.000000,286.000000,400.000000,446.000000,1236.000000,2182.000000,2804.000000,30.570900,83.356000,146.353400,191.475200,0.490000,2.310000,2.170000,1.000000,9.000000,13.000000,-2.000000,-2.000000,1.000000,-0.020000,0.320000,0.740000,0.816667,1.423333,2.823333,1.666667,4.333333,14.333333,-2.000000,-3.333333,-0.333333,-0.033333,0.080000,0.713333,-7.260000,-10.600000,-10.120000,114.000000,236.000000,340.000000,18.000000,36.000000,56.000000,3.000000,5.840000,9.280000
YUZTOD,3.000000,3.000000,217.569600,495.711400,775.326400,873.743400,882.000000,2116.000000,2992.000000,2766.000000,34.000000,74.000000,116.000000,136.000000,190.000000,474.000000,676.000000,668.000000,14.504200,36.053000,53.289200,54.797600,217.569600,495.711400,775.326400,873.743400,882.000000,2116.000000,2992.000000,2766.000000,34.000000,74.000000,116.000000,136.000000,190.000000,474.000000,676.000000,668.000000,14.504200,36.053000,53.289200,54.797600,9.241600,16.993600,29.944000,30.369600,49.000000,91.000000,133.000000,105.000000,2.000000,4.000000,4.000000,4.000000,12.000000,20.000000,14.000000,0.562500,1.140000,2.010000,1.695000,9.241600,16.000533,32.639467,46.866667,49.000000,86.333333,165.666667,193.666667,2.000000,4.000000,6.000000,4.000000,12.000000,22.666667,24.666667,0.562500,1.150000,2.190000,2.840000,3.348900,33.379200,59.584800,72.102000,676.000000,1092.000000,1976.000000,1976.000000,12.000000,16.000000,108.000000,216.000000,240.000000,1.562500,5.625000,11.450000,13.400000,438.488100,1058.181200,1947.070400,2671.633200,2440.000000,6416.000000,11406.000000,13684.000000,69.000000,160.000000,286.000000,400.000000,446.000000,1236.000000,2182.000000,2804.000000,30.570900,83.356000,146.353400,191.475200,0.490000,2.310000,2.170000,1.000000,9.000000,13.000000,-2.000000,-2.000000,1.000000,-0.020000,0.320000,0.740000,0.816667,1.423333,2.823333,1.666667,4.333333,14.333333,-2.000000,-3.333333,-0.333333,-0.033333,0.080000,0.713333,-7.260000,-10.600000,-10.120000,114.000000,236.000000,340.000000,18.000000,36.000000,56.000000,3.000000,5.840000,9.280000
YUZTUJ,3.000000,3.000000,217.569600,495.711400,775.326400,873.743400,882.000000,2116.000000,2992.000000,2766.000000,34.000000,74.000000,116.000000,136.000000,190.000000,474.000000,676.000000,668.000000,14.504200,36.053000,53.289200,54.797600,219.989600,502.399400,786.546400,894.643400,882.500000,2123.000000,3004.000000,2780.000000,34.500000,75.000000,118.000000,140.000000,193.000000,483.000000,690.000000,683.000000,14.572650,36.330500,53.859000,55.641200,9.241600,16.993600,29.944000,30.369600,49.000000,91.000000,133.000000,105.000000,2.000000,4.000000,4.000000,4.000000,12.000000,20.000000,14.000000,0.562500,1.140000,2.010000,1.695000,9.241600,16.000533,32.639467,46.866667,49.000000,86.333333,165.666667,193.666667,2.000000,4.000000,6.000000,4.000000,12.000000,22.666667,24.666667,0.562500,1.150000,2.190000,2.840000,3.348900,33.379200,59.584800,72.102000,676.000000,1092.000000,1976.000000,1976.000000,12.000000,16.000000,108.000000,216.000000,240.000000,1.562500,5.625000,11.450000,13.400000,443.328100,1071.557200,1969.510400,2713.433200,2441.000000,6430.000000,11430.000000,13712.000000,70.000000,162.000000,290.000000,408.000000,452.000000,1254.000000,2210.000000,2834.000000,30.707800,83.911000,147.493000,193.162400,0.490000,2.310000,2.170000,1.000000,9.000000,13.000000,-2.000000,-2.000000,1.000000,-0.020000,0.320000,0.740000,0.816667,1.423333,2.823333,1.666667,4.333333,14.333333,-2.000000,-3.333333,-0.333333,-0.033333,0.080000,0.713333,-7.260000,-10.600000,-10.120000,114.000000,236.000000,340.000000,18.000000,36.000000,56.000000,3.000000,5.840000,9.280000
ZEQMEP02,3.000000,3.000000,265.969600,597.885600,1020.741600,1156.114200,892.000000,2178.000000,3288.000000,3378.000000,44.000000,92.000000,162.000000,174.000000,254.000000,620.000000,870.000000,990.000000,15.873200,40.535200,62.128200,68.766600,265.969600,597.885600,1020.741600,1156.114200,892.000000,2178.000000,3288.000000,3378.000000,44.000000,92.000000,162.000000,174.000000,254.000000,620.000000,870.000000,990.000000,15.873200,40.535200,62.128200,68.766600,9.241600,16.993600,31.008000,59.675200,49.000000,91.000000,168.000000,175.000000,2.000000,4.000000,8.000000,4.000000,12.000000,28.000000,30.000000,0.562500,1.140000,2.310000,3.090000,9.241600,16.993600,31.008000,59.675200,49.000000,91.000000,168.000000,175.000000,2.000000,4.000000,8.000000,4.000000,12.000000,28.000000,30.000000,0.562500,1.140000,2.310000,3.090000,3.348900,33.379200,61.378200,93.330000,676.000000,1092.000000,2028.000000,3120.000000,12.000000,20.000000,108.000000,216.000000,408.000000,1.562500,5.625000,11.400000,19.250000,535.288100,1262.529600,2441.487600,3296.706000,2460.000000,6540.000000,12102.000000,17280.000000,89.000000,196.000000,378.000000,484.000000,574.000000,1528.000000,2610.000000,3840.000000,33.308900,92.320400,163.931400,230.933200,0.490000,1.960000,4.690000,1.000000,4.000000,31.000000,-2.000000,-6.000000,1.000000,-0.020000,-0.080000,1.880000,0.490000,1.960000,4.690000,1.000000,4.000000,31.000000,-2.000000,-6.000000,1.000000,-0.020000,-0.080000,1.880000,-7.260000,-11.580000,-14.400000,114.000000,234.000000,400.000000,18.000000,36.000000,52.000000,3.000000,5.880000,9.600000
ZIKKUC,3.000000,3.000000,232.675500,539.302000,862.860400,1034.192800,942.000000,2296.000000,3436.000000,3388.000000,37.000000,82.000000,132.000000,162.000000,214.000000,546.000000,804.000000,812.000000,15.857300,40.272200,61.632400,65.815800,283.376600,645.760200,1030.529200,1202.446600,1118.000000,2682.000000,3898.000000,4012.000000,45.000000,98.000000,158.000000,188.000000,256.000000,640.000000,922.000000,974.000000,18.716500,47.172200,71.065800,77.396400,9.241600,15.504000,32.497600,45.873600,49.000000,84.000000,175.000000,189.000000,2.000000,4.000000,6.000000,4.000000,12.000000,24.000000,26.000000,0.562500,1.155000,2.295000,2.850000,9.241600,16.000533,30.653333,48.710933,49.000000,86.333333,156.333333,212.333333,2.000000,4.000000,6.000000,4.000000,12.000000,22.666667,26.000000,0.562500,1.150000,2.210000,2.925000,3.348900,33.379200,57.791400,75.176400,676.000000,1092.000000,1924.000000,2288.000000,12.000000,16.000000,108.000000,216.000000,264.000000,1.562500,5.625000,11.500000,14.350000,570.102100,1358.278800,2453.889200,3317.313200,2912.000000,7548.000000,13114.000000,16716.000000,91.000000,208.000000,370.000000,504.000000,578.000000,1568.000000,2682.000000,3496.000000,38.995500,105.594400,182.006600,238.752800,0.980000,1.470000,3.150000,2.000000,3.000000,15.000000,-2.000000,-4.000000,-1.000000,-0.040000,-0.060000,0.700000,0.816667,2.076667,2.216667,1.666667,5.666667,11.666667,-2.000000,-3.333333,-1.000000,-0.033333,0.053333,0.600000,-7.260000,-9.620000,-11.800000,114.000000,238.000000,328.000000,18.000000,36.000000,52.000000,3.000000,5.800000,8.520000
ZIKKUC04,3.000000,3.000000,232.675500,539.302000,862.860400,1034.192800,942.000000,2296.000000,3436.000000,3388.000000,37.000000,82.000000,132.000000,162.000000,214.000000,546.000000,804.000000,812.000000,15.857300,40.272200,61.632400,65.815800,283.376600,645.760200,1030.529200,1202.446600,1118.000000,2682.000000,3898.000000,4012.000000,45.000000,98.000000,158.000000,188.000000,256.000000,640.000000,922.000000,974.000000,18.716500,47.172200,71.065800,77.396400,9.241600,15.504000,32.497600,45.873600,49.000000,84.000000,175.000000,189.000000,2.000000,4.000000,6.000000,4.000000,12.000000,24.000000,26.000000,0.562500,1.155000,2.295000,2.850000,9.241600,16.000533,30.653333,48.710933,49.000000,86.333333,156.333333,212.333333,2.000000,4.000000,6.000000,4.000000,12.000000,22.666667,26.000000,0.562500,1.150000,2.210000,2.925000,3.348900,33.379200,57.791400,75.176400,676.000000,1092.000000,1924.000000,2288.000000,12.000000,16.000000,108.000000,216.000000,264.000000,1.562500,5.625000,11.500000,14.350000,570.102100,1358.278800,2453.889200,3317.313200,2912.000000,7548.000000,13114.000000,16716.000000,91.000000,208.000000,370.000000,504.000000,578.000000,1568.000000,2682.000000,3496.000000,38.995500,105.594400,182.006600,238.752800,0.980000,1.470000,3.150000,2.000000,3.000000,15.000000,-2.000000,-4.000000,-1.000000,-0.040000,-0.060000,0.700000,0.816667,2.076667,2.216667,1.666667,5.666667,11.666667,-2.000000,-3.333333,-1.000000,-0.033333,0.053333,0.600000,-7.260000,-9.620000,-11.800000,114.000000,238.000000,328.000000,18.000000,36.000000,52.000000,3.000000,5.800000,8.520000
ZIKMAK05,3.000000,3.000000,232.675500,539.302000,862.860400,1034.192800,942.000000,2296.000000,3436.000000,3388.000000,37.000000,82.000000,132.000000,162.000000,214.000000,546.000000,804.000000,812.000000,15.857300,40.272200,61.632400,65.815800,283.376600,645.760200,1030.529200,1202.446600,1118.000000,2682.000000,3898.000000,4012.000000,45.000000,98.000000,158.000000,188.000000,256.000000,640.000000,922.000000,974.000000,18.716500,47.172200,71.065800,77.396400,9.241600,15.504000,32.497600,45.873600,49.000000,84.000000,175.000000,189.000000,2.000000,4.000000,6.000000,4.000000,12.000000,24.000000,26.000000,0.562500,1.155000,2.295000,2.850000,9.241600,16.000533,30.653333,48.710933,49.000000,86.333333,156.333333,212.333333,2.000000,4.000000,6.000000,4.000000,12.000000,22.666667,26.000000,0.562500,1.150000,2.210000,2.925000,3.348900,33.379200,57.791400,75.176400,676.000000,1092.000000,1924.000000,2288.000000,12.000000,16.000000,108.000000,216.000000,264.000000,1.562500,5.625000,11.500000,14.350000,570.102100,1358.278800,2453.889200,3317.313200,2912.000000,7548.000000,13114.000000,16716.000000,91.000000,208.000000,370.000000,504.000000,578.000000,1568.000000,2682.000000,3496.000000,38.995500,105.594400,182.006600,238.752800,0.980000,1.470000,3.150000,2.000000,3.000000,15.000000,-2.000000,-4.000000,-1.000000,-0.040000,-0.060000,0.700000,0.816667,2.076667,2.216667,1.666667,5.666667,11.666667,-2.000000,-3.333333,-1.000000,-0.033333,0.053333,0.600000,-7.260000,-9.620000,-11.800000,114.000000,238.000000,328.000000,18.000000,36.000000,52.000000,3.000000,5.800000,8.520000
ZIKMAK09,3.000000,3.000000,232.675500,539.302000,862.860400,1034.192800,942.000000,2296.000000,3436.000000,3388.000000,37.000000,82.000000,132.000000,162.000000,214.000000,546.000000,804.000000,812.000000,15.857300,40.272200,61.632400,65.815800,283.376600,645.760200,1030.529200,1202.446600,1118.000000,2682.000000,3898.000000,4012.000000,45.000000,98.000000,158.000000,188.000000,256.000000,640.000000,922.000000,974.000000,18.716500,47.172200,71.065800,77.396400,9.241600,15.504000,32.497600,45.873600,49.000000,84.000000,175.000000,189.000000,2.000000,4.000000,6.000000,4.000000,12.000000,24.000000,26.000000,0.562500,1.155000,2.295000,2.850000,9.241600,16.000533,30.653333,48.710933,49.000000,86.333333,156.333333,212.333333,2.000000,4.000000,6.000000,4.000000,12.000000,22.666667,26.000000,0.562500,1.150000,2.210000,2.925000,3.348900,33.379200,57.791400,75.176400,676.000000,1092.000000,1924.000000,2288.000000,12.000000,16.000000,108.000000,216.000000,264.000000,1.562500,5.625000,11.500000,14.350000,570.102100,1358.278800,2453.889200,3317.313200,2912.000000,7548.000000,13114.000000,16716.000000,91.000000,208.000000,370.000000,504.000000,578.000000,1568.000000,2682.000000,3496.000000,38.995500,105.594400,182.006600,238.752800,0.980000,1.470000,3.150000,2.000000,3.000000,15.000000,-2.000000,-4.000000,-1.000000,-0.040000,-0.060000,0.700000,0.816667,2.076667,2.216667,1.666667,5.666667,11.666667,-2.000000,-3.333333,-1.000000,-0.033333,0.053333,0.600000,-7.260000,-9.620000,-11.800000,114.000000,238.000000,328.000000,18.000000,36.000000,52.000000,3.000000,5.800000,8.520000
ZIMMAJ,2.000000,2.000000,105.021400,234.679000,356.282400,334.688800,418.000000,964.000000,1308.000000,868.000000,16.000000,34.000000,52.000000,52.000000,86.000000,210.000000,284.000000,206.000000,6.628800,16.186600,23.011600,18.226800,105.021400,234.679000,356.282400,334.688800,418.000000,964.000000,1308.000000,868.000000,16.000000,34.000000,52.000000,52.000000,86.000000,210.000000,284.000000,206.000000,6.628800,16.186600,23.011600,18.226800,9.241600,15.504000,31.433600,31.859200,49.000000,84.000000,140.000000,112.000000,2.000000,4.000000,4.000000,4.000000,12.000000,20.000000,14.000000,0.562500,1.155000,1.995000,1.680000,9.241600,15.504000,31.433600,31.859200,49.000000,84.000000,140.000000,112.000000,2.000000,4.000000,4.000000,4.000000,12.000000,20.000000,14.000000,0.562500,1.155000,1.995000,1.680000,3.348900,33.379200,55.998000,85.534200,676.000000,1092.000000,1872.000000,2184.000000,12.000000,18.000000,108.000000,216.000000,252.000000,1.562500,5.625000,11.550000,14.175000,318.413100,770.795400,1458.091200,1956.901200,1930.000000,5076.000000,9138.000000,11214.000000,49.000000,114.000000,210.000000,294.000000,324.000000,918.000000,1674.000000,2130.000000,21.448900,59.809800,109.009800,142.025400,0.980000,1.820000,1.680000,2.000000,8.000000,12.000000,-2.000000,-2.000000,1.000000,-0.040000,0.340000,0.760000,0.980000,1.820000,1.680000,2.000000,8.000000,12.000000,-2.000000,-2.000000,1.000000,-0.040000,0.340000,0.760000,-7.260000,-8.640000,-13.800000,114.000000,240.000000,384.000000,18.000000,36.000000,66.000000,3.000000,5.760000,11.160000
ZOKBOQ,3.000000,3.000000,185.057100,418.191000,673.123600,721.356000,702.000000,1662.000000,2326.000000,1728.000000,29.000000,62.000000,102.000000,114.000000,164.000000,410.000000,574.000000,518.000000,11.539700,28.953800,43.227000,40.327000,185.057100,418.191000,673.123600,721.356000,702.000000,1662.000000,2326.000000,1728.000000,29.000000,62.000000,102.000000,114.000000,164.000000,410.000000,574.000000,518.000000,11.539700,28.953800,43.227000,40.327000,9.241600,15.504000,31.433600,34.504000,49.000000,84.000000,140.000000,70.000000,2.000000,4.000000,5.000000,4.000000,12.000000,22.000000,14.000000,0.562500,1.155000,1.995000,1.687500,9.241600,15.504000,32.142933,48.589333,49.000000,84.000000,163.333333,107.333333,2.000000,4.000000,7.000000,4.000000,12.000000,26.000000,20.666667,0.562500,1.155000,2.195000,2.442500,3.348900,33.379200,55.998000,96.148200,676.000000,1092.000000,1872.000000,2756.000000,12.000000,20.000000,108.000000,216.000000,336.000000,1.562500,5.625000,11.550000,17.100000,373.463100,903.140400,1735.491200,2441.216400,2080.000000,5508.000000,9866.000000,13336.000000,59.000000,136.000000,258.000000,372.000000,394.000000,1108.000000,1994.000000,2748.000000,24.641900,69.157600,126.429000,174.914000,0.980000,1.820000,3.850000,2.000000,8.000000,25.000000,-2.000000,-3.000000,3.000000,-0.040000,0.340000,1.500000,0.980000,1.586667,5.296667,2.000000,4.666667,33.666667,-2.000000,-5.000000,3.666667,-0.040000,0.073333,1.993333,-7.260000,-8.640000,-15.940000,114.000000,240.000000,414.000000,18.000000,36.000000,64.000000,3.000000,5.760000,11.320000
ZOYKUV,1.000000,2.000000,22.400500,28.662000,15.686400,0.000000,341.000000,276.000000,224.000000,0.000000,3.000000,4.000000,2.000000,0.000000,6.000000,8.000000,2.000000,0.000000,2.195800,2.725800,1.530000,0.000000,442.953200,970.127400,1683.582600,2213.555400,1406.000000,3330.000000,4512.000000,4728.000000,75.000000,154.000000,278.000000,380.000000,432.000000,1112.000000,1516.000000,1596.000000,25.985100,66.191400,101.079000,115.973600,9.241600,7.752000,7.843200,0.000000,49.000000,42.000000,112.000000,0.000000,1.000000,1.000000,0.000000,1.000000,2.000000,1.000000,0.000000,0.562500,0.577500,0.765000,0.000000,9.241600,16.248800,27.344800,36.799200,49.000000,87.500000,133.000000,168.000000,2.000000,3.500000,4.500000,4.000000,11.000000,19.000000,21.000000,0.562500,1.147500,1.863750,2.268750,3.348900,33.379200,48.458400,56.620200,676.000000,1092.000000,1612.000000,2184.000000,10.000000,12.000000,96.000000,156.000000,168.000000,1.562500,5.625000,9.575000,11.125000,934.056300,2064.337200,3772.702800,5246.360800,4170.000000,9396.000000,14166.000000,17632.000000,157.000000,328.000000,610.000000,872.000000,938.000000,2484.000000,3640.000000,4192.000000,57.924300,149.084400,241.243000,304.777200,0.490000,0.460000,0.000000,1.000000,-9.000000,0.000000,-1.000000,0.000000,0.000000,-0.020000,-0.270000,0.000000,0.735000,1.645000,1.575000,1.500000,5.500000,7.500000,-1.500000,-2.500000,-1.500000,-0.030000,0.140000,0.350000,-7.260000,-8.180000,-8.980000,114.000000,198.000000,228.000000,20.000000,34.000000,44.000000,3.000000,4.840000,6.100000
ZOYKUV01,1.000000,2.000000,22.400500,28.662000,15.686400,0.000000,341.000000,276.000000,224.000000,0.000000,3.000000,4.000000,2.000000,0.000000,6.000000,8.000000,2.000000,0.000000,2.195800,2.725800,1.530000,0.000000,442.953200,970.127400,1683.582600,2213.555400,1406.000000,3330.000000,4512.000000,4728.000000,75.000000,154.000000,278.000000,380.000000,432.000000,1112.000000,1516.000000,1596.000000,25.985100,66.191400,101.079000,115.973600,9.241600,7.752000,7.843200,0.000000,49.000000,42.000000,112.000000,0.000000,1.000000,1.000000,0.000000,1.000000,2.000000,1.000000,0.000000,0.562500,0.577500,0.765000,0.000000,9.241600,16.248800,27.344800,36.799200,49.000000,87.500000,133.000000,168.000000,2.000000,3.500000,4.500000,4.000000,11.000000,19.000000,21.000000,0.562500,1.147500,1.863750,2.268750,3.348900,33.379200,48.458400,56.620200,676.000000,1092.000000,1612.000000,2184.000000,10.000000,12.000000,96.000000,156.000000,168.000000,1.562500,5.625000,9.575000,11.125000,934.056300,2064.337200,3772.702800,5246.360800,4170.000000,9396.000000,14166.000000,17632.000000,157.000000,328.000000,610.000000,872.000000,938.000000,2484.000000,3640.000000,4192.000000,57.924300,149.084400,241.243000,304.777200,0.490000,0.460000,0.000000,1.000000,-9.000000,0.000000,-1.000000,0.000000,0.000000,-0.020000,-0.270000,0.000000,0.735000,1.645000,1.575000,1.500000,5.500000,7.500000,-1.500000,-2.500000,-1.500000,-0.030000,0.140000,0.350000,-7.260000,-8.180000,-8.980000,114.000000,198.000000,228.000000,20.000000,34.000000,44.000000,3.000000,4.840000,6.100000
ZUBNAO,2.000000,1.500000,289.973900,682.853000,1114.093200,1413.275200,1184.000000,2954.000000,4518.000000,5140.000000,47.000000,106.000000,174.000000,226.000000,280.000000,726.000000,1118.000000,1288.000000,20.448700,52.730200,82.992600,98.405400,156.187200,355.757500,564.889800,706.637600,762.500000,1615.000000,2371.000000,2570.000000,25.000000,55.000000,88.000000,113.000000,143.000000,367.000000,560.000000,644.000000,11.322250,27.728000,42.261300,49.202700,9.241600,15.504000,29.944000,39.185600,49.000000,84.000000,133.000000,182.000000,2.000000,4.000000,5.000000,4.000000,12.000000,20.000000,24.000000,0.562500,1.155000,2.010000,2.572500,9.241600,11.628000,18.893600,19.592800,49.000000,63.000000,122.500000,91.000000,1.500000,2.500000,2.500000,2.500000,7.000000,10.500000,12.000000,0.562500,0.866250,1.387500,1.286250,3.348900,33.379200,46.665000,62.878800,676.000000,1092.000000,1560.000000,2184.000000,10.000000,14.000000,96.000000,168.000000,180.000000,1.562500,5.625000,9.625000,12.100000,628.097700,1489.788400,2630.137200,3628.525600,3726.000000,8644.000000,14074.000000,18316.000000,101.000000,232.000000,402.000000,568.000000,634.000000,1716.000000,2872.000000,3664.000000,46.851500,122.162000,205.170200,271.890800,0.980000,2.310000,2.310000,2.000000,9.000000,9.000000,-2.000000,-2.000000,-2.000000,-0.040000,0.320000,0.320000,0.735000,1.385000,1.155000,1.500000,0.000000,4.500000,-1.500000,-1.000000,-1.000000,-0.030000,0.025000,0.160000,-7.260000,-7.200000,-8.740000,114.000000,200.000000,280.000000,20.000000,32.000000,54.000000,3.000000,4.800000,7.820000
ZUBNAO01,2.000000,1.500000,289.973900,682.853000,1114.093200,1413.275200,1184.000000,2954.000000,4518.000000,5140.000000,47.000000,106.000000,174.000000,226.000000,280.000000,726.000000,1118.000000,1288.000000,20.448700,52.730200,82.992600,98.405400,156.187200,355.757500,564.889800,706.637600,762.500000,1615.000000,2371.000000,2570.000000,25.000000,55.000000,88.000000,113.000000,143.000000,367.000000,560.000000,644.000000,11.322250,27.728000,42.261300,49.202700,9.241600,15.504000,29.944000,39.185600,49.000000,84.000000,133.000000,182.000000,2.000000,4.000000,5.000000,4.000000,12.000000,20.000000,24.000000,0.562500,1.155000,2.010000,2.572500,9.241600,11.628000,18.893600,19.592800,49.000000,63.000000,122.500000,91.000000,1.500000,2.500000,2.500000,2.500000,7.000000,10.500000,12.000000,0.562500,0.866250,1.387500,1.286250,3.348900,33.379200,46.665000,62.878800,676.000000,1092.000000,1560.000000,2184.000000,10.000000,14.000000,96.000000,168.000000,180.000000,1.562500,5.625000,9.625000,12.100000,628.097700,1489.788400,2630.137200,3628.525600,3726.000000,8644.000000,14074.000000,18316.000000,101.000000,232.000000,402.000000,568.000000,634.000000,1716.000000,2872.000000,3664.000000,46.851500,122.162000,205.170200,271.890800,0.980000,2.310000,2.310000,2.000000,9.000000,9.000000,-2.000000,-2.000000,-2.000000,-0.040000,0.320000,0.320000,0.735000,1.385000,1.155000,1.500000,0.000000,4.500000,-1.500000,-1.000000,-1.000000,-0.030000,0.025000,0.160000,-7.260000,-7.200000,-8.740000,114.000000,200.000000,280.000000,20.000000,32.000000,54.000000,3.000000,4.800000,7.820000
ZUBNES,2.000000,1.500000,289.973900,682.853000,1114.093200,1413.275200,1184.000000,2954.000000,4518.000000,5140.000000,47.000000,106.000000,174.000000,226.000000,280.000000,726.000000,1118.000000,1288.000000,20.448700,52.730200,82.992600,98.405400,156.187200,355.757500,564.889800,706.637600,762.500000,1615.000000,2371.000000,2570.000000,25.000000,55.000000,88.000000,113.000000,143.000000,367.000000,560.000000,644.000000,11.322250,27.728000,42.261300,49.202700,9.241600,15.504000,29.944000,39.185600,49.000000,84.000000,133.000000,182.000000,2.000000,4.000000,5.000000,4.000000,12.000000,20.000000,24.000000,0.562500,1.155000,2.010000,2.572500,9.241600,11.628000,18.893600,19.592800,49.000000,63.000000,122.500000,91.000000,1.500000,2.500000,2.500000,2.500000,7.000000,10.500000,12.000000,0.562500,0.866250,1.387500,1.286250,3.348900,33.379200,46.665000,62.878800,676.000000,1092.000000,1560.000000,2184.000000,10.000000,14.000000,96.000000,168.000000,180.000000,1.562500,5.625000,9.625000,12.100000,628.097700,1489.788400,2630.137200,3628.525600,3726.000000,8644.000000,14074.000000,18316.000000,101.000000,232.000000,402.000000,568.000000,634.000000,1716.000000,2872.000000,3664.000000,46.851500,122.162000,205.170200,271.890800,0.980000,2.310000,2.310000,2.000000,9.000000,9.000000,-2.000000,-2.000000,-2.000000,-0.040000,0.320000,0.320000,0.735000,1.385000,1.155000,1.500000,0.000000,4.500000,-1.500000,-1.000000,-1.000000,-0.030000,0.025000,0.160000,-7.260000,-7.200000,-8.740000,114.000000,200.000000,280.000000,20.000000,32.000000,54.000000,3.000000,4.800000,7.820000
ZUBNIW01,2.000000,1.500000,289.973900,682.853000,1114.093200,1413.275200,1184.000000,2954.000000,4518.000000,5140.000000,47.000000,106.000000,174.000000,226.000000,280.000000,726.000000,1118.000000,1288.000000,20.448700,52.730200,82.992600,98.405400,156.187200,355.757500,564.889800,706.637600,762.500000,1615.000000,2371.000000,2570.000000,25.000000,55.000000,88.000000,113.000000,143.000000,367.000000,560.000000,644.000000,11.322250,27.728000,42.261300,49.202700,9.241600,15.504000,29.944000,39.185600,49.000000,84.000000,133.000000,182.000000,2.000000,4.000000,5.000000,4.000000,12.000000,20.000000,24.000000,0.562500,1.155000,2.010000,2.572500,9.241600,11.628000,18.893600,19.592800,49.000000,63.000000,122.500000,91.000000,1.500000,2.500000,2.500000,2.500000,7.000000,10.500000,12.000000,0.562500,0.866250,1.387500,1.286250,3.348900,33.379200,46.665000,62.878800,676.000000,1092.000000,1560.000000,2184.000000,10.000000,14.000000,96.000000,168.000000,180.000000,1.562500,5.625000,9.625000,12.100000,628.097700,1489.788400,2630.137200,3628.525600,3726.000000,8644.000000,14074.000000,18316.000000,101.000000,232.000000,402.000000,568.000000,634.000000,1716.000000,2872.000000,3664.000000,46.851500,122.162000,205.170200,271.890800,0.980000,2.310000,2.310000,2.000000,9.000000,9.000000,-2.000000,-2.000000,-2.000000,-0.040000,0.320000,0.320000,0.735000,1.385000,1.155000,1.500000,0.000000,4.500000,-1.500000,-1.000000,-1.000000,-0.030000,0.025000,0.160000,-7.260000,-7.200000,-8.740000,114.000000,200.000000,280.000000,20.000000,32.000000,54.000000,3.000000,4.800000,7.820000
ZUBNOC,2.000000,1.500000,289.973900,682.853000,1114.093200,1413.275200,1184.000000,2954.000000,4518.000000,5140.000000,47.000000,106.000000,174.000000,226.000000,280.000000,726.000000,1118.000000,1288.000000,20.448700,52.730200,82.992600,98.405400,156.187200,355.757500,564.889800,706.637600,762.500000,1615.000000,2371.000000,2570.000000,25.000000,55.000000,88.000000,113.000000,143.000000,367.000000,560.000000,644.000000,11.322250,27.728000,42.261300,49.202700,9.241600,15.504000,29.944000,39.185600,49.000000,84.000000,133.000000,182.000000,2.000000,4.000000,5.000000,4.000000,12.000000,20.000000,24.000000,0.562500,1.155000,2.010000,2.572500,9.241600,11.628000,18.893600,19.592800,49.000000,63.000000,122.500000,91.000000,1.500000,2.500000,2.500000,2.500000,7.000000,10.500000,12.000000,0.562500,0.866250,1.387500,1.286250,3.348900,33.379200,46.665000,62.878800,676.000000,1092.000000,1560.000000,2184.000000,10.000000,14.000000,96.000000,168.000000,180.000000,1.562500,5.625000,9.625000,12.100000,628.097700,1489.788400,2630.137200,3628.525600,3726.000000,8644.000000,14074.000000,18316.000000,101.000000,232.000000,402.000000,568.000000,634.000000,1716.000000,2872.000000,3664.000000,46.851500,122.162000,205.170200,271.890800,0.980000,2.310000,2.310000,2.000000,9.000000,9.000000,-2.000000,-2.000000,-2.000000,-0.040000,0.320000,0.320000,0.735000,1.385000,1.155000,1.500000,0.000000,4.500000,-1.500000,-1.000000,-1.000000,-0.030000,0.025000,0.160000,-7.260000,-7.200000,-8.740000,114.000000,200.000000,280.000000,20.000000,32.000000,54.000000,3.000000,4.800000,7.820000
ZUCROE,1.000000,2.000000,134.356400,262.956000,359.856000,473.107000,632.000000,1248.000000,1584.000000,1900.000000,20.000000,40.000000,56.000000,74.000000,96.000000,232.000000,316.000000,338.000000,9.912400,21.128800,28.151200,34.412200,181.879600,407.560400,617.341400,709.533200,736.000000,1712.000000,2390.000000,2432.000000,28.000000,60.000000,92.000000,108.000000,152.000000,374.000000,520.000000,524.000000,11.858800,29.016400,41.934800,44.277200,9.241600,7.752000,7.752000,15.504000,49.000000,42.000000,42.000000,84.000000,1.000000,1.000000,2.000000,1.000000,2.000000,3.000000,5.000000,0.562500,0.577500,0.577500,1.155000,9.241600,16.248800,27.344800,36.799200,49.000000,87.500000,133.000000,168.000000,2.000000,3.500000,4.500000,4.000000,11.000000,19.000000,21.000000,0.562500,1.147500,1.863750,2.268750,3.348900,33.379200,48.458400,56.510400,676.000000,1092.000000,1612.000000,1664.000000,10.000000,12.000000,96.000000,156.000000,192.000000,1.562500,5.625000,9.575000,10.500000,635.820900,1407.791200,2328.559600,3184.310800,3412.000000,8104.000000,12642.000000,15800.000000,97.000000,212.000000,346.000000,476.000000,558.000000,1456.000000,2284.000000,2792.000000,45.104900,111.540400,176.197000,228.958800,0.490000,0.490000,0.980000,1.000000,1.000000,2.000000,-1.000000,-2.000000,-3.000000,-0.020000,-0.020000,-0.040000,0.735000,1.645000,1.575000,1.500000,5.500000,7.500000,-1.500000,-2.500000,-1.500000,-0.030000,0.140000,0.350000,-7.260000,-8.180000,-8.920000,114.000000,198.000000,248.000000,20.000000,34.000000,40.000000,3.000000,4.840000,6.600000
ZUCROE01,1.000000,2.000000,134.356400,262.956000,359.856000,473.107000,632.000000,1248.000000,1584.000000,1900.000000,20.000000,40.000000,56.000000,74.000000,96.000000,232.000000,316.000000,338.000000,9.912400,21.128800,28.151200,34.412200,181.879600,407.560400,617.341400,709.533200,736.000000,1712.000000,2390.000000,2432.000000,28.000000,60.000000,92.000000,108.000000,152.000000,374.000000,520.000000,524.000000,11.858800,29.016400,41.934800,44.277200,9.241600,7.752000,7.752000,15.504000,49.000000,42.000000,42.000000,84.000000,1.000000,1.000000,2.000000,1.000000,2.000000,3.000000,5.000000,0.562500,0.577500,0.577500,1.155000,9.241600,16.248800,27.344800,36.799200,49.000000,87.500000,133.000000,168.000000,2.000000,3.500000,4.500000,4.000000,11.000000,19.000000,21.000000,0.562500,1.147500,1.863750,2.268750,3.348900,33.379200,48.458400,56.510400,676.000000,1092.000000,1612.000000,1664.000000,10.000000,12.000000,96.000000,156.000000,192.000000,1.562500,5.625000,9.575000,10.500000,635.820900,1407.791200,2328.559600,3184.310800,3412.000000,8104.000000,12642.000000,15800.000000,97.000000,212.000000,346.000000,476.000000,558.000000,1456.000000,2284.000000,2792.000000,45.104900,111.540400,176.197000,228.958800,0.490000,0.490000,0.980000,1.000000,1.000000,2.000000,-1.000000,-2.000000,-3.000000,-0.020000,-0.020000,-0.040000,0.735000,1.645000,1.575000,1.500000,5.500000,7.500000,-1.500000,-2.500000,-1.500000,-0.030000,0.140000,0.350000,-7.260000,-8.180000,-8.920000,114.000000,198.000000,248.000000,20.000000,34.000000,40.000000,3.000000,4.840000,6.600000
