column,hash,SMARTS
Bit1,1992988605,[#6D2v4+0H2R](-[#6D2v4+0H2R]-[#6D2v4+0H2R])-[#7D2v3+0H1R]-[#6D3v4+0H0R]
Bit2,839420663,[#6D3v4+0H0R](-[#6D3v4+0H0R])(:[#7D3v4+1H0R]):[#16D2v2+0H0R]
Bit3,-1019248832,[#7D3v3+0H0R](-[#6D2v4+0H2R0]-[#6D1v4+0H3R0])(:[#7D2v3+0H0R]:[#7D2v3+0H0R]):[#6D2v4+0H1R]:[#7D3v4+1H0R]
Bit4,982166874,[#6D2v4+0H2R](-[#7D2v3+0H0R])-[#6D2v4+0H2R]
Bit5,23305191,[#7D3v4+1H0R](-[#6D3v4+0H0R])(-[#26D6v6+0H0R])=[#6D3v4+0H0R]
Bit6,1945779656,[#6D2v4+0H2R0](-[#6D3v4+0H0R])-[#7D4v4+1H0R]
Bit7,1707192517,[#26D6v6+0H0R](-[#7D4v4+1H0R](-[#6D2v4+0H2R])(-[#6D2v4+0H2R])-[#6D2v4+0H2R])(-[#7D4v4+1H0R](-[#6D2v4+0H2R])(-[#6D2v4+0H2R])-[#6D2v4+0H2R])(-[#7D3v4+1H1R](-[#6D2v4+0H2R])-[#6D2v4+0H2R])(-[#7D2v3+0H0R0]=[#6D2v4+0H0R0])(-[#7D3v4+1H0R](:[#6D3v4+0H0R]):[#6D2v4+0H1R])-[#7D3v4+1H0R](:[#6D3v4+0H0R]):[#6D2v4+0H1R]
Bit8,-1019248832,[#7D3v3+0H0R](-[#6D2v4+0H2R0]-[#6D1v4+0H3R0])(:[#7D2v3+0H0R]:[#7D2v3+0H0R]):[#6D2v4+0H1R]:[#7D3v4+1H0R]
Bit9,977500979,[#6D3v4+0H0R](-[#6D3v4+0H0R](:[#7D3v4+1H0R]):[#6D2v4+0H1R])(:[#7D3v3+0H0R](-[#7D2v3+0H1R0]):[#6D3v4+0H0R]):[#7D3v4+1H0R](-[#26D6v6+0H0R]):[#7D2v3+0H0R]
Bit10,772480710,[#6D2v4+0H2R0](-[#7D3v3+0H0R](:[#7D3v4+1H0R]):[#6D2v4+0H1R])-[#6D2v4+0H1R0]=[#6D1v4+0H2R0]
Bit11,1711877108,[#6D3v4+0H0R](-[#16D2v2+0H0R0])(:[#6D2v4+0H1R]):[#6D2v4+0H1R]
Bit12,1055066629,[#7D3v4+1H0R](-[#26D6v6+0H0R](-[#7D3v4+1H0R])(-[#7D3v4+1H0R])(-[#7D3v4+1H0R])(-[#7D3v4+1H0R])-[#7D3v4+1H0R])(:[#7D2v3+0H1R]:[#6D2v4+0H1R]):[#6D3v4+0H0R](-[#6D2v4+0H1R]):[#6D2v4+0H1R]
Bit13,1778063126,[#7D2v3+0H0R](:[#7D3v3+0H0R](-[#6D1v4+0H3R0]):[#6D2v4+0H1R]):[#6D3v4+0H0R](-[#6D3v4+0H0R]):[#7D3v4+1H0R]
Bit14,-1036113344,[#6D2v4+0H0R0]
Bit15,954504516,[#6D2v4+0H2R](-[#6D2v4+0H2R]-[#6D2v4+0H2R])-[#6D3v4+0H1R](-[#7D4v4+1H0R])-[#6D3v4+0H1R]
Bit16,612574731,[#6D1v4+0H1R0]
Bit17,828674680,[#6D3v4+0H0R](-[#6D3v4+0H0R](:[#6D2v4+0H1R]):[#6D2v4+0H1R])(:[#7D3v4+1H0R](-[#26D6v6+0H0R]):[#6D3v4+0H0R]):[#7D2v3+0H1R]:[#6D2v4+0H1R]
Bit18,1437467897,[#7D3v3+0H0R](-[#6D2v4+0H2R0]-[#6D1v4+0H3R0])(:[#6D3v4+0H0R](:[#6D3v4+0H0R]):[#6D2v4+0H1R]):[#6D3v4+0H0R](-[#6D3v4+0H0R]):[#7D3v4+1H0R]
Bit19,-479424670,[#7D2v4+1H0R0](-[#26D6v6+0H0R])#[#6D2v4+0H0R0]
Bit20,1339476150,[#6D3v4+0H0R](-[#6D3v4+0H0R])(:[#6D3v4+0H0R]):[#6D2v4+0H1R]
Bit21,754666517,[#6D3v4+0H0R](-[#6D3v4+0H0R](:[#7D3v4+1H0R]):[#6D2v4+0H1R])(:[#6D3v4+0H0R](:[#6D2v4+0H1R]):[#7D3v3+0H0R]):[#7D3v4+1H0R](-[#26D6v6+0H0R]):[#7D2v3+0H0R]
Bit22,992088266,[#6D2v4+0H1R](:[#6D2v4+0H1R]:[#6D2v4+0H1R]):[#7D3v3+0H0R](-[#5D4v4-1H0R]):[#7D3v4+1H0R]
Bit23,1866504608,[#6D3v4+0H0R](-[#7D2v3+0H0R]=[#7D3v4+1H0R])(:[#7D3v3+0H0R](-[#6D2v4+0H2R0]):[#6D2v4+0H1R]):[#7D3v4+1H0R](-[#26D6v6+0H0R]):[#6D2v4+0H1R]
Bit24,-1065760320,[#6D3v4+0H0R](-[#7D3v3+0H0R])(:[#7D3v4+1H0R]):[#6D2v4+0H1R]
Bit25,887805242,[#6D3v4+0H1R](-[#7D3v4+1H0R])(-[#6D2v4+0H2R0])-[#6D2v4+0H2R]
Bit26,-1070570371,[#6D2v4+0H1R](:[#6D2v4+0H1R]:[#6D2v4+0H1R]):[#6D2v4+0H1R]:[#7D3v4+1H0R]
Bit27,751938446,[#7D2v3+0H0R0](-[#6D3v4+0H0R])=[#7D2v3+0H0R0]
Bit28,985087923,[#6D3v4+0H0R](-[#6D3v4+0H0R](:[#7D2v3+0H1R]):[#6D2v4+0H1R])(:[#6D2v4+0H1R]:[#6D2v4+0H1R]):[#6D3v4+0H0R](-[#8D1v2+0H1R0]):[#6D2v4+0H1R]
Bit29,1244007638,[#6D2v4+0H2R0](-[#7D3v3+0H0R](:[#7D2v3+0H0R]):[#6D2v4+0H1R])-[#6D2v4+0H2R0]-[#6D1v4+0H3R0]
Bit30,496454478,[#6D3v4+0H0R](-[#6D3v4+0H0R](:[#7D3v4+1H0R]):[#6D2v4+0H1R])(:[#7D2v3+0H1R]:[#6D2v4+0H1R]):[#7D3v4+1H0R](-[#26D6v6+0H0R]):[#6D2v4+0H1R]
Bit31,524017141,[#6D3v4+0H0R](-[#6D3v4+0H0R])(:[#7D2v3+0H0R]):[#6D2v4+0H1R]
Bit32,1866504608,[#6D3v4+0H0R](-[#7D2v3+0H0R]=[#7D3v4+1H0R])(:[#7D3v3+0H0R](-[#6D2v4+0H2R0]):[#6D2v4+0H1R]):[#7D3v4+1H0R](-[#26D6v6+0H0R]):[#6D2v4+0H1R]
Bit33,1557008866,[#6D3v4+0H0R](:[#6D2v4+0H1R]:[#6D2v4+0H1R])(:[#6D3v4+0H0R](-[#6D3v4+0H0R]):[#6D3v4+0H0R]):[#6D3v4+0H0R](:[#6D2v4+0H1R]):[#6D2v4+0H1R]
Bit34,976395797,[#6D3v4+0H0R](-[#16D2v2+0H0R0]-[#6D2v4+0H0R0])(:[#6D3v4+0H0R](-[#16D2v2+0H0R0]):[#6D3v4+0H0R]):[#6D3v4+0H0R](-[#6D3v4+0H0R]):[#7D3v3+0H0R]
Bit35,-1088023524,[#6D3v4+0H0R](-[#6D3v4+0H0R](:[#7D2v3+0H1R]):[#6D2v4+0H1R])(:[#6D2v4+0H1R]:[#6D2v4+0H1R]):[#6D2v4+0H1R]:[#6D2v4+0H1R]
Bit36,248165198,[#6D3v4+0H0R](-[#6D3v4+0H1R0](-[#6D1v4+0H3R0])-[#6D1v4+0H3R0])(:[#6D2v4+0H1R]:[#6D2v4+0H1R]):[#7D3v4+1H0R](-[#26D6v6+0H0R]):[#7D3v3+0H0R]
Bit37,816734030,[#6D3v4+0H0R](-[#6D3v4+0H0R0](-[#8D1v2+0H1R0])=[#8D1v2+0H0R0])(:[#6D2v4+0H1R]:[#6D3v4+0H0R]):[#6D2v4+0H1R]:[#6D2v4+0H1R]
Bit38,758496557,[#6D2v4+0H2R0](-[#53D1v1+0H0R0])-[#6D2v4+0H2R0]-[#7D3v3+0H0R]
Bit39,1626016656,[#6D2v4+0H2R](-[#7D3v4+1H0R](-[#26D6v6+0H0R])=[#6D3v4+0H0R])-[#6D2v4+0H2R]-[#7D3v4+1H1R]
Bit40,74167451,[#26D6v6+0H0R](-[#7D4v4+1H0R](-[#6D2v4+0H2R])(-[#6D2v4+0H2R])-[#6D2v4+0H2R])(-[#7D2v3+0H0R0]=[#6D2v4+0H0R0])(-[#7D2v3+0H0R0]=[#6D2v4+0H0R0])(-[#7D3v4+1H0R](:[#6D3v4+0H0R]):[#7D3v3+0H0R])(-[#7D3v4+1H0R](:[#6D3v4+0H0R]):[#7D3v3+0H0R])-[#7D3v4+1H0R](:[#6D3v4+0H0R]):[#7D3v3+0H0R]
Bit41,1055066629,[#7D3v4+1H0R](-[#26D6v6+0H0R](-[#7D3v4+1H0R])(-[#7D3v4+1H0R])(-[#7D3v4+1H0R])(-[#7D3v4+1H0R])-[#7D3v4+1H0R])(:[#7D2v3+0H1R]:[#6D2v4+0H1R]):[#6D3v4+0H0R](-[#6D2v4+0H1R]):[#6D2v4+0H1R]
Bit42,581222078,[#26D6v6+0H0R](-[#7D2v3+0H0R0]=[#6D2v4+0H0R0])(-[#7D2v3+0H0R0]=[#6D2v4+0H0R0])(-[#7D3v4+1H0R](-[#6D3v4+0H0R])=[#6D3v4+0H0R])(-[#7D3v4+1H0R](-[#6D3v4+0H0R])=[#6D3v4+0H0R])(-[#7D3v4+1H0R](:[#6D3v4+0H0R]):[#6D2v4+0H1R])-[#7D3v4+1H0R](:[#6D3v4+0H0R]):[#6D2v4+0H1R]
Bit43,-1119199380,[#6D2v4+0H1R](:[#6D2v4+0H1R]:[#6D3v4+0H0R]):[#6D3v4+0H0R](-[#5D4v4-1H0R]):[#6D2v4+0H1R]
Bit44,1281254104,[#26D6v6+0H0R](-[#7D3v4+1H0R])(-[#7D3v4+1H0R])(-[#7D3v4+1H0R])(-[#7D2v4+1H0R0])(-[#7D4v4+1H0R])-[#7D4v4+1H0R]
Bit45,515009274,[#6D3v4+0H0R](-[#6D4v4+0H0R0](-[#6D3v4+0H0R])(-[#6D3v4+0H0R])-[#7D3v3+0H0R])(:[#6D2v4+0H1R]:[#6D2v4+0H1R]):[#6D2v4+0H1R]:[#6D2v4+0H1R]
Bit46,-1123051620,[#26D6v6+0H0R](-[#7D3v4+1H0R](:[#6D3v4+0H0R]):[#6D3v4+0H0R])(-[#7D3v4+1H0R](:[#6D3v4+0H0R]):[#6D3v4+0H0R])(-[#7D3v4+1H0R](-[#6D2v4+0H2R])=[#6D3v4+0H0R])(-[#7D3v4+1H0R](-[#6D2v4+0H2R])=[#6D3v4+0H0R])(-[#7D3v4+1H0R](-[#6D2v4+0H2R])=[#6D3v4+0H0R])-[#7D3v4+1H0R](-[#6D2v4+0H2R])=[#6D3v4+0H0R]
Bit47,318584828,[#6D2v4+0H1R](:[#7D3v3+0H0R](-[#6D3v4+0H1R]):[#7D3v4+1H0R]):[#6D2v4+0H1R]:[#6D3v4+0H0R]
Bit48,-1618060832,[#7D2v4+1H2R](-[#6D2v4+0H2R])-[#26D6v6+0H0R]
Bit49,-382181158,[#6D2v4+0H1R](:[#16D2v2+0H0R]:[#6D3v4+0H0R]):[#6D3v4+0H0R](-[#6D3v4+0H0R]):[#7D3v4+1H0R]
Bit50,1773022290,[#6D2v4+0H1R](:[#6D2v4+0H1R]):[#7D2v4+1H1R]
Bit51,54265040,[#6D2v4+0H1R](:[#6D2v4+0H1R]:[#6D2v4+0H1R]):[#6D3v4+0H0R](-[#6D4v4+0H0R]):[#7D3v4+1H0R]
Bit52,985087923,[#6D3v4+0H0R](-[#6D3v4+0H0R](:[#7D2v3+0H1R]):[#6D2v4+0H1R])(:[#6D2v4+0H1R]:[#6D2v4+0H1R]):[#6D3v4+0H0R](-[#8D1v2+0H1R0]):[#6D2v4+0H1R]
Bit53,56054966,[#7D2v3+0H0R](:[#7D2v3+0H0R]:[#7D3v4+1H0R]):[#7D3v3+0H0R](-[#6D3v4+0H1R0]):[#6D2v4+0H1R]
Bit54,-1149027317,[#6D4v4+0H0R]
Bit55,-1149027318,[#6D4v4+0H0R0]
Bit56,1775454271,[#6D2v4+0H2R](-[#6D2v4+0H2R]-[#6D2v4+0H2R])-[#6D3v4+0H1R](-[#7D3v4+1H1R])-[#6D3v4+0H1R]
Bit57,28661254,[#6D3v4+0H0R](-[#6D1v4+0H3R0])(:[#7D2v3+0H1R]):[#6D2v4+0H1R]
Bit58,-98765787,[#6D3v4+0H0R](-[#6D3v4+0H0R](:[#6D2v4+0H1R]):[#6D2v4+0H1R])(:[#6D2v4+0H1R]:[#6D3v4+0H0R]):[#7D3v4+1H0R](-[#26D6v6+0H0R]):[#6D3v4+0H0R]
Bit59,581222078,[#26D6v6+0H0R](-[#7D2v3+0H0R0]=[#6D2v4+0H0R0])(-[#7D2v3+0H0R0]=[#6D2v4+0H0R0])(-[#7D3v4+1H0R](-[#6D3v4+0H0R])=[#6D3v4+0H0R])(-[#7D3v4+1H0R](-[#6D3v4+0H0R])=[#6D3v4+0H0R])(-[#7D3v4+1H0R](:[#6D3v4+0H0R]):[#6D2v4+0H1R])-[#7D3v4+1H0R](:[#6D3v4+0H0R]):[#6D2v4+0H1R]
Bit60,-11723717,[#6D2v4+0H1R](:[#6D2v4+0H1R]):[#16D2v2+0H0R]
Bit61,1628854617,[#6D3v4+0H0R](-[#6D3v4+0H0R](:[#7D3v4+1H0R]):[#6D2v4+0H1R])(:[#7D3v4+1H0R](-[#26D6v6+0H0R]):[#6D3v4+0H0R]):[#7D3v3+0H0R](-[#6D1v4+0H3R0]):[#6D3v4+0H0R]
Bit62,706553852,[#8D2v2+0H0R](-[#6D2v4+0H2R]-[#6D4v4+0H0R])-[#6D3v4+0H0R](-[#6D3v4+0H0R])=[#7D3v4+1H0R]
Bit63,-1177244353,[#7D3v4+1H0R](-[#26D6v6+0H0R](-[#7D3v4+1H0R])(-[#7D3v4+1H0R])(-[#7D3v4+1H0R])(-[#7D2v3+0H0R0])-[#7D2v3+0H0R0])(:[#6D3v4+0H0R](-[#6D2v4+0H2R]):[#6D2v4+0H1R]):[#6D3v4+0H0R](-[#6D3v4+0H0R]):[#6D2v4+0H1R]
Bit64,976395797,[#6D3v4+0H0R](-[#16D2v2+0H0R0]-[#6D2v4+0H0R0])(:[#6D3v4+0H0R](-[#16D2v2+0H0R0]):[#6D3v4+0H0R]):[#6D3v4+0H0R](-[#6D3v4+0H0R]):[#7D3v3+0H0R]
Bit65,1930028609,[#7D3v4+1H0R](-[#26D6v6+0H0R])(-[#6D3v4+0H1R0])=[#6D2v4+0H1R]
Bit66,247270681,[#5D3v4-1H1R](-[#7D3v3+0H0R])(-[#7D3v3+0H0R])-[#7D3v3+0H0R]
Bit67,1260040743,[#7D3v3+0H0R](-[#6D2v4+0H2R])(:[#7D3v4+1H0R]):[#6D2v4+0H1R]
Bit68,1991248063,[#7D3v4+1H0R](-[#26D6v6+0H0R](-[#7D3v4+1H0R])(-[#7D3v4+1H0R])(-[#7D3v4+1H0R])(-[#7D3v4+1H0R])-[#7D3v4+1H0R])(:[#6D3v4+0H0R](-[#6D1v4+0H3R0]):[#6D3v4+0H0R]):[#6D3v4+0H0R](-[#6D2v4+0H1R]):[#6D2v4+0H1R]
Bit69,-1193502455,[#6D2v4+0H1R](:[#7D2v3+0H0R]:[#6D2v4+0H1R]):[#6D2v4+0H1R]:[#7D3v4+1H0R]
Bit70,1395829072,[#6D2v4+0H2R](-[#6D2v4+0H2R]-[#7D2v4+1H2R])-[#7D4v4+1H0R](-[#6D2v4+0H2R])(-[#6D2v4+0H2R])-[#26D6v6+0H0R]
Bit71,-119467794,[#26D6v6+0H0R](-[#7D3v4+1H0R](:[#6D3v4+0H0R]):[#6D3v4+0H0R])(-[#7D3v4+1H0R](:[#6D3v4+0H0R]):[#6D3v4+0H0R])(-[#7D3v3+0H0R](:[#6D3v4+0H0R]):[#6D3v4+0H0R])(-[#7D3v3+0H0R](:[#6D3v4+0H0R]):[#6D3v4+0H0R])(-[#7D3v4+1H0R](:[#6D3v4+0H0R]):[#6D2v4+0H1R])-[#7D3v4+1H0R](:[#6D3v4+0H0R]):[#6D2v4+0H1R]
Bit72,-1196099887,[#6D2v4+0H1R](:[#7D3v4+1H0R]):[#7D2v3+0H1R]
Bit73,859640332,[#7D3v4+1H0R](-[#26D6v6+0H0R0](-[#7D3v4+1H0R])(-[#7D3v4+1H0R])(-[#7D3v4+1H0R])(-[#7D3v4+1H0R])-[#7D3v4+1H0R])(:[#6D2v4+0H1R]:[#6D2v4+0H1R]):[#8D2v2+0H0R]:[#6D2v4+0H1R]
Bit74,1930028609,[#7D3v4+1H0R](-[#26D6v6+0H0R])(-[#6D3v4+0H1R0])=[#6D2v4+0H1R]
Bit75,-1202599057,[#8D2v2+0H0R0](-[#6D3v4+0H0R](:[#6D2v4+0H1R]):[#6D2v4+0H1R])-[#6D2v4+0H2R0]-[#6D2v4+0H2R0]
Bit76,977500979,[#6D3v4+0H0R](-[#6D3v4+0H0R](:[#7D3v4+1H0R]):[#6D2v4+0H1R])(:[#7D3v3+0H0R](-[#7D2v3+0H1R0]):[#6D3v4+0H0R]):[#7D3v4+1H0R](-[#26D6v6+0H0R]):[#7D2v3+0H0R]
Bit77,1711877108,[#6D3v4+0H0R](-[#16D2v2+0H0R0])(:[#6D2v4+0H1R]):[#6D2v4+0H1R]
Bit78,1775454271,[#6D2v4+0H2R](-[#6D2v4+0H2R]-[#6D2v4+0H2R])-[#6D3v4+0H1R](-[#7D3v4+1H1R])-[#6D3v4+0H1R]
Bit79,-1205844300,[#26D6v6+0H0R](-[#7D3v4+1H0R](:[#6D3v4+0H0R]):[#6D3v4+0H0R])(-[#7D3v4+1H0R](:[#6D3v4+0H0R]):[#6D3v4+0H0R])(-[#7D3v4+1H0R](:[#6D3v4+0H0R]):[#6D3v4+0H0R])(-[#7D3v4+1H0R](:[#6D3v4+0H0R]):[#6D3v4+0H0R])(-[#7D3v3+0H0R](:[#6D3v4+0H0R]):[#6D3v4+0H0R])-[#7D3v3+0H0R](:[#6D3v4+0H0R]):[#6D3v4+0H0R]
Bit80,847124271,[#6D4v4+0H0R](-[#7D3v4+1H0R])(-[#6D2v4+0H2R])(-[#6D1v4+0H3R0])-[#6D1v4+0H3R0]
Bit81,133401407,[#6D3v4+0H0R](-[#6D3v4+0H0R](:[#7D3v4+1H0R]):[#7D3v3+0H0R])(:[#6D2v4+0H1R]:[#6D3v4+0H0R]):[#7D3v4+1H0R](-[#26D6v6+0H0R]):[#6D3v4+0H0R]
Bit82,1948603620,[#6D2v4+0H1R](:[#6D2v4+0H1R]:[#6D3v4+0H0R]):[#6D3v4+0H0R](-[#8D1v2+0H1R0]):[#6D2v4+0H1R]
Bit83,770418749,[#6D2v4+0H2R](-[#6D2v4+0H2R])-[#16D2v2+0H0R]
Bit84,892592086,[#6D3v4+0H0R](-[#6D2v4+0H0R0])(:[#6D3v4+0H0R]):[#6D2v4+0H1R]
Bit85,1626016656,[#6D2v4+0H2R](-[#7D3v4+1H0R](-[#26D6v6+0H0R])=[#6D3v4+0H0R])-[#6D2v4+0H2R]-[#7D3v4+1H1R]
Bit86,1099676861,[#7D2v3+0H1R](:[#6D3v4+0H0R](-[#6D1v4+0H3R0]):[#7D3v4+1H0R]):[#6D2v4+0H1R]:[#6D3v4+0H0R]
Bit87,866987023,[#6D2v4+0H0R0](-[#6D3v4+0H0R0])#[#7D1v3+0H0R0]
Bit88,1960802568,[#6D3v4+0H0R](-[#6D2v4+0H2R0]-[#6D1v4+0H3R0])(:[#6D2v4+0H1R]:[#6D2v4+0H1R]):[#6D3v4+0H0R](-[#7D3v3+0H0R]):[#6D3v4+0H0R]
Bit89,1930028609,[#7D3v4+1H0R](-[#26D6v6+0H0R])(-[#6D3v4+0H1R0])=[#6D2v4+0H1R]
Bit90,975716933,[#6D2v4+0H0R0](-[#6D2v4+0H2R0]-[#6D2v4+0H2R0])#[#7D1v3+0H0R0]
Bit91,401661000,[#26D6v6+0H0R](-[#7D3v4+1H0R])(-[#7D3v4+1H0R])(-[#7D2v4+1H0R0])(-[#7D2v4+1H0R0])(-[#7D4v4+1H0R])-[#7D4v4+1H0R]
Bit92,930676317,[#6D3v4+0H0R](-[#6D3v4+0H0R0])(:[#7D3v4+1H0R]):[#6D2v4+0H1R]
Bit93,2099030737,[#6D3v4+0H0R0](-[#6D1v4+0H3R0])(-[#6D1v4+0H3R0])=[#7D3v4+1H0R](-[#6D2v4+0H2R])-[#26D6v6+0H0R]
Bit94,574037745,[#7D2v3+0H0R](:[#6D3v4+0H0R]):[#7D2v3+0H0R]
Bit95,2111982078,[#7D3v3+0H0R](-[#7D1v3+0H2R0])(:[#6D3v4+0H0R]):[#6D3v4+0H0R]
Bit96,677261803,[#6D3v4+0H0R](:[#6D3v4+0H0R])(:[#7D3v4+1H0R]):[#6D2v4+0H1R]
Bit97,1646129076,[#6D2v4+0H1R](:[#6D2v4+0H1R]:[#7D3v4+1H0R]):[#6D3v4+0H0R](-[#6D1v4+0H3R0]):[#6D2v4+0H1R]
Bit98,44705703,[#7D3v4+1H0R](-[#26D6v6+0H0R](-[#7D3v4+1H0R])(-[#7D3v4+1H0R])(-[#7D3v4+1H0R])(-[#7D2v3+0H0R0])-[#7D2v3+0H0R0])(:[#7D3v3+0H0R](-[#6D2v4+0H2R]):[#6D3v4+0H0R]):[#6D3v4+0H0R](-[#6D1v4+0H3R0]):[#6D2v4+0H1R]
Bit99,-683124018,[#7D2v3+0H1R](:[#6D2v4+0H1R]:[#6D2v4+0H1R]):[#6D3v4+0H0R](-[#6D2v4+0H1R]):[#7D3v4+1H0R]
Bit100,-1747904633,[#6D2v4+0H2R0](-[#6D2v4+0H2R0])-[#17D1v1+0H0R0]
Bit101,665999463,[#6D3v4+0H0R](:[#7D3v4+1H0R](-[#26D6v6+0H0R]):[#6D3v4+0H0R])(:[#6D2v4+0H1R]:[#6D2v4+0H1R]):[#6D3v4+0H0R](:[#6D2v4+0H1R]):[#6D2v4+0H1R]
Bit102,975716933,[#6D2v4+0H0R0](-[#6D2v4+0H2R0]-[#6D2v4+0H2R0])#[#7D1v3+0H0R0]
Bit103,486012057,[#6D2v4+0H2R](-[#6D3v4+0H0R](:[#6D3v4+0H0R]):[#6D2v4+0H1R])-[#6D2v4+0H2R]-[#6D3v4+0H0R]
Bit104,839420663,[#6D3v4+0H0R](-[#6D3v4+0H0R])(:[#7D3v4+1H0R]):[#16D2v2+0H0R]
Bit105,156396983,[#6D2v4+0H2R0](-[#8D2v2+0H0R0]-[#6D3v4+0H0R])-[#6D2v4+0H2R0]-[#6D2v4+0H2R0]
Bit106,-1258384129,[#6D2v4+0H2R](-[#6D2v4+0H2R]-[#6D2v4+0H2R])-[#6D2v4+0H2R]-[#6D3v4+0H1R]
Bit107,614116522,[#8D2v2+0H0R](-[#6D2v4+0H2R]-[#6D2v4+0H2R])-[#6D3v4+0H0R](-[#6D3v4+0H0R])=[#7D3v4+1H0R]
Bit108,590157156,[#5D4v4-1H0R](-[#7D3v3+0H0R])(-[#7D3v3+0H0R])(-[#7D3v3+0H0R])-[#7D3v3+0H0R]
Bit109,612574731,[#6D1v4+0H1R0]
Bit110,-1262902764,[#6D2v4+0H0R0](=[#7D2v3+0H0R0]-[#26D6v6+0H0R])=[#16D1v2+0H0R0]
Bit111,109064239,[#6D3v4+0H0R](-[#6D3v4+0H0R])(-[#8D2v2+0H0R])=[#7D3v4+1H0R]
Bit112,2124851616,[#6D3v4+0H0R](-[#6D3v4+0H0R](:[#7D2v3+0H0R]):[#6D2v4+0H1R])(:[#7D2v3+0H0R]:[#6D3v4+0H0R]):[#6D3v4+0H0R](-[#6D3v4+0H0R]):[#7D3v4+1H0R]
Bit113,56054966,[#7D2v3+0H0R](:[#7D2v3+0H0R]:[#7D3v4+1H0R]):[#7D3v3+0H0R](-[#6D3v4+0H1R0]):[#6D2v4+0H1R]
Bit114,-818701332,[#26D6v6+0H0R](-[#7D4v4+1H0R](-[#6D2v4+0H2R0])(-[#6D2v4+0H2R])-[#6D2v4+0H2R])(-[#7D4v4+1H0R](-[#6D2v4+0H2R0])(-[#6D2v4+0H2R])-[#6D2v4+0H2R])(-[#7D2v3+0H0R0]=[#6D2v4+0H0R0])(-[#7D2v3+0H0R0]=[#6D2v4+0H0R0])(-[#7D3v4+1H0R](:[#6D3v4+0H0R]):[#6D2v4+0H1R])-[#7D3v4+1H0R](:[#6D3v4+0H0R]):[#6D2v4+0H1R]
Bit115,700383531,[#8D2v2+0H0R](:[#6D3v4+0H0R]):[#7D2v3+0H0R]
Bit116,1900961540,[#7D3v4+1H0R](-[#26D6v6+0H0R](-[#7D3v4+1H0R])(-[#7D3v4+1H0R])(-[#7D3v4+1H0R])(-[#7D3v4+1H0R])-[#7D3v4+1H0R])(:[#6D2v4+0H1R]:[#7D2v3+0H1R]):[#6D3v4+0H0R](-[#6D3v4+0H0R]):[#7D2v3+0H0R]
Bit117,1606526216,[#7D3v4+1H0R](-[#26D6v6+0H0R](-[#7D3v4+1H0R])(-[#7D3v4+1H0R])(-[#7D3v4+1H0R])(-[#7D3v4+1H0R])-[#7D3v4+1H0R])(:[#6D2v4+0H1R]:[#6D3v4+0H0R]):[#6D3v4+0H0R](-[#6D2v4+0H1R]):[#6D2v4+0H1R]
Bit118,993173472,[#7D3v4+1H0R](-[#26D6v6+0H0R](-[#7D3v4+1H0R])(-[#7D3v4+1H0R])(-[#7D3v4+1H0R])(-[#7D3v4+1H0R])-[#7D3v4+1H0R])(:[#7D3v3+0H0R](-[#6D3v4+0H0R]):[#6D2v4+0H1R]):[#6D3v4+0H0R](-[#6D3v4+0H0R]):[#6D2v4+0H1R]
Bit119,191434192,[#6D3v4+0H0R](-[#6D3v4+0H0R](:[#7D2v3+0H0R]):[#6D2v4+0H1R])(:[#7D2v3+0H0R]:[#7D3v4+1H0R]):[#7D3v3+0H0R](-[#6D3v4+0H0R]):[#6D3v4+0H0R]
Bit120,-1279880516,[#26D6v6+0H0R](-[#7D3v4+1H0R](:[#6D3v4+0H0R]):[#6D3v4+0H0R])(-[#7D3v4+1H0R](:[#6D3v4+0H0R]):[#6D3v4+0H0R])(-[#7D2v3+0H0R0]=[#6D2v4+0H0R0])(-[#7D2v3+0H0R0]=[#6D2v4+0H0R0])(-[#7D3v4+1H0R](:[#6D3v4+0H0R]):[#6D2v4+0H1R])-[#7D3v4+1H0R](:[#6D3v4+0H0R]):[#6D2v4+0H1R]
Bit121,1707192517,[#26D6v6+0H0R](-[#7D4v4+1H0R](-[#6D2v4+0H2R])(-[#6D2v4+0H2R])-[#6D2v4+0H2R])(-[#7D4v4+1H0R](-[#6D2v4+0H2R])(-[#6D2v4+0H2R])-[#6D2v4+0H2R])(-[#7D3v4+1H1R](-[#6D2v4+0H2R])-[#6D2v4+0H2R])(-[#7D2v3+0H0R0]=[#6D2v4+0H0R0])(-[#7D3v4+1H0R](:[#6D3v4+0H0R]):[#6D2v4+0H1R])-[#7D3v4+1H0R](:[#6D3v4+0H0R]):[#6D2v4+0H1R]
Bit122,371075416,[#6D3v4+0H0R](-[#6D1v4+0H3R0])(:[#7D3v4+1H0R](-[#26D6v6+0H0R]):[#6D3v4+0H0R]):[#16D2v2+0H0R]:[#6D2v4+0H1R]
Bit123,-1288191628,[#7D3v4+1H0R](-[#6D2v4+0H2R])(-[#26D6v6+0H0R])=[#6D3v4+0H0R]
Bit124,459522686,[#7D3v3+0H0R](-[#5D3v4-1H1R](-[#7D3v3+0H0R])-[#7D3v3+0H0R])(:[#7D3v4+1H0R](-[#26D6v6+0H0R]):[#6D3v4+0H0R]):[#6D3v4+0H0R](-[#6D1v4+0H3R0]):[#6D3v4+0H0R]
Bit125,-1293818675,[#6D3v4+0H1R](-[#7D3v3+0H0R])(-[#7D3v3+0H0R])-[#7D3v3+0H0R]
Bit126,930676317,[#6D3v4+0H0R](-[#6D3v4+0H0R0])(:[#7D3v4+1H0R]):[#6D2v4+0H1R]
Bit127,194214842,[#7D3v4+1H0R](-[#26D6v6+0H0R](-[#7D3v4+1H0R])(-[#7D3v4+1H0R])(-[#7D3v4+1H0R])(-[#7D2v3+0H0R0])-[#7D2v3+0H0R0])(:[#6D3v4+0H0R](-[#7D1v3+0H2R0]):[#16D2v2+0H0R]):[#6D3v4+0H0R](-[#6D3v4+0H0R]):[#6D2v4+0H1R]
Bit128,795957582,[#7D3v4+1H0R](-[#26D6v6+0H0R](-[#7D3v4+1H0R])(-[#7D3v4+1H0R])(-[#7D3v4+1H0R])(-[#7D3v4+1H0R])-[#7D3v4+1H0R])(:[#7D3v3+0H0R](-[#6D3v3+1H0R]):[#6D3v4+0H0R]):[#6D3v4+0H0R](-[#6D1v4+0H3R0]):[#6D2v4+0H1R]
Bit129,1601941279,[#7D2v3+0H0R](:[#6D3v4+0H0R](-[#6D3v4+0H0R]):[#7D3v3+0H0R]):[#7D3v4+1H0R](-[#26D6v6+0H0R]):[#6D3v4+0H0R]
Bit130,-1301532818,[#26D6v6+0H0R](-[#7D3v4+1H0R](:[#6D3v4+0H0R]):[#6D2v4+0H1R])(-[#7D3v4+1H0R](:[#6D3v4+0H0R]):[#6D2v4+0H1R])(-[#7D3v4+1H0R](:[#6D3v4+0H0R]):[#6D2v4+0H1R])(-[#7D3v4+1H0R](-[#6D2v4+0H2R])=[#6D2v4+0H1R])(-[#7D3v4+1H0R](-[#6D2v4+0H2R])=[#6D2v4+0H1R])-[#7D3v4+1H0R](-[#6D2v4+0H2R])=[#6D2v4+0H1R]
Bit131,590157156,[#5D4v4-1H0R](-[#7D3v3+0H0R])(-[#7D3v3+0H0R])(-[#7D3v3+0H0R])-[#7D3v3+0H0R]
Bit132,887805242,[#6D3v4+0H1R](-[#7D3v4+1H0R])(-[#6D2v4+0H2R0])-[#6D2v4+0H2R]
Bit133,734087588,[#7D3v3+0H0R](-[#6D2v4+0H2R0])(:[#7D3v4+1H0R]):[#6D2v4+0H1R]
Bit134,-1314069138,[#6D2v4+0H1R](:[#6D2v4+0H1R]:[#6D2v4+0H1R]):[#6D3v4+0H0R](-[#7D2v3+0H1R]):[#7D3v4+1H0R]
Bit135,418040997,[#6D3v4+0H0R](:[#6D3v4+0H0R])(:[#6D3v4+0H0R]):[#7D2v3+0H0R]
Bit136,916120393,[#6D2v4+0H2R](-[#6D2v4+0H2R]-[#7D2v4+1H2R])-[#7D3v4+1H0R](-[#26D6v6+0H0R])=[#6D3v4+0H0R]
Bit137,1231375114,[#6D2v4+0H2R](-[#6D2v4+0H2R]-[#7D3v4+1H0R])-[#6D2v4+0H2R]-[#16D2v2+0H0R]
Bit138,486012057,[#6D2v4+0H2R](-[#6D3v4+0H0R](:[#6D3v4+0H0R]):[#6D2v4+0H1R])-[#6D2v4+0H2R]-[#6D3v4+0H0R]
Bit139,-546556500,[#6D2v4+0H1R](:[#6D2v4+0H1R]:[#6D2v4+0H1R]):[#6D2v4+0H1R]:[#7D2v3+0H0R]
Bit140,980512251,[#7D3v3+0H0R0]
Bit141,894315312,[#6D3v4+0H0R](:[#6D3v4+0H0R](:[#6D3v4+0H0R]):[#6D2v4+0H1R])(:[#6D3v4+0H0R](:[#6D3v4+0H0R]):[#7D2v3+0H0R]):[#7D2v3+0H1R]:[#6D3v4+0H0R]
Bit142,-1324478881,[#7D2v3+0H0R0](-[#26D6v6+0H0R])=[#6D2v4+0H0R0]
Bit143,2097286548,[#7D4v4+1H0R](-[#26D6v6+0H0R](-[#7D3v4+1H0R])(-[#7D3v4+1H0R])(-[#7D3v4+1H0R])(-[#7D3v4+1H0R])-[#7D2v4+1H2R])(-[#6D2v4+0H2R]-[#6D2v4+0H2R])(-[#6D2v4+0H2R]-[#6D3v4+0H0R])-[#6D2v4+0H2R]-[#6D3v4+0H0R]
Bit144,-1326774878,[#6D2v4+0H2R](-[#6D3v4+0H0R])-[#7D3v4+1H1R]
Bit145,1157425152,[#7D3v4+1H0R](-[#26D6v6+0H0R](-[#7D3v4+1H0R])(-[#7D3v4+1H0R])(-[#7D3v4+1H0R])(-[#7D3v4+1H0R])-[#7D3v4+1H0R])(:[#6D3v4+0H0R](-[#6D2v4+0H1R]):[#6D3v4+0H0R]):[#6D2v4+0H1R]:[#7D2v3+0H1R]
Bit146,1711877108,[#6D3v4+0H0R](-[#16D2v2+0H0R0])(:[#6D2v4+0H1R]):[#6D2v4+0H1R]
Bit147,557079906,[#6D3v4+0H0R](-[#6D3v4+0H0R](:[#7D2v3+0H0R]):[#7D2v3+0H1R])(:[#6D2v4+0H1R]:[#6D2v4+0H1R]):[#16D2v2+0H0R]:[#6D2v4+0H1R]
Bit148,-1344623032,[#26D6v6+0H0R](-[#7D3v4+1H0R](:[#6D3v4+0H0R]):[#6D3v4+0H0R])(-[#7D3v4+1H0R](:[#6D3v4+0H0R]):[#6D3v4+0H0R])(-[#7D3v4+1H0R](:[#6D3v4+0H0R]):[#7D2v3+0H1R])(-[#7D3v4+1H0R](:[#6D3v4+0H0R]):[#7D2v3+0H1R])(-[#7D3v4+1H0R](:[#6D3v4+0H0R]):[#7D2v3+0H1R])-[#7D3v4+1H0R](:[#6D3v4+0H0R]):[#7D2v3+0H1R]
Bit149,-1348556661,[#16D2v2+0H0R](:[#6D2v4+0H1R]):[#6D2v4+0H1R]
Bit150,700767464,[#6D3v4+0H0R](:[#7D3v4+1H0R](-[#26D6v6+0H0R]):[#6D2v4+0H1R])(:[#6D3v4+0H0R](:[#7D2v3+0H0R]):[#6D2v4+0H1R]):[#6D3v4+0H0R](:[#6D3v4+0H0R]):[#7D3v4+1H0R]
Bit151,1812777359,[#6D3v4+0H0R](-[#7D2v3+0H1R]-[#6D3v4+0H0R])(:[#6D2v4+0H1R]:[#7D2v3+0H0R]):[#7D3v4+1H0R](-[#26D6v6+0H0R]):[#6D2v4+0H1R]
Bit152,-1352871607,[#6D3v4+0H0R](-[#6D2v4+0H2R]-[#7D4v4+1H0R])(:[#7D3v4+1H0R](-[#26D6v6+0H0R]):[#6D3v4+0H0R]):[#6D2v4+0H1R]:[#6D2v4+0H1R]
Bit153,668556738,[#26D6v6+0H0R](-[#7D4v4+1H0R](-[#6D2v4+0H2R])(-[#6D2v4+0H2R])-[#6D2v4+0H2R])(-[#7D3v4+1H0R](-[#6D2v4+0H2R])=[#6D3v4+0H0R0])(-[#7D2v3+0H0R0]=[#6D2v4+0H0R0])(-[#7D2v3+0H0R0]=[#6D2v4+0H0R0])(-[#7D3v4+1H0R](:[#6D3v4+0H0R]):[#6D2v4+0H1R])-[#7D3v4+1H0R](:[#6D3v4+0H0R]):[#6D2v4+0H1R]
Bit154,2012568070,[#6D3v4+0H0R](-[#53D1v1+0H0R0])(:[#6D2v4+0H1R]:[#7D3v3+0H0R]):[#6D2v4+0H1R]:[#7D3v4+1H0R]
Bit155,-287121523,[#6D2v4+0H1R](:[#6D2v4+0H1R]:[#7D3v3+0H0R]):[#6D3v4+0H0R](-[#6D1v4+0H3R0]):[#7D3v4+1H0R]
Bit156,623912326,[#6D3v4+0H0R](-[#6D2v4+0H2R0]-[#7D3v3+0H0R])(:[#6D2v4+0H1R]:[#6D2v4+0H1R]):[#6D2v4+0H1R]:[#6D2v4+0H1R]
Bit157,2124851616,[#6D3v4+0H0R](-[#6D3v4+0H0R](:[#7D2v3+0H0R]):[#6D2v4+0H1R])(:[#7D2v3+0H0R]:[#6D3v4+0H0R]):[#6D3v4+0H0R](-[#6D3v4+0H0R]):[#7D3v4+1H0R]
Bit158,986668788,[#6D2v4+0H1R](:[#6D3v4+0H0R](-[#6D2v4+0H2R]):[#7D3v4+1H0R]):[#6D3v4+0H0R](-[#17D1v1+0H0R0]):[#6D2v4+0H1R]
Bit159,1992988605,[#6D2v4+0H2R](-[#6D2v4+0H2R]-[#6D2v4+0H2R])-[#7D2v3+0H1R]-[#6D3v4+0H0R]
Bit160,1778063126,[#7D2v3+0H0R](:[#7D3v3+0H0R](-[#6D1v4+0H3R0]):[#6D2v4+0H1R]):[#6D3v4+0H0R](-[#6D3v4+0H0R]):[#7D3v4+1H0R]
Bit161,976395797,[#6D3v4+0H0R](-[#16D2v2+0H0R0]-[#6D2v4+0H0R0])(:[#6D3v4+0H0R](-[#16D2v2+0H0R0]):[#6D3v4+0H0R]):[#6D3v4+0H0R](-[#6D3v4+0H0R]):[#7D3v3+0H0R]
Bit162,978495103,[#6D3v4+0H0R](:[#7D3v4+1H0R](-[#26D6v6+0H0R]):[#6D3v4+0H0R])(:[#6D2v4+0H1R]:[#6D2v4+0H1R]):[#6D3v4+0H0R](:[#7D2v3+0H1R]):[#6D2v4+0H1R]
Bit163,-1387917328,[#7D3v4+1H1R](-[#6D2v4+0H2R])(-[#6D2v4+0H2R])-[#26D6v6+0H0R]
Bit164,-98765787,[#6D3v4+0H0R](-[#6D3v4+0H0R](:[#6D2v4+0H1R]):[#6D2v4+0H1R])(:[#6D2v4+0H1R]:[#6D3v4+0H0R]):[#7D3v4+1H0R](-[#26D6v6+0H0R]):[#6D3v4+0H0R]
Bit165,840819566,[#6D3v4+0H0R](-[#6D3v4+0H0R](:[#7D3v4+1H0R]):[#6D2v4+0H1R])(:[#7D3v4+1H0R](-[#26D6v6+0H0R]):[#6D3v4+0H0R]):[#7D2v3+0H1R]:[#6D3v4+0H0R]
Bit166,911259134,[#6D2v4+0H1R](:[#6D2v4+0H1R]:[#7D3v3+0H0R]):[#6D3v4+0H0R](-[#6D4v4+0H0R0]):[#7D3v4+1H0R]
Bit167,638038377,[#7D2v4+1H0R0](-[#26D6v6+0H0R](-[#7D3v4+1H0R])(-[#7D3v4+1H0R])(-[#7D3v4+1H0R])(-[#7D3v4+1H0R])-[#7D2v4+1H0R0])#[#6D2v4+0H0R0]-[#7D2v2-1H0R0]
Bit168,409680845,[#7D2v4+1H2R](-[#6D2v4+0H2R]-[#6D2v4+0H2R])-[#26D6v6+0H0R](-[#7D3v4+1H0R])(-[#7D3v4+1H0R])(-[#7D3v4+1H0R])(-[#7D2v4+1H2R])-[#7D4v4+1H0R]
Bit169,982166874,[#6D2v4+0H2R](-[#7D2v3+0H0R])-[#6D2v4+0H2R]
Bit170,975716933,[#6D2v4+0H0R0](-[#6D2v4+0H2R0]-[#6D2v4+0H2R0])#[#7D1v3+0H0R0]
Bit171,-1416303248,[#6D2v4+0H2R](-[#6D2v4+0H2R])-[#6D2v4+0H2R]
Bit172,794862962,[#6D2v4+0H2R](-[#6D3v4+0H0R])-[#6D3v4+0H0R]
Bit173,1792278413,[#6D3v4+0H0R](-[#6D1v4+0H3R0])(:[#6D2v4+0H1R]:[#6D3v4+0H0R]):[#7D3v3+0H0R](-[#6D2v4+0H2R]):[#7D3v4+1H0R]
Bit174,-1423826399,[#6D2v4+0H1R](:[#6D3v4+0H0R]):[#6D2v4+0H1R]
Bit175,-1425381287,[#7D2v3+0H1R](:[#6D2v4+0H1R]:[#6D2v4+0H1R]):[#6D3v4+0H0R](-[#6D3v4+0H0R]):[#7D3v4+1H0R]
Bit176,1307023000,[#7D3v3+0H0R](-[#6D3v4+0H0R](:[#7D3v4+1H0R]):[#6D2v4+0H1R])(:[#6D2v4+0H1R]:[#6D2v4+0H1R]):[#7D3v4+1H0R](-[#26D6v6+0H0R]):[#6D2v4+0H1R]
Bit177,-2001494348,[#7D1v3+0H0R0]#[#6D2v4+0H0R0]
Bit178,-1428361869,[#7D2v3+0H0R0](-[#26D6v6+0H0R](-[#7D3v4+1H0R])(-[#7D3v4+1H0R])(-[#7D2v3+0H0R0])(-[#7D3v4+1H1R])-[#7D3v4+1H1R])=[#6D2v4+0H0R0]=[#34D1v2+0H0R0]
Bit179,409680845,[#7D2v4+1H2R](-[#6D2v4+0H2R]-[#6D2v4+0H2R])-[#26D6v6+0H0R](-[#7D3v4+1H0R])(-[#7D3v4+1H0R])(-[#7D3v4+1H0R])(-[#7D2v4+1H2R])-[#7D4v4+1H0R]
Bit180,133401407,[#6D3v4+0H0R](-[#6D3v4+0H0R](:[#7D3v4+1H0R]):[#7D3v3+0H0R])(:[#6D2v4+0H1R]:[#6D3v4+0H0R]):[#7D3v4+1H0R](-[#26D6v6+0H0R]):[#6D3v4+0H0R]
Bit181,564205442,[#7D4v4+1H0R](-[#6D2v4+0H2R]-[#6D2v4+0H2R])(-[#6D2v4+0H2R]-[#6D2v4+0H2R])(-[#26D6v6+0H0R](-[#7D2v4+1H0R0])(-[#7D2v4+1H0R0])(-[#7D2v4+1H0R0])(-[#7D4v4+1H0R])-[#7D4v4+1H0R])-[#6D1v4+0H3R0]
Bit182,700767464,[#6D3v4+0H0R](:[#7D3v4+1H0R](-[#26D6v6+0H0R]):[#6D2v4+0H1R])(:[#6D3v4+0H0R](:[#7D2v3+0H0R]):[#6D2v4+0H1R]):[#6D3v4+0H0R](:[#6D3v4+0H0R]):[#7D3v4+1H0R]
Bit183,-144447062,[#26D6v6+0H0R](-[#7D3v4+1H0R](:[#6D2v4+0H1R]):[#7D3v3+0H0R])(-[#7D3v4+1H0R](:[#6D2v4+0H1R]):[#7D3v3+0H0R])(-[#7D3v4+1H0R](:[#6D2v4+0H1R]):[#7D3v3+0H0R])(-[#7D3v4+1H0R](:[#6D2v4+0H1R]):[#7D3v3+0H0R])(-[#7D3v4+1H0R](:[#6D2v4+0H1R]):[#7D3v3+0H0R])-[#7D3v4+1H0R](:[#6D2v4+0H1R]):[#7D3v3+0H0R]
Bit184,586811433,[#6D2v4+0H1R](-[#6D3v4+0H0R](:[#7D3v4+1H0R]):[#7D2v3+0H1R])=[#7D3v4+1H0R](-[#6D3v4+0H0R])-[#26D6v6+0H0R]
Bit185,700767464,[#6D3v4+0H0R](:[#7D3v4+1H0R](-[#26D6v6+0H0R]):[#6D2v4+0H1R])(:[#6D3v4+0H0R](:[#7D2v3+0H0R]):[#6D2v4+0H1R]):[#6D3v4+0H0R](:[#6D3v4+0H0R]):[#7D3v4+1H0R]
Bit186,-1449387038,[#26D6v6+0H0R](-[#7D3v4+1H0R])(-[#7D3v4+1H0R])(-[#7D3v4+1H0R])(-[#7D3v4+1H0R])(-[#7D3v4+1H0R])-[#7D3v4+1H0R]
Bit187,2099030737,[#6D3v4+0H0R0](-[#6D1v4+0H3R0])(-[#6D1v4+0H3R0])=[#7D3v4+1H0R](-[#6D2v4+0H2R])-[#26D6v6+0H0R]
Bit188,976395797,[#6D3v4+0H0R](-[#16D2v2+0H0R0]-[#6D2v4+0H0R0])(:[#6D3v4+0H0R](-[#16D2v2+0H0R0]):[#6D3v4+0H0R]):[#6D3v4+0H0R](-[#6D3v4+0H0R]):[#7D3v3+0H0R]
Bit189,1107231935,[#7D3v4+1H0R](-[#26D6v6+0H0R](-[#7D3v4+1H0R])(-[#7D3v4+1H0R])(-[#7D2v3+0H0R0])(-[#7D2v3+0H0R0])-[#7D4v4+1H0R])(:[#6D3v4+0H0R](-[#6D2v4+0H2R]):[#6D2v4+0H1R]):[#6D3v4+0H0R](-[#6D1v4+0H3R0]):[#6D2v4+0H1R]
Bit190,56054966,[#7D2v3+0H0R](:[#7D2v3+0H0R]:[#7D3v4+1H0R]):[#7D3v3+0H0R](-[#6D3v4+0H1R0]):[#6D2v4+0H1R]
Bit191,982166874,[#6D2v4+0H2R](-[#7D2v3+0H0R])-[#6D2v4+0H2R]
Bit192,978495103,[#6D3v4+0H0R](:[#7D3v4+1H0R](-[#26D6v6+0H0R]):[#6D3v4+0H0R])(:[#6D2v4+0H1R]:[#6D2v4+0H1R]):[#6D3v4+0H0R](:[#7D2v3+0H1R]):[#6D2v4+0H1R]
Bit193,1660955522,[#7D3v4+1H0R](-[#26D6v6+0H0R](-[#7D3v4+1H0R])(-[#7D3v4+1H0R])(-[#7D3v4+1H0R])(-[#7D3v4+1H0R])-[#7D3v4+1H0R])(:[#7D2v3+0H0R]:[#6D2v4+0H1R]):[#6D3v4+0H0R](-[#6D3v4+0H0R]):[#6D2v4+0H1R]
Bit194,816734030,[#6D3v4+0H0R](-[#6D3v4+0H0R0](-[#8D1v2+0H1R0])=[#8D1v2+0H0R0])(:[#6D2v4+0H1R]:[#6D3v4+0H0R]):[#6D2v4+0H1R]:[#6D2v4+0H1R]
Bit195,56054966,[#7D2v3+0H0R](:[#7D2v3+0H0R]:[#7D3v4+1H0R]):[#7D3v3+0H0R](-[#6D3v4+0H1R0]):[#6D2v4+0H1R]
Bit196,574037745,[#7D2v3+0H0R](:[#6D3v4+0H0R]):[#7D2v3+0H0R]
Bit197,866987023,[#6D2v4+0H0R0](-[#6D3v4+0H0R0])#[#7D1v3+0H0R0]
Bit198,-1498797351,[#6D3v4+0H0R](-[#6D3v4+0H0R](:[#7D3v4+1H0R]):[#6D2v4+0H1R])(:[#6D2v4+0H1R]:[#6D2v4+0H1R]):[#7D3v4+1H0R](-[#26D6v6+0H0R]):[#7D3v3+0H0R]
Bit199,299463395,[#14D4v4+0H0R0]
Bit200,614116522,[#8D2v2+0H0R](-[#6D2v4+0H2R]-[#6D2v4+0H2R])-[#6D3v4+0H0R](-[#6D3v4+0H0R])=[#7D3v4+1H0R]
Bit201,-1503107091,[#6D3v4+0H0R](-[#6D2v4+0H2R])(:[#7D3v4+1H0R]):[#6D2v4+0H1R]
Bit202,564205442,[#7D4v4+1H0R](-[#6D2v4+0H2R]-[#6D2v4+0H2R])(-[#6D2v4+0H2R]-[#6D2v4+0H2R])(-[#26D6v6+0H0R](-[#7D2v4+1H0R0])(-[#7D2v4+1H0R0])(-[#7D2v4+1H0R0])(-[#7D4v4+1H0R])-[#7D4v4+1H0R])-[#6D1v4+0H3R0]
Bit203,986520271,[#16D2v2+0H0R0](-[#6D2v4+0H0R0]#[#7D1v3+0H0R0])-[#6D2v4+0H2R0]-[#6D3v4+0H0R]
Bit204,795957582,[#7D3v4+1H0R](-[#26D6v6+0H0R](-[#7D3v4+1H0R])(-[#7D3v4+1H0R])(-[#7D3v4+1H0R])(-[#7D3v4+1H0R])-[#7D3v4+1H0R])(:[#7D3v3+0H0R](-[#6D3v3+1H0R]):[#6D3v4+0H0R]):[#6D3v4+0H0R](-[#6D1v4+0H3R0]):[#6D2v4+0H1R]
Bit205,-15145412,[#17D1v1+0H0R0]
Bit206,-1515474364,[#53D1v1+0H0R0]
Bit207,1963910033,[#6D3v4+0H0R](-[#6D1v4+0H3R0])(:[#6D3v4+0H0R](-[#6D3v4+0H0R]):[#6D3v4+0H0R]):[#6D3v4+0H0R](-[#6D1v4+0H3R0]):[#6D3v4+0H0R]
Bit208,-15198393,[#26D6v6+0H0R](-[#7D3v4+1H0R](:[#6D3v4+0H0R]):[#6D3v4+0H0R])(-[#7D3v4+1H0R](:[#6D3v4+0H0R]):[#6D3v4+0H0R])(-[#7D3v4+1H0R](:[#6D3v4+0H0R]):[#6D3v4+0H0R])(-[#7D3v4+1H0R](-[#6D2v4+0H2R])=[#6D2v4+0H1R])(-[#7D3v4+1H0R](-[#6D2v4+0H2R])=[#6D2v4+0H1R])-[#7D3v4+1H0R](-[#6D2v4+0H2R])=[#6D2v4+0H1R]
Bit209,-871478544,[#6D3v4+0H0R](-[#7D2v3+0H1R])(:[#7D3v4+1H0R]):[#16D2v2+0H0R]
Bit210,-1524056558,[#7D3v3+0H0R](-[#6D1v4+0H3R0])(:[#7D2v3+0H0R]):[#6D2v4+0H1R]
Bit211,1773022290,[#6D2v4+0H1R](:[#6D2v4+0H1R]):[#7D2v4+1H1R]
Bit212,-1529981054,[#6D2v4+0H1R](:[#6D2v4+0H1R]):[#6D2v4+0H1R]
Bit213,1099676861,[#7D2v3+0H1R](:[#6D3v4+0H0R](-[#6D1v4+0H3R0]):[#7D3v4+1H0R]):[#6D2v4+0H1R]:[#6D3v4+0H0R]
Bit214,699097405,[#6D3v4+0H0R](-[#6D3v4+0H0R](:[#7D3v4+1H0R]):[#7D3v3+0H0R])(-[#6D3v4+0H0R](:[#7D3v4+1H0R]):[#7D3v3+0H0R])=[#8D1v2+0H0R0]
Bit215,2097286548,[#7D4v4+1H0R](-[#26D6v6+0H0R](-[#7D3v4+1H0R])(-[#7D3v4+1H0R])(-[#7D3v4+1H0R])(-[#7D3v4+1H0R])-[#7D2v4+1H2R])(-[#6D2v4+0H2R]-[#6D2v4+0H2R])(-[#6D2v4+0H2R]-[#6D3v4+0H0R])-[#6D2v4+0H2R]-[#6D3v4+0H0R]
Bit216,-1539148277,[#6D3v4+0H0R](-[#6D1v4+0H3R0])(:[#7D3v4+1H0R]):[#7D2v3+0H1R]
Bit217,1660955522,[#7D3v4+1H0R](-[#26D6v6+0H0R](-[#7D3v4+1H0R])(-[#7D3v4+1H0R])(-[#7D3v4+1H0R])(-[#7D3v4+1H0R])-[#7D3v4+1H0R])(:[#7D2v3+0H0R]:[#6D2v4+0H1R]):[#6D3v4+0H0R](-[#6D3v4+0H0R]):[#6D2v4+0H1R]
Bit218,-2038221442,[#16D2v2+0H0R](-[#6D3v4+0H0R])-[#6D2v4+0H2R]
Bit219,807736830,[#7D4v4+1H0R](-[#6D2v4+0H2R]-[#6D2v4+0H2R])(-[#26D6v6+0H0R](-[#7D3v4+1H0R])(-[#7D3v4+1H0R])(-[#7D2v3+0H0R0])(-[#7D2v3+0H0R0])-[#7D4v4+1H0R])(-[#6D1v4+0H3R0])-[#6D1v4+0H3R0]
Bit220,-1551513673,[#6D2v4+0H1R](:[#6D2v4+0H1R]:[#6D3v4+0H0R]):[#7D3v4+1H0R](-[#26D6v6+0H0R]):[#6D3v4+0H0R]
Bit221,734087588,[#7D3v3+0H0R](-[#6D2v4+0H2R0])(:[#7D3v4+1H0R]):[#6D2v4+0H1R]
Bit222,1483367255,[#6D3v4+0H0R](-[#6D3v4+0H0R](-[#6D1v4+0H3R0])=[#7D3v4+1H0R])(:[#6D2v4+0H1R]:[#6D2v4+0H1R]):[#7D3v4+1H0R](-[#26D6v6+0H0R]):[#6D2v4+0H1R]
Bit223,-6523414,[#6D3v4+0H0R](-[#6D1v4+0H3R0])(:[#6D2v4+0H1R]:[#6D3v4+0H0R]):[#7D3v3+0H0R](-[#5D3v4-1H1R]):[#7D3v4+1H0R]
Bit224,1855449683,[#26D6v6+0H0R](-[#7D3v4+1H0R])(-[#7D3v4+1H0R])(-[#7D3v4+1H0R])(-[#7D4v4+1H0R])(-[#7D4v4+1H0R])-[#7D4v4+1H0R]
Bit225,1055710071,[#7D4v4+1H0R](-[#6D2v4+0H2R]-[#6D2v4+0H2R])(-[#6D2v4+0H2R]-[#6D2v4+0H2R])(-[#6D2v4+0H2R]-[#6D3v4+0H0R])-[#26D6v6+0H0R](-[#7D3v4+1H0R])(-[#7D3v4+1H0R])(-[#7D4v4+1H0R])(-[#7D4v4+1H0R])-[#7D4v4+1H0R]
Bit226,700383531,[#8D2v2+0H0R](:[#6D3v4+0H0R]):[#7D2v3+0H0R]
Bit227,277092357,[#7D3v3+0H0R](-[#6D4v4+0H0R])(:[#7D3v4+1H0R]):[#6D2v4+0H1R]
Bit228,719824890,[#6D3v4+0H0R](-[#6D3v4+0H0R](-[#6D1v4+0H3R0])=[#7D3v4+1H0R])(:[#7D3v4+1H0R](-[#26D6v6+0H0R]):[#6D3v4+0H0R]):[#6D2v4+0H1R]:[#6D2v4+0H1R]
Bit229,-2024841617,[#7D3v4+1H0R](-[#26D6v6+0H0R](-[#7D3v4+1H0R])(-[#7D3v4+1H0R])(-[#7D3v4+1H0R])(-[#7D3v4+1H0R])-[#7D3v4+1H0R])(:[#7D3v3+0H0R](-[#6D3v4+0H1R]):[#6D2v4+0H1R]):[#6D2v4+0H1R]:[#6D3v4+0H0R]
Bit230,2124851616,[#6D3v4+0H0R](-[#6D3v4+0H0R](:[#7D2v3+0H0R]):[#6D2v4+0H1R])(:[#7D2v3+0H0R]:[#6D3v4+0H0R]):[#6D3v4+0H0R](-[#6D3v4+0H0R]):[#7D3v4+1H0R]
Bit231,-1585072309,[#6D3v4+0H0R](-[#6D1v4+0H3R0])(:[#6D3v4+0H0R]):[#6D2v4+0H1R]
Bit232,-1589885073,[#6D3v4+0H0R](-[#6D2v4+0H1R]=[#7D3v4+1H0R])(:[#7D3v4+1H0R](-[#26D6v6+0H0R]):[#6D3v4+0H0R]):[#6D2v4+0H1R]:[#6D2v4+0H1R]
Bit233,347137976,[#26D6v6+0H0R](-[#7D4v4+1H0R](-[#6D2v4+0H2R])(-[#6D2v4+0H2R])-[#6D2v4+0H2R])(-[#7D2v4+1H2R]-[#6D2v4+0H2R])(-[#7D2v3+0H0R0]=[#6D2v4+0H0R0])(-[#7D2v3+0H0R0]=[#6D2v4+0H0R0])(-[#7D3v4+1H0R](:[#6D3v4+0H0R]):[#6D2v4+0H1R])-[#7D3v4+1H0R](:[#6D3v4+0H0R]):[#6D2v4+0H1R]
Bit234,980512251,[#7D3v3+0H0R0]
Bit235,1730334812,[#7D3v4+1H0R](-[#26D6v6+0H0R](-[#7D3v4+1H0R])(-[#7D3v4+1H0R])(-[#7D2v4+1H2R])(-[#7D2v4+1H2R])-[#7D2v4+1H2R])(:[#6D3v4+0H0R](-[#6D2v4+0H2R]):[#6D2v4+0H1R]):[#6D2v4+0H1R]:[#6D2v4+0H1R]
Bit236,574037745,[#7D2v3+0H0R](:[#6D3v4+0H0R]):[#7D2v3+0H0R]
Bit237,1157425152,[#7D3v4+1H0R](-[#26D6v6+0H0R](-[#7D3v4+1H0R])(-[#7D3v4+1H0R])(-[#7D3v4+1H0R])(-[#7D3v4+1H0R])-[#7D3v4+1H0R])(:[#6D3v4+0H0R](-[#6D2v4+0H1R]):[#6D3v4+0H0R]):[#6D2v4+0H1R]:[#7D2v3+0H1R]
Bit238,347137976,[#26D6v6+0H0R](-[#7D4v4+1H0R](-[#6D2v4+0H2R])(-[#6D2v4+0H2R])-[#6D2v4+0H2R])(-[#7D2v4+1H2R]-[#6D2v4+0H2R])(-[#7D2v3+0H0R0]=[#6D2v4+0H0R0])(-[#7D2v3+0H0R0]=[#6D2v4+0H0R0])(-[#7D3v4+1H0R](:[#6D3v4+0H0R]):[#6D2v4+0H1R])-[#7D3v4+1H0R](:[#6D3v4+0H0R]):[#6D2v4+0H1R]
Bit239,318584828,[#6D2v4+0H1R](:[#7D3v3+0H0R](-[#6D3v4+0H1R]):[#7D3v4+1H0R]):[#6D2v4+0H1R]:[#6D3v4+0H0R]
Bit240,277092357,[#7D3v3+0H0R](-[#6D4v4+0H0R])(:[#7D3v4+1H0R]):[#6D2v4+0H1R]
Bit241,1778063126,[#7D2v3+0H0R](:[#7D3v3+0H0R](-[#6D1v4+0H3R0]):[#6D2v4+0H1R]):[#6D3v4+0H0R](-[#6D3v4+0H0R]):[#7D3v4+1H0R]
Bit242,191434192,[#6D3v4+0H0R](-[#6D3v4+0H0R](:[#7D2v3+0H0R]):[#6D2v4+0H1R])(:[#7D2v3+0H0R]:[#7D3v4+1H0R]):[#7D3v3+0H0R](-[#6D3v4+0H0R]):[#6D3v4+0H0R]
Bit243,866987023,[#6D2v4+0H0R0](-[#6D3v4+0H0R0])#[#7D1v3+0H0R0]
Bit244,-1617036388,[#6D3v4+0H0R](-[#6D3v4+0H0R](:[#7D2v3+0H0R]):[#7D2v3+0H1R])(:[#6D2v4+0H1R]:[#6D2v4+0H1R]):[#6D2v4+0H1R]:[#7D2v3+0H0R]
Bit245,894315312,[#6D3v4+0H0R](:[#6D3v4+0H0R](:[#6D3v4+0H0R]):[#6D2v4+0H1R])(:[#6D3v4+0H0R](:[#6D3v4+0H0R]):[#7D2v3+0H0R]):[#7D2v3+0H1R]:[#6D3v4+0H0R]
Bit246,-1876495263,[#6D3v4+0H0R](-[#16D2v2+0H0R]-[#6D2v4+0H2R])(-[#6D3v4+0H0R](:[#7D3v4+1H0R]):[#6D2v4+0H1R])=[#7D3v4+1H0R](-[#6D2v4+0H2R])-[#26D6v6+0H0R]
Bit247,-1618060832,[#7D2v4+1H2R](-[#6D2v4+0H2R])-[#26D6v6+0H0R]
Bit248,277092357,[#7D3v3+0H0R](-[#6D4v4+0H0R])(:[#7D3v4+1H0R]):[#6D2v4+0H1R]
Bit249,418040997,[#6D3v4+0H0R](:[#6D3v4+0H0R])(:[#6D3v4+0H0R]):[#7D2v3+0H0R]
Bit250,792028616,[#6D3v4+0H0R](-[#6D1v4+0H3R0])(:[#7D2v3+0H0R]):[#6D2v4+0H1R]
Bit251,347137976,[#26D6v6+0H0R](-[#7D4v4+1H0R](-[#6D2v4+0H2R])(-[#6D2v4+0H2R])-[#6D2v4+0H2R])(-[#7D2v4+1H2R]-[#6D2v4+0H2R])(-[#7D2v3+0H0R0]=[#6D2v4+0H0R0])(-[#7D2v3+0H0R0]=[#6D2v4+0H0R0])(-[#7D3v4+1H0R](:[#6D3v4+0H0R]):[#6D2v4+0H1R])-[#7D3v4+1H0R](:[#6D3v4+0H0R]):[#6D2v4+0H1R]
Bit252,-1637296840,[#7D3v4+1H0R]
Bit253,1775454271,[#6D2v4+0H2R](-[#6D2v4+0H2R]-[#6D2v4+0H2R])-[#6D3v4+0H1R](-[#7D3v4+1H1R])-[#6D3v4+0H1R]
Bit254,719824890,[#6D3v4+0H0R](-[#6D3v4+0H0R](-[#6D1v4+0H3R0])=[#7D3v4+1H0R])(:[#7D3v4+1H0R](-[#26D6v6+0H0R]):[#6D3v4+0H0R]):[#6D2v4+0H1R]:[#6D2v4+0H1R]
Bit255,638038377,[#7D2v4+1H0R0](-[#26D6v6+0H0R](-[#7D3v4+1H0R])(-[#7D3v4+1H0R])(-[#7D3v4+1H0R])(-[#7D3v4+1H0R])-[#7D2v4+1H0R0])#[#6D2v4+0H0R0]-[#7D2v2-1H0R0]
Bit256,371075416,[#6D3v4+0H0R](-[#6D1v4+0H3R0])(:[#7D3v4+1H0R](-[#26D6v6+0H0R]):[#6D3v4+0H0R]):[#16D2v2+0H0R]:[#6D2v4+0H1R]
Bit257,-871478544,[#6D3v4+0H0R](-[#7D2v3+0H1R])(:[#7D3v4+1H0R]):[#16D2v2+0H0R]
Bit258,1711877108,[#6D3v4+0H0R](-[#16D2v2+0H0R0])(:[#6D2v4+0H1R]):[#6D2v4+0H1R]
Bit259,277092357,[#7D3v3+0H0R](-[#6D4v4+0H0R])(:[#7D3v4+1H0R]):[#6D2v4+0H1R]
Bit260,-1649014703,[#7D2v3+0H0R0](-[#26D6v6+0H0R](-[#7D3v4+1H0R])(-[#7D3v4+1H0R])(-[#7D2v3+0H0R0])(-[#7D4v4+1H0R])-[#7D4v4+1H0R])=[#6D2v4+0H0R0]=[#16D1v2+0H0R0]
Bit261,391349624,[#7D3v3+0H0R](-[#7D2v3+0H0R0]=[#6D2v4+0H1R0])(:[#6D3v4+0H0R](-[#6D3v4+0H0R]):[#7D2v3+0H0R]):[#6D3v4+0H0R](-[#6D3v4+0H0R]):[#7D3v4+1H0R]
Bit262,-1650644511,[#6D3v4+0H0R0]
Bit263,-1650644512,[#6D3v4+0H0R]
Bit264,699097405,[#6D3v4+0H0R](-[#6D3v4+0H0R](:[#7D3v4+1H0R]):[#7D3v3+0H0R])(-[#6D3v4+0H0R](:[#7D3v4+1H0R]):[#7D3v3+0H0R])=[#8D1v2+0H0R0]
Bit265,-1657656591,[#9D1v1+0H0R0]
Bit266,-1657680341,[#7D3v4+1H0R](-[#26D6v6+0H0R](-[#7D3v4+1H0R])(-[#7D2v3+0H0R0])(-[#7D2v3+0H0R0])(-[#7D4v4+1H0R])-[#7D4v4+1H0R])(:[#6D3v4+0H0R](-[#6D2v4+0H2R]):[#6D2v4+0H1R]):[#6D2v4+0H1R]:[#6D2v4+0H1R]
Bit267,2106922260,[#34D1v2+0H0R0]=[#6D2v4+0H0R0]
Bit268,-1679494680,[#6D2v4+0H2R](-[#6D3v4+0H0R])-[#7D3v3+0H0R]
Bit269,277092357,[#7D3v3+0H0R](-[#6D4v4+0H0R])(:[#7D3v4+1H0R]):[#6D2v4+0H1R]
Bit270,-1690735466,[#6D2v4+0H1R](:[#6D2v4+0H1R]:[#6D2v4+0H1R]):[#6D2v4+0H1R]:[#6D2v4+0H1R]
Bit271,590157156,[#5D4v4-1H0R](-[#7D3v3+0H0R])(-[#7D3v3+0H0R])(-[#7D3v3+0H0R])-[#7D3v3+0H0R]
Bit272,486012057,[#6D2v4+0H2R](-[#6D3v4+0H0R](:[#6D3v4+0H0R]):[#6D2v4+0H1R])-[#6D2v4+0H2R]-[#6D3v4+0H0R]
Bit273,-2024841617,[#7D3v4+1H0R](-[#26D6v6+0H0R](-[#7D3v4+1H0R])(-[#7D3v4+1H0R])(-[#7D3v4+1H0R])(-[#7D3v4+1H0R])-[#7D3v4+1H0R])(:[#7D3v3+0H0R](-[#6D3v4+0H1R]):[#6D2v4+0H1R]):[#6D2v4+0H1R]:[#6D3v4+0H0R]
Bit274,-1703578506,[#26D6v6+0H0R](-[#7D3v4+1H0R](:[#6D3v4+0H0R]):[#6D3v4+0H0R])(-[#7D3v4+1H0R](:[#6D3v4+0H0R]):[#6D3v4+0H0R])(-[#7D3v4+1H0R](:[#6D3v4+0H0R]):[#6D3v4+0H0R])(-[#7D3v4+1H0R](:[#6D3v4+0H0R]):[#6D3v4+0H0R])(-[#7D3v4+1H0R](:[#6D3v4+0H0R]):[#6D2v4+0H1R])-[#7D3v4+1H0R](:[#6D3v4+0H0R]):[#6D2v4+0H1R]
Bit275,-1703646024,[#7D3v4+1H0R](-[#26D6v6+0H0R])(:[#6D3v4+0H0R]):[#6D3v4+0H0R]
Bit276,478839344,[#7D2v3+0H0R](:[#6D2v4+0H1R]:[#6D2v4+0H1R]):[#6D2v4+0H1R]:[#6D2v4+0H1R]
Bit277,299463395,[#14D4v4+0H0R0]
Bit278,581222078,[#26D6v6+0H0R](-[#7D2v3+0H0R0]=[#6D2v4+0H0R0])(-[#7D2v3+0H0R0]=[#6D2v4+0H0R0])(-[#7D3v4+1H0R](-[#6D3v4+0H0R])=[#6D3v4+0H0R])(-[#7D3v4+1H0R](-[#6D3v4+0H0R])=[#6D3v4+0H0R])(-[#7D3v4+1H0R](:[#6D3v4+0H0R]):[#6D2v4+0H1R])-[#7D3v4+1H0R](:[#6D3v4+0H0R]):[#6D2v4+0H1R]
Bit279,2124851616,[#6D3v4+0H0R](-[#6D3v4+0H0R](:[#7D2v3+0H0R]):[#6D2v4+0H1R])(:[#7D2v3+0H0R]:[#6D3v4+0H0R]):[#6D3v4+0H0R](-[#6D3v4+0H0R]):[#7D3v4+1H0R]
Bit280,1866504608,[#6D3v4+0H0R](-[#7D2v3+0H0R]=[#7D3v4+1H0R])(:[#7D3v3+0H0R](-[#6D2v4+0H2R0]):[#6D2v4+0H1R]):[#7D3v4+1H0R](-[#26D6v6+0H0R]):[#6D2v4+0H1R]
Bit281,1601941279,[#7D2v3+0H0R](:[#6D3v4+0H0R](-[#6D3v4+0H0R]):[#7D3v3+0H0R]):[#7D3v4+1H0R](-[#26D6v6+0H0R]):[#6D3v4+0H0R]
Bit282,-1723085131,[#7D2v3+0H0R0](-[#26D6v6+0H0R](-[#7D3v4+1H0R])(-[#7D3v4+1H0R])(-[#7D2v3+0H0R0])(-[#7D4v4+1H0R])-[#7D4v4+1H0R])=[#6D2v4+0H0R0]=[#34D1v2+0H0R0]
Bit283,951262149,[#7D3v4+1H0R](-[#26D6v6+0H0R](-[#7D3v4+1H0R])(-[#7D3v4+1H0R])(-[#7D2v3+0H0R0])(-[#7D4v4+1H0R])-[#7D4v4+1H0R])(:[#6D3v4+0H0R](-[#6D2v4+0H2R]):[#6D2v4+0H1R]):[#6D2v4+0H1R]:[#6D2v4+0H1R]
Bit284,1968766682,[#16D2v2+0H0R](-[#6D3v4+0H0R])-[#6D2v4+0H1R]
Bit285,629613664,[#9D1v1+0H0R0]-[#6D4v4+0H0R0]
Bit286,1963910033,[#6D3v4+0H0R](-[#6D1v4+0H3R0])(:[#6D3v4+0H0R](-[#6D3v4+0H0R]):[#6D3v4+0H0R]):[#6D3v4+0H0R](-[#6D1v4+0H3R0]):[#6D3v4+0H0R]
Bit287,194214842,[#7D3v4+1H0R](-[#26D6v6+0H0R](-[#7D3v4+1H0R])(-[#7D3v4+1H0R])(-[#7D3v4+1H0R])(-[#7D2v3+0H0R0])-[#7D2v3+0H0R0])(:[#6D3v4+0H0R](-[#7D1v3+0H2R0]):[#16D2v2+0H0R]):[#6D3v4+0H0R](-[#6D3v4+0H0R]):[#6D2v4+0H1R]
Bit288,816734030,[#6D3v4+0H0R](-[#6D3v4+0H0R0](-[#8D1v2+0H1R0])=[#8D1v2+0H0R0])(:[#6D2v4+0H1R]:[#6D3v4+0H0R]):[#6D2v4+0H1R]:[#6D2v4+0H1R]
Bit289,-1747215748,[#7D4v4+1H0R](-[#6D2v4+0H2R])(-[#6D2v4+0H2R])(-[#6D2v4+0H2R])-[#26D6v6+0H0R]
Bit290,-1747904633,[#6D2v4+0H2R0](-[#6D2v4+0H2R0])-[#17D1v1+0H0R0]
Bit291,-1753014895,[#6D2v4+0H1R](:[#6D2v4+0H1R]:[#6D3v4+0H0R]):[#6D2v4+0H1R]:[#7D2v3+0H0R]
Bit292,191434192,[#6D3v4+0H0R](-[#6D3v4+0H0R](:[#7D2v3+0H0R]):[#6D2v4+0H1R])(:[#7D2v3+0H0R]:[#7D3v4+1H0R]):[#7D3v3+0H0R](-[#6D3v4+0H0R]):[#6D3v4+0H0R]
Bit293,1370998452,[#26D6v6+0H0R](-[#7D3v4+1H0R](:[#6D3v4+0H0R]):[#6D3v4+0H0R])(-[#7D3v4+1H0R](:[#6D3v4+0H0R]):[#6D3v4+0H0R])(-[#7D2v3+0H0R0]=[#6D2v4+0H0R0])(-[#7D2v3+0H0R0]=[#6D2v4+0H0R0])(-[#7D4v4+1H0R](-[#6D2v4+0H2R])(-[#6D2v4+0H2R])-[#6D1v4+0H3R0])-[#7D4v4+1H0R](-[#6D2v4+0H2R])(-[#6D2v4+0H2R])-[#6D1v4+0H3R0]
Bit294,71335025,[#6D2v4+0H1R](:[#6D3v4+0H0R](-[#7D2v3+0H0R]):[#7D3v4+1H0R]):[#6D2v4+0H1R]:[#6D3v4+0H0R]
Bit295,-176241921,[#7D2v3+0H0R](:[#6D3v4+0H0R]):[#7D2v3+0H1R]
Bit296,1008603387,[#26D6v6+0H0R](-[#7D4v4+1H0R](-[#6D2v4+0H2R])(-[#6D2v4+0H2R])-[#6D2v4+0H2R])(-[#7D3v4+1H0R](:[#6D3v4+0H0R]):[#6D3v4+0H0R])(-[#7D2v3+0H0R0]=[#6D2v4+0H0R0])(-[#7D2v3+0H0R0]=[#6D2v4+0H0R0])(-[#7D3v4+1H0R](:[#6D3v4+0H0R]):[#6D2v4+0H1R])-[#7D3v4+1H0R](:[#6D3v4+0H0R]):[#6D2v4+0H1R]
Bit297,586811433,[#6D2v4+0H1R](-[#6D3v4+0H0R](:[#7D3v4+1H0R]):[#7D2v3+0H1R])=[#7D3v4+1H0R](-[#6D3v4+0H0R])-[#26D6v6+0H0R]
Bit298,-1765800618,[#7D2v3+0H0R0](-[#26D6v6+0H0R](-[#7D3v4+1H0R])(-[#7D3v4+1H0R])(-[#7D3v4+1H0R])(-[#7D2v3+0H0R0])-[#7D4v4+1H0R])=[#6D2v4+0H0R0]=[#34D1v2+0H0R0]
Bit299,1603688667,[#6D3v4+0H0R](-[#6D3v4+0H0R])(:[#7D2v3+0H1R]):[#6D2v4+0H1R]
Bit300,-649333370,[#7D4v4+1H0R](-[#6D2v4+0H2R]-[#6D2v4+0H2R])(-[#6D2v4+0H2R]-[#6D3v4+0H0R])(-[#6D2v4+0H2R]-[#6D3v4+0H0R])-[#26D6v6+0H0R](-[#7D3v4+1H0R])(-[#7D3v4+1H0R])(-[#7D3v4+1H0R])(-[#7D3v4+1H0R])-[#7D4v4+1H0R]
Bit301,-1768994025,[#7D2v3+0H0R](:[#6D3v4+0H0R]):[#6D2v4+0H1R]
Bit302,584883221,[#7D3v4+1H0R](-[#26D6v6+0H0R](-[#7D3v4+1H0R])(-[#7D3v4+1H0R])(-[#7D3v4+1H0R])(-[#7D3v4+1H0R])-[#7D3v4+1H0R])(:[#7D3v3+0H0R](-[#6D1v4+0H3R0]):[#6D2v4+0H1R]):[#6D3v4+0H0R](-[#6D3v4+0H0R]):[#6D2v4+0H1R]
Bit303,391349624,[#7D3v3+0H0R](-[#7D2v3+0H0R0]=[#6D2v4+0H1R0])(:[#6D3v4+0H0R](-[#6D3v4+0H0R]):[#7D2v3+0H0R]):[#6D3v4+0H0R](-[#6D3v4+0H0R]):[#7D3v4+1H0R]
Bit304,-1776992281,[#6D2v4+0H2R0](-[#6D2v4+0H2R0]-[#6D2v4+0H2R0])-[#6D2v4+0H2R0]-[#6D2v4+0H2R0]
Bit305,-1785744090,[#6D3v4+0H0R](-[#6D3v4+0H0R](:[#7D3v4+1H0R]):[#7D2v3+0H1R])(:[#7D3v4+1H0R](-[#26D6v6+0H0R]):[#6D3v4+0H0R]):[#7D2v3+0H1R]:[#6D3v4+0H0R]
Bit306,684737872,[#7D3v4+1H0R](-[#26D6v6+0H0R](-[#7D3v4+1H0R])(-[#7D3v4+1H0R])(-[#7D3v4+1H0R])(-[#7D3v4+1H0R])-[#7D3v4+1H0R])(:[#7D3v3+0H0R](-[#6D3v4+0H0R]):[#6D2v4+0H1R]):[#6D3v4+0H0R](-[#6D2v4+0H2R0]):[#6D2v4+0H1R]
Bit307,1992988605,[#6D2v4+0H2R](-[#6D2v4+0H2R]-[#6D2v4+0H2R])-[#7D2v3+0H1R]-[#6D3v4+0H0R]
Bit308,601753524,[#7D3v4+1H0R](-[#26D6v6+0H0R0](-[#7D3v4+1H0R])(-[#7D3v4+1H0R])(-[#7D3v4+1H0R])(-[#7D3v4+1H0R])-[#7D3v4+1H0R])(:[#6D2v4+0H1R]:[#7D2v3+0H1R]):[#6D2v4+0H1R]:[#6D2v4+0H1R]
Bit309,586811433,[#6D2v4+0H1R](-[#6D3v4+0H0R](:[#7D3v4+1H0R]):[#7D2v3+0H1R])=[#7D3v4+1H0R](-[#6D3v4+0H0R])-[#26D6v6+0H0R]
Bit310,614116522,[#8D2v2+0H0R](-[#6D2v4+0H2R]-[#6D2v4+0H2R])-[#6D3v4+0H0R](-[#6D3v4+0H0R])=[#7D3v4+1H0R]
Bit311,820896064,[#6D3v4+0H1R0](-[#6D2v4+0H2R0]-[#7D3v3+0H0R])(-[#6D1v4+0H3R0])-[#6D1v4+0H3R0]
Bit312,248165198,[#6D3v4+0H0R](-[#6D3v4+0H1R0](-[#6D1v4+0H3R0])-[#6D1v4+0H3R0])(:[#6D2v4+0H1R]:[#6D2v4+0H1R]):[#7D3v4+1H0R](-[#26D6v6+0H0R]):[#7D3v3+0H0R]
Bit313,818639636,[#26D6v6+0H0R](-[#7D3v4+1H0R](:[#6D3v4+0H0R]):[#6D3v4+0H0R])(-[#7D3v4+1H0R](:[#6D3v4+0H0R]):[#6D3v4+0H0R])(-[#7D2v3+0H0R0]=[#6D2v4+0H0R0])(-[#7D2v3+0H0R0]=[#6D2v4+0H0R0])(-[#7D3v4+1H0R](:[#6D2v4+0H1R]):[#7D3v3+0H0R])-[#7D3v4+1H0R](:[#6D2v4+0H1R]):[#7D3v3+0H0R]
Bit314,930676317,[#6D3v4+0H0R](-[#6D3v4+0H0R0])(:[#7D3v4+1H0R]):[#6D2v4+0H1R]
Bit315,510275471,[#6D3v4+0H0R](:[#6D2v4+0H1R]:[#6D2v4+0H1R])(:[#7D3v3+0H0R](-[#26D6v6+0H0R]):[#6D3v4+0H0R]):[#6D3v4+0H0R](:[#7D2v3+0H0R]):[#6D2v4+0H1R]
Bit316,-393815370,[#6D2v4+0H1R](:[#6D3v4+0H0R](:[#6D3v4+0H0R]):[#6D3v4+0H0R]):[#6D2v4+0H1R]:[#6D2v4+0H1R]
Bit317,348704440,[#6D2v4+0H2R](-[#6D3v4+0H0R](:[#7D3v4+1H0R]):[#6D2v4+0H1R])-[#6D2v4+0H2R]-[#7D4v4+1H0R]
Bit318,459522686,[#7D3v3+0H0R](-[#5D3v4-1H1R](-[#7D3v3+0H0R])-[#7D3v3+0H0R])(:[#7D3v4+1H0R](-[#26D6v6+0H0R]):[#6D3v4+0H0R]):[#6D3v4+0H0R](-[#6D1v4+0H3R0]):[#6D3v4+0H0R]
Bit319,780177087,[#7D2v3+0H1R](:[#6D3v4+0H0R]):[#7D2v3+0H0R]
Bit320,828674680,[#6D3v4+0H0R](-[#6D3v4+0H0R](:[#6D2v4+0H1R]):[#6D2v4+0H1R])(:[#7D3v4+1H0R](-[#26D6v6+0H0R]):[#6D3v4+0H0R]):[#7D2v3+0H1R]:[#6D2v4+0H1R]
Bit321,714722353,[#7D3v4+1H0R](-[#6D2v4+0H2R])(-[#26D6v6+0H0R])=[#6D2v4+0H1R]
Bit322,557079906,[#6D3v4+0H0R](-[#6D3v4+0H0R](:[#7D2v3+0H0R]):[#7D2v3+0H1R])(:[#6D2v4+0H1R]:[#6D2v4+0H1R]):[#16D2v2+0H0R]:[#6D2v4+0H1R]
Bit323,-1830630632,[#6D2v4+0H1R](:[#6D2v4+0H1R]:[#7D3v3+0H0R]):[#6D3v4+0H0R](-[#6D3v4+0H0R]):[#7D3v4+1H0R]
Bit324,293535699,[#7D3v3+0H0R](-[#6D3v4+0H1R](-[#7D3v3+0H0R])-[#7D3v3+0H0R])(:[#6D3v4+0H0R](-[#6D1v4+0H3R0]):[#6D2v4+0H1R]):[#7D3v4+1H0R](-[#26D6v6+0H0R]):[#6D3v4+0H0R]
Bit325,792028616,[#6D3v4+0H0R](-[#6D1v4+0H3R0])(:[#7D2v3+0H0R]):[#6D2v4+0H1R]
Bit326,1707192517,[#26D6v6+0H0R](-[#7D4v4+1H0R](-[#6D2v4+0H2R])(-[#6D2v4+0H2R])-[#6D2v4+0H2R])(-[#7D4v4+1H0R](-[#6D2v4+0H2R])(-[#6D2v4+0H2R])-[#6D2v4+0H2R])(-[#7D3v4+1H1R](-[#6D2v4+0H2R])-[#6D2v4+0H2R])(-[#7D2v3+0H0R0]=[#6D2v4+0H0R0])(-[#7D3v4+1H0R](:[#6D3v4+0H0R]):[#6D2v4+0H1R])-[#7D3v4+1H0R](:[#6D3v4+0H0R]):[#6D2v4+0H1R]
Bit327,946663851,[#6D3v4+0H1R](-[#6D2v4+0H2R])(-[#6D2v4+0H2R])-[#7D3v3+0H0R]
Bit328,1960802568,[#6D3v4+0H0R](-[#6D2v4+0H2R0]-[#6D1v4+0H3R0])(:[#6D2v4+0H1R]:[#6D2v4+0H1R]):[#6D3v4+0H0R](-[#7D3v3+0H0R]):[#6D3v4+0H0R]
Bit329,-1845109010,[#26D6v6+0H0R](-[#7D4v4+1H0R](-[#6D2v4+0H2R])(-[#6D2v4+0H2R])-[#6D2v4+0H2R])(-[#7D4v4+1H0R](-[#6D2v4+0H2R])(-[#6D1v4+0H3R0])-[#6D1v4+0H3R0])(-[#7D2v3+0H0R0]=[#6D2v4+0H0R0])(-[#7D2v3+0H0R0]=[#6D2v4+0H0R0])(-[#7D3v4+1H0R](:[#6D3v4+0H0R]):[#6D2v4+0H1R])-[#7D3v4+1H0R](:[#6D3v4+0H0R]):[#6D2v4+0H1R]
Bit330,570565942,[#6D3v4+0H0R](-[#6D3v4+0H0R](:[#7D2v3+0H0R]):[#7D2v3+0H1R])(:[#6D2v4+0H1R]:[#6D2v4+0H1R]):[#6D3v4+0H0R](-[#6D4v4+0H0R0]):[#6D2v4+0H1R]
Bit331,2124851616,[#6D3v4+0H0R](-[#6D3v4+0H0R](:[#7D2v3+0H0R]):[#6D2v4+0H1R])(:[#7D2v3+0H0R]:[#6D3v4+0H0R]):[#6D3v4+0H0R](-[#6D3v4+0H0R]):[#7D3v4+1H0R]
Bit332,930676317,[#6D3v4+0H0R](-[#6D3v4+0H0R0])(:[#7D3v4+1H0R]):[#6D2v4+0H1R]
Bit333,1168070468,[#6D2v4+0H2R](-[#7D3v4+1H0R](-[#26D6v6+0H0R])=[#6D3v4+0H0R])-[#6D2v4+0H2R]-[#16D2v2+0H0R]
Bit334,401661000,[#26D6v6+0H0R](-[#7D3v4+1H0R])(-[#7D3v4+1H0R])(-[#7D2v4+1H0R0])(-[#7D2v4+1H0R0])(-[#7D4v4+1H0R])-[#7D4v4+1H0R]
Bit335,-1876495263,[#6D3v4+0H0R](-[#16D2v2+0H0R]-[#6D2v4+0H2R])(-[#6D3v4+0H0R](:[#7D3v4+1H0R]):[#6D2v4+0H1R])=[#7D3v4+1H0R](-[#6D2v4+0H2R])-[#26D6v6+0H0R]
Bit336,1157425152,[#7D3v4+1H0R](-[#26D6v6+0H0R](-[#7D3v4+1H0R])(-[#7D3v4+1H0R])(-[#7D3v4+1H0R])(-[#7D3v4+1H0R])-[#7D3v4+1H0R])(:[#6D3v4+0H0R](-[#6D2v4+0H1R]):[#6D3v4+0H0R]):[#6D2v4+0H1R]:[#7D2v3+0H1R]
Bit337,409680845,[#7D2v4+1H2R](-[#6D2v4+0H2R]-[#6D2v4+0H2R])-[#26D6v6+0H0R](-[#7D3v4+1H0R])(-[#7D3v4+1H0R])(-[#7D3v4+1H0R])(-[#7D2v4+1H2R])-[#7D4v4+1H0R]
Bit338,-279063895,[#6D2v4+0H2R](-[#7D4v4+1H0R](-[#6D2v4+0H2R])(-[#6D2v4+0H2R])-[#26D6v6+0H0R])-[#6D2v4+0H2R]-[#7D3v4+1H1R]
Bit339,977500979,[#6D3v4+0H0R](-[#6D3v4+0H0R](:[#7D3v4+1H0R]):[#6D2v4+0H1R])(:[#7D3v3+0H0R](-[#7D2v3+0H1R0]):[#6D3v4+0H0R]):[#7D3v4+1H0R](-[#26D6v6+0H0R]):[#7D2v3+0H0R]
Bit340,-1890102104,[#6D2v4+0H2R](-[#7D4v4+1H0R](-[#6D2v4+0H2R])(-[#6D2v4+0H2R])-[#26D6v6+0H0R])-[#6D2v4+0H2R]-[#6D2v4+0H2R]
Bit341,1778063126,[#7D2v3+0H0R](:[#7D3v3+0H0R](-[#6D1v4+0H3R0]):[#6D2v4+0H1R]):[#6D3v4+0H0R](-[#6D3v4+0H0R]):[#7D3v4+1H0R]
Bit342,2111982078,[#7D3v3+0H0R](-[#7D1v3+0H2R0])(:[#6D3v4+0H0R]):[#6D3v4+0H0R]
Bit343,966183280,[#5D1v4-1H3R0]-[#6D2v4+0H0R0]
Bit344,557079906,[#6D3v4+0H0R](-[#6D3v4+0H0R](:[#7D2v3+0H0R]):[#7D2v3+0H1R])(:[#6D2v4+0H1R]:[#6D2v4+0H1R]):[#16D2v2+0H0R]:[#6D2v4+0H1R]
Bit345,917880588,[#6D3v4+0H0R](-[#6D1v4+0H3R0])(:[#7D3v4+1H0R]):[#7D3v3+0H0R]
Bit346,-1903027645,[#6D2v4+0H1R](:[#6D3v4+0H0R](-[#7D3v3+0H0R]):[#7D3v4+1H0R]):[#6D3v4+0H0R](-[#6D3v4+0H0R]):[#6D2v4+0H1R]
Bit347,792028616,[#6D3v4+0H0R](-[#6D1v4+0H3R0])(:[#7D2v3+0H0R]):[#6D2v4+0H1R]
Bit348,1775236613,[#7D2v3+0H0R](-[#6D3v4+0H0R])=[#7D3v4+1H0R]
Bit349,-1907265792,[#6D3v4+0H0R](:[#6D3v4+0H0R](:[#6D3v4+0H0R]):[#6D2v4+0H1R])(:[#7D2v3+0H0R]:[#6D3v4+0H0R]):[#6D3v4+0H0R](:[#6D3v4+0H0R]):[#7D2v3+0H0R]
Bit350,440885637,[#7D3v4+1H0R](-[#26D6v6+0H0R0](-[#7D3v4+1H0R])(-[#7D3v4+1H0R])(-[#7D3v4+1H0R])(-[#7D3v4+1H0R])-[#7D3v4+1H0R])(:[#7D2v3+0H0R]:[#7D2v3+0H0R]):[#6D2v4+0H1R]:[#7D3v3+0H0R]
Bit351,-6523414,[#6D3v4+0H0R](-[#6D1v4+0H3R0])(:[#6D2v4+0H1R]:[#6D3v4+0H0R]):[#7D3v3+0H0R](-[#5D3v4-1H1R]):[#7D3v4+1H0R]
Bit352,911259134,[#6D2v4+0H1R](:[#6D2v4+0H1R]:[#7D3v3+0H0R]):[#6D3v4+0H0R](-[#6D4v4+0H0R0]):[#7D3v4+1H0R]
Bit353,-1919147481,[#6D2v4+0H1R](:[#6D2v4+0H1R]:[#6D3v4+0H0R]):[#7D3v3+0H0R](-[#5D4v4-1H0R]):[#7D3v4+1H0R]
Bit354,1601941279,[#7D2v3+0H0R](:[#6D3v4+0H0R](-[#6D3v4+0H0R]):[#7D3v3+0H0R]):[#7D3v4+1H0R](-[#26D6v6+0H0R]):[#6D3v4+0H0R]
Bit355,-1928431907,[#6D2v4+0H1R](:[#6D2v4+0H1R]):[#7D3v3+0H0R]
Bit356,1697631950,[#6D3v4+0H0R](-[#5D4v4-1H0R])(:[#6D2v4+0H1R]):[#6D2v4+0H1R]
Bit357,-1940572588,[#7D3v3+0H0R](-[#6D3v4+0H1R])(:[#7D3v4+1H0R]):[#6D2v4+0H1R]
Bit358,133401407,[#6D3v4+0H0R](-[#6D3v4+0H0R](:[#7D3v4+1H0R]):[#7D3v3+0H0R])(:[#6D2v4+0H1R]:[#6D3v4+0H0R]):[#7D3v4+1H0R](-[#26D6v6+0H0R]):[#6D3v4+0H0R]
Bit359,248165198,[#6D3v4+0H0R](-[#6D3v4+0H1R0](-[#6D1v4+0H3R0])-[#6D1v4+0H3R0])(:[#6D2v4+0H1R]:[#6D2v4+0H1R]):[#7D3v4+1H0R](-[#26D6v6+0H0R]):[#7D3v3+0H0R]
Bit360,975716933,[#6D2v4+0H0R0](-[#6D2v4+0H2R0]-[#6D2v4+0H2R0])#[#7D1v3+0H0R0]
Bit361,614116522,[#8D2v2+0H0R](-[#6D2v4+0H2R]-[#6D2v4+0H2R])-[#6D3v4+0H0R](-[#6D3v4+0H0R])=[#7D3v4+1H0R]
Bit362,816734030,[#6D3v4+0H0R](-[#6D3v4+0H0R0](-[#8D1v2+0H1R0])=[#8D1v2+0H0R0])(:[#6D2v4+0H1R]:[#6D3v4+0H0R]):[#6D2v4+0H1R]:[#6D2v4+0H1R]
Bit363,719824890,[#6D3v4+0H0R](-[#6D3v4+0H0R](-[#6D1v4+0H3R0])=[#7D3v4+1H0R])(:[#7D3v4+1H0R](-[#26D6v6+0H0R]):[#6D3v4+0H0R]):[#6D2v4+0H1R]:[#6D2v4+0H1R]
Bit364,-754017584,[#6D2v4+0H1R](:[#7D2v3+0H1R]:[#6D3v4+0H0R]):[#6D2v4+0H1R]:[#7D3v4+1H0R]
Bit365,1055710071,[#7D4v4+1H0R](-[#6D2v4+0H2R]-[#6D2v4+0H2R])(-[#6D2v4+0H2R]-[#6D2v4+0H2R])(-[#6D2v4+0H2R]-[#6D3v4+0H0R])-[#26D6v6+0H0R](-[#7D3v4+1H0R])(-[#7D3v4+1H0R])(-[#7D4v4+1H0R])(-[#7D4v4+1H0R])-[#7D4v4+1H0R]
Bit366,807736830,[#7D4v4+1H0R](-[#6D2v4+0H2R]-[#6D2v4+0H2R])(-[#26D6v6+0H0R](-[#7D3v4+1H0R])(-[#7D3v4+1H0R])(-[#7D2v3+0H0R0])(-[#7D2v3+0H0R0])-[#7D4v4+1H0R])(-[#6D1v4+0H3R0])-[#6D1v4+0H3R0]
Bit367,156396983,[#6D2v4+0H2R0](-[#8D2v2+0H0R0]-[#6D3v4+0H0R])-[#6D2v4+0H2R0]-[#6D2v4+0H2R0]
Bit368,415970648,[#26D6v6+0H0R](-[#7D3v4+1H0R])(-[#7D3v4+1H0R])(-[#7D3v4+1H1R])(-[#7D3v4+1H1R])(-[#7D4v4+1H0R])-[#7D4v4+1H0R]
Bit369,1945779656,[#6D2v4+0H2R0](-[#6D3v4+0H0R])-[#7D4v4+1H0R]
Bit370,-1972218107,[#6D2v4+0H2R0](-[#6D2v4+0H2R0]-[#7D3v3+0H0R])-[#6D2v4+0H2R0]-[#6D2v4+0H2R0]
Bit371,1157425152,[#7D3v4+1H0R](-[#26D6v6+0H0R](-[#7D3v4+1H0R])(-[#7D3v4+1H0R])(-[#7D3v4+1H0R])(-[#7D3v4+1H0R])-[#7D3v4+1H0R])(:[#6D3v4+0H0R](-[#6D2v4+0H1R]):[#6D3v4+0H0R]):[#6D2v4+0H1R]:[#7D2v3+0H1R]
Bit372,409680845,[#7D2v4+1H2R](-[#6D2v4+0H2R]-[#6D2v4+0H2R])-[#26D6v6+0H0R](-[#7D3v4+1H0R])(-[#7D3v4+1H0R])(-[#7D3v4+1H0R])(-[#7D2v4+1H2R])-[#7D4v4+1H0R]
Bit373,-1977183359,[#7D3v3+0H0R](-[#6D3v4+0H1R])(:[#6D3v4+0H0R]):[#7D3v4+1H0R]
Bit374,1281254104,[#26D6v6+0H0R](-[#7D3v4+1H0R])(-[#7D3v4+1H0R])(-[#7D3v4+1H0R])(-[#7D2v4+1H0R0])(-[#7D4v4+1H0R])-[#7D4v4+1H0R]
Bit375,-1979918700,[#6D2v4+0H1R](:[#6D2v4+0H1R]:[#6D2v4+0H1R]):[#6D3v4+0H0R](-[#6D1v4+0H3R0]):[#7D3v4+1H0R]
Bit376,1606526216,[#7D3v4+1H0R](-[#26D6v6+0H0R](-[#7D3v4+1H0R])(-[#7D3v4+1H0R])(-[#7D3v4+1H0R])(-[#7D3v4+1H0R])-[#7D3v4+1H0R])(:[#6D2v4+0H1R]:[#6D3v4+0H0R]):[#6D3v4+0H0R](-[#6D2v4+0H1R]):[#6D2v4+0H1R]
Bit377,1432037433,[#7D3v3+0H0R](-[#6D2v4+0H2R0])(:[#6D3v4+0H0R]):[#6D3v4+0H0R]
Bit378,818639636,[#26D6v6+0H0R](-[#7D3v4+1H0R](:[#6D3v4+0H0R]):[#6D3v4+0H0R])(-[#7D3v4+1H0R](:[#6D3v4+0H0R]):[#6D3v4+0H0R])(-[#7D2v3+0H0R0]=[#6D2v4+0H0R0])(-[#7D2v3+0H0R0]=[#6D2v4+0H0R0])(-[#7D3v4+1H0R](:[#6D2v4+0H1R]):[#7D3v3+0H0R])-[#7D3v4+1H0R](:[#6D2v4+0H1R]):[#7D3v3+0H0R]
Bit379,-1994762169,[#7D4v4+1H0R](-[#6D2v4+0H2R]-[#6D2v4+0H2R])(-[#6D2v4+0H2R]-[#6D3v4+0H0R])(-[#6D2v4+0H2R]-[#6D3v4+0H0R])-[#26D6v6+0H0R](-[#7D3v4+1H0R])(-[#7D3v4+1H0R])(-[#7D3v4+1H0R])(-[#7D2v3+0H0R0])-[#7D2v3+0H0R0]
Bit380,570565942,[#6D3v4+0H0R](-[#6D3v4+0H0R](:[#7D2v3+0H0R]):[#7D2v3+0H1R])(:[#6D2v4+0H1R]:[#6D2v4+0H1R]):[#6D3v4+0H0R](-[#6D4v4+0H0R0]):[#6D2v4+0H1R]
Bit381,-2001494348,[#7D1v3+0H0R0]#[#6D2v4+0H0R0]
Bit382,-2004753637,[#7D3v4+1H0R](-[#26D6v6+0H0R0])(:[#6D2v4+0H1R]):[#6D2v4+0H1R]
Bit383,-302511690,[#26D6v6+0H0R](-[#7D2v3+0H0R0]=[#6D2v4+0H0R0])(-[#7D2v3+0H0R0]=[#6D2v4+0H0R0])(-[#7D3v4+1H0R](:[#6D3v4+0H0R]):[#6D2v4+0H1R])(-[#7D3v4+1H0R](:[#6D3v4+0H0R]):[#6D2v4+0H1R])(-[#7D3v4+1H0R](:[#6D3v4+0H0R]):[#7D2v3+0H1R])-[#7D3v4+1H0R](:[#6D3v4+0H0R]):[#7D2v3+0H1R]
Bit384,431184926,[#6D2v4+0H0R0](-[#7D2v2-1H0R0]-[#6D2v4+0H0R0])#[#7D2v4+1H0R0]-[#26D6v6+0H0R]
Bit385,1901450568,[#6D2v4+0H2R](-[#7D2v4+1H2R]-[#26D6v6+0H0R])-[#6D3v4+0H0R](:[#7D3v4+1H0R]):[#6D2v4+0H1R]
Bit386,1551004987,[#6D2v4+0H1R](:[#6D2v4+0H1R]:[#6D2v4+0H1R]):[#7D3v3+0H0R](-[#5D3v4-1H1R]):[#7D3v4+1H0R]
Bit387,-2116249141,[#6D3v4+0H0R](-[#6D3v4+0H0R](:[#7D3v4+1H0R]):[#6D2v4+0H1R])(:[#6D2v4+0H1R]:[#6D3v4+0H0R]):[#7D3v4+1H0R](-[#26D6v6+0H0R]):[#7D2v3+0H1R]
Bit388,-2014641131,[#7D2v3+0H0R](:[#6D2v4+0H1R]:[#6D3v4+0H0R]):[#6D2v4+0H1R]:[#6D2v4+0H1R]
Bit389,623912326,[#6D3v4+0H0R](-[#6D2v4+0H2R0]-[#7D3v3+0H0R])(:[#6D2v4+0H1R]:[#6D2v4+0H1R]):[#6D2v4+0H1R]:[#6D2v4+0H1R]
Bit390,807736830,[#7D4v4+1H0R](-[#6D2v4+0H2R]-[#6D2v4+0H2R])(-[#26D6v6+0H0R](-[#7D3v4+1H0R])(-[#7D3v4+1H0R])(-[#7D2v3+0H0R0])(-[#7D2v3+0H0R0])-[#7D4v4+1H0R])(-[#6D1v4+0H3R0])-[#6D1v4+0H3R0]
Bit391,-2024841617,[#7D3v4+1H0R](-[#26D6v6+0H0R](-[#7D3v4+1H0R])(-[#7D3v4+1H0R])(-[#7D3v4+1H0R])(-[#7D3v4+1H0R])-[#7D3v4+1H0R])(:[#7D3v3+0H0R](-[#6D3v4+0H1R]):[#6D2v4+0H1R]):[#6D2v4+0H1R]:[#6D3v4+0H0R]
Bit392,574037745,[#7D2v3+0H0R](:[#6D3v4+0H0R]):[#7D2v3+0H0R]
Bit393,1711877108,[#6D3v4+0H0R](-[#16D2v2+0H0R0])(:[#6D2v4+0H1R]):[#6D2v4+0H1R]
Bit394,459522686,[#7D3v3+0H0R](-[#5D3v4-1H1R](-[#7D3v3+0H0R])-[#7D3v3+0H0R])(:[#7D3v4+1H0R](-[#26D6v6+0H0R]):[#6D3v4+0H0R]):[#6D3v4+0H0R](-[#6D1v4+0H3R0]):[#6D3v4+0H0R]
Bit395,-2038221442,[#16D2v2+0H0R](-[#6D3v4+0H0R])-[#6D2v4+0H2R]
Bit396,-2038966752,[#6D2v4+0H2R](-[#7D2v4+1H2R])-[#6D2v4+0H2R]
Bit397,930676317,[#6D3v4+0H0R](-[#6D3v4+0H0R0])(:[#7D3v4+1H0R]):[#6D2v4+0H1R]
Bit398,-2045151618,[#6D3v4+0H0R](-[#8D2v2+0H0R0])(:[#6D3v4+0H0R]):[#6D2v4+0H1R]
Bit399,-2049645994,[#26D6v6+0H0R](-[#7D3v4+1H0R](:[#6D3v4+0H0R]):[#6D3v4+0H0R])(-[#7D3v4+1H0R](:[#6D3v4+0H0R]):[#6D3v4+0H0R])(-[#7D3v4+1H0R](:[#6D3v4+0H0R]):[#6D3v4+0H0R])(-[#7D3v4+1H0R](:[#6D3v4+0H0R]):[#6D3v4+0H0R])(-[#7D3v4+1H0R](:[#6D3v4+0H0R]):[#7D2v3+0H1R])-[#7D3v4+1H0R](:[#6D3v4+0H0R]):[#7D2v3+0H1R]
Bit400,-2050364286,[#6D2v4+0H2R0](-[#6D2v4+0H2R0]-[#7D3v3+0H0R])-[#6D2v4+0H2R0]-[#6D1v4+0H3R0]
Bit401,-2050417108,[#7D3v4+1H0R](-[#26D6v6+0H0R](-[#7D3v4+1H0R])(-[#7D3v4+1H0R])(-[#7D3v4+1H0R])(-[#7D3v3+0H0R])-[#7D3v3+0H0R])(:[#6D3v4+0H0R](:[#6D3v4+0H0R]):[#6D3v4+0H0R]):[#6D3v4+0H0R](-[#6D3v4+0H0R]):[#6D2v4+0H1R]
Bit402,-682103799,[#7D3v4+1H0R](-[#26D6v6+0H0R](-[#7D3v4+1H0R])(-[#7D3v4+1H0R])(-[#7D3v4+1H0R])(-[#7D3v4+1H0R])-[#7D3v4+1H0R])(-[#6D2v4+0H2R]-[#6D2v4+0H2R])=[#6D3v4+0H0R](-[#6D3v4+0H0R])-[#7D2v3+0H1R]
Bit403,735267535,[#6D3v4+0H0R](-[#17D1v1+0H0R0])(:[#6D2v4+0H1R]):[#6D2v4+0H1R]
Bit404,601753524,[#7D3v4+1H0R](-[#26D6v6+0H0R0](-[#7D3v4+1H0R])(-[#7D3v4+1H0R])(-[#7D3v4+1H0R])(-[#7D3v4+1H0R])-[#7D3v4+1H0R])(:[#6D2v4+0H1R]:[#7D2v3+0H1R]):[#6D2v4+0H1R]:[#6D2v4+0H1R]
Bit405,-2063783022,[#7D3v4+1H0R](-[#26D6v6+0H0R](-[#7D3v4+1H0R])(-[#7D3v4+1H0R])(-[#7D3v4+1H0R])(-[#7D3v4+1H0R])-[#7D3v4+1H0R])(:[#6D2v4+0H1R]:[#6D2v4+0H1R]):[#6D3v4+0H0R](-[#6D3v4+0H0R]):[#6D2v4+0H1R]
Bit406,1992988605,[#6D2v4+0H2R](-[#6D2v4+0H2R]-[#6D2v4+0H2R])-[#7D2v3+0H1R]-[#6D3v4+0H0R]
Bit407,951262149,[#7D3v4+1H0R](-[#26D6v6+0H0R](-[#7D3v4+1H0R])(-[#7D3v4+1H0R])(-[#7D2v3+0H0R0])(-[#7D4v4+1H0R])-[#7D4v4+1H0R])(:[#6D3v4+0H0R](-[#6D2v4+0H2R]):[#6D2v4+0H1R]):[#6D2v4+0H1R]:[#6D2v4+0H1R]
Bit408,718006524,[#6D3v4+0H0R](-[#6D3v4+0H0R](:[#7D2v3+0H1R]):[#6D2v4+0H1R])(:[#6D3v4+0H0R](-[#6D1v4+0H3R0]):[#6D2v4+0H1R]):[#6D3v4+0H0R](-[#6D1v4+0H3R0]):[#6D2v4+0H1R]
Bit409,2106922260,[#34D1v2+0H0R0]=[#6D2v4+0H0R0]
Bit410,976395797,[#6D3v4+0H0R](-[#16D2v2+0H0R0]-[#6D2v4+0H0R0])(:[#6D3v4+0H0R](-[#16D2v2+0H0R0]):[#6D3v4+0H0R]):[#6D3v4+0H0R](-[#6D3v4+0H0R]):[#7D3v3+0H0R]
Bit411,54265040,[#6D2v4+0H1R](:[#6D2v4+0H1R]:[#6D2v4+0H1R]):[#6D3v4+0H0R](-[#6D4v4+0H0R]):[#7D3v4+1H0R]
Bit412,982166874,[#6D2v4+0H2R](-[#7D2v3+0H0R])-[#6D2v4+0H2R]
Bit413,1960802568,[#6D3v4+0H0R](-[#6D2v4+0H2R0]-[#6D1v4+0H3R0])(:[#6D2v4+0H1R]:[#6D2v4+0H1R]):[#6D3v4+0H0R](-[#7D3v3+0H0R]):[#6D3v4+0H0R]
Bit414,925713063,[#6D2v4+0H2R0](-[#6D2v4+0H2R0]-[#6D2v4+0H2R0])-[#7D3v3+0H0R](:[#7D2v3+0H0R]):[#7D2v3+0H0R]
Bit415,1945779656,[#6D2v4+0H2R0](-[#6D3v4+0H0R])-[#7D4v4+1H0R]
Bit416,772480710,[#6D2v4+0H2R0](-[#7D3v3+0H0R](:[#7D3v4+1H0R]):[#6D2v4+0H1R])-[#6D2v4+0H1R0]=[#6D1v4+0H2R0]
Bit417,564205442,[#7D4v4+1H0R](-[#6D2v4+0H2R]-[#6D2v4+0H2R])(-[#6D2v4+0H2R]-[#6D2v4+0H2R])(-[#26D6v6+0H0R](-[#7D2v4+1H0R0])(-[#7D2v4+1H0R0])(-[#7D2v4+1H0R0])(-[#7D4v4+1H0R])-[#7D4v4+1H0R])-[#6D1v4+0H3R0]
Bit418,917880588,[#6D3v4+0H0R](-[#6D1v4+0H3R0])(:[#7D3v4+1H0R]):[#7D3v3+0H0R]
Bit419,-2094228156,[#6D2v4+0H1R](:[#6D3v4+0H0R]):[#6D3v4+0H0R]
Bit420,1845757864,[#7D3v3+0H0R](-[#6D1v4+0H3R0])(:[#7D2v3+0H0R]:[#7D3v4+1H0R]):[#7D2v3+0H0R]:[#6D3v4+0H0R]
Bit421,-209654016,[#7D3v4+1H0R](-[#26D6v6+0H0R](-[#7D3v4+1H0R])(-[#7D3v4+1H0R])(-[#7D3v4+1H0R])(-[#7D3v4+1H0R])-[#7D3v4+1H0R])(:[#7D3v3+0H0R](-[#5D4v4-1H0R]):[#6D2v4+0H1R]):[#6D3v4+0H0R](-[#6D1v4+0H3R0]):[#6D2v4+0H1R]
Bit422,1855449683,[#26D6v6+0H0R](-[#7D3v4+1H0R])(-[#7D3v4+1H0R])(-[#7D3v4+1H0R])(-[#7D4v4+1H0R])(-[#7D4v4+1H0R])-[#7D4v4+1H0R]
Bit423,916120393,[#6D2v4+0H2R](-[#6D2v4+0H2R]-[#7D2v4+1H2R])-[#7D3v4+1H0R](-[#26D6v6+0H0R])=[#6D3v4+0H0R]
Bit424,486012057,[#6D2v4+0H2R](-[#6D3v4+0H0R](:[#6D3v4+0H0R]):[#6D2v4+0H1R])-[#6D2v4+0H2R]-[#6D3v4+0H0R]
Bit425,917880588,[#6D3v4+0H0R](-[#6D1v4+0H3R0])(:[#7D3v4+1H0R]):[#7D3v3+0H0R]
Bit426,980512251,[#7D3v3+0H0R0]
Bit427,-2116249141,[#6D3v4+0H0R](-[#6D3v4+0H0R](:[#7D3v4+1H0R]):[#6D2v4+0H1R])(:[#6D2v4+0H1R]:[#6D3v4+0H0R]):[#7D3v4+1H0R](-[#26D6v6+0H0R]):[#7D2v3+0H1R]
Bit428,934837773,[#26D6v6+0H0R0](-[#7D3v4+1H0R](:[#6D2v4+0H1R]):[#6D2v4+0H1R])(-[#7D3v4+1H0R](:[#6D2v4+0H1R]):[#6D2v4+0H1R])(-[#7D3v4+1H0R](:[#6D2v4+0H1R]):[#6D2v4+0H1R])(-[#7D3v4+1H0R](:[#6D2v4+0H1R]):[#6D2v4+0H1R])(-[#7D2v3+0H0R0]=[#6D2v4+0H0R0])-[#7D2v3+0H0R0]=[#6D2v4+0H0R0]
Bit429,391349624,[#7D3v3+0H0R](-[#7D2v3+0H0R0]=[#6D2v4+0H1R0])(:[#6D3v4+0H0R](-[#6D3v4+0H0R]):[#7D2v3+0H0R]):[#6D3v4+0H0R](-[#6D3v4+0H0R]):[#7D3v4+1H0R]
Bit430,-613552521,[#6D3v4+0H0R](-[#6D2v4+0H1R]=[#7D3v4+1H0R])(:[#7D3v4+1H0R](-[#26D6v6+0H0R]):[#6D3v4+0H0R]):[#6D2v4+0H1R]:[#7D2v3+0H1R]
Bit431,498951039,[#35D1v1+0H0R0]-[#6D3v4+0H0R]
Bit432,557079906,[#6D3v4+0H0R](-[#6D3v4+0H0R](:[#7D2v3+0H0R]):[#7D2v3+0H1R])(:[#6D2v4+0H1R]:[#6D2v4+0H1R]):[#16D2v2+0H0R]:[#6D2v4+0H1R]
Bit433,2106922260,[#34D1v2+0H0R0]=[#6D2v4+0H0R0]
Bit434,-2139443360,[#7D3v4+1H0R](-[#26D6v6+0H0R](-[#7D3v4+1H0R])(-[#7D3v4+1H0R])(-[#7D3v4+1H0R])(-[#7D3v4+1H0R])-[#7D3v4+1H0R])(:[#6D3v4+0H0R](:[#6D3v4+0H0R]):[#6D3v4+0H0R]):[#6D3v4+0H0R](-[#6D3v4+0H0R]):[#6D2v4+0H1R]
Bit435,409680845,[#7D2v4+1H2R](-[#6D2v4+0H2R]-[#6D2v4+0H2R])-[#26D6v6+0H0R](-[#7D3v4+1H0R])(-[#7D3v4+1H0R])(-[#7D3v4+1H0R])(-[#7D2v4+1H2R])-[#7D4v4+1H0R]
Bit436,445439983,[#6D3v4+0H0R](-[#6D3v4+0H0R](:[#6D3v4+0H0R]):[#7D3v4+1H0R])(:[#7D3v4+1H0R](-[#26D6v6+0H0R]):[#6D2v4+0H1R]):[#6D3v4+0H0R](-[#6D3v4+0H0R]):[#6D2v4+0H1R]
Bit437,2136477850,[#6D3v4+0H0R](-[#6D3v4+0H0R](:[#6D3v4+0H0R]):[#7D3v4+1H0R])(:[#6D3v4+0H0R](-[#6D1v4+0H3R0]):[#6D2v4+0H1R]):[#7D3v4+1H0R](-[#26D6v6+0H0R]):[#6D2v4+0H1R]
Bit438,1707192517,[#26D6v6+0H0R](-[#7D4v4+1H0R](-[#6D2v4+0H2R])(-[#6D2v4+0H2R])-[#6D2v4+0H2R])(-[#7D4v4+1H0R](-[#6D2v4+0H2R])(-[#6D2v4+0H2R])-[#6D2v4+0H2R])(-[#7D3v4+1H1R](-[#6D2v4+0H2R])-[#6D2v4+0H2R])(-[#7D2v3+0H0R0]=[#6D2v4+0H0R0])(-[#7D3v4+1H0R](:[#6D3v4+0H0R]):[#6D2v4+0H1R])-[#7D3v4+1H0R](:[#6D3v4+0H0R]):[#6D2v4+0H1R]
Bit439,754666517,[#6D3v4+0H0R](-[#6D3v4+0H0R](:[#7D3v4+1H0R]):[#6D2v4+0H1R])(:[#6D3v4+0H0R](:[#6D2v4+0H1R]):[#7D3v3+0H0R]):[#7D3v4+1H0R](-[#26D6v6+0H0R]):[#7D2v3+0H0R]
Bit440,74167451,[#26D6v6+0H0R](-[#7D4v4+1H0R](-[#6D2v4+0H2R])(-[#6D2v4+0H2R])-[#6D2v4+0H2R])(-[#7D2v3+0H0R0]=[#6D2v4+0H0R0])(-[#7D2v3+0H0R0]=[#6D2v4+0H0R0])(-[#7D3v4+1H0R](:[#6D3v4+0H0R]):[#7D3v3+0H0R])(-[#7D3v4+1H0R](:[#6D3v4+0H0R]):[#7D3v3+0H0R])-[#7D3v4+1H0R](:[#6D3v4+0H0R]):[#7D3v3+0H0R]
Bit441,982166874,[#6D2v4+0H2R](-[#7D2v3+0H0R])-[#6D2v4+0H2R]
Bit442,946663851,[#6D3v4+0H1R](-[#6D2v4+0H2R])(-[#6D2v4+0H2R])-[#7D3v3+0H0R]
Bit443,-367158007,[#6D3v4+0H0R](:[#6D3v4+0H0R])(:[#6D2v4+0H1R]):[#7D3v3+0H0R]
Bit444,778571529,[#6D2v4+0H1R](:[#6D3v4+0H0R](-[#8D2v2+0H0R0]):[#6D3v4+0H0R]):[#6D2v4+0H1R]:[#6D2v4+0H1R]
Bit445,1347622514,[#26D6v6+0H0R](-[#7D3v4+1H0R](:[#6D3v4+0H0R]):[#6D3v4+0H0R])(-[#7D3v4+1H0R](:[#6D3v4+0H0R]):[#6D3v4+0H0R])(-[#7D3v4+1H0R](:[#6D3v4+0H0R]):[#6D3v4+0H0R])(-[#7D3v4+1H0R](:[#6D3v4+0H0R]):[#6D3v4+0H0R])(-[#7D2v3+0H0R0]=[#6D2v4+0H0R0])-[#7D2v3+0H0R0]=[#6D2v4+0H0R0]
Bit446,-242467682,[#6D3v4+0H0R](-[#7D3v3+0H0R](:[#7D3v4+1H0R]):[#6D2v4+0H1R])(:[#6D2v4+0H1R]:[#6D3v4+0H0R]):[#7D3v4+1H0R](-[#26D6v6+0H0R]):[#6D3v4+0H0R]
Bit447,951262149,[#7D3v4+1H0R](-[#26D6v6+0H0R](-[#7D3v4+1H0R])(-[#7D3v4+1H0R])(-[#7D2v3+0H0R0])(-[#7D4v4+1H0R])-[#7D4v4+1H0R])(:[#6D3v4+0H0R](-[#6D2v4+0H2R]):[#6D2v4+0H1R]):[#6D2v4+0H1R]:[#6D2v4+0H1R]
Bit448,1900961540,[#7D3v4+1H0R](-[#26D6v6+0H0R](-[#7D3v4+1H0R])(-[#7D3v4+1H0R])(-[#7D3v4+1H0R])(-[#7D3v4+1H0R])-[#7D3v4+1H0R])(:[#6D2v4+0H1R]:[#7D2v3+0H1R]):[#6D3v4+0H0R](-[#6D3v4+0H0R]):[#7D2v3+0H0R]
Bit449,194214842,[#7D3v4+1H0R](-[#26D6v6+0H0R](-[#7D3v4+1H0R])(-[#7D3v4+1H0R])(-[#7D3v4+1H0R])(-[#7D2v3+0H0R0])-[#7D2v3+0H0R0])(:[#6D3v4+0H0R](-[#7D1v3+0H2R0]):[#16D2v2+0H0R]):[#6D3v4+0H0R](-[#6D3v4+0H0R]):[#6D2v4+0H1R]
Bit450,-259773170,[#6D2v4+0H2R](-[#7D3v4+1H1R](-[#6D2v4+0H2R])-[#26D6v6+0H0R])-[#6D2v4+0H2R]-[#7D3v4+1H1R]
Bit451,431184926,[#6D2v4+0H0R0](-[#7D2v2-1H0R0]-[#6D2v4+0H0R0])#[#7D2v4+1H0R0]-[#26D6v6+0H0R]
Bit452,908966173,[#7D3v3+0H0R](-[#5D3v4-1H1R])(:[#6D3v4+0H0R]):[#7D3v4+1H0R]
Bit453,866987023,[#6D2v4+0H0R0](-[#6D3v4+0H0R0])#[#7D1v3+0H0R0]
Bit454,109946772,[#7D2v4+1H2R](-[#26D6v6+0H0R](-[#7D3v4+1H0R])(-[#7D3v4+1H0R])(-[#7D3v4+1H0R])(-[#7D3v4+1H0R])-[#7D3v4+1H0R])-[#6D2v4+0H2R]-[#6D3v4+0H0R]
Bit455,-279063895,[#6D2v4+0H2R](-[#7D4v4+1H0R](-[#6D2v4+0H2R])(-[#6D2v4+0H2R])-[#26D6v6+0H0R])-[#6D2v4+0H2R]-[#7D3v4+1H1R]
Bit456,700383531,[#8D2v2+0H0R](:[#6D3v4+0H0R]):[#7D2v3+0H0R]
Bit457,590157156,[#5D4v4-1H0R](-[#7D3v3+0H0R])(-[#7D3v3+0H0R])(-[#7D3v3+0H0R])-[#7D3v3+0H0R]
Bit458,-282911673,[#7D3v4+1H0R](-[#26D6v6+0H0R])(:[#6D2v4+0H1R]):[#7D3v3+0H0R]
Bit459,2097286548,[#7D4v4+1H0R](-[#26D6v6+0H0R](-[#7D3v4+1H0R])(-[#7D3v4+1H0R])(-[#7D3v4+1H0R])(-[#7D3v4+1H0R])-[#7D2v4+1H2R])(-[#6D2v4+0H2R]-[#6D2v4+0H2R])(-[#6D2v4+0H2R]-[#6D3v4+0H0R])-[#6D2v4+0H2R]-[#6D3v4+0H0R]
Bit460,318584828,[#6D2v4+0H1R](:[#7D3v3+0H0R](-[#6D3v4+0H1R]):[#7D3v4+1H0R]):[#6D2v4+0H1R]:[#6D3v4+0H0R]
Bit461,-287121523,[#6D2v4+0H1R](:[#6D2v4+0H1R]:[#7D3v3+0H0R]):[#6D3v4+0H0R](-[#6D1v4+0H3R0]):[#7D3v4+1H0R]
Bit462,867088581,[#7D2v3+0H0R](:[#6D3v4+0H0R](:[#6D3v4+0H0R]):[#6D3v4+0H0R]):[#6D3v4+0H0R](:[#6D3v4+0H0R]):[#6D2v4+0H1R]
Bit463,133401407,[#6D3v4+0H0R](-[#6D3v4+0H0R](:[#7D3v4+1H0R]):[#7D3v3+0H0R])(:[#6D2v4+0H1R]:[#6D3v4+0H0R]):[#7D3v4+1H0R](-[#26D6v6+0H0R]):[#6D3v4+0H0R]
Bit464,557079906,[#6D3v4+0H0R](-[#6D3v4+0H0R](:[#7D2v3+0H0R]):[#7D2v3+0H1R])(:[#6D2v4+0H1R]:[#6D2v4+0H1R]):[#16D2v2+0H0R]:[#6D2v4+0H1R]
Bit465,109946772,[#7D2v4+1H2R](-[#26D6v6+0H0R](-[#7D3v4+1H0R])(-[#7D3v4+1H0R])(-[#7D3v4+1H0R])(-[#7D3v4+1H0R])-[#7D3v4+1H0R])-[#6D2v4+0H2R]-[#6D3v4+0H0R]
Bit466,-298812791,[#6D2v4+0H1R](:[#6D2v4+0H1R]:[#6D2v4+0H1R]):[#6D3v4+0H0R](:[#6D3v4+0H0R]):[#6D2v4+0H1R]
Bit467,794862962,[#6D2v4+0H2R](-[#6D3v4+0H0R])-[#6D3v4+0H0R]
Bit468,-302511690,[#26D6v6+0H0R](-[#7D2v3+0H0R0]=[#6D2v4+0H0R0])(-[#7D2v3+0H0R0]=[#6D2v4+0H0R0])(-[#7D3v4+1H0R](:[#6D3v4+0H0R]):[#6D2v4+0H1R])(-[#7D3v4+1H0R](:[#6D3v4+0H0R]):[#6D2v4+0H1R])(-[#7D3v4+1H0R](:[#6D3v4+0H0R]):[#7D2v3+0H1R])-[#7D3v4+1H0R](:[#6D3v4+0H0R]):[#7D2v3+0H1R]
Bit469,-302944100,[#8D2v2+0H0R0](-[#6D3v4+0H0R](:[#6D3v4+0H0R]):[#6D2v4+0H1R])-[#6D1v4+0H3R0]
Bit470,-306250336,[#7D2v3+0H0R](:[#7D3v4+1H0R]):[#7D3v3+0H0R]
Bit471,248165198,[#6D3v4+0H0R](-[#6D3v4+0H1R0](-[#6D1v4+0H3R0])-[#6D1v4+0H3R0])(:[#6D2v4+0H1R]:[#6D2v4+0H1R]):[#7D3v4+1H0R](-[#26D6v6+0H0R]):[#7D3v3+0H0R]
Bit472,-771041146,[#6D3v4+0H0R](-[#6D2v4+0H0R0]#[#6D2v4+0H0R0])(:[#6D2v4+0H1R]:[#6D2v4+0H1R]):[#6D2v4+0H1R]:[#6D2v4+0H1R]
Bit473,-871478544,[#6D3v4+0H0R](-[#7D2v3+0H1R])(:[#7D3v4+1H0R]):[#16D2v2+0H0R]
Bit474,1849580702,[#7D2v3+0H0R](:[#6D3v4+0H0R]):[#16D2v2+0H0R]
Bit475,816734030,[#6D3v4+0H0R](-[#6D3v4+0H0R0](-[#8D1v2+0H1R0])=[#8D1v2+0H0R0])(:[#6D2v4+0H1R]:[#6D3v4+0H0R]):[#6D2v4+0H1R]:[#6D2v4+0H1R]
Bit476,1509440479,[#6D2v4+0H1R](:[#7D3v3+0H0R](-[#6D3v4+0H1R]):[#7D3v4+1H0R]):[#6D2v4+0H1R]:[#6D2v4+0H1R]
Bit477,391349624,[#7D3v3+0H0R](-[#7D2v3+0H0R0]=[#6D2v4+0H1R0])(:[#6D3v4+0H0R](-[#6D3v4+0H0R]):[#7D2v3+0H0R]):[#6D3v4+0H0R](-[#6D3v4+0H0R]):[#7D3v4+1H0R]
Bit478,486012057,[#6D2v4+0H2R](-[#6D3v4+0H0R](:[#6D3v4+0H0R]):[#6D2v4+0H1R])-[#6D2v4+0H2R]-[#6D3v4+0H0R]
Bit479,-343549135,[#7D2v3+0H0R](:[#7D2v3+0H0R]):[#7D3v3+0H0R]
Bit480,1866504608,[#6D3v4+0H0R](-[#7D2v3+0H0R]=[#7D3v4+1H0R])(:[#7D3v3+0H0R](-[#6D2v4+0H2R0]):[#6D2v4+0H1R]):[#7D3v4+1H0R](-[#26D6v6+0H0R]):[#6D2v4+0H1R]
Bit481,700383531,[#8D2v2+0H0R](:[#6D3v4+0H0R]):[#7D2v3+0H0R]
Bit482,1991248063,[#7D3v4+1H0R](-[#26D6v6+0H0R](-[#7D3v4+1H0R])(-[#7D3v4+1H0R])(-[#7D3v4+1H0R])(-[#7D3v4+1H0R])-[#7D3v4+1H0R])(:[#6D3v4+0H0R](-[#6D1v4+0H3R0]):[#6D3v4+0H0R]):[#6D3v4+0H0R](-[#6D2v4+0H1R]):[#6D2v4+0H1R]
Bit483,779259036,[#6D3v4+0H0R](-[#7D3v3+0H0R](-[#6D3v4+0H0R])-[#6D3v4+0H0R])(:[#7D3v4+1H0R](-[#26D6v6+0H0R]):[#6D3v4+0H0R]):[#6D2v4+0H1R]:[#6D2v4+0H1R]
Bit484,415970648,[#26D6v6+0H0R](-[#7D3v4+1H0R])(-[#7D3v4+1H0R])(-[#7D3v4+1H1R])(-[#7D3v4+1H1R])(-[#7D4v4+1H0R])-[#7D4v4+1H0R]
Bit485,1945779656,[#6D2v4+0H2R0](-[#6D3v4+0H0R])-[#7D4v4+1H0R]
Bit486,975716933,[#6D2v4+0H0R0](-[#6D2v4+0H2R0]-[#6D2v4+0H2R0])#[#7D1v3+0H0R0]
Bit487,1697631950,[#6D3v4+0H0R](-[#5D4v4-1H0R])(:[#6D2v4+0H1R]):[#6D2v4+0H1R]
Bit488,-357348319,[#6D3v4+0H0R](-[#7D2v3+0H1R]-[#6D3v4+0H0R])(:[#6D2v4+0H1R]:[#6D2v4+0H1R]):[#7D3v4+1H0R](-[#26D6v6+0H0R]):[#6D2v4+0H1R]
Bit489,1139241550,[#7D2v3+0H1R](-[#6D3v4+0H0R])-[#6D3v4+0H0R]
Bit490,-365438031,[#26D6v6+0H0R]
Bit491,-365438032,[#26D6v6+0H0R0]
Bit492,779259036,[#6D3v4+0H0R](-[#7D3v3+0H0R](-[#6D3v4+0H0R])-[#6D3v4+0H0R])(:[#7D3v4+1H0R](-[#26D6v6+0H0R]):[#6D3v4+0H0R]):[#6D2v4+0H1R]:[#6D2v4+0H1R]
Bit493,839420663,[#6D3v4+0H0R](-[#6D3v4+0H0R])(:[#7D3v4+1H0R]):[#16D2v2+0H0R]
Bit494,-367158007,[#6D3v4+0H0R](:[#6D3v4+0H0R])(:[#6D2v4+0H1R]):[#7D3v3+0H0R]
Bit495,795957582,[#7D3v4+1H0R](-[#26D6v6+0H0R](-[#7D3v4+1H0R])(-[#7D3v4+1H0R])(-[#7D3v4+1H0R])(-[#7D3v4+1H0R])-[#7D3v4+1H0R])(:[#7D3v3+0H0R](-[#6D3v3+1H0R]):[#6D3v4+0H0R]):[#6D3v4+0H0R](-[#6D1v4+0H3R0]):[#6D2v4+0H1R]
Bit496,71219699,[#7D3v4+1H0R](-[#26D6v6+0H0R](-[#7D3v4+1H0R])(-[#7D3v4+1H0R])(-[#7D3v4+1H0R])(-[#7D2v3+0H0R0])-[#7D2v3+0H0R0])(-[#6D3v4+0H0R](:[#6D2v4+0H1R]):[#6D2v4+0H1R])=[#6D2v4+0H1R]-[#6D3v4+0H0R]
Bit497,1844342153,[#6D3v4+0H0R](-[#6D2v4+0H2R0]-[#8D1v2+0H1R0])(:[#6D2v4+0H1R]:[#6D3v4+0H0R]):[#6D2v4+0H1R]:[#6D3v4+0H0R]
Bit498,-373841995,[#16D2v2+0H0R0]
Bit499,-373841996,[#16D2v2+0H0R]
Bit500,1662410266,[#6D2v4+0H1R](:[#6D3v4+0H0R](:[#6D3v4+0H0R]):[#6D2v4+0H1R]):[#6D2v4+0H1R]:[#7D3v4+1H0R]
Bit501,887805242,[#6D3v4+0H1R](-[#7D3v4+1H0R])(-[#6D2v4+0H2R0])-[#6D2v4+0H2R]
Bit502,-382181158,[#6D2v4+0H1R](:[#16D2v2+0H0R]:[#6D3v4+0H0R]):[#6D3v4+0H0R](-[#6D3v4+0H0R]):[#7D3v4+1H0R]
Bit503,1775454271,[#6D2v4+0H2R](-[#6D2v4+0H2R]-[#6D2v4+0H2R])-[#6D3v4+0H1R](-[#7D3v4+1H1R])-[#6D3v4+0H1R]
Bit504,-393815370,[#6D2v4+0H1R](:[#6D3v4+0H0R](:[#6D3v4+0H0R]):[#6D3v4+0H0R]):[#6D2v4+0H1R]:[#6D2v4+0H1R]
Bit505,700383531,[#8D2v2+0H0R](:[#6D3v4+0H0R]):[#7D2v3+0H0R]
Bit506,-401983239,[#7D3v3+0H0R](-[#6D2v4+0H2R0]-[#6D1v4+0H3R0])(:[#7D2v3+0H0R]:[#7D3v4+1H0R]):[#7D2v3+0H0R]:[#6D3v4+0H0R]
Bit507,-399821453,[#6D3v4+0H0R](-[#6D3v4+0H0R])(:[#6D3v4+0H0R]):[#6D3v4+0H0R]
Bit508,1968766682,[#16D2v2+0H0R](-[#6D3v4+0H0R])-[#6D2v4+0H1R]
Bit509,-401983239,[#7D3v3+0H0R](-[#6D2v4+0H2R0]-[#6D1v4+0H3R0])(:[#7D2v3+0H0R]:[#7D3v4+1H0R]):[#7D2v3+0H0R]:[#6D3v4+0H0R]
Bit510,486012057,[#6D2v4+0H2R](-[#6D3v4+0H0R](:[#6D3v4+0H0R]):[#6D2v4+0H1R])-[#6D2v4+0H2R]-[#6D3v4+0H0R]
Bit511,2097286548,[#7D4v4+1H0R](-[#26D6v6+0H0R](-[#7D3v4+1H0R])(-[#7D3v4+1H0R])(-[#7D3v4+1H0R])(-[#7D3v4+1H0R])-[#7D2v4+1H2R])(-[#6D2v4+0H2R]-[#6D2v4+0H2R])(-[#6D2v4+0H2R]-[#6D3v4+0H0R])-[#6D2v4+0H2R]-[#6D3v4+0H0R]
Bit512,-40495837,[#7D2v3+0H0R0](-[#26D6v6+0H0R](-[#7D3v4+1H0R])(-[#7D3v4+1H0R])(-[#7D3v4+1H0R])(-[#7D3v4+1H0R])-[#7D2v3+0H0R0])=[#6D2v4+0H0R0]=[#34D1v2+0H0R0]
Bit513,-40644990,[#7D3v4+1H0R](-[#26D6v6+0H0R](-[#7D3v4+1H0R])(-[#7D3v4+1H0R])(-[#7D3v4+1H0R])(-[#7D3v4+1H0R])-[#7D3v4+1H0R])(:[#7D2v3+0H1R]:[#6D2v4+0H1R]):[#6D3v4+0H0R](-[#6D3v4+0H0R]):[#6D2v4+0H1R]
Bit514,1157425152,[#7D3v4+1H0R](-[#26D6v6+0H0R](-[#7D3v4+1H0R])(-[#7D3v4+1H0R])(-[#7D3v4+1H0R])(-[#7D3v4+1H0R])-[#7D3v4+1H0R])(:[#6D3v4+0H0R](-[#6D2v4+0H1R]):[#6D3v4+0H0R]):[#6D2v4+0H1R]:[#7D2v3+0H1R]
Bit515,1269595356,[#26D6v6+0H0R](-[#7D3v4+1H1R](-[#6D2v4+0H2R])-[#6D2v4+0H2R])(-[#7D3v4+1H1R](-[#6D2v4+0H2R])-[#6D2v4+0H2R])(-[#7D2v3+0H0R0]=[#6D2v4+0H0R0])(-[#7D2v3+0H0R0]=[#6D2v4+0H0R0])(-[#7D3v4+1H0R](:[#6D3v4+0H0R]):[#6D2v4+0H1R])-[#7D3v4+1H0R](:[#6D3v4+0H0R]):[#6D2v4+0H1R]
Bit516,-833668199,[#6D2v4+0H1R](:[#6D2v4+0H1R]:[#6D3v4+0H0R]):[#6D3v4+0H0R](-[#6D2v4+0H0R0]):[#6D2v4+0H1R]
Bit517,1432037433,[#7D3v3+0H0R](-[#6D2v4+0H2R0])(:[#6D3v4+0H0R]):[#6D3v4+0H0R]
Bit518,-412865743,[#7D3v4+1H0R](-[#26D6v6+0H0R](-[#7D3v4+1H0R])(-[#7D3v4+1H0R])(-[#7D3v4+1H0R])(-[#7D2v3+0H0R0])-[#7D2v3+0H0R0])(:[#6D3v4+0H0R](-[#7D2v3+0H1R]):[#6D2v4+0H1R]):[#6D2v4+0H1R]:[#6D2v4+0H1R]
Bit519,-416137838,[#6D3v4+0H0R](-[#6D2v4+0H1R]=[#7D3v4+1H0R])(:[#6D2v4+0H1R]:[#6D2v4+0H1R]):[#7D3v4+1H0R](-[#26D6v6+0H0R]):[#6D2v4+0H1R]
Bit520,1055710071,[#7D4v4+1H0R](-[#6D2v4+0H2R]-[#6D2v4+0H2R])(-[#6D2v4+0H2R]-[#6D2v4+0H2R])(-[#6D2v4+0H2R]-[#6D3v4+0H0R])-[#26D6v6+0H0R](-[#7D3v4+1H0R])(-[#7D3v4+1H0R])(-[#7D4v4+1H0R])(-[#7D4v4+1H0R])-[#7D4v4+1H0R]
Bit521,71335025,[#6D2v4+0H1R](:[#6D3v4+0H0R](-[#7D2v3+0H0R]):[#7D3v4+1H0R]):[#6D2v4+0H1R]:[#6D3v4+0H0R]
Bit522,391349624,[#7D3v3+0H0R](-[#7D2v3+0H0R0]=[#6D2v4+0H1R0])(:[#6D3v4+0H0R](-[#6D3v4+0H0R]):[#7D2v3+0H0R]):[#6D3v4+0H0R](-[#6D3v4+0H0R]):[#7D3v4+1H0R]
Bit523,-420288303,[#6D2v4+0H1R](:[#6D2v4+0H1R]:[#6D3v4+0H0R]):[#6D3v4+0H0R](-[#8D2v2+0H0R0]):[#6D2v4+0H1R]
Bit524,1900961540,[#7D3v4+1H0R](-[#26D6v6+0H0R](-[#7D3v4+1H0R])(-[#7D3v4+1H0R])(-[#7D3v4+1H0R])(-[#7D3v4+1H0R])-[#7D3v4+1H0R])(:[#6D2v4+0H1R]:[#7D2v3+0H1R]):[#6D3v4+0H0R](-[#6D3v4+0H0R]):[#7D2v3+0H0R]
Bit525,277092357,[#7D3v3+0H0R](-[#6D4v4+0H0R])(:[#7D3v4+1H0R]):[#6D2v4+0H1R]
Bit526,1971365375,[#6D2v4+0H2R0](-[#17D1v1+0H0R0])-[#6D2v4+0H2R0]-[#6D2v4+0H2R0]
Bit527,1775454271,[#6D2v4+0H2R](-[#6D2v4+0H2R]-[#6D2v4+0H2R])-[#6D3v4+0H1R](-[#7D3v4+1H1R])-[#6D3v4+0H1R]
Bit528,445439983,[#6D3v4+0H0R](-[#6D3v4+0H0R](:[#6D3v4+0H0R]):[#7D3v4+1H0R])(:[#7D3v4+1H0R](-[#26D6v6+0H0R]):[#6D2v4+0H1R]):[#6D3v4+0H0R](-[#6D3v4+0H0R]):[#6D2v4+0H1R]
Bit529,754666517,[#6D3v4+0H0R](-[#6D3v4+0H0R](:[#7D3v4+1H0R]):[#6D2v4+0H1R])(:[#6D3v4+0H0R](:[#6D2v4+0H1R]):[#7D3v3+0H0R]):[#7D3v4+1H0R](-[#26D6v6+0H0R]):[#7D2v3+0H0R]
Bit530,1055710071,[#7D4v4+1H0R](-[#6D2v4+0H2R]-[#6D2v4+0H2R])(-[#6D2v4+0H2R]-[#6D2v4+0H2R])(-[#6D2v4+0H2R]-[#6D3v4+0H0R])-[#26D6v6+0H0R](-[#7D3v4+1H0R])(-[#7D3v4+1H0R])(-[#7D4v4+1H0R])(-[#7D4v4+1H0R])-[#7D4v4+1H0R]
Bit531,-443736067,[#7D3v3+0H0R](-[#6D2v4+0H2R0]-[#6D2v4+0H2R0])(:[#7D2v3+0H0R]:[#7D2v3+0H0R]):[#6D2v4+0H1R]:[#7D3v4+1H0R]
Bit532,293535699,[#7D3v3+0H0R](-[#6D3v4+0H1R](-[#7D3v3+0H0R])-[#7D3v3+0H0R])(:[#6D3v4+0H0R](-[#6D1v4+0H3R0]):[#6D2v4+0H1R]):[#7D3v4+1H0R](-[#26D6v6+0H0R]):[#6D3v4+0H0R]
Bit533,934837773,[#26D6v6+0H0R0](-[#7D3v4+1H0R](:[#6D2v4+0H1R]):[#6D2v4+0H1R])(-[#7D3v4+1H0R](:[#6D2v4+0H1R]):[#6D2v4+0H1R])(-[#7D3v4+1H0R](:[#6D2v4+0H1R]):[#6D2v4+0H1R])(-[#7D3v4+1H0R](:[#6D2v4+0H1R]):[#6D2v4+0H1R])(-[#7D2v3+0H0R0]=[#6D2v4+0H0R0])-[#7D2v3+0H0R0]=[#6D2v4+0H0R0]
Bit534,1055710071,[#7D4v4+1H0R](-[#6D2v4+0H2R]-[#6D2v4+0H2R])(-[#6D2v4+0H2R]-[#6D2v4+0H2R])(-[#6D2v4+0H2R]-[#6D3v4+0H0R])-[#26D6v6+0H0R](-[#7D3v4+1H0R])(-[#7D3v4+1H0R])(-[#7D4v4+1H0R])(-[#7D4v4+1H0R])-[#7D4v4+1H0R]
Bit535,966183280,[#5D1v4-1H3R0]-[#6D2v4+0H0R0]
Bit536,74167451,[#26D6v6+0H0R](-[#7D4v4+1H0R](-[#6D2v4+0H2R])(-[#6D2v4+0H2R])-[#6D2v4+0H2R])(-[#7D2v3+0H0R0]=[#6D2v4+0H0R0])(-[#7D2v3+0H0R0]=[#6D2v4+0H0R0])(-[#7D3v4+1H0R](:[#6D3v4+0H0R]):[#7D3v3+0H0R])(-[#7D3v4+1H0R](:[#6D3v4+0H0R]):[#7D3v3+0H0R])-[#7D3v4+1H0R](:[#6D3v4+0H0R]):[#7D3v3+0H0R]
Bit537,839420663,[#6D3v4+0H0R](-[#6D3v4+0H0R])(:[#7D3v4+1H0R]):[#16D2v2+0H0R]
Bit538,-469787278,[#6D2v4+0H1R](:[#6D2v4+0H1R]:[#6D2v4+0H1R]):[#6D3v4+0H0R](-[#6D2v4+0H2R]):[#7D3v4+1H0R]
Bit539,299463395,[#14D4v4+0H0R0]
Bit540,-472050348,[#6D2v4+0H1R](:[#6D2v4+0H1R]:[#6D2v4+0H1R]):[#6D3v4+0H0R](-[#6D2v4+0H2R0]):[#6D2v4+0H1R]
Bit541,794862962,[#6D2v4+0H2R](-[#6D3v4+0H0R])-[#6D3v4+0H0R]
Bit542,-474653070,[#7D2v3+0H0R](:[#6D3v4+0H0R]):[#6D3v4+0H0R]
Bit543,574037745,[#7D2v3+0H0R](:[#6D3v4+0H0R]):[#7D2v3+0H0R]
Bit544,-478219747,[#6D2v4+0H1R]
Bit545,-478219748,[#6D2v4+0H1R0]
Bit546,976395797,[#6D3v4+0H0R](-[#16D2v2+0H0R0]-[#6D2v4+0H0R0])(:[#6D3v4+0H0R](-[#16D2v2+0H0R0]):[#6D3v4+0H0R]):[#6D3v4+0H0R](-[#6D3v4+0H0R]):[#7D3v3+0H0R]
Bit547,-479424670,[#7D2v4+1H0R0](-[#26D6v6+0H0R])#[#6D2v4+0H0R0]
Bit548,478839344,[#7D2v3+0H0R](:[#6D2v4+0H1R]:[#6D2v4+0H1R]):[#6D2v4+0H1R]:[#6D2v4+0H1R]
Bit549,1557008866,[#6D3v4+0H0R](:[#6D2v4+0H1R]:[#6D2v4+0H1R])(:[#6D3v4+0H0R](-[#6D3v4+0H0R]):[#6D3v4+0H0R]):[#6D3v4+0H0R](:[#6D2v4+0H1R]):[#6D2v4+0H1R]
Bit550,949954142,[#6D3v4+0H0R](-[#8D1v2+0H1R0])(:[#6D2v4+0H1R]:[#6D3v4+0H0R]):[#7D3v3+0H0R](-[#6D3v4+0H0R]):[#7D3v4+1H0R]
Bit551,415970648,[#26D6v6+0H0R](-[#7D3v4+1H0R])(-[#7D3v4+1H0R])(-[#7D3v4+1H1R])(-[#7D3v4+1H1R])(-[#7D4v4+1H0R])-[#7D4v4+1H0R]
Bit552,2097286548,[#7D4v4+1H0R](-[#26D6v6+0H0R](-[#7D3v4+1H0R])(-[#7D3v4+1H0R])(-[#7D3v4+1H0R])(-[#7D3v4+1H0R])-[#7D2v4+1H2R])(-[#6D2v4+0H2R]-[#6D2v4+0H2R])(-[#6D2v4+0H2R]-[#6D3v4+0H0R])-[#6D2v4+0H2R]-[#6D3v4+0H0R]
Bit553,479762535,[#6D3v4+0H0R](-[#6D3v4+0H0R](:[#7D3v4+1H0R]):[#6D2v4+0H1R])(:[#7D3v4+1H0R](-[#26D6v6+0H0R]):[#7D2v3+0H0R]):[#7D2v3+0H0R]:[#7D3v3+0H0R]
Bit554,426855091,[#7D3v4+1H0R](-[#26D6v6+0H0R](-[#7D3v4+1H0R])(-[#7D3v4+1H0R])(-[#7D3v4+1H0R])(-[#7D3v4+1H0R])-[#7D3v4+1H0R])(:[#7D3v3+0H0R](-[#6D2v4+0H2R]):[#6D2v4+0H1R]):[#6D3v4+0H0R](-[#6D3v4+0H0R]):[#6D2v4+0H1R]
Bit555,-501865963,[#7D2v3+0H1R]
Bit556,977500979,[#6D3v4+0H0R](-[#6D3v4+0H0R](:[#7D3v4+1H0R]):[#6D2v4+0H1R])(:[#7D3v3+0H0R](-[#7D2v3+0H1R0]):[#6D3v4+0H0R]):[#7D3v4+1H0R](-[#26D6v6+0H0R]):[#7D2v3+0H0R]
Bit557,-508778319,[#6D2v4+0H2R]
Bit558,-508778320,[#6D2v4+0H2R0]
Bit559,1382908205,[#7D3v4+1H0R](-[#26D6v6+0H0R](-[#7D3v4+1H0R])(-[#7D3v4+1H0R])(-[#7D3v4+1H0R])(-[#7D3v4+1H0R])-[#7D3v4+1H0R])(:[#6D2v4+0H1R]:[#7D2v3+0H1R]):[#6D3v4+0H0R](-[#6D2v4+0H1R]):[#6D2v4+0H1R]
Bit560,440885637,[#7D3v4+1H0R](-[#26D6v6+0H0R0](-[#7D3v4+1H0R])(-[#7D3v4+1H0R])(-[#7D3v4+1H0R])(-[#7D3v4+1H0R])-[#7D3v4+1H0R])(:[#7D2v3+0H0R]:[#7D2v3+0H0R]):[#6D2v4+0H1R]:[#7D3v3+0H0R]
Bit561,-511713495,[#7D2v3+0H1R](:[#6D3v4+0H0R]):[#6D2v4+0H1R]
Bit562,-972967262,[#7D3v4+1H0R](-[#6D3v4+0H0R])(-[#26D6v6+0H0R])=[#6D2v4+0H1R]
Bit563,1303588520,[#26D6v6+0H0R](-[#7D3v4+1H0R])(-[#7D3v4+1H0R])(-[#7D3v4+1H0R])(-[#7D3v4+1H0R])(-[#7D4v4+1H0R])-[#7D4v4+1H0R]
Bit564,780177087,[#7D2v3+0H1R](:[#6D3v4+0H0R]):[#7D2v3+0H0R]
Bit565,866987023,[#6D2v4+0H0R0](-[#6D3v4+0H0R0])#[#7D1v3+0H0R0]
Bit566,1730334812,[#7D3v4+1H0R](-[#26D6v6+0H0R](-[#7D3v4+1H0R])(-[#7D3v4+1H0R])(-[#7D2v4+1H2R])(-[#7D2v4+1H2R])-[#7D2v4+1H2R])(:[#6D3v4+0H0R](-[#6D2v4+0H2R]):[#6D2v4+0H1R]):[#6D2v4+0H1R]:[#6D2v4+0H1R]
Bit567,1866504608,[#6D3v4+0H0R](-[#7D2v3+0H0R]=[#7D3v4+1H0R])(:[#7D3v3+0H0R](-[#6D2v4+0H2R0]):[#6D2v4+0H1R]):[#7D3v4+1H0R](-[#26D6v6+0H0R]):[#6D2v4+0H1R]
Bit568,1897099792,[#7D2v3+0H0R](:[#7D2v3+0H0R]:[#7D3v4+1H0R]):[#7D3v3+0H0R](-[#6D1v4+0H3R0]):[#6D2v4+0H1R]
Bit569,85444818,[#9D1v1+0H0R0]-[#6D3v4+0H0R]
Bit570,1855449683,[#26D6v6+0H0R](-[#7D3v4+1H0R])(-[#7D3v4+1H0R])(-[#7D3v4+1H0R])(-[#7D4v4+1H0R])(-[#7D4v4+1H0R])-[#7D4v4+1H0R]
Bit571,-546556500,[#6D2v4+0H1R](:[#6D2v4+0H1R]:[#6D2v4+0H1R]):[#6D2v4+0H1R]:[#7D2v3+0H0R]
Bit572,-54695261,[#6D2v4+0H2R](-[#6D3v4+0H0R])-[#6D2v4+0H2R]
Bit573,612574731,[#6D1v4+0H1R0]
Bit574,930676317,[#6D3v4+0H0R](-[#6D3v4+0H0R0])(:[#7D3v4+1H0R]):[#6D2v4+0H1R]
Bit575,-565873,[#6D3v4+0H0R](-[#6D3v4+0H0R](:[#7D2v3+0H0R]):[#7D3v3+0H0R])(:[#7D3v4+1H0R](-[#26D6v6+0H0R]):[#6D3v4+0H0R]):[#6D2v4+0H1R]:[#6D2v4+0H1R]
Bit576,1382908205,[#7D3v4+1H0R](-[#26D6v6+0H0R](-[#7D3v4+1H0R])(-[#7D3v4+1H0R])(-[#7D3v4+1H0R])(-[#7D3v4+1H0R])-[#7D3v4+1H0R])(:[#6D2v4+0H1R]:[#7D2v3+0H1R]):[#6D3v4+0H0R](-[#6D2v4+0H1R]):[#6D2v4+0H1R]
Bit577,-683124018,[#7D2v3+0H1R](:[#6D2v4+0H1R]:[#6D2v4+0H1R]):[#6D3v4+0H0R](-[#6D2v4+0H1R]):[#7D3v4+1H0R]
Bit578,318584828,[#6D2v4+0H1R](:[#7D3v3+0H0R](-[#6D3v4+0H1R]):[#7D3v4+1H0R]):[#6D2v4+0H1R]:[#6D3v4+0H0R]
Bit579,71335025,[#6D2v4+0H1R](:[#6D3v4+0H0R](-[#7D2v3+0H0R]):[#7D3v4+1H0R]):[#6D2v4+0H1R]:[#6D3v4+0H0R]
Bit580,1775454271,[#6D2v4+0H2R](-[#6D2v4+0H2R]-[#6D2v4+0H2R])-[#6D3v4+0H1R](-[#7D3v4+1H1R])-[#6D3v4+0H1R]
Bit581,1424099040,[#6D2v4+0H1R](:[#6D2v4+0H1R]:[#6D2v4+0H1R]):[#7D3v4+1H0R](-[#26D6v6+0H0R]):[#7D3v3+0H0R]
Bit582,590157156,[#5D4v4-1H0R](-[#7D3v3+0H0R])(-[#7D3v3+0H0R])(-[#7D3v3+0H0R])-[#7D3v3+0H0R]
Bit583,-576222172,[#6D3v4+0H0R](-[#6D2v4+0H2R]-[#7D4v4+1H0R])(:[#6D2v4+0H1R]:[#6D2v4+0H1R]):[#7D3v4+1H0R](-[#26D6v6+0H0R]):[#6D2v4+0H1R]
Bit584,-582082805,[#6D2v4+0H1R](:[#6D2v4+0H1R]:[#6D3v4+0H0R]):[#6D3v4+0H0R](-[#6D2v4+0H1R]):[#7D3v4+1H0R]
Bit585,54265040,[#6D2v4+0H1R](:[#6D2v4+0H1R]:[#6D2v4+0H1R]):[#6D3v4+0H0R](-[#6D4v4+0H0R]):[#7D3v4+1H0R]
Bit586,-583132445,[#7D2v3+0H0R]
Bit587,-583132446,[#7D2v3+0H0R0]
Bit588,-58531804,[#6D3v4+0H0R](-[#6D3v4+0H0R](:[#6D2v4+0H1R]):[#6D2v4+0H1R])(:[#6D2v4+0H1R]:[#6D3v4+0H0R]):[#6D2v4+0H1R]:[#6D3v4+0H0R]
Bit589,1157425152,[#7D3v4+1H0R](-[#26D6v6+0H0R](-[#7D3v4+1H0R])(-[#7D3v4+1H0R])(-[#7D3v4+1H0R])(-[#7D3v4+1H0R])-[#7D3v4+1H0R])(:[#6D3v4+0H0R](-[#6D2v4+0H1R]):[#6D3v4+0H0R]):[#6D2v4+0H1R]:[#7D2v3+0H1R]
Bit590,1960802568,[#6D3v4+0H0R](-[#6D2v4+0H2R0]-[#6D1v4+0H3R0])(:[#6D2v4+0H1R]:[#6D2v4+0H1R]):[#6D3v4+0H0R](-[#7D3v3+0H0R]):[#6D3v4+0H0R]
Bit591,-590022466,[#6D2v4+0H1R](:[#6D3v4+0H0R]):[#7D3v3+0H0R]
Bit592,1660955522,[#7D3v4+1H0R](-[#26D6v6+0H0R](-[#7D3v4+1H0R])(-[#7D3v4+1H0R])(-[#7D3v4+1H0R])(-[#7D3v4+1H0R])-[#7D3v4+1H0R])(:[#7D2v3+0H0R]:[#6D2v4+0H1R]):[#6D3v4+0H0R](-[#6D3v4+0H0R]):[#6D2v4+0H1R]
Bit593,-590207964,[#7D3v4+1H0R](-[#26D6v6+0H0R](-[#7D3v4+1H0R])(-[#7D3v4+1H0R])(-[#7D3v4+1H0R])(-[#7D3v4+1H0R])-[#7D3v4+1H0R])(:[#6D3v4+0H0R](-[#7D3v3+0H0R]):[#6D2v4+0H1R]):[#6D2v4+0H1R]:[#6D2v4+0H1R]
Bit594,1557008866,[#6D3v4+0H0R](:[#6D2v4+0H1R]:[#6D2v4+0H1R])(:[#6D3v4+0H0R](-[#6D3v4+0H0R]):[#6D3v4+0H0R]):[#6D3v4+0H0R](:[#6D2v4+0H1R]):[#6D2v4+0H1R]
Bit595,1626016656,[#6D2v4+0H2R](-[#7D3v4+1H0R](-[#26D6v6+0H0R])=[#6D3v4+0H0R])-[#6D2v4+0H2R]-[#7D3v4+1H1R]
Bit596,293535699,[#7D3v3+0H0R](-[#6D3v4+0H1R](-[#7D3v3+0H0R])-[#7D3v3+0H0R])(:[#6D3v4+0H0R](-[#6D1v4+0H3R0]):[#6D2v4+0H1R]):[#7D3v4+1H0R](-[#26D6v6+0H0R]):[#6D3v4+0H0R]
Bit597,-596875554,[#7D3v4+1H0R](-[#26D6v6+0H0R](-[#7D3v4+1H0R])(-[#7D3v4+1H0R])(-[#7D3v4+1H0R])(-[#7D2v3+0H0R0])-[#7D2v3+0H0R0])(:[#6D2v4+0H1R]:[#6D2v4+0H1R]):[#6D3v4+0H0R](:[#6D3v4+0H0R]):[#6D3v4+0H0R]
Bit598,79628162,[#7D2v3+0H1R](:[#6D2v4+0H1R]:[#6D2v4+0H1R]):[#7D3v4+1H0R](-[#26D6v6+0H0R]):[#6D3v4+0H0R]
Bit599,207762045,[#6D2v4+0H1R](:[#7D3v4+1H0R](-[#26D6v6+0H0R]):[#6D3v4+0H0R]):[#6D3v4+0H0R](-[#6D1v4+0H3R0]):[#6D2v4+0H1R]
Bit600,-603783276,[#6D2v4+0H1R](:[#6D2v4+0H1R]:[#6D3v4+0H0R]):[#6D3v4+0H0R](:[#6D3v4+0H0R]):[#6D2v4+0H1R]
Bit601,911259134,[#6D2v4+0H1R](:[#6D2v4+0H1R]:[#7D3v3+0H0R]):[#6D3v4+0H0R](-[#6D4v4+0H0R0]):[#7D3v4+1H0R]
Bit602,590157156,[#5D4v4-1H0R](-[#7D3v3+0H0R])(-[#7D3v3+0H0R])(-[#7D3v3+0H0R])-[#7D3v3+0H0R]
Bit603,-610606913,[#6D3v4+0H0R](-[#6D3v4+0H0R](:[#7D3v4+1H0R]):[#6D2v4+0H1R])(:[#6D2v4+0H1R]:[#6D2v4+0H1R]):[#6D2v4+0H1R]:[#6D2v4+0H1R]
Bit604,633562067,[#6D2v4+0H1R](:[#16D2v2+0H0R]:[#6D2v4+0H1R]):[#6D3v4+0H0R](-[#6D3v4+0H0R]):[#7D3v4+1H0R]
Bit605,-613552521,[#6D3v4+0H0R](-[#6D2v4+0H1R]=[#7D3v4+1H0R])(:[#7D3v4+1H0R](-[#26D6v6+0H0R]):[#6D3v4+0H0R]):[#6D2v4+0H1R]:[#7D2v3+0H1R]
Bit606,486012057,[#6D2v4+0H2R](-[#6D3v4+0H0R](:[#6D3v4+0H0R]):[#6D2v4+0H1R])-[#6D2v4+0H2R]-[#6D3v4+0H0R]
Bit607,2124851616,[#6D3v4+0H0R](-[#6D3v4+0H0R](:[#7D2v3+0H0R]):[#6D2v4+0H1R])(:[#7D2v3+0H0R]:[#6D3v4+0H0R]):[#6D3v4+0H0R](-[#6D3v4+0H0R]):[#7D3v4+1H0R]
Bit608,793471659,[#6D3v4+0H0R](-[#6D2v4+0H2R]-[#6D2v4+0H2R])(:[#7D3v4+1H0R](-[#26D6v6+0H0R]):[#6D3v4+0H0R]):[#6D2v4+0H1R]:[#6D2v4+0H1R]
Bit609,1281254104,[#26D6v6+0H0R](-[#7D3v4+1H0R])(-[#7D3v4+1H0R])(-[#7D3v4+1H0R])(-[#7D2v4+1H0R0])(-[#7D4v4+1H0R])-[#7D4v4+1H0R]
Bit610,949954142,[#6D3v4+0H0R](-[#8D1v2+0H1R0])(:[#6D2v4+0H1R]:[#6D3v4+0H0R]):[#7D3v3+0H0R](-[#6D3v4+0H0R]):[#7D3v4+1H0R]
Bit611,54265040,[#6D2v4+0H1R](:[#6D2v4+0H1R]:[#6D2v4+0H1R]):[#6D3v4+0H0R](-[#6D4v4+0H0R]):[#7D3v4+1H0R]
Bit612,590157156,[#5D4v4-1H0R](-[#7D3v3+0H0R])(-[#7D3v3+0H0R])(-[#7D3v3+0H0R])-[#7D3v3+0H0R]
Bit613,977500979,[#6D3v4+0H0R](-[#6D3v4+0H0R](:[#7D3v4+1H0R]):[#6D2v4+0H1R])(:[#7D3v3+0H0R](-[#7D2v3+0H1R0]):[#6D3v4+0H0R]):[#7D3v4+1H0R](-[#26D6v6+0H0R]):[#7D2v3+0H0R]
Bit614,586811433,[#6D2v4+0H1R](-[#6D3v4+0H0R](:[#7D3v4+1H0R]):[#7D2v3+0H1R])=[#7D3v4+1H0R](-[#6D3v4+0H0R])-[#26D6v6+0H0R]
Bit615,-649333370,[#7D4v4+1H0R](-[#6D2v4+0H2R]-[#6D2v4+0H2R])(-[#6D2v4+0H2R]-[#6D3v4+0H0R])(-[#6D2v4+0H2R]-[#6D3v4+0H0R])-[#26D6v6+0H0R](-[#7D3v4+1H0R])(-[#7D3v4+1H0R])(-[#7D3v4+1H0R])(-[#7D3v4+1H0R])-[#7D4v4+1H0R]
Bit616,614116522,[#8D2v2+0H0R](-[#6D2v4+0H2R]-[#6D2v4+0H2R])-[#6D3v4+0H0R](-[#6D3v4+0H0R])=[#7D3v4+1H0R]
Bit617,85444818,[#9D1v1+0H0R0]-[#6D3v4+0H0R]
Bit618,-6523414,[#6D3v4+0H0R](-[#6D1v4+0H3R0])(:[#6D2v4+0H1R]:[#6D3v4+0H0R]):[#7D3v3+0H0R](-[#5D3v4-1H1R]):[#7D3v4+1H0R]
Bit619,1509440479,[#6D2v4+0H1R](:[#7D3v3+0H0R](-[#6D3v4+0H1R]):[#7D3v4+1H0R]):[#6D2v4+0H1R]:[#6D2v4+0H1R]
Bit620,794862962,[#6D2v4+0H2R](-[#6D3v4+0H0R])-[#6D3v4+0H0R]
Bit621,-657941911,[#6D2v4+0H2R](-[#6D3v4+0H0R])-[#7D4v4+1H0R]
Bit622,794862962,[#6D2v4+0H2R](-[#6D3v4+0H0R])-[#6D3v4+0H0R]
Bit623,980512251,[#7D3v3+0H0R0]
Bit624,-668735094,[#6D2v4+0H1R](:[#7D2v3+0H1R]):[#6D2v4+0H1R]
Bit625,109946772,[#7D2v4+1H2R](-[#26D6v6+0H0R](-[#7D3v4+1H0R])(-[#7D3v4+1H0R])(-[#7D3v4+1H0R])(-[#7D3v4+1H0R])-[#7D3v4+1H0R])-[#6D2v4+0H2R]-[#6D3v4+0H0R]
Bit626,820896064,[#6D3v4+0H1R0](-[#6D2v4+0H2R0]-[#7D3v3+0H0R])(-[#6D1v4+0H3R0])-[#6D1v4+0H3R0]
Bit627,930676317,[#6D3v4+0H0R](-[#6D3v4+0H0R0])(:[#7D3v4+1H0R]):[#6D2v4+0H1R]
Bit628,-682103799,[#7D3v4+1H0R](-[#26D6v6+0H0R](-[#7D3v4+1H0R])(-[#7D3v4+1H0R])(-[#7D3v4+1H0R])(-[#7D3v4+1H0R])-[#7D3v4+1H0R])(-[#6D2v4+0H2R]-[#6D2v4+0H2R])=[#6D3v4+0H0R](-[#6D3v4+0H0R])-[#7D2v3+0H1R]
Bit629,-683124018,[#7D2v3+0H1R](:[#6D2v4+0H1R]:[#6D2v4+0H1R]):[#6D3v4+0H0R](-[#6D2v4+0H1R]):[#7D3v4+1H0R]
Bit630,975716933,[#6D2v4+0H0R0](-[#6D2v4+0H2R0]-[#6D2v4+0H2R0])#[#7D1v3+0H0R0]
Bit631,911259134,[#6D2v4+0H1R](:[#6D2v4+0H1R]:[#7D3v3+0H0R]):[#6D3v4+0H0R](-[#6D4v4+0H0R0]):[#7D3v4+1H0R]
Bit632,-692388700,[#6D3v4+0H0R](-[#6D3v4+0H0R](:[#7D3v4+1H0R]):[#7D2v3+0H0R])(:[#6D2v4+0H1R]:[#6D2v4+0H1R]):[#7D3v4+1H0R](-[#26D6v6+0H0R]):[#6D2v4+0H1R]
Bit633,-694861421,[#6D2v4+0H1R](:[#6D2v4+0H1R]:[#6D3v4+0H0R]):[#6D3v4+0H0R](-[#7D2v3+0H1R]):[#7D3v4+1H0R]
Bit634,954504516,[#6D2v4+0H2R](-[#6D2v4+0H2R]-[#6D2v4+0H2R])-[#6D3v4+0H1R](-[#7D4v4+1H0R])-[#6D3v4+0H1R]
Bit635,-714598401,[#7D3v4+1H0R](-[#26D6v6+0H0R](-[#7D3v4+1H0R])(-[#7D3v4+1H0R])(-[#7D3v4+1H0R])(-[#7D3v4+1H0R])-[#7D3v4+1H0R])(:[#6D3v4+0H0R](-[#7D2v3+0H1R]):[#6D2v4+0H1R]):[#6D3v4+0H0R](:[#6D3v4+0H0R]):[#6D3v4+0H0R]
Bit636,934837773,[#26D6v6+0H0R0](-[#7D3v4+1H0R](:[#6D2v4+0H1R]):[#6D2v4+0H1R])(-[#7D3v4+1H0R](:[#6D2v4+0H1R]):[#6D2v4+0H1R])(-[#7D3v4+1H0R](:[#6D2v4+0H1R]):[#6D2v4+0H1R])(-[#7D3v4+1H0R](:[#6D2v4+0H1R]):[#6D2v4+0H1R])(-[#7D2v3+0H0R0]=[#6D2v4+0H0R0])-[#7D2v3+0H0R0]=[#6D2v4+0H0R0]
Bit637,818639636,[#26D6v6+0H0R](-[#7D3v4+1H0R](:[#6D3v4+0H0R]):[#6D3v4+0H0R])(-[#7D3v4+1H0R](:[#6D3v4+0H0R]):[#6D3v4+0H0R])(-[#7D2v3+0H0R0]=[#6D2v4+0H0R0])(-[#7D2v3+0H0R0]=[#6D2v4+0H0R0])(-[#7D3v4+1H0R](:[#6D2v4+0H1R]):[#7D3v3+0H0R])-[#7D3v4+1H0R](:[#6D2v4+0H1R]):[#7D3v3+0H0R]
Bit638,1626016656,[#6D2v4+0H2R](-[#7D3v4+1H0R](-[#26D6v6+0H0R])=[#6D3v4+0H0R])-[#6D2v4+0H2R]-[#7D3v4+1H1R]
Bit639,866987023,[#6D2v4+0H0R0](-[#6D3v4+0H0R0])#[#7D1v3+0H0R0]
Bit640,372482261,[#6D2v4+0H1R](:[#6D2v4+0H1R]:[#6D3v4+0H0R]):[#6D3v4+0H0R](-[#53D1v1+0H0R0]):[#6D2v4+0H1R]
Bit641,440885637,[#7D3v4+1H0R](-[#26D6v6+0H0R0](-[#7D3v4+1H0R])(-[#7D3v4+1H0R])(-[#7D3v4+1H0R])(-[#7D3v4+1H0R])-[#7D3v4+1H0R])(:[#7D2v3+0H0R]:[#7D2v3+0H0R]):[#6D2v4+0H1R]:[#7D3v3+0H0R]
Bit642,917880588,[#6D3v4+0H0R](-[#6D1v4+0H3R0])(:[#7D3v4+1H0R]):[#7D3v3+0H0R]
Bit643,426855091,[#7D3v4+1H0R](-[#26D6v6+0H0R](-[#7D3v4+1H0R])(-[#7D3v4+1H0R])(-[#7D3v4+1H0R])(-[#7D3v4+1H0R])-[#7D3v4+1H0R])(:[#7D3v3+0H0R](-[#6D2v4+0H2R]):[#6D2v4+0H1R]):[#6D3v4+0H0R](-[#6D3v4+0H0R]):[#6D2v4+0H1R]
Bit644,1646129076,[#6D2v4+0H1R](:[#6D2v4+0H1R]:[#7D3v4+1H0R]):[#6D3v4+0H0R](-[#6D1v4+0H3R0]):[#6D2v4+0H1R]
Bit645,1307023000,[#7D3v3+0H0R](-[#6D3v4+0H0R](:[#7D3v4+1H0R]):[#6D2v4+0H1R])(:[#6D2v4+0H1R]:[#6D2v4+0H1R]):[#7D3v4+1H0R](-[#26D6v6+0H0R]):[#6D2v4+0H1R]
Bit646,795957582,[#7D3v4+1H0R](-[#26D6v6+0H0R](-[#7D3v4+1H0R])(-[#7D3v4+1H0R])(-[#7D3v4+1H0R])(-[#7D3v4+1H0R])-[#7D3v4+1H0R])(:[#7D3v3+0H0R](-[#6D3v3+1H0R]):[#6D3v4+0H0R]):[#6D3v4+0H0R](-[#6D1v4+0H3R0]):[#6D2v4+0H1R]
Bit647,2052630668,[#26D6v6+0H0R](-[#7D4v4+1H0R](-[#6D2v4+0H2R])(-[#6D2v4+0H2R])-[#6D2v4+0H2R])(-[#7D3v4+1H1R](-[#6D2v4+0H2R])-[#6D2v4+0H2R])(-[#7D3v4+1H1R](-[#6D2v4+0H2R])-[#6D2v4+0H2R])(-[#7D3v4+1H0R](:[#6D3v4+0H0R]):[#6D2v4+0H1R])(-[#7D3v4+1H0R](:[#6D3v4+0H0R]):[#6D2v4+0H1R])-[#7D3v4+1H0R](:[#6D3v4+0H0R]):[#6D2v4+0H1R]
Bit648,1849580702,[#7D2v3+0H0R](:[#6D3v4+0H0R]):[#16D2v2+0H0R]
Bit649,976395797,[#6D3v4+0H0R](-[#16D2v2+0H0R0]-[#6D2v4+0H0R0])(:[#6D3v4+0H0R](-[#16D2v2+0H0R0]):[#6D3v4+0H0R]):[#6D3v4+0H0R](-[#6D3v4+0H0R]):[#7D3v3+0H0R]
Bit650,1646129076,[#6D2v4+0H1R](:[#6D2v4+0H1R]:[#7D3v4+1H0R]):[#6D3v4+0H0R](-[#6D1v4+0H3R0]):[#6D2v4+0H1R]
Bit651,-754017584,[#6D2v4+0H1R](:[#7D2v3+0H1R]:[#6D3v4+0H0R]):[#6D2v4+0H1R]:[#7D3v4+1H0R]
Bit652,1849580702,[#7D2v3+0H0R](:[#6D3v4+0H0R]):[#16D2v2+0H0R]
Bit653,794862962,[#6D2v4+0H2R](-[#6D3v4+0H0R])-[#6D3v4+0H0R]
Bit654,1992988605,[#6D2v4+0H2R](-[#6D2v4+0H2R]-[#6D2v4+0H2R])-[#7D2v3+0H1R]-[#6D3v4+0H0R]
Bit655,2145706720,[#16D1v2+0H0R0]=[#6D2v4+0H0R0]
Bit656,638038377,[#7D2v4+1H0R0](-[#26D6v6+0H0R](-[#7D3v4+1H0R])(-[#7D3v4+1H0R])(-[#7D3v4+1H0R])(-[#7D3v4+1H0R])-[#7D2v4+1H0R0])#[#6D2v4+0H0R0]-[#7D2v2-1H0R0]
Bit657,-771041146,[#6D3v4+0H0R](-[#6D2v4+0H0R0]#[#6D2v4+0H0R0])(:[#6D2v4+0H1R]:[#6D2v4+0H1R]):[#6D2v4+0H1R]:[#6D2v4+0H1R]
Bit658,715896429,[#6D4v4+0H0R0](-[#5D4v4-1H0R])(-[#6D1v4+0H3R0])(-[#6D1v4+0H3R0])-[#6D1v4+0H3R0]
Bit659,207762045,[#6D2v4+0H1R](:[#7D3v4+1H0R](-[#26D6v6+0H0R]):[#6D3v4+0H0R]):[#6D3v4+0H0R](-[#6D1v4+0H3R0]):[#6D2v4+0H1R]
Bit660,515009274,[#6D3v4+0H0R](-[#6D4v4+0H0R0](-[#6D3v4+0H0R])(-[#6D3v4+0H0R])-[#7D3v3+0H0R])(:[#6D2v4+0H1R]:[#6D2v4+0H1R]):[#6D2v4+0H1R]:[#6D2v4+0H1R]
Bit661,-871478544,[#6D3v4+0H0R](-[#7D2v3+0H1R])(:[#7D3v4+1H0R]):[#16D2v2+0H0R]
Bit662,-78539782,[#6D3v4+0H0R](-[#6D3v4+0H0R])(:[#7D2v3+0H0R]):[#7D3v3+0H0R]
Bit663,-788855662,[#6D2v4+0H2R0](-[#7D3v3+0H0R])-[#6D1v4+0H3R0]
Bit664,887805242,[#6D3v4+0H1R](-[#7D3v4+1H0R])(-[#6D2v4+0H2R0])-[#6D2v4+0H2R]
Bit665,622438838,[#26D6v6+0H0R](-[#7D3v4+1H0R])(-[#7D3v4+1H0R])(-[#7D2v3+0H0R0])(-[#7D2v3+0H0R0])(-[#7D3v4+1H1R])-[#7D3v4+1H1R]
Bit666,71335025,[#6D2v4+0H1R](:[#6D3v4+0H0R](-[#7D2v3+0H0R]):[#7D3v4+1H0R]):[#6D2v4+0H1R]:[#6D3v4+0H0R]
Bit667,-796667974,[#6D2v4+0H2R](-[#6D2v4+0H2R])-[#7D4v4+1H0R]
Bit668,1849580702,[#7D2v3+0H0R](:[#6D3v4+0H0R]):[#16D2v2+0H0R]
Bit669,581222078,[#26D6v6+0H0R](-[#7D2v3+0H0R0]=[#6D2v4+0H0R0])(-[#7D2v3+0H0R0]=[#6D2v4+0H0R0])(-[#7D3v4+1H0R](-[#6D3v4+0H0R])=[#6D3v4+0H0R])(-[#7D3v4+1H0R](-[#6D3v4+0H0R])=[#6D3v4+0H0R])(-[#7D3v4+1H0R](:[#6D3v4+0H0R]):[#6D2v4+0H1R])-[#7D3v4+1H0R](:[#6D3v4+0H0R]):[#6D2v4+0H1R]
Bit670,-818024916,[#26D6v6+0H0R](-[#7D3v4+1H0R](:[#6D3v4+0H0R]):[#6D3v4+0H0R])(-[#7D3v4+1H0R](:[#6D3v4+0H0R]):[#6D3v4+0H0R])(-[#7D3v4+1H0R](:[#6D3v4+0H0R]):[#6D3v4+0H0R])(-[#7D3v4+1H0R](:[#6D3v4+0H0R]):[#6D3v4+0H0R])(-[#7D3v4+1H0R](:[#6D3v4+0H0R]):[#6D3v4+0H0R])-[#7D3v4+1H0R](:[#6D3v4+0H0R]):[#6D3v4+0H0R]
Bit671,-818701332,[#26D6v6+0H0R](-[#7D4v4+1H0R](-[#6D2v4+0H2R0])(-[#6D2v4+0H2R])-[#6D2v4+0H2R])(-[#7D4v4+1H0R](-[#6D2v4+0H2R0])(-[#6D2v4+0H2R])-[#6D2v4+0H2R])(-[#7D2v3+0H0R0]=[#6D2v4+0H0R0])(-[#7D2v3+0H0R0]=[#6D2v4+0H0R0])(-[#7D3v4+1H0R](:[#6D3v4+0H0R]):[#6D2v4+0H1R])-[#7D3v4+1H0R](:[#6D3v4+0H0R]):[#6D2v4+0H1R]
Bit672,706553852,[#8D2v2+0H0R](-[#6D2v4+0H2R]-[#6D4v4+0H0R])-[#6D3v4+0H0R](-[#6D3v4+0H0R])=[#7D3v4+1H0R]
Bit673,954504516,[#6D2v4+0H2R](-[#6D2v4+0H2R]-[#6D2v4+0H2R])-[#6D3v4+0H1R](-[#7D4v4+1H0R])-[#6D3v4+0H1R]
Bit674,894315312,[#6D3v4+0H0R](:[#6D3v4+0H0R](:[#6D3v4+0H0R]):[#6D2v4+0H1R])(:[#6D3v4+0H0R](:[#6D3v4+0H0R]):[#7D2v3+0H0R]):[#7D2v3+0H1R]:[#6D3v4+0H0R]
Bit675,1628854617,[#6D3v4+0H0R](-[#6D3v4+0H0R](:[#7D3v4+1H0R]):[#6D2v4+0H1R])(:[#7D3v4+1H0R](-[#26D6v6+0H0R]):[#6D3v4+0H0R]):[#7D3v3+0H0R](-[#6D1v4+0H3R0]):[#6D3v4+0H0R]
Bit676,-833668199,[#6D2v4+0H1R](:[#6D2v4+0H1R]:[#6D3v4+0H0R]):[#6D3v4+0H0R](-[#6D2v4+0H0R0]):[#6D2v4+0H1R]
Bit677,892592086,[#6D3v4+0H0R](-[#6D2v4+0H0R0])(:[#6D3v4+0H0R]):[#6D2v4+0H1R]
Bit678,887805242,[#6D3v4+0H1R](-[#7D3v4+1H0R])(-[#6D2v4+0H2R0])-[#6D2v4+0H2R]
Bit679,665999463,[#6D3v4+0H0R](:[#7D3v4+1H0R](-[#26D6v6+0H0R]):[#6D3v4+0H0R])(:[#6D2v4+0H1R]:[#6D2v4+0H1R]):[#6D3v4+0H0R](:[#6D2v4+0H1R]):[#6D2v4+0H1R]
Bit680,574037745,[#7D2v3+0H0R](:[#6D3v4+0H0R]):[#7D2v3+0H0R]
Bit681,-86934374,[#6D2v4+0H1R](:[#6D2v4+0H1R]:[#6D2v4+0H1R]):[#7D3v4+1H0R](-[#26D6v6+0H0R]):[#6D3v4+0H0R]
Bit682,-871478544,[#6D3v4+0H0R](-[#7D2v3+0H1R])(:[#7D3v4+1H0R]):[#16D2v2+0H0R]
Bit683,411285058,[#6D2v4+0H1R](:[#6D2v4+0H1R]:[#6D2v4+0H1R]):[#7D2v3+0H0R]:[#6D2v4+0H1R]
Bit684,1687131769,[#7D3v3+0H0R](-[#5D4v4-1H0R])(:[#7D3v4+1H0R]):[#6D2v4+0H1R]
Bit685,1773022290,[#6D2v4+0H1R](:[#6D2v4+0H1R]):[#7D2v4+1H1R]
Bit686,191434192,[#6D3v4+0H0R](-[#6D3v4+0H0R](:[#7D2v3+0H0R]):[#6D2v4+0H1R])(:[#7D2v3+0H0R]:[#7D3v4+1H0R]):[#7D3v3+0H0R](-[#6D3v4+0H0R]):[#6D3v4+0H0R]
Bit687,71335025,[#6D2v4+0H1R](:[#6D3v4+0H0R](-[#7D2v3+0H0R]):[#7D3v4+1H0R]):[#6D2v4+0H1R]:[#6D3v4+0H0R]
Bit688,1055066629,[#7D3v4+1H0R](-[#26D6v6+0H0R](-[#7D3v4+1H0R])(-[#7D3v4+1H0R])(-[#7D3v4+1H0R])(-[#7D3v4+1H0R])-[#7D3v4+1H0R])(:[#7D2v3+0H1R]:[#6D2v4+0H1R]):[#6D3v4+0H0R](-[#6D2v4+0H1R]):[#6D2v4+0H1R]
Bit689,431184926,[#6D2v4+0H0R0](-[#7D2v2-1H0R0]-[#6D2v4+0H0R0])#[#7D2v4+1H0R0]-[#26D6v6+0H0R]
Bit690,-885464575,[#6D2v4+0H2R](-[#6D2v4+0H2R])-[#6D3v4+0H1R]
Bit691,732335162,[#6D2v4+0H1R](-[#6D3v4+0H0R](:[#7D3v4+1H0R]):[#7D2v3+0H1R])=[#7D3v4+1H0R](-[#6D2v4+0H2R])-[#26D6v6+0H0R]
Bit692,82949923,[#7D3v4+1H0R](-[#26D6v6+0H0R](-[#7D3v4+1H0R])(-[#7D3v4+1H0R])(-[#7D3v4+1H0R])(-[#7D3v3+0H0R])-[#7D3v3+0H0R])(:[#7D2v3+0H1R]:[#6D3v4+0H0R]):[#6D3v4+0H0R](-[#6D3v4+0H0R]):[#6D2v4+0H1R]
Bit693,751938446,[#7D2v3+0H0R0](-[#6D3v4+0H0R])=[#7D2v3+0H0R0]
Bit694,2052630668,[#26D6v6+0H0R](-[#7D4v4+1H0R](-[#6D2v4+0H2R])(-[#6D2v4+0H2R])-[#6D2v4+0H2R])(-[#7D3v4+1H1R](-[#6D2v4+0H2R])-[#6D2v4+0H2R])(-[#7D3v4+1H1R](-[#6D2v4+0H2R])-[#6D2v4+0H2R])(-[#7D3v4+1H0R](:[#6D3v4+0H0R]):[#6D2v4+0H1R])(-[#7D3v4+1H0R](:[#6D3v4+0H0R]):[#6D2v4+0H1R])-[#7D3v4+1H0R](:[#6D3v4+0H0R]):[#6D2v4+0H1R]
Bit695,583722864,[#6D2v4+0H1R](:[#6D2v4+0H1R]:[#6D2v4+0H1R]):[#6D3v4+0H0R](-[#6D2v4+0H1R0]):[#6D2v4+0H1R]
Bit696,1662410266,[#6D2v4+0H1R](:[#6D3v4+0H0R](:[#6D3v4+0H0R]):[#6D2v4+0H1R]):[#6D2v4+0H1R]:[#7D3v4+1H0R]
Bit697,-91339324,[#35D1v1+0H0R0]
Bit698,1968766682,[#16D2v2+0H0R](-[#6D3v4+0H0R])-[#6D2v4+0H1R]
Bit699,975716933,[#6D2v4+0H0R0](-[#6D2v4+0H2R0]-[#6D2v4+0H2R0])#[#7D1v3+0H0R0]
Bit700,794862962,[#6D2v4+0H2R](-[#6D3v4+0H0R])-[#6D3v4+0H0R]
Bit701,1660955522,[#7D3v4+1H0R](-[#26D6v6+0H0R](-[#7D3v4+1H0R])(-[#7D3v4+1H0R])(-[#7D3v4+1H0R])(-[#7D3v4+1H0R])-[#7D3v4+1H0R])(:[#7D2v3+0H0R]:[#6D2v4+0H1R]):[#6D3v4+0H0R](-[#6D3v4+0H0R]):[#6D2v4+0H1R]
Bit702,1551004987,[#6D2v4+0H1R](:[#6D2v4+0H1R]:[#6D2v4+0H1R]):[#7D3v3+0H0R](-[#5D3v4-1H1R]):[#7D3v4+1H0R]
Bit703,-93432722,[#6D3v4+0H0R](-[#6D3v4+0H0R](:[#7D3v4+1H0R]):[#6D2v4+0H1R])(:[#6D2v4+0H1R]:[#6D2v4+0H1R]):[#7D3v4+1H0R](-[#26D6v6+0H0R]):[#6D2v4+0H1R]
Bit704,1157425152,[#7D3v4+1H0R](-[#26D6v6+0H0R](-[#7D3v4+1H0R])(-[#7D3v4+1H0R])(-[#7D3v4+1H0R])(-[#7D3v4+1H0R])-[#7D3v4+1H0R])(:[#6D3v4+0H0R](-[#6D2v4+0H1R]):[#6D3v4+0H0R]):[#6D2v4+0H1R]:[#7D2v3+0H1R]
Bit705,590157156,[#5D4v4-1H0R](-[#7D3v3+0H0R])(-[#7D3v3+0H0R])(-[#7D3v3+0H0R])-[#7D3v3+0H0R]
Bit706,-937246156,[#7D3v3+0H0R](-[#6D3v4+0H0R])(:[#7D3v4+1H0R]):[#6D2v4+0H1R]
Bit707,911259134,[#6D2v4+0H1R](:[#6D2v4+0H1R]:[#7D3v3+0H0R]):[#6D3v4+0H0R](-[#6D4v4+0H0R0]):[#7D3v4+1H0R]
Bit708,194214842,[#7D3v4+1H0R](-[#26D6v6+0H0R](-[#7D3v4+1H0R])(-[#7D3v4+1H0R])(-[#7D3v4+1H0R])(-[#7D2v3+0H0R0])-[#7D2v3+0H0R0])(:[#6D3v4+0H0R](-[#7D1v3+0H2R0]):[#16D2v2+0H0R]):[#6D3v4+0H0R](-[#6D3v4+0H0R]):[#6D2v4+0H1R]
Bit709,-939713733,[#6D3v4+0H0R](-[#8D2v2+0H0R0])(:[#6D2v4+0H1R]):[#6D2v4+0H1R]
Bit710,2052630668,[#26D6v6+0H0R](-[#7D4v4+1H0R](-[#6D2v4+0H2R])(-[#6D2v4+0H2R])-[#6D2v4+0H2R])(-[#7D3v4+1H1R](-[#6D2v4+0H2R])-[#6D2v4+0H2R])(-[#7D3v4+1H1R](-[#6D2v4+0H2R])-[#6D2v4+0H2R])(-[#7D3v4+1H0R](:[#6D3v4+0H0R]):[#6D2v4+0H1R])(-[#7D3v4+1H0R](:[#6D3v4+0H0R]):[#6D2v4+0H1R])-[#7D3v4+1H0R](:[#6D3v4+0H0R]):[#6D2v4+0H1R]
Bit711,1281254104,[#26D6v6+0H0R](-[#7D3v4+1H0R])(-[#7D3v4+1H0R])(-[#7D3v4+1H0R])(-[#7D2v4+1H0R0])(-[#7D4v4+1H0R])-[#7D4v4+1H0R]
Bit712,515009274,[#6D3v4+0H0R](-[#6D4v4+0H0R0](-[#6D3v4+0H0R])(-[#6D3v4+0H0R])-[#7D3v3+0H0R])(:[#6D2v4+0H1R]:[#6D2v4+0H1R]):[#6D2v4+0H1R]:[#6D2v4+0H1R]
Bit713,714722353,[#7D3v4+1H0R](-[#6D2v4+0H2R])(-[#26D6v6+0H0R])=[#6D2v4+0H1R]
Bit714,1746331391,[#53D1v1+0H0R0]-[#6D3v4+0H0R]
Bit715,992088266,[#6D2v4+0H1R](:[#6D2v4+0H1R]:[#6D2v4+0H1R]):[#7D3v3+0H0R](-[#5D4v4-1H0R]):[#7D3v4+1H0R]
Bit716,-95417440,[#6D2v4+0H2R0](-[#6D2v4+0H2R0]-[#6D2v4+0H2R0])-[#6D2v4+0H2R0]-[#6D1v4+0H3R0]
Bit717,976395797,[#6D3v4+0H0R](-[#16D2v2+0H0R0]-[#6D2v4+0H0R0])(:[#6D3v4+0H0R](-[#16D2v2+0H0R0]):[#6D3v4+0H0R]):[#6D3v4+0H0R](-[#6D3v4+0H0R]):[#7D3v3+0H0R]
Bit718,-955759503,[#6D2v4+0H2R](-[#6D2v4+0H2R])-[#7D3v4+1H1R]
Bit719,85444818,[#9D1v1+0H0R0]-[#6D3v4+0H0R]
Bit720,590157156,[#5D4v4-1H0R](-[#7D3v3+0H0R])(-[#7D3v3+0H0R])(-[#7D3v3+0H0R])-[#7D3v3+0H0R]
Bit721,-968046970,[#6D3v4+0H0R](-[#6D3v4+0H0R](:[#7D3v4+1H0R]):[#7D2v3+0H1R])(:[#7D2v3+0H1R]:[#6D2v4+0H1R]):[#7D3v4+1H0R](-[#26D6v6+0H0R]):[#6D2v4+0H1R]
Bit722,-972967262,[#7D3v4+1H0R](-[#6D3v4+0H0R])(-[#26D6v6+0H0R])=[#6D2v4+0H1R]
Bit723,109064239,[#6D3v4+0H0R](-[#6D3v4+0H0R])(-[#8D2v2+0H0R])=[#7D3v4+1H0R]
Bit724,-976730990,[#26D6v6+0H0R](-[#7D3v4+1H0R](:[#6D3v4+0H0R]):[#6D2v4+0H1R])(-[#7D3v4+1H0R](:[#6D3v4+0H0R]):[#6D2v4+0H1R])(-[#7D3v4+1H0R](:[#6D3v4+0H0R]):[#6D2v4+0H1R])(-[#7D3v4+1H0R](:[#6D3v4+0H0R]):[#6D2v4+0H1R])(-[#7D3v4+1H0R](:[#6D3v4+0H0R]):[#6D2v4+0H1R])-[#7D3v4+1H0R](:[#6D3v4+0H0R]):[#6D2v4+0H1R]
Bit725,1603688667,[#6D3v4+0H0R](-[#6D3v4+0H0R])(:[#7D2v3+0H1R]):[#6D2v4+0H1R]
Bit726,1626016656,[#6D2v4+0H2R](-[#7D3v4+1H0R](-[#26D6v6+0H0R])=[#6D3v4+0H0R])-[#6D2v4+0H2R]-[#7D3v4+1H1R]
Bit727,431184926,[#6D2v4+0H0R0](-[#7D2v2-1H0R0]-[#6D2v4+0H0R0])#[#7D2v4+1H0R0]-[#26D6v6+0H0R]
Bit728,1866504608,[#6D3v4+0H0R](-[#7D2v3+0H0R]=[#7D3v4+1H0R])(:[#7D3v3+0H0R](-[#6D2v4+0H2R0]):[#6D2v4+0H1R]):[#7D3v4+1H0R](-[#26D6v6+0H0R]):[#6D2v4+0H1R]
Bit729,949954142,[#6D3v4+0H0R](-[#8D1v2+0H1R0])(:[#6D2v4+0H1R]:[#6D3v4+0H0R]):[#7D3v3+0H0R](-[#6D3v4+0H0R]):[#7D3v4+1H0R]
Bit730,1450009158,[#7D3v4+1H0R](-[#26D6v6+0H0R](-[#7D3v4+1H0R])(-[#7D3v4+1H0R])(-[#7D3v4+1H0R])(-[#7D3v3+0H0R])-[#7D3v3+0H0R])(:[#6D3v4+0H0R](:[#6D3v4+0H0R]):[#6D2v4+0H1R]):[#6D3v4+0H0R](-[#6D3v4+0H0R]):[#7D3v3+0H0R]
Bit731,971075116,[#6D3v4+0H0R](-[#6D1v4+0H3R0])(:[#6D2v4+0H1R]:[#6D2v4+0H1R]):[#6D3v4+0H0R](-[#7D2v3+0H1R]):[#7D3v4+1H0R]
Bit732,1491873295,[#6D2v4+0H2R](-[#6D2v4+0H2R]-[#6D2v4+0H2R])-[#7D3v4+1H1R](-[#6D2v4+0H2R])-[#26D6v6+0H0R]
Bit733,-98765787,[#6D3v4+0H0R](-[#6D3v4+0H0R](:[#6D2v4+0H1R]):[#6D2v4+0H1R])(:[#6D2v4+0H1R]:[#6D3v4+0H0R]):[#7D3v4+1H0R](-[#26D6v6+0H0R]):[#6D3v4+0H0R]
Bit734,1730334812,[#7D3v4+1H0R](-[#26D6v6+0H0R](-[#7D3v4+1H0R])(-[#7D3v4+1H0R])(-[#7D2v4+1H2R])(-[#7D2v4+1H2R])-[#7D2v4+1H2R])(:[#6D3v4+0H0R](-[#6D2v4+0H2R]):[#6D2v4+0H1R]):[#6D2v4+0H1R]:[#6D2v4+0H1R]
Bit735,985087923,[#6D3v4+0H0R](-[#6D3v4+0H0R](:[#7D2v3+0H1R]):[#6D2v4+0H1R])(:[#6D2v4+0H1R]:[#6D2v4+0H1R]):[#6D3v4+0H0R](-[#8D1v2+0H1R0]):[#6D2v4+0H1R]
Bit736,-996698991,[#6D2v4+0H1R](:[#6D2v4+0H1R]:[#6D3v4+0H0R]):[#6D3v4+0H0R](-[#7D3v4+1H0R]):[#6D2v4+0H1R]
Bit737,2145706720,[#16D1v2+0H0R0]=[#6D2v4+0H0R0]
Bit738,109946772,[#7D2v4+1H2R](-[#26D6v6+0H0R](-[#7D3v4+1H0R])(-[#7D3v4+1H0R])(-[#7D3v4+1H0R])(-[#7D3v4+1H0R])-[#7D3v4+1H0R])-[#6D2v4+0H2R]-[#6D3v4+0H0R]
Bit739,930676317,[#6D3v4+0H0R](-[#6D3v4+0H0R0])(:[#7D3v4+1H0R]):[#6D2v4+0H1R]
Bit740,1003599808,[#6D3v4+0H1R]
Bit741,988626449,[#6D1v4+0H3R0]-[#6D3v4+0H1R0]
Bit742,715896429,[#6D4v4+0H0R0](-[#5D4v4-1H0R])(-[#6D1v4+0H3R0])(-[#6D1v4+0H3R0])-[#6D1v4+0H3R0]
Bit743,100727786,[#6D2v4+0H1R](:[#6D3v4+0H0R](-[#8D2v2+0H0R0]):[#6D3v4+0H0R]):[#6D2v4+0H1R]:[#6D3v4+0H0R]
Bit744,2111982078,[#7D3v3+0H0R](-[#7D1v3+0H2R0])(:[#6D3v4+0H0R]):[#6D3v4+0H0R]
Bit745,917880588,[#6D3v4+0H0R](-[#6D1v4+0H3R0])(:[#7D3v4+1H0R]):[#7D3v3+0H0R]
Bit746,1008603387,[#26D6v6+0H0R](-[#7D4v4+1H0R](-[#6D2v4+0H2R])(-[#6D2v4+0H2R])-[#6D2v4+0H2R])(-[#7D3v4+1H0R](:[#6D3v4+0H0R]):[#6D3v4+0H0R])(-[#7D2v3+0H0R0]=[#6D2v4+0H0R0])(-[#7D2v3+0H0R0]=[#6D2v4+0H0R0])(-[#7D3v4+1H0R](:[#6D3v4+0H0R]):[#6D2v4+0H1R])-[#7D3v4+1H0R](:[#6D3v4+0H0R]):[#6D2v4+0H1R]
Bit747,581222078,[#26D6v6+0H0R](-[#7D2v3+0H0R0]=[#6D2v4+0H0R0])(-[#7D2v3+0H0R0]=[#6D2v4+0H0R0])(-[#7D3v4+1H0R](-[#6D3v4+0H0R])=[#6D3v4+0H0R])(-[#7D3v4+1H0R](-[#6D3v4+0H0R])=[#6D3v4+0H0R])(-[#7D3v4+1H0R](:[#6D3v4+0H0R]):[#6D2v4+0H1R])-[#7D3v4+1H0R](:[#6D3v4+0H0R]):[#6D2v4+0H1R]
Bit748,1010761289,[#7D3v4+1H0R](-[#26D6v6+0H0R](-[#7D3v4+1H0R])(-[#7D3v4+1H0R])(-[#7D3v4+1H0R])(-[#7D3v3+0H0R])-[#7D3v3+0H0R])(:[#6D3v4+0H0R](:[#6D3v4+0H0R]):[#6D3v4+0H0R]):[#6D3v4+0H0R](-[#6D1v4+0H3R0]):[#6D2v4+0H1R]
Bit749,54265040,[#6D2v4+0H1R](:[#6D2v4+0H1R]:[#6D2v4+0H1R]):[#6D3v4+0H0R](-[#6D4v4+0H0R]):[#7D3v4+1H0R]
Bit750,391349624,[#7D3v3+0H0R](-[#7D2v3+0H0R0]=[#6D2v4+0H1R0])(:[#6D3v4+0H0R](-[#6D3v4+0H0R]):[#7D2v3+0H0R]):[#6D3v4+0H0R](-[#6D3v4+0H0R]):[#7D3v4+1H0R]
Bit751,101499548,[#26D6v6+0H0R](-[#7D3v4+1H0R])(-[#7D3v4+1H0R])(-[#7D2v3+0H0R0])(-[#7D2v3+0H0R0])(-[#7D4v4+1H0R])-[#7D4v4+1H0R]
Bit752,986520271,[#16D2v2+0H0R0](-[#6D2v4+0H0R0]#[#7D1v3+0H0R0])-[#6D2v4+0H2R0]-[#6D3v4+0H0R]
Bit753,1737814222,[#6D3v4+0H0R](:[#6D2v4+0H1R]:[#6D3v4+0H0R])(:[#6D2v4+0H1R]:[#6D2v4+0H1R]):[#6D3v4+0H0R](:[#6D2v4+0H1R]):[#6D2v4+0H1R]
Bit754,79628162,[#7D2v3+0H1R](:[#6D2v4+0H1R]:[#6D2v4+0H1R]):[#7D3v4+1H0R](-[#26D6v6+0H0R]):[#6D3v4+0H0R]
Bit755,2052630668,[#26D6v6+0H0R](-[#7D4v4+1H0R](-[#6D2v4+0H2R])(-[#6D2v4+0H2R])-[#6D2v4+0H2R])(-[#7D3v4+1H1R](-[#6D2v4+0H2R])-[#6D2v4+0H2R])(-[#7D3v4+1H1R](-[#6D2v4+0H2R])-[#6D2v4+0H2R])(-[#7D3v4+1H0R](:[#6D3v4+0H0R]):[#6D2v4+0H1R])(-[#7D3v4+1H0R](:[#6D3v4+0H0R]):[#6D2v4+0H1R])-[#7D3v4+1H0R](:[#6D3v4+0H0R]):[#6D2v4+0H1R]
Bit756,828674680,[#6D3v4+0H0R](-[#6D3v4+0H0R](:[#6D2v4+0H1R]):[#6D2v4+0H1R])(:[#7D3v4+1H0R](-[#26D6v6+0H0R]):[#6D3v4+0H0R]):[#7D2v3+0H1R]:[#6D2v4+0H1R]
Bit757,318584828,[#6D2v4+0H1R](:[#7D3v3+0H0R](-[#6D3v4+0H1R]):[#7D3v4+1H0R]):[#6D2v4+0H1R]:[#6D3v4+0H0R]
Bit758,1509398532,[#6D2v4+0H1R](:[#7D3v4+1H0R](-[#26D6v6+0H0R]):[#6D3v4+0H0R]):[#7D2v3+0H1R]:[#6D2v4+0H1R]
Bit759,1845757864,[#7D3v3+0H0R](-[#6D1v4+0H3R0])(:[#7D2v3+0H0R]:[#7D3v4+1H0R]):[#7D2v3+0H0R]:[#6D3v4+0H0R]
Bit760,401661000,[#26D6v6+0H0R](-[#7D3v4+1H0R])(-[#7D3v4+1H0R])(-[#7D2v4+1H0R0])(-[#7D2v4+1H0R0])(-[#7D4v4+1H0R])-[#7D4v4+1H0R]
Bit761,976395797,[#6D3v4+0H0R](-[#16D2v2+0H0R0]-[#6D2v4+0H0R0])(:[#6D3v4+0H0R](-[#16D2v2+0H0R0]):[#6D3v4+0H0R]):[#6D3v4+0H0R](-[#6D3v4+0H0R]):[#7D3v3+0H0R]
Bit762,1306073970,[#6D2v4+0H1R](:[#6D2v4+0H1R]:[#6D3v4+0H0R]):[#7D3v3+0H0R](-[#6D3v4+0H0R]):[#7D3v4+1H0R]
Bit763,28661254,[#6D3v4+0H0R](-[#6D1v4+0H3R0])(:[#7D2v3+0H1R]):[#6D2v4+0H1R]
Bit764,934837773,[#26D6v6+0H0R0](-[#7D3v4+1H0R](:[#6D2v4+0H1R]):[#6D2v4+0H1R])(-[#7D3v4+1H0R](:[#6D2v4+0H1R]):[#6D2v4+0H1R])(-[#7D3v4+1H0R](:[#6D2v4+0H1R]):[#6D2v4+0H1R])(-[#7D3v4+1H0R](:[#6D2v4+0H1R]):[#6D2v4+0H1R])(-[#7D2v3+0H0R0]=[#6D2v4+0H0R0])-[#7D2v3+0H0R0]=[#6D2v4+0H0R0]
Bit765,1711877108,[#6D3v4+0H0R](-[#16D2v2+0H0R0])(:[#6D2v4+0H1R]):[#6D2v4+0H1R]
Bit766,1960802568,[#6D3v4+0H0R](-[#6D2v4+0H2R0]-[#6D1v4+0H3R0])(:[#6D2v4+0H1R]:[#6D2v4+0H1R]):[#6D3v4+0H0R](-[#7D3v3+0H0R]):[#6D3v4+0H0R]
Bit767,1660955522,[#7D3v4+1H0R](-[#26D6v6+0H0R](-[#7D3v4+1H0R])(-[#7D3v4+1H0R])(-[#7D3v4+1H0R])(-[#7D3v4+1H0R])-[#7D3v4+1H0R])(:[#7D2v3+0H0R]:[#6D2v4+0H1R]):[#6D3v4+0H0R](-[#6D3v4+0H0R]):[#6D2v4+0H1R]
Bit768,1055066629,[#7D3v4+1H0R](-[#26D6v6+0H0R](-[#7D3v4+1H0R])(-[#7D3v4+1H0R])(-[#7D3v4+1H0R])(-[#7D3v4+1H0R])-[#7D3v4+1H0R])(:[#7D2v3+0H1R]:[#6D2v4+0H1R]):[#6D3v4+0H0R](-[#6D2v4+0H1R]):[#6D2v4+0H1R]
Bit769,1055710071,[#7D4v4+1H0R](-[#6D2v4+0H2R]-[#6D2v4+0H2R])(-[#6D2v4+0H2R]-[#6D2v4+0H2R])(-[#6D2v4+0H2R]-[#6D3v4+0H0R])-[#26D6v6+0H0R](-[#7D3v4+1H0R])(-[#7D3v4+1H0R])(-[#7D4v4+1H0R])(-[#7D4v4+1H0R])-[#7D4v4+1H0R]
Bit770,348704440,[#6D2v4+0H2R](-[#6D3v4+0H0R](:[#7D3v4+1H0R]):[#6D2v4+0H1R])-[#6D2v4+0H2R]-[#7D4v4+1H0R]
Bit771,590157156,[#5D4v4-1H0R](-[#7D3v3+0H0R])(-[#7D3v3+0H0R])(-[#7D3v3+0H0R])-[#7D3v3+0H0R]
Bit772,986668788,[#6D2v4+0H1R](:[#6D3v4+0H0R](-[#6D2v4+0H2R]):[#7D3v4+1H0R]):[#6D3v4+0H0R](-[#17D1v1+0H0R0]):[#6D2v4+0H1R]
Bit773,706553852,[#8D2v2+0H0R](-[#6D2v4+0H2R]-[#6D4v4+0H0R])-[#6D3v4+0H0R](-[#6D3v4+0H0R])=[#7D3v4+1H0R]
Bit774,285983430,[#6D2v4+0H1R](:[#7D3v4+1H0R](-[#26D6v6+0H0R0]):[#7D2v3+0H0R]):[#7D3v3+0H0R](-[#6D2v4+0H2R0]):[#7D2v3+0H0R]
Bit775,894315312,[#6D3v4+0H0R](:[#6D3v4+0H0R](:[#6D3v4+0H0R]):[#6D2v4+0H1R])(:[#6D3v4+0H0R](:[#6D3v4+0H0R]):[#7D2v3+0H0R]):[#7D2v3+0H1R]:[#6D3v4+0H0R]
Bit776,1063660364,[#6D3v4+0H0R](-[#7D2v3+0H1R]-[#6D3v4+0H0R])(:[#7D3v4+1H0R](-[#26D6v6+0H0R]):[#6D3v4+0H0R]):[#6D2v4+0H1R]:[#6D2v4+0H1R]
Bit777,133401407,[#6D3v4+0H0R](-[#6D3v4+0H0R](:[#7D3v4+1H0R]):[#7D3v3+0H0R])(:[#6D2v4+0H1R]:[#6D3v4+0H0R]):[#7D3v4+1H0R](-[#26D6v6+0H0R]):[#6D3v4+0H0R]
Bit778,1697631950,[#6D3v4+0H0R](-[#5D4v4-1H0R])(:[#6D2v4+0H1R]):[#6D2v4+0H1R]
Bit779,1866504608,[#6D3v4+0H0R](-[#7D2v3+0H0R]=[#7D3v4+1H0R])(:[#7D3v3+0H0R](-[#6D2v4+0H2R0]):[#6D2v4+0H1R]):[#7D3v4+1H0R](-[#26D6v6+0H0R]):[#6D2v4+0H1R]
Bit780,1626016656,[#6D2v4+0H2R](-[#7D3v4+1H0R](-[#26D6v6+0H0R])=[#6D3v4+0H0R])-[#6D2v4+0H2R]-[#7D3v4+1H1R]
Bit781,875367570,[#26D6v6+0H0R](-[#7D3v4+1H1R](-[#6D2v4+0H2R])-[#6D2v4+0H2R])(-[#7D3v4+1H1R](-[#6D2v4+0H2R])-[#6D2v4+0H2R])(-[#7D2v4+1H0R0]#[#6D2v4+0H0R0])(-[#7D2v4+1H0R0]#[#6D2v4+0H0R0])(-[#7D3v4+1H0R](:[#6D3v4+0H0R]):[#6D2v4+0H1R])-[#7D3v4+1H0R](:[#6D3v4+0H0R]):[#6D2v4+0H1R]
Bit782,524017141,[#6D3v4+0H0R](-[#6D3v4+0H0R])(:[#7D2v3+0H0R]):[#6D2v4+0H1R]
Bit783,1083680200,[#7D3v4+1H0R](-[#26D6v6+0H0R](-[#7D3v4+1H0R])(-[#7D3v4+1H0R])(-[#7D2v3+0H0R0])(-[#7D2v3+0H0R0])-[#7D4v4+1H0R])(:[#6D3v4+0H0R](-[#6D2v4+0H2R]):[#6D2v4+0H1R]):[#6D2v4+0H1R]:[#6D2v4+0H1R]
Bit784,109064239,[#6D3v4+0H0R](-[#6D3v4+0H0R])(-[#8D2v2+0H0R])=[#7D3v4+1H0R]
Bit785,54265040,[#6D2v4+0H1R](:[#6D2v4+0H1R]:[#6D2v4+0H1R]):[#6D3v4+0H0R](-[#6D4v4+0H0R]):[#7D3v4+1H0R]
Bit786,74167451,[#26D6v6+0H0R](-[#7D4v4+1H0R](-[#6D2v4+0H2R])(-[#6D2v4+0H2R])-[#6D2v4+0H2R])(-[#7D2v3+0H0R0]=[#6D2v4+0H0R0])(-[#7D2v3+0H0R0]=[#6D2v4+0H0R0])(-[#7D3v4+1H0R](:[#6D3v4+0H0R]):[#7D3v3+0H0R])(-[#7D3v4+1H0R](:[#6D3v4+0H0R]):[#7D3v3+0H0R])-[#7D3v4+1H0R](:[#6D3v4+0H0R]):[#7D3v3+0H0R]
Bit787,109794124,[#6D2v4+0H1R](:[#6D2v4+0H1R]:[#6D3v4+0H0R]):[#6D3v4+0H0R](-[#6D1v4+0H3R0]):[#6D2v4+0H1R]
Bit788,299463395,[#14D4v4+0H0R0]
Bit789,109946772,[#7D2v4+1H2R](-[#26D6v6+0H0R](-[#7D3v4+1H0R])(-[#7D3v4+1H0R])(-[#7D3v4+1H0R])(-[#7D3v4+1H0R])-[#7D3v4+1H0R])-[#6D2v4+0H2R]-[#6D3v4+0H0R]
Bit790,1099676861,[#7D2v3+0H1R](:[#6D3v4+0H0R](-[#6D1v4+0H3R0]):[#7D3v4+1H0R]):[#6D2v4+0H1R]:[#6D3v4+0H0R]
Bit791,1107231935,[#7D3v4+1H0R](-[#26D6v6+0H0R](-[#7D3v4+1H0R])(-[#7D3v4+1H0R])(-[#7D2v3+0H0R0])(-[#7D2v3+0H0R0])-[#7D4v4+1H0R])(:[#6D3v4+0H0R](-[#6D2v4+0H2R]):[#6D2v4+0H1R]):[#6D3v4+0H0R](-[#6D1v4+0H3R0]):[#6D2v4+0H1R]
Bit792,633562067,[#6D2v4+0H1R](:[#16D2v2+0H0R]:[#6D2v4+0H1R]):[#6D3v4+0H0R](-[#6D3v4+0H0R]):[#7D3v4+1H0R]
Bit793,859640332,[#7D3v4+1H0R](-[#26D6v6+0H0R0](-[#7D3v4+1H0R])(-[#7D3v4+1H0R])(-[#7D3v4+1H0R])(-[#7D3v4+1H0R])-[#7D3v4+1H0R])(:[#6D2v4+0H1R]:[#6D2v4+0H1R]):[#8D2v2+0H0R]:[#6D2v4+0H1R]
Bit794,1557008866,[#6D3v4+0H0R](:[#6D2v4+0H1R]:[#6D2v4+0H1R])(:[#6D3v4+0H0R](-[#6D3v4+0H0R]):[#6D3v4+0H0R]):[#6D3v4+0H0R](:[#6D2v4+0H1R]):[#6D2v4+0H1R]
Bit795,486012057,[#6D2v4+0H2R](-[#6D3v4+0H0R](:[#6D3v4+0H0R]):[#6D2v4+0H1R])-[#6D2v4+0H2R]-[#6D3v4+0H0R]
Bit796,510275471,[#6D3v4+0H0R](:[#6D2v4+0H1R]:[#6D2v4+0H1R])(:[#7D3v3+0H0R](-[#26D6v6+0H0R]):[#6D3v4+0H0R]):[#6D3v4+0H0R](:[#7D2v3+0H0R]):[#6D2v4+0H1R]
Bit797,754666517,[#6D3v4+0H0R](-[#6D3v4+0H0R](:[#7D3v4+1H0R]):[#6D2v4+0H1R])(:[#6D3v4+0H0R](:[#6D2v4+0H1R]):[#7D3v3+0H0R]):[#7D3v4+1H0R](-[#26D6v6+0H0R]):[#7D2v3+0H0R]
Bit798,1488074449,[#6D2v4+0H1R](:[#7D2v3+0H0R]:[#6D2v4+0H1R]):[#6D3v4+0H0R](-[#6D3v4+0H0R]):[#7D3v4+1H0R]
Bit799,515009274,[#6D3v4+0H0R](-[#6D4v4+0H0R0](-[#6D3v4+0H0R])(-[#6D3v4+0H0R])-[#7D3v3+0H0R])(:[#6D2v4+0H1R]:[#6D2v4+0H1R]):[#6D2v4+0H1R]:[#6D2v4+0H1R]
Bit800,1133351013,[#7D3v4+1H0R](-[#26D6v6+0H0R])(:[#6D3v4+0H0R]):[#7D2v3+0H1R]
Bit801,951262149,[#7D3v4+1H0R](-[#26D6v6+0H0R](-[#7D3v4+1H0R])(-[#7D3v4+1H0R])(-[#7D2v3+0H0R0])(-[#7D4v4+1H0R])-[#7D4v4+1H0R])(:[#6D3v4+0H0R](-[#6D2v4+0H2R]):[#6D2v4+0H1R]):[#6D2v4+0H1R]:[#6D2v4+0H1R]
Bit802,1139241550,[#7D2v3+0H1R](-[#6D3v4+0H0R])-[#6D3v4+0H0R]
Bit803,1139320215,[#6D2v4+0H1R](:[#6D2v4+0H1R]:[#6D2v4+0H1R]):[#6D3v4+0H0R](-[#7D3v3+0H0R]):[#7D3v4+1H0R]
Bit804,583722864,[#6D2v4+0H1R](:[#6D2v4+0H1R]:[#6D2v4+0H1R]):[#6D3v4+0H0R](-[#6D2v4+0H1R0]):[#6D2v4+0H1R]
Bit805,1143932406,[#26D6v6+0H0R](-[#7D4v4+1H0R](-[#6D2v4+0H2R])(-[#6D2v4+0H2R])-[#6D2v4+0H2R])(-[#7D2v3+0H0R0]=[#6D2v4+0H0R0])(-[#7D2v3+0H0R0]=[#6D2v4+0H0R0])(-[#7D3v4+1H0R](:[#6D3v4+0H0R]):[#6D2v4+0H1R])(-[#7D3v4+1H0R](:[#6D3v4+0H0R]):[#6D2v4+0H1R])-[#7D3v4+1H0R](:[#6D3v4+0H0R]):[#6D2v4+0H1R]
Bit806,986520271,[#16D2v2+0H0R0](-[#6D2v4+0H0R0]#[#7D1v3+0H0R0])-[#6D2v4+0H2R0]-[#6D3v4+0H0R]
Bit807,479762535,[#6D3v4+0H0R](-[#6D3v4+0H0R](:[#7D3v4+1H0R]):[#6D2v4+0H1R])(:[#7D3v4+1H0R](-[#26D6v6+0H0R]):[#7D2v3+0H0R]):[#7D2v3+0H0R]:[#7D3v3+0H0R]
Bit808,498951039,[#35D1v1+0H0R0]-[#6D3v4+0H0R]
Bit809,1626016656,[#6D2v4+0H2R](-[#7D3v4+1H0R](-[#26D6v6+0H0R])=[#6D3v4+0H0R])-[#6D2v4+0H2R]-[#7D3v4+1H1R]
Bit810,1707192517,[#26D6v6+0H0R](-[#7D4v4+1H0R](-[#6D2v4+0H2R])(-[#6D2v4+0H2R])-[#6D2v4+0H2R])(-[#7D4v4+1H0R](-[#6D2v4+0H2R])(-[#6D2v4+0H2R])-[#6D2v4+0H2R])(-[#7D3v4+1H1R](-[#6D2v4+0H2R])-[#6D2v4+0H2R])(-[#7D2v3+0H0R0]=[#6D2v4+0H0R0])(-[#7D3v4+1H0R](:[#6D3v4+0H0R]):[#6D2v4+0H1R])-[#7D3v4+1H0R](:[#6D3v4+0H0R]):[#6D2v4+0H1R]
Bit811,1157425152,[#7D3v4+1H0R](-[#26D6v6+0H0R](-[#7D3v4+1H0R])(-[#7D3v4+1H0R])(-[#7D3v4+1H0R])(-[#7D3v4+1H0R])-[#7D3v4+1H0R])(:[#6D3v4+0H0R](-[#6D2v4+0H1R]):[#6D3v4+0H0R]):[#6D2v4+0H1R]:[#7D2v3+0H1R]
Bit812,191434192,[#6D3v4+0H0R](-[#6D3v4+0H0R](:[#7D2v3+0H0R]):[#6D2v4+0H1R])(:[#7D2v3+0H0R]:[#7D3v4+1H0R]):[#7D3v3+0H0R](-[#6D3v4+0H0R]):[#6D3v4+0H0R]
Bit813,116205462,[#6D2v4+0H1R](:[#6D2v4+0H1R]:[#6D2v4+0H1R]):[#6D3v4+0H0R](-[#6D2v4+0H1R]):[#7D3v4+1H0R]
Bit814,1166132857,[#6D2v4+0H1R](:[#6D2v4+0H1R]:[#6D3v4+0H0R]):[#6D3v4+0H0R](-[#6D3v4+0H0R]):[#6D2v4+0H1R]
Bit815,1930028609,[#7D3v4+1H0R](-[#26D6v6+0H0R])(-[#6D3v4+0H1R0])=[#6D2v4+0H1R]
Bit816,1168070468,[#6D2v4+0H2R](-[#7D3v4+1H0R](-[#26D6v6+0H0R])=[#6D3v4+0H0R])-[#6D2v4+0H2R]-[#16D2v2+0H0R]
Bit817,699097405,[#6D3v4+0H0R](-[#6D3v4+0H0R](:[#7D3v4+1H0R]):[#7D3v3+0H0R])(-[#6D3v4+0H0R](:[#7D3v4+1H0R]):[#7D3v3+0H0R])=[#8D1v2+0H0R0]
Bit818,916120393,[#6D2v4+0H2R](-[#6D2v4+0H2R]-[#7D2v4+1H2R])-[#7D3v4+1H0R](-[#26D6v6+0H0R])=[#6D3v4+0H0R]
Bit819,2062909615,[#6D2v4+0H2R0](-[#6D2v4+0H2R0])-[#35D1v1+0H0R0]
Bit820,1171165942,[#6D3v4+0H0R](-[#6D3v4+0H0R])(:[#7D3v4+1H0R]):[#7D2v3+0H1R]
Bit821,977500979,[#6D3v4+0H0R](-[#6D3v4+0H0R](:[#7D3v4+1H0R]):[#6D2v4+0H1R])(:[#7D3v3+0H0R](-[#7D2v3+0H1R0]):[#6D3v4+0H0R]):[#7D3v4+1H0R](-[#26D6v6+0H0R]):[#7D2v3+0H0R]
Bit822,486012057,[#6D2v4+0H2R](-[#6D3v4+0H0R](:[#6D3v4+0H0R]):[#6D2v4+0H1R])-[#6D2v4+0H2R]-[#6D3v4+0H0R]
Bit823,1968766682,[#16D2v2+0H0R](-[#6D3v4+0H0R])-[#6D2v4+0H1R]
Bit824,892592086,[#6D3v4+0H0R](-[#6D2v4+0H0R0])(:[#6D3v4+0H0R]):[#6D2v4+0H1R]
Bit825,1281254104,[#26D6v6+0H0R](-[#7D3v4+1H0R])(-[#7D3v4+1H0R])(-[#7D3v4+1H0R])(-[#7D2v4+1H0R0])(-[#7D4v4+1H0R])-[#7D4v4+1H0R]
Bit826,1897099792,[#7D2v3+0H0R](:[#7D2v3+0H0R]:[#7D3v4+1H0R]):[#7D3v3+0H0R](-[#6D1v4+0H3R0]):[#6D2v4+0H1R]
Bit827,1992988605,[#6D2v4+0H2R](-[#6D2v4+0H2R]-[#6D2v4+0H2R])-[#7D2v3+0H1R]-[#6D3v4+0H0R]
Bit828,436073179,[#6D2v4+0H1R](:[#6D2v4+0H1R]:[#6D3v4+0H0R]):[#16D2v2+0H0R]:[#6D2v4+0H1R]
Bit829,887805242,[#6D3v4+0H1R](-[#7D3v4+1H0R])(-[#6D2v4+0H2R0])-[#6D2v4+0H2R]
Bit830,601753524,[#7D3v4+1H0R](-[#26D6v6+0H0R0](-[#7D3v4+1H0R])(-[#7D3v4+1H0R])(-[#7D3v4+1H0R])(-[#7D3v4+1H0R])-[#7D3v4+1H0R])(:[#6D2v4+0H1R]:[#7D2v3+0H1R]):[#6D2v4+0H1R]:[#6D2v4+0H1R]
Bit831,1201071392,[#6D3v4+0H0R](:[#7D3v4+1H0R](-[#26D6v6+0H0R]):[#6D3v4+0H0R])(:[#6D2v4+0H1R]:[#6D2v4+0H1R]):[#6D3v4+0H0R](:[#6D2v4+0H1R]):[#7D3v3+0H0R]
Bit832,699097405,[#6D3v4+0H0R](-[#6D3v4+0H0R](:[#7D3v4+1H0R]):[#7D3v3+0H0R])(-[#6D3v4+0H0R](:[#7D3v4+1H0R]):[#7D3v3+0H0R])=[#8D1v2+0H0R0]
Bit833,299463395,[#14D4v4+0H0R0]
Bit834,754666517,[#6D3v4+0H0R](-[#6D3v4+0H0R](:[#7D3v4+1H0R]):[#6D2v4+0H1R])(:[#6D3v4+0H0R](:[#6D2v4+0H1R]):[#7D3v3+0H0R]):[#7D3v4+1H0R](-[#26D6v6+0H0R]):[#7D2v3+0H0R]
Bit835,866987023,[#6D2v4+0H0R0](-[#6D3v4+0H0R0])#[#7D1v3+0H0R0]
Bit836,714722353,[#7D3v4+1H0R](-[#6D2v4+0H2R])(-[#26D6v6+0H0R])=[#6D2v4+0H1R]
Bit837,1231375114,[#6D2v4+0H2R](-[#6D2v4+0H2R]-[#7D3v4+1H0R])-[#6D2v4+0H2R]-[#16D2v2+0H0R]
Bit838,1233803182,[#7D3v4+1H0R](-[#26D6v6+0H0R](-[#7D3v4+1H0R])(-[#7D3v4+1H0R])(-[#7D3v4+1H0R])(-[#7D3v3+0H0R])-[#7D3v3+0H0R])(:[#6D2v4+0H1R]:[#6D2v4+0H1R]):[#6D3v4+0H0R](:[#6D3v4+0H0R]):[#6D3v4+0H0R]
Bit839,792028616,[#6D3v4+0H0R](-[#6D1v4+0H3R0])(:[#7D2v3+0H0R]):[#6D2v4+0H1R]
Bit840,1244007638,[#6D2v4+0H2R0](-[#7D3v3+0H0R](:[#7D2v3+0H0R]):[#6D2v4+0H1R])-[#6D2v4+0H2R0]-[#6D1v4+0H3R0]
Bit841,124465824,[#6D2v4+0H1R](:[#6D2v4+0H1R]:[#6D3v4+0H0R]):[#6D2v4+0H1R]:[#7D3v4+1H0R]
Bit842,978495103,[#6D3v4+0H0R](:[#7D3v4+1H0R](-[#26D6v6+0H0R]):[#6D3v4+0H0R])(:[#6D2v4+0H1R]:[#6D2v4+0H1R]):[#6D3v4+0H0R](:[#7D2v3+0H1R]):[#6D2v4+0H1R]
Bit843,1248733796,[#8D1v2+0H1R0]-[#6D3v4+0H0R]
Bit844,54265040,[#6D2v4+0H1R](:[#6D2v4+0H1R]:[#6D2v4+0H1R]):[#6D3v4+0H0R](-[#6D4v4+0H0R]):[#7D3v4+1H0R]
Bit845,1711877108,[#6D3v4+0H0R](-[#16D2v2+0H0R0])(:[#6D2v4+0H1R]):[#6D2v4+0H1R]
Bit846,1260040743,[#7D3v3+0H0R](-[#6D2v4+0H2R])(:[#7D3v4+1H0R]):[#6D2v4+0H1R]
Bit847,780177087,[#7D2v3+0H1R](:[#6D3v4+0H0R]):[#7D2v3+0H0R]
Bit848,391349624,[#7D3v3+0H0R](-[#7D2v3+0H0R0]=[#6D2v4+0H1R0])(:[#6D3v4+0H0R](-[#6D3v4+0H0R]):[#7D2v3+0H0R]):[#6D3v4+0H0R](-[#6D3v4+0H0R]):[#7D3v4+1H0R]
Bit849,715896429,[#6D4v4+0H0R0](-[#5D4v4-1H0R])(-[#6D1v4+0H3R0])(-[#6D1v4+0H3R0])-[#6D1v4+0H3R0]
Bit850,1268179103,[#6D3v4+0H0R](-[#6D3v4+0H0R](:[#6D3v4+0H0R]):[#6D2v4+0H1R])(:[#6D2v4+0H1R]:[#6D3v4+0H0R]):[#7D2v3+0H1R]:[#7D3v4+1H0R]
Bit851,564205442,[#7D4v4+1H0R](-[#6D2v4+0H2R]-[#6D2v4+0H2R])(-[#6D2v4+0H2R]-[#6D2v4+0H2R])(-[#26D6v6+0H0R](-[#7D2v4+1H0R0])(-[#7D2v4+1H0R0])(-[#7D2v4+1H0R0])(-[#7D4v4+1H0R])-[#7D4v4+1H0R])-[#6D1v4+0H3R0]
Bit852,1269595356,[#26D6v6+0H0R](-[#7D3v4+1H1R](-[#6D2v4+0H2R])-[#6D2v4+0H2R])(-[#7D3v4+1H1R](-[#6D2v4+0H2R])-[#6D2v4+0H2R])(-[#7D2v3+0H0R0]=[#6D2v4+0H0R0])(-[#7D2v3+0H0R0]=[#6D2v4+0H0R0])(-[#7D3v4+1H0R](:[#6D3v4+0H0R]):[#6D2v4+0H1R])-[#7D3v4+1H0R](:[#6D3v4+0H0R]):[#6D2v4+0H1R]
Bit853,1272860421,[#7D3v4+1H0R](-[#26D6v6+0H0R](-[#7D3v4+1H0R])(-[#7D3v4+1H0R])(-[#7D3v4+1H0R])(-[#7D3v4+1H0R])-[#7D3v4+1H0R])(:[#6D3v4+0H0R](:[#6D3v4+0H0R]):[#6D3v4+0H0R]):[#6D3v4+0H0R](-[#6D1v4+0H3R0]):[#6D2v4+0H1R]
Bit854,590157156,[#5D4v4-1H0R](-[#7D3v3+0H0R])(-[#7D3v3+0H0R])(-[#7D3v3+0H0R])-[#7D3v3+0H0R]
Bit855,1281254104,[#26D6v6+0H0R](-[#7D3v4+1H0R])(-[#7D3v4+1H0R])(-[#7D3v4+1H0R])(-[#7D2v4+1H0R0])(-[#7D4v4+1H0R])-[#7D4v4+1H0R]
Bit856,794862962,[#6D2v4+0H2R](-[#6D3v4+0H0R])-[#6D3v4+0H0R]
Bit857,1628854617,[#6D3v4+0H0R](-[#6D3v4+0H0R](:[#7D3v4+1H0R]):[#6D2v4+0H1R])(:[#7D3v4+1H0R](-[#26D6v6+0H0R]):[#6D3v4+0H0R]):[#7D3v3+0H0R](-[#6D1v4+0H3R0]):[#6D3v4+0H0R]
Bit858,1294882428,[#7D3v4+1H0R](-[#26D6v6+0H0R](-[#7D3v4+1H0R])(-[#7D3v4+1H0R])(-[#7D3v4+1H0R])(-[#7D3v3+0H0R])-[#7D3v3+0H0R])(:[#6D3v4+0H0R](-[#6D3v4+0H0R]):[#6D2v4+0H1R]):[#6D3v4+0H0R](-[#6D3v4+0H0R]):[#6D2v4+0H1R]
Bit859,1851841865,[#6D2v4+0H1R](:[#6D2v4+0H1R]:[#7D2v3+0H1R]):[#6D3v4+0H0R](-[#6D3v4+0H0R]):[#7D3v4+1H0R]
Bit860,859640332,[#7D3v4+1H0R](-[#26D6v6+0H0R0](-[#7D3v4+1H0R])(-[#7D3v4+1H0R])(-[#7D3v4+1H0R])(-[#7D3v4+1H0R])-[#7D3v4+1H0R])(:[#6D2v4+0H1R]:[#6D2v4+0H1R]):[#8D2v2+0H0R]:[#6D2v4+0H1R]
Bit861,71335025,[#6D2v4+0H1R](:[#6D3v4+0H0R](-[#7D2v3+0H0R]):[#7D3v4+1H0R]):[#6D2v4+0H1R]:[#6D3v4+0H0R]
Bit862,1303588520,[#26D6v6+0H0R](-[#7D3v4+1H0R])(-[#7D3v4+1H0R])(-[#7D3v4+1H0R])(-[#7D3v4+1H0R])(-[#7D4v4+1H0R])-[#7D4v4+1H0R]
Bit863,1306073970,[#6D2v4+0H1R](:[#6D2v4+0H1R]:[#6D3v4+0H0R]):[#7D3v3+0H0R](-[#6D3v4+0H0R]):[#7D3v4+1H0R]
Bit864,1307023000,[#7D3v3+0H0R](-[#6D3v4+0H0R](:[#7D3v4+1H0R]):[#6D2v4+0H1R])(:[#6D2v4+0H1R]:[#6D2v4+0H1R]):[#7D3v4+1H0R](-[#26D6v6+0H0R]):[#6D2v4+0H1R]
Bit865,71219699,[#7D3v4+1H0R](-[#26D6v6+0H0R](-[#7D3v4+1H0R])(-[#7D3v4+1H0R])(-[#7D3v4+1H0R])(-[#7D2v3+0H0R0])-[#7D2v3+0H0R0])(-[#6D3v4+0H0R](:[#6D2v4+0H1R]):[#6D2v4+0H1R])=[#6D2v4+0H1R]-[#6D3v4+0H0R]
Bit866,1309899612,[#6D3v4+0H0R](-[#6D3v4+0H0R](:[#6D2v4+0H1R]):[#6D2v4+0H1R])(:[#6D2v4+0H1R]:[#6D3v4+0H0R]):[#7D2v3+0H1R]:[#7D3v4+1H0R]
Bit867,866987023,[#6D2v4+0H0R0](-[#6D3v4+0H0R0])#[#7D1v3+0H0R0]
Bit868,816734030,[#6D3v4+0H0R](-[#6D3v4+0H0R0](-[#8D1v2+0H1R0])=[#8D1v2+0H0R0])(:[#6D2v4+0H1R]:[#6D3v4+0H0R]):[#6D2v4+0H1R]:[#6D2v4+0H1R]
Bit869,1773022290,[#6D2v4+0H1R](:[#6D2v4+0H1R]):[#7D2v4+1H1R]
Bit870,1315251554,[#7D3v4+1H0R](-[#26D6v6+0H0R](-[#7D3v4+1H0R])(-[#7D3v4+1H0R])(-[#7D3v4+1H0R])(-[#7D3v4+1H0R])-[#7D3v4+1H0R])(:[#6D2v4+0H1R]:[#6D2v4+0H1R]):[#6D3v4+0H0R](:[#6D3v4+0H0R]):[#6D3v4+0H0R]
Bit871,1321915026,[#7D3v4+1H0R](-[#26D6v6+0H0R](-[#7D3v4+1H0R])(-[#7D3v4+1H0R])(-[#7D3v4+1H0R])(-[#7D3v4+1H0R])-[#7D3v4+1H0R])(:[#6D3v4+0H0R](-[#6D1v4+0H3R0]):[#6D2v4+0H1R]):[#6D3v4+0H0R](-[#6D2v4+0H1R]):[#6D2v4+0H1R]
Bit872,946663851,[#6D3v4+0H1R](-[#6D2v4+0H2R])(-[#6D2v4+0H2R])-[#7D3v3+0H0R]
Bit873,411844043,[#6D2v4+0H2R](-[#6D3v4+0H0R](:[#7D3v4+1H0R]):[#6D2v4+0H1R])-[#7D3v3+0H0R](:[#6D3v4+0H0R]):[#7D3v4+1H0R]
Bit874,1326100291,[#6D2v4+0H2R](-[#6D3v4+0H0R](:[#7D3v4+1H0R]):[#6D2v4+0H1R])-[#7D3v4+1H1R](-[#6D2v4+0H2R])-[#26D6v6+0H0R]
Bit875,277092357,[#7D3v3+0H0R](-[#6D4v4+0H0R])(:[#7D3v4+1H0R]):[#6D2v4+0H1R]
Bit876,28661254,[#6D3v4+0H0R](-[#6D1v4+0H3R0])(:[#7D2v3+0H1R]):[#6D2v4+0H1R]
Bit877,1328689219,[#26D6v6+0H0R0](-[#7D3v4+1H0R])(-[#7D3v4+1H0R])(-[#7D3v4+1H0R])(-[#7D3v4+1H0R])(-[#7D3v4+1H0R])-[#7D3v4+1H0R]
Bit878,1775236613,[#7D2v3+0H0R](-[#6D3v4+0H0R])=[#7D3v4+1H0R]
Bit879,1329504102,[#6D3v4+0H0R](:[#7D3v4+1H0R](-[#26D6v6+0H0R]):[#6D2v4+0H1R])(:[#6D3v4+0H0R](:[#6D2v4+0H1R]):[#6D2v4+0H1R]):[#6D3v4+0H0R](:[#6D3v4+0H0R]):[#7D3v4+1H0R]
Bit880,85444818,[#9D1v1+0H0R0]-[#6D3v4+0H0R]
Bit881,792028616,[#6D3v4+0H0R](-[#6D1v4+0H3R0])(:[#7D2v3+0H0R]):[#6D2v4+0H1R]
Bit882,133401407,[#6D3v4+0H0R](-[#6D3v4+0H0R](:[#7D3v4+1H0R]):[#7D3v3+0H0R])(:[#6D2v4+0H1R]:[#6D3v4+0H0R]):[#7D3v4+1H0R](-[#26D6v6+0H0R]):[#6D3v4+0H0R]
Bit883,1336801906,[#7D4v4+1H0R](-[#6D2v4+0H2R]-[#6D3v4+0H0R])(-[#6D2v4+0H2R]-[#6D3v4+0H0R])(-[#6D2v4+0H2R]-[#6D3v4+0H0R])-[#26D6v6+0H0R](-[#7D3v4+1H0R])(-[#7D3v4+1H0R])(-[#7D3v4+1H0R])(-[#7D2v3+0H0R0])-[#7D2v3+0H0R0]
Bit884,1339476150,[#6D3v4+0H0R](-[#6D3v4+0H0R])(:[#6D3v4+0H0R]):[#6D2v4+0H1R]
Bit885,866987023,[#6D2v4+0H0R0](-[#6D3v4+0H0R0])#[#7D1v3+0H0R0]
Bit886,916120393,[#6D2v4+0H2R](-[#6D2v4+0H2R]-[#7D2v4+1H2R])-[#7D3v4+1H0R](-[#26D6v6+0H0R])=[#6D3v4+0H0R]
Bit887,684737872,[#7D3v4+1H0R](-[#26D6v6+0H0R](-[#7D3v4+1H0R])(-[#7D3v4+1H0R])(-[#7D3v4+1H0R])(-[#7D3v4+1H0R])-[#7D3v4+1H0R])(:[#7D3v3+0H0R](-[#6D3v4+0H0R]):[#6D2v4+0H1R]):[#6D3v4+0H0R](-[#6D2v4+0H2R0]):[#6D2v4+0H1R]
Bit888,391349624,[#7D3v3+0H0R](-[#7D2v3+0H0R0]=[#6D2v4+0H1R0])(:[#6D3v4+0H0R](-[#6D3v4+0H0R]):[#7D2v3+0H0R]):[#6D3v4+0H0R](-[#6D3v4+0H0R]):[#7D3v4+1H0R]
Bit889,1346497689,[#7D3v4+1H0R](-[#26D6v6+0H0R](-[#7D3v4+1H0R])(-[#7D3v4+1H0R])(-[#7D3v4+1H0R])(-[#7D2v3+0H0R0])-[#7D2v3+0H0R0])(:[#6D2v4+0H1R]:[#6D2v4+0H1R]):[#6D3v4+0H0R](-[#6D2v4+0H1R]):[#6D2v4+0H1R]
Bit890,391349624,[#7D3v3+0H0R](-[#7D2v3+0H0R0]=[#6D2v4+0H1R0])(:[#6D3v4+0H0R](-[#6D3v4+0H0R]):[#7D2v3+0H0R]):[#6D3v4+0H0R](-[#6D3v4+0H0R]):[#7D3v4+1H0R]
Bit891,1347622514,[#26D6v6+0H0R](-[#7D3v4+1H0R](:[#6D3v4+0H0R]):[#6D3v4+0H0R])(-[#7D3v4+1H0R](:[#6D3v4+0H0R]):[#6D3v4+0H0R])(-[#7D3v4+1H0R](:[#6D3v4+0H0R]):[#6D3v4+0H0R])(-[#7D3v4+1H0R](:[#6D3v4+0H0R]):[#6D3v4+0H0R])(-[#7D2v3+0H0R0]=[#6D2v4+0H0R0])-[#7D2v3+0H0R0]=[#6D2v4+0H0R0]
Bit892,1711877108,[#6D3v4+0H0R](-[#16D2v2+0H0R0])(:[#6D2v4+0H1R]):[#6D2v4+0H1R]
Bit893,1348275026,[#6D2v4+0H1R](-[#6D3v4+0H0R](:[#7D3v4+1H0R]):[#6D2v4+0H1R])=[#7D3v4+1H0R](-[#6D2v4+0H2R])-[#26D6v6+0H0R]
Bit894,1348466963,[#6D1v4+0H3R0]-[#7D4v4+1H0R]
Bit895,401661000,[#26D6v6+0H0R](-[#7D3v4+1H0R])(-[#7D3v4+1H0R])(-[#7D2v4+1H0R0])(-[#7D2v4+1H0R0])(-[#7D4v4+1H0R])-[#7D4v4+1H0R]
Bit896,1354789547,[#6D2v4+0H0R0](-[#16D2v2+0H0R0])#[#7D1v3+0H0R0]
Bit897,1357579283,[#6D2v4+0H2R0](-[#6D2v4+0H2R0])-[#6D2v4+0H2R0]
Bit898,681316610,[#6D2v4+0H1R](:[#7D3v4+1H0R](-[#26D6v6+0H0R]):[#7D3v3+0H0R]):[#6D3v4+0H0R](-[#17D1v1+0H0R0]):[#6D2v4+0H1R]
Bit899,440232042,[#7D3v4+1H0R](-[#6D2v4+0H2R]-[#6D2v4+0H2R])(-[#26D6v6+0H0R](-[#7D3v4+1H0R])(-[#7D3v4+1H0R])(-[#7D3v4+1H0R])(-[#7D2v3+0H0R0])-[#7D2v3+0H0R0])=[#6D3v4+0H0R](-[#6D3v4+0H0R])-[#16D2v2+0H0R]
Bit900,391349624,[#7D3v3+0H0R](-[#7D2v3+0H0R0]=[#6D2v4+0H1R0])(:[#6D3v4+0H0R](-[#6D3v4+0H0R]):[#7D2v3+0H0R]):[#6D3v4+0H0R](-[#6D3v4+0H0R]):[#7D3v4+1H0R]
Bit901,1370998452,[#26D6v6+0H0R](-[#7D3v4+1H0R](:[#6D3v4+0H0R]):[#6D3v4+0H0R])(-[#7D3v4+1H0R](:[#6D3v4+0H0R]):[#6D3v4+0H0R])(-[#7D2v3+0H0R0]=[#6D2v4+0H0R0])(-[#7D2v3+0H0R0]=[#6D2v4+0H0R0])(-[#7D4v4+1H0R](-[#6D2v4+0H2R])(-[#6D2v4+0H2R])-[#6D1v4+0H3R0])-[#7D4v4+1H0R](-[#6D2v4+0H2R])(-[#6D2v4+0H2R])-[#6D1v4+0H3R0]
Bit902,426855091,[#7D3v4+1H0R](-[#26D6v6+0H0R](-[#7D3v4+1H0R])(-[#7D3v4+1H0R])(-[#7D3v4+1H0R])(-[#7D3v4+1H0R])-[#7D3v4+1H0R])(:[#7D3v3+0H0R](-[#6D2v4+0H2R]):[#6D2v4+0H1R]):[#6D3v4+0H0R](-[#6D3v4+0H0R]):[#6D2v4+0H1R]
Bit903,191434192,[#6D3v4+0H0R](-[#6D3v4+0H0R](:[#7D2v3+0H0R]):[#6D2v4+0H1R])(:[#7D2v3+0H0R]:[#7D3v4+1H0R]):[#7D3v3+0H0R](-[#6D3v4+0H0R]):[#6D3v4+0H0R]
Bit904,1382390680,[#6D2v4+0H1R](:[#6D3v4+0H0R]):[#16D2v2+0H0R]
Bit905,1382908205,[#7D3v4+1H0R](-[#26D6v6+0H0R](-[#7D3v4+1H0R])(-[#7D3v4+1H0R])(-[#7D3v4+1H0R])(-[#7D3v4+1H0R])-[#7D3v4+1H0R])(:[#6D2v4+0H1R]:[#7D2v3+0H1R]):[#6D3v4+0H0R](-[#6D2v4+0H1R]):[#6D2v4+0H1R]
Bit906,946663851,[#6D3v4+0H1R](-[#6D2v4+0H2R])(-[#6D2v4+0H2R])-[#7D3v3+0H0R]
Bit907,1387909105,[#6D3v4+0H0R](-[#6D3v4+0H0R])(:[#7D3v4+1H0R]):[#7D3v3+0H0R]
Bit908,1388543638,[#6D2v4+0H1R](:[#7D3v4+1H0R]):[#7D3v3+0H0R]
Bit909,1773022290,[#6D2v4+0H1R](:[#6D2v4+0H1R]):[#7D2v4+1H1R]
Bit910,1773022290,[#6D2v4+0H1R](:[#6D2v4+0H1R]):[#7D2v4+1H1R]
Bit911,1395829072,[#6D2v4+0H2R](-[#6D2v4+0H2R]-[#7D2v4+1H2R])-[#7D4v4+1H0R](-[#6D2v4+0H2R])(-[#6D2v4+0H2R])-[#26D6v6+0H0R]
Bit912,459522686,[#7D3v3+0H0R](-[#5D3v4-1H1R](-[#7D3v3+0H0R])-[#7D3v3+0H0R])(:[#7D3v4+1H0R](-[#26D6v6+0H0R]):[#6D3v4+0H0R]):[#6D3v4+0H0R](-[#6D1v4+0H3R0]):[#6D3v4+0H0R]
Bit913,633562067,[#6D2v4+0H1R](:[#16D2v2+0H0R]:[#6D2v4+0H1R]):[#6D3v4+0H0R](-[#6D3v4+0H0R]):[#7D3v4+1H0R]
Bit914,1399461442,[#26D6v6+0H0R](-[#7D3v4+1H0R])(-[#7D3v4+1H0R])(-[#7D3v4+1H0R])(-[#7D3v4+1H0R])(-[#7D2v4+1H0R0])-[#7D2v4+1H0R0]
Bit915,1410661491,[#26D6v6+0H0R](-[#7D3v4+1H0R](:[#6D3v4+0H0R]):[#6D3v4+0H0R])(-[#7D3v4+1H0R](:[#6D3v4+0H0R]):[#6D3v4+0H0R])(-[#7D3v4+1H0R](:[#6D3v4+0H0R]):[#6D3v4+0H0R])(-[#7D3v4+1H0R](:[#6D3v4+0H0R]):[#6D2v4+0H1R])(-[#7D3v4+1H0R](:[#6D3v4+0H0R]):[#6D2v4+0H1R])-[#7D3v4+1H0R](:[#6D3v4+0H0R]):[#6D2v4+0H1R]
Bit916,986520271,[#16D2v2+0H0R0](-[#6D2v4+0H0R0]#[#7D1v3+0H0R0])-[#6D2v4+0H2R0]-[#6D3v4+0H0R]
Bit917,623912326,[#6D3v4+0H0R](-[#6D2v4+0H2R0]-[#7D3v3+0H0R])(:[#6D2v4+0H1R]:[#6D2v4+0H1R]):[#6D2v4+0H1R]:[#6D2v4+0H1R]
Bit918,875367570,[#26D6v6+0H0R](-[#7D3v4+1H1R](-[#6D2v4+0H2R])-[#6D2v4+0H2R])(-[#7D3v4+1H1R](-[#6D2v4+0H2R])-[#6D2v4+0H2R])(-[#7D2v4+1H0R0]#[#6D2v4+0H0R0])(-[#7D2v4+1H0R0]#[#6D2v4+0H0R0])(-[#7D3v4+1H0R](:[#6D3v4+0H0R]):[#6D2v4+0H1R])-[#7D3v4+1H0R](:[#6D3v4+0H0R]):[#6D2v4+0H1R]
Bit919,1424099040,[#6D2v4+0H1R](:[#6D2v4+0H1R]:[#6D2v4+0H1R]):[#7D3v4+1H0R](-[#26D6v6+0H0R]):[#7D3v3+0H0R]
Bit920,1424672708,[#6D2v4+0H1R](:[#6D2v4+0H1R]:[#6D2v4+0H1R]):[#6D3v4+0H0R](-[#6D3v4+0H0R]):[#6D2v4+0H1R]
Bit921,1432037433,[#7D3v3+0H0R](-[#6D2v4+0H2R0])(:[#6D3v4+0H0R]):[#6D3v4+0H0R]
Bit922,36154455,[#7D2v3+0H1R](-[#6D3v4+0H0R](:[#7D3v4+1H0R]):[#6D2v4+0H1R])-[#6D3v4+0H0R](:[#6D3v4+0H0R]):[#7D3v4+1H0R]
Bit923,946663851,[#6D3v4+0H1R](-[#6D2v4+0H2R])(-[#6D2v4+0H2R])-[#7D3v3+0H0R]
Bit924,1437467897,[#7D3v3+0H0R](-[#6D2v4+0H2R0]-[#6D1v4+0H3R0])(:[#6D3v4+0H0R](:[#6D3v4+0H0R]):[#6D2v4+0H1R]):[#6D3v4+0H0R](-[#6D3v4+0H0R]):[#7D3v4+1H0R]
Bit925,1440797486,[#6D1v4+0H3R0]-[#7D3v3+0H0R]
Bit926,839420663,[#6D3v4+0H0R](-[#6D3v4+0H0R])(:[#7D3v4+1H0R]):[#16D2v2+0H0R]
Bit927,1444225095,[#8D1v2+0H0R0]
Bit928,156396983,[#6D2v4+0H2R0](-[#8D2v2+0H0R0]-[#6D3v4+0H0R])-[#6D2v4+0H2R0]-[#6D2v4+0H2R0]
Bit929,1450009158,[#7D3v4+1H0R](-[#26D6v6+0H0R](-[#7D3v4+1H0R])(-[#7D3v4+1H0R])(-[#7D3v4+1H0R])(-[#7D3v3+0H0R])-[#7D3v3+0H0R])(:[#6D3v4+0H0R](:[#6D3v4+0H0R]):[#6D2v4+0H1R]):[#6D3v4+0H0R](-[#6D3v4+0H0R]):[#7D3v3+0H0R]
Bit930,684737872,[#7D3v4+1H0R](-[#26D6v6+0H0R](-[#7D3v4+1H0R])(-[#7D3v4+1H0R])(-[#7D3v4+1H0R])(-[#7D3v4+1H0R])-[#7D3v4+1H0R])(:[#7D3v3+0H0R](-[#6D3v4+0H0R]):[#6D2v4+0H1R]):[#6D3v4+0H0R](-[#6D2v4+0H2R0]):[#6D2v4+0H1R]
Bit931,1457269166,[#6D3v4+0H0R](:[#6D3v4+0H0R])(:[#6D3v4+0H0R]):[#7D3v4+1H0R]
Bit932,605864123,[#7D3v3+0H0R](-[#6D3v4+0H0R](:[#7D3v4+1H0R]):[#6D2v4+0H1R])(:[#6D2v4+0H1R]:[#6D3v4+0H0R]):[#7D3v4+1H0R](-[#26D6v6+0H0R]):[#6D2v4+0H1R]
Bit933,1626016656,[#6D2v4+0H2R](-[#7D3v4+1H0R](-[#26D6v6+0H0R])=[#6D3v4+0H0R])-[#6D2v4+0H2R]-[#7D3v4+1H1R]
Bit934,779259036,[#6D3v4+0H0R](-[#7D3v3+0H0R](-[#6D3v4+0H0R])-[#6D3v4+0H0R])(:[#7D3v4+1H0R](-[#26D6v6+0H0R]):[#6D3v4+0H0R]):[#6D2v4+0H1R]:[#6D2v4+0H1R]
Bit935,71335025,[#6D2v4+0H1R](:[#6D3v4+0H0R](-[#7D2v3+0H0R]):[#7D3v4+1H0R]):[#6D2v4+0H1R]:[#6D3v4+0H0R]
Bit936,1472777870,[#6D3v4+0H0R](-[#6D1v4+0H3R0])(:[#6D3v4+0H0R]):[#6D3v4+0H0R]
Bit937,1737814222,[#6D3v4+0H0R](:[#6D2v4+0H1R]:[#6D3v4+0H0R])(:[#6D2v4+0H1R]:[#6D2v4+0H1R]):[#6D3v4+0H0R](:[#6D2v4+0H1R]):[#6D2v4+0H1R]
Bit938,1481504764,[#6D2v4+0H1R](:[#6D3v4+0H0R]):[#7D3v4+1H0R]
Bit939,1483367255,[#6D3v4+0H0R](-[#6D3v4+0H0R](-[#6D1v4+0H3R0])=[#7D3v4+1H0R])(:[#6D2v4+0H1R]:[#6D2v4+0H1R]):[#7D3v4+1H0R](-[#26D6v6+0H0R]):[#6D2v4+0H1R]
Bit940,875367570,[#26D6v6+0H0R](-[#7D3v4+1H1R](-[#6D2v4+0H2R])-[#6D2v4+0H2R])(-[#7D3v4+1H1R](-[#6D2v4+0H2R])-[#6D2v4+0H2R])(-[#7D2v4+1H0R0]#[#6D2v4+0H0R0])(-[#7D2v4+1H0R0]#[#6D2v4+0H0R0])(-[#7D3v4+1H0R](:[#6D3v4+0H0R]):[#6D2v4+0H1R])-[#7D3v4+1H0R](:[#6D3v4+0H0R]):[#6D2v4+0H1R]
Bit941,871335196,[#7D3v4+1H0R](-[#26D6v6+0H0R](-[#7D3v4+1H0R])(-[#7D2v3+0H0R0])(-[#7D2v3+0H0R0])(-[#7D4v4+1H0R])-[#7D4v4+1H0R])(:[#6D3v4+0H0R](-[#6D2v4+0H2R]):[#6D2v4+0H1R]):[#6D3v4+0H0R](-[#6D1v4+0H3R0]):[#6D2v4+0H1R]
Bit942,950184047,[#5D3v4-1H1R](-[#7D3v3+0H0R](:[#7D3v4+1H0R]):[#6D2v4+0H1R])(-[#7D3v3+0H0R](:[#7D3v4+1H0R]):[#6D2v4+0H1R])-[#7D3v3+0H0R](:[#7D3v4+1H0R]):[#6D2v4+0H1R]
Bit943,1488074449,[#6D2v4+0H1R](:[#7D2v3+0H0R]:[#6D2v4+0H1R]):[#6D3v4+0H0R](-[#6D3v4+0H0R]):[#7D3v4+1H0R]
Bit944,486012057,[#6D2v4+0H2R](-[#6D3v4+0H0R](:[#6D3v4+0H0R]):[#6D2v4+0H1R])-[#6D2v4+0H2R]-[#6D3v4+0H0R]
Bit945,1491873295,[#6D2v4+0H2R](-[#6D2v4+0H2R]-[#6D2v4+0H2R])-[#7D3v4+1H1R](-[#6D2v4+0H2R])-[#26D6v6+0H0R]
Bit946,915236254,[#6D3v4+0H0R](-[#6D3v4+0H0R])(-[#6D3v4+0H0R])=[#6D3v4+0H0R]
Bit947,2062909615,[#6D2v4+0H2R0](-[#6D2v4+0H2R0])-[#35D1v1+0H0R0]
Bit948,409680845,[#7D2v4+1H2R](-[#6D2v4+0H2R]-[#6D2v4+0H2R])-[#26D6v6+0H0R](-[#7D3v4+1H0R])(-[#7D3v4+1H0R])(-[#7D3v4+1H0R])(-[#7D2v4+1H2R])-[#7D4v4+1H0R]
Bit949,754666517,[#6D3v4+0H0R](-[#6D3v4+0H0R](:[#7D3v4+1H0R]):[#6D2v4+0H1R])(:[#6D3v4+0H0R](:[#6D2v4+0H1R]):[#7D3v3+0H0R]):[#7D3v4+1H0R](-[#26D6v6+0H0R]):[#7D2v3+0H0R]
Bit950,887805242,[#6D3v4+0H1R](-[#7D3v4+1H0R])(-[#6D2v4+0H2R0])-[#6D2v4+0H2R]
Bit951,866987023,[#6D2v4+0H0R0](-[#6D3v4+0H0R0])#[#7D1v3+0H0R0]
Bit952,792028616,[#6D3v4+0H0R](-[#6D1v4+0H3R0])(:[#7D2v3+0H0R]):[#6D2v4+0H1R]
Bit953,1509398532,[#6D2v4+0H1R](:[#7D3v4+1H0R](-[#26D6v6+0H0R]):[#6D3v4+0H0R]):[#7D2v3+0H1R]:[#6D2v4+0H1R]
Bit954,1509440479,[#6D2v4+0H1R](:[#7D3v3+0H0R](-[#6D3v4+0H1R]):[#7D3v4+1H0R]):[#6D2v4+0H1R]:[#6D2v4+0H1R]
Bit955,949963074,[#7D2v3+0H0R](:[#6D2v4+0H1R]:[#6D3v4+0H0R]):[#6D2v4+0H1R]:[#6D3v4+0H0R]
Bit956,1737814222,[#6D3v4+0H0R](:[#6D2v4+0H1R]:[#6D3v4+0H0R])(:[#6D2v4+0H1R]:[#6D2v4+0H1R]):[#6D3v4+0H0R](:[#6D2v4+0H1R]):[#6D2v4+0H1R]
Bit957,583722864,[#6D2v4+0H1R](:[#6D2v4+0H1R]:[#6D2v4+0H1R]):[#6D3v4+0H0R](-[#6D2v4+0H1R0]):[#6D2v4+0H1R]
Bit958,440232042,[#7D3v4+1H0R](-[#6D2v4+0H2R]-[#6D2v4+0H2R])(-[#26D6v6+0H0R](-[#7D3v4+1H0R])(-[#7D3v4+1H0R])(-[#7D3v4+1H0R])(-[#7D2v3+0H0R0])-[#7D2v3+0H0R0])=[#6D3v4+0H0R](-[#6D3v4+0H0R])-[#16D2v2+0H0R]
Bit959,1945779656,[#6D2v4+0H2R0](-[#6D3v4+0H0R])-[#7D4v4+1H0R]
Bit960,1540849960,[#16D2v2+0H0R](:[#6D3v4+0H0R]):[#6D2v4+0H1R]
Bit961,1550568548,[#6D3v4+0H0R](-[#6D1v4+0H3R0])(:[#6D2v4+0H1R]:[#6D2v4+0H1R]):[#6D2v4+0H1R]:[#6D2v4+0H1R]
Bit962,1551004987,[#6D2v4+0H1R](:[#6D2v4+0H1R]:[#6D2v4+0H1R]):[#7D3v3+0H0R](-[#5D3v4-1H1R]):[#7D3v4+1H0R]
Bit963,894315312,[#6D3v4+0H0R](:[#6D3v4+0H0R](:[#6D3v4+0H0R]):[#6D2v4+0H1R])(:[#6D3v4+0H0R](:[#6D3v4+0H0R]):[#7D2v3+0H0R]):[#7D2v3+0H1R]:[#6D3v4+0H0R]
Bit964,794862962,[#6D2v4+0H2R](-[#6D3v4+0H0R])-[#6D3v4+0H0R]
Bit965,1557008866,[#6D3v4+0H0R](:[#6D2v4+0H1R]:[#6D2v4+0H1R])(:[#6D3v4+0H0R](-[#6D3v4+0H0R]):[#6D3v4+0H0R]):[#6D3v4+0H0R](:[#6D2v4+0H1R]):[#6D2v4+0H1R]
Bit966,1866504608,[#6D3v4+0H0R](-[#7D2v3+0H0R]=[#7D3v4+1H0R])(:[#7D3v3+0H0R](-[#6D2v4+0H2R0]):[#6D2v4+0H1R]):[#7D3v4+1H0R](-[#26D6v6+0H0R]):[#6D2v4+0H1R]
Bit967,751938446,[#7D2v3+0H0R0](-[#6D3v4+0H0R])=[#7D2v3+0H0R0]
Bit968,1866504608,[#6D3v4+0H0R](-[#7D2v3+0H0R]=[#7D3v4+1H0R])(:[#7D3v3+0H0R](-[#6D2v4+0H2R0]):[#6D2v4+0H1R]):[#7D3v4+1H0R](-[#26D6v6+0H0R]):[#6D2v4+0H1R]
Bit969,156396983,[#6D2v4+0H2R0](-[#8D2v2+0H0R0]-[#6D3v4+0H0R])-[#6D2v4+0H2R0]-[#6D2v4+0H2R0]
Bit970,795957582,[#7D3v4+1H0R](-[#26D6v6+0H0R](-[#7D3v4+1H0R])(-[#7D3v4+1H0R])(-[#7D3v4+1H0R])(-[#7D3v4+1H0R])-[#7D3v4+1H0R])(:[#7D3v3+0H0R](-[#6D3v3+1H0R]):[#6D3v4+0H0R]):[#6D3v4+0H0R](-[#6D1v4+0H3R0]):[#6D2v4+0H1R]
Bit971,751938446,[#7D2v3+0H0R0](-[#6D3v4+0H0R])=[#7D2v3+0H0R0]
Bit972,820896064,[#6D3v4+0H1R0](-[#6D2v4+0H2R0]-[#7D3v3+0H0R])(-[#6D1v4+0H3R0])-[#6D1v4+0H3R0]
Bit973,1573593381,[#6D3v4+0H0R](:[#6D2v4+0H1R]:[#6D2v4+0H1R])(:[#6D2v4+0H1R]:[#6D2v4+0H1R]):[#6D3v4+0H0R](:[#6D3v4+0H0R]):[#7D3v4+1H0R]
Bit974,431184926,[#6D2v4+0H0R0](-[#7D2v2-1H0R0]-[#6D2v4+0H0R0])#[#7D2v4+1H0R0]-[#26D6v6+0H0R]
Bit975,792028616,[#6D3v4+0H0R](-[#6D1v4+0H3R0])(:[#7D2v3+0H0R]):[#6D2v4+0H1R]
Bit976,700383531,[#8D2v2+0H0R](:[#6D3v4+0H0R]):[#7D2v3+0H0R]
Bit977,74167451,[#26D6v6+0H0R](-[#7D4v4+1H0R](-[#6D2v4+0H2R])(-[#6D2v4+0H2R])-[#6D2v4+0H2R])(-[#7D2v3+0H0R0]=[#6D2v4+0H0R0])(-[#7D2v3+0H0R0]=[#6D2v4+0H0R0])(-[#7D3v4+1H0R](:[#6D3v4+0H0R]):[#7D3v3+0H0R])(-[#7D3v4+1H0R](:[#6D3v4+0H0R]):[#7D3v3+0H0R])-[#7D3v4+1H0R](:[#6D3v4+0H0R]):[#7D3v3+0H0R]
Bit978,1991248063,[#7D3v4+1H0R](-[#26D6v6+0H0R](-[#7D3v4+1H0R])(-[#7D3v4+1H0R])(-[#7D3v4+1H0R])(-[#7D3v4+1H0R])-[#7D3v4+1H0R])(:[#6D3v4+0H0R](-[#6D1v4+0H3R0]):[#6D3v4+0H0R]):[#6D3v4+0H0R](-[#6D2v4+0H1R]):[#6D2v4+0H1R]
Bit979,816734030,[#6D3v4+0H0R](-[#6D3v4+0H0R0](-[#8D1v2+0H1R0])=[#8D1v2+0H0R0])(:[#6D2v4+0H1R]:[#6D3v4+0H0R]):[#6D2v4+0H1R]:[#6D2v4+0H1R]
Bit980,515009274,[#6D3v4+0H0R](-[#6D4v4+0H0R0](-[#6D3v4+0H0R])(-[#6D3v4+0H0R])-[#7D3v3+0H0R])(:[#6D2v4+0H1R]:[#6D2v4+0H1R]):[#6D2v4+0H1R]:[#6D2v4+0H1R]
Bit981,772480710,[#6D2v4+0H2R0](-[#7D3v3+0H0R](:[#7D3v4+1H0R]):[#6D2v4+0H1R])-[#6D2v4+0H1R0]=[#6D1v4+0H2R0]
Bit982,1597993969,[#6D1v4+0H3R0]-[#6D3v4+0H0R0]
Bit983,403313002,[#7D4v4+1H0R](-[#6D2v4+0H2R])(-[#6D2v4+0H2R])(-[#26D6v6+0H0R])-[#6D1v4+0H3R0]
Bit984,1601941279,[#7D2v3+0H0R](:[#6D3v4+0H0R](-[#6D3v4+0H0R]):[#7D3v3+0H0R]):[#7D3v4+1H0R](-[#26D6v6+0H0R]):[#6D3v4+0H0R]
Bit985,772480710,[#6D2v4+0H2R0](-[#7D3v3+0H0R](:[#7D3v4+1H0R]):[#6D2v4+0H1R])-[#6D2v4+0H1R0]=[#6D1v4+0H2R0]
Bit986,1603688667,[#6D3v4+0H0R](-[#6D3v4+0H0R])(:[#7D2v3+0H1R]):[#6D2v4+0H1R]
Bit987,1606526216,[#7D3v4+1H0R](-[#26D6v6+0H0R](-[#7D3v4+1H0R])(-[#7D3v4+1H0R])(-[#7D3v4+1H0R])(-[#7D3v4+1H0R])-[#7D3v4+1H0R])(:[#6D2v4+0H1R]:[#6D3v4+0H0R]):[#6D3v4+0H0R](-[#6D2v4+0H1R]):[#6D2v4+0H1R]
Bit988,980512251,[#7D3v3+0H0R0]
Bit989,583722864,[#6D2v4+0H1R](:[#6D2v4+0H1R]:[#6D2v4+0H1R]):[#6D3v4+0H0R](-[#6D2v4+0H1R0]):[#6D2v4+0H1R]
Bit990,715896429,[#6D4v4+0H0R0](-[#5D4v4-1H0R])(-[#6D1v4+0H3R0])(-[#6D1v4+0H3R0])-[#6D1v4+0H3R0]
Bit991,515009274,[#6D3v4+0H0R](-[#6D4v4+0H0R0](-[#6D3v4+0H0R])(-[#6D3v4+0H0R])-[#7D3v3+0H0R])(:[#6D2v4+0H1R]:[#6D2v4+0H1R]):[#6D2v4+0H1R]:[#6D2v4+0H1R]
Bit992,633562067,[#6D2v4+0H1R](:[#16D2v2+0H0R]:[#6D2v4+0H1R]):[#6D3v4+0H0R](-[#6D3v4+0H0R]):[#7D3v4+1H0R]
Bit993,2132810286,[#6D2v4+0H2R](-[#7D2v4+1H2R]-[#26D6v6+0H0R])-[#6D2v4+0H2R]-[#6D2v4+0H2R]
Bit994,859640332,[#7D3v4+1H0R](-[#26D6v6+0H0R0](-[#7D3v4+1H0R])(-[#7D3v4+1H0R])(-[#7D3v4+1H0R])(-[#7D3v4+1H0R])-[#7D3v4+1H0R])(:[#6D2v4+0H1R]:[#6D2v4+0H1R]):[#8D2v2+0H0R]:[#6D2v4+0H1R]
Bit995,162407424,[#8D1v2+0H0R0]=[#6D3v4+0H0R0]
Bit996,584883221,[#7D3v4+1H0R](-[#26D6v6+0H0R](-[#7D3v4+1H0R])(-[#7D3v4+1H0R])(-[#7D3v4+1H0R])(-[#7D3v4+1H0R])-[#7D3v4+1H0R])(:[#7D3v3+0H0R](-[#6D1v4+0H3R0]):[#6D2v4+0H1R]):[#6D3v4+0H0R](-[#6D3v4+0H0R]):[#6D2v4+0H1R]
Bit997,1626016656,[#6D2v4+0H2R](-[#7D3v4+1H0R](-[#26D6v6+0H0R])=[#6D3v4+0H0R])-[#6D2v4+0H2R]-[#7D3v4+1H1R]
Bit998,1628854617,[#6D3v4+0H0R](-[#6D3v4+0H0R](:[#7D3v4+1H0R]):[#6D2v4+0H1R])(:[#7D3v4+1H0R](-[#26D6v6+0H0R]):[#6D3v4+0H0R]):[#7D3v3+0H0R](-[#6D1v4+0H3R0]):[#6D3v4+0H0R]
Bit999,1930028609,[#7D3v4+1H0R](-[#26D6v6+0H0R])(-[#6D3v4+0H1R0])=[#6D2v4+0H1R]
Bit1000,1773022290,[#6D2v4+0H1R](:[#6D2v4+0H1R]):[#7D2v4+1H1R]
Bit1001,892592086,[#6D3v4+0H0R](-[#6D2v4+0H0R0])(:[#6D3v4+0H0R]):[#6D2v4+0H1R]
Bit1002,1640891226,[#6D3v4+0H0R](-[#6D3v4+0H0R](:[#6D2v4+0H1R]):[#6D2v4+0H1R])(:[#6D2v4+0H1R]:[#6D2v4+0H1R]):[#6D2v4+0H1R]:[#7D2v3+0H0R]
Bit1003,1644556280,[#6D3v4+0H0R](-[#6D1v4+0H3R0])(:[#7D3v4+1H0R](-[#26D6v6+0H0R]):[#6D3v4+0H0R]):[#6D2v4+0H1R]:[#6D2v4+0H1R]
Bit1004,318584828,[#6D2v4+0H1R](:[#7D3v3+0H0R](-[#6D3v4+0H1R]):[#7D3v4+1H0R]):[#6D2v4+0H1R]:[#6D3v4+0H0R]
Bit1005,1646129076,[#6D2v4+0H1R](:[#6D2v4+0H1R]:[#7D3v4+1H0R]):[#6D3v4+0H0R](-[#6D1v4+0H3R0]):[#6D2v4+0H1R]
Bit1006,71335025,[#6D2v4+0H1R](:[#6D3v4+0H0R](-[#7D2v3+0H0R]):[#7D3v4+1H0R]):[#6D2v4+0H1R]:[#6D3v4+0H0R]
Bit1007,1647696277,[#7D3v4+1H0R](-[#26D6v6+0H0R](-[#7D3v4+1H0R])(-[#7D3v4+1H0R])(-[#7D3v4+1H0R])(-[#7D3v4+1H0R])-[#7D3v4+1H0R])(:[#7D3v3+0H0R](-[#6D3v4+0H0R]):[#6D2v4+0H1R]):[#6D3v4+0H0R](-[#6D1v4+0H3R0]):[#6D2v4+0H1R]
Bit1008,859640332,[#7D3v4+1H0R](-[#26D6v6+0H0R0](-[#7D3v4+1H0R])(-[#7D3v4+1H0R])(-[#7D3v4+1H0R])(-[#7D3v4+1H0R])-[#7D3v4+1H0R])(:[#6D2v4+0H1R]:[#6D2v4+0H1R]):[#8D2v2+0H0R]:[#6D2v4+0H1R]
Bit1009,1658162316,[#6D1v4+0H3R0]-[#6D3v4+0H0R]
Bit1010,1660955522,[#7D3v4+1H0R](-[#26D6v6+0H0R](-[#7D3v4+1H0R])(-[#7D3v4+1H0R])(-[#7D3v4+1H0R])(-[#7D3v4+1H0R])-[#7D3v4+1H0R])(:[#7D2v3+0H0R]:[#6D2v4+0H1R]):[#6D3v4+0H0R](-[#6D3v4+0H0R]):[#6D2v4+0H1R]
Bit1011,1662410266,[#6D2v4+0H1R](:[#6D3v4+0H0R](:[#6D3v4+0H0R]):[#6D2v4+0H1R]):[#6D2v4+0H1R]:[#7D3v4+1H0R]
Bit1012,1876845093,[#8D1v2+0H0R0]=[#6D3v4+0H0R]
Bit1013,668556738,[#26D6v6+0H0R](-[#7D4v4+1H0R](-[#6D2v4+0H2R])(-[#6D2v4+0H2R])-[#6D2v4+0H2R])(-[#7D3v4+1H0R](-[#6D2v4+0H2R])=[#6D3v4+0H0R0])(-[#7D2v3+0H0R0]=[#6D2v4+0H0R0])(-[#7D2v3+0H0R0]=[#6D2v4+0H0R0])(-[#7D3v4+1H0R](:[#6D3v4+0H0R]):[#6D2v4+0H1R])-[#7D3v4+1H0R](:[#6D3v4+0H0R]):[#6D2v4+0H1R]
Bit1014,894315312,[#6D3v4+0H0R](:[#6D3v4+0H0R](:[#6D3v4+0H0R]):[#6D2v4+0H1R])(:[#6D3v4+0H0R](:[#6D3v4+0H0R]):[#7D2v3+0H0R]):[#7D2v3+0H1R]:[#6D3v4+0H0R]
Bit1015,285983430,[#6D2v4+0H1R](:[#7D3v4+1H0R](-[#26D6v6+0H0R0]):[#7D2v3+0H0R]):[#7D3v3+0H0R](-[#6D2v4+0H2R0]):[#7D2v3+0H0R]
Bit1016,426855091,[#7D3v4+1H0R](-[#26D6v6+0H0R](-[#7D3v4+1H0R])(-[#7D3v4+1H0R])(-[#7D3v4+1H0R])(-[#7D3v4+1H0R])-[#7D3v4+1H0R])(:[#7D3v3+0H0R](-[#6D2v4+0H2R]):[#6D2v4+0H1R]):[#6D3v4+0H0R](-[#6D3v4+0H0R]):[#6D2v4+0H1R]
Bit1017,564205442,[#7D4v4+1H0R](-[#6D2v4+0H2R]-[#6D2v4+0H2R])(-[#6D2v4+0H2R]-[#6D2v4+0H2R])(-[#26D6v6+0H0R](-[#7D2v4+1H0R0])(-[#7D2v4+1H0R0])(-[#7D2v4+1H0R0])(-[#7D4v4+1H0R])-[#7D4v4+1H0R])-[#6D1v4+0H3R0]
Bit1018,1687131769,[#7D3v3+0H0R](-[#5D4v4-1H0R])(:[#7D3v4+1H0R]):[#6D2v4+0H1R]
Bit1019,859640332,[#7D3v4+1H0R](-[#26D6v6+0H0R0](-[#7D3v4+1H0R])(-[#7D3v4+1H0R])(-[#7D3v4+1H0R])(-[#7D3v4+1H0R])-[#7D3v4+1H0R])(:[#6D2v4+0H1R]:[#6D2v4+0H1R]):[#8D2v2+0H0R]:[#6D2v4+0H1R]
Bit1020,772480710,[#6D2v4+0H2R0](-[#7D3v3+0H0R](:[#7D3v4+1H0R]):[#6D2v4+0H1R])-[#6D2v4+0H1R0]=[#6D1v4+0H2R0]
Bit1021,1900961540,[#7D3v4+1H0R](-[#26D6v6+0H0R](-[#7D3v4+1H0R])(-[#7D3v4+1H0R])(-[#7D3v4+1H0R])(-[#7D3v4+1H0R])-[#7D3v4+1H0R])(:[#6D2v4+0H1R]:[#7D2v3+0H1R]):[#6D3v4+0H0R](-[#6D3v4+0H0R]):[#7D2v3+0H0R]
Bit1022,1697631950,[#6D3v4+0H0R](-[#5D4v4-1H0R])(:[#6D2v4+0H1R]):[#6D2v4+0H1R]
Bit1023,985938068,[#7D2v3+0H0R](:[#7D3v4+1H0R](-[#26D6v6+0H0R]):[#6D3v4+0H0R]):[#7D3v3+0H0R](-[#6D2v4+0H2R0]):[#7D2v3+0H0R]
Bit1024,1900961540,[#7D3v4+1H0R](-[#26D6v6+0H0R](-[#7D3v4+1H0R])(-[#7D3v4+1H0R])(-[#7D3v4+1H0R])(-[#7D3v4+1H0R])-[#7D3v4+1H0R])(:[#6D2v4+0H1R]:[#7D2v3+0H1R]):[#6D3v4+0H0R](-[#6D3v4+0H0R]):[#7D2v3+0H0R]
Bit1025,1707192517,[#26D6v6+0H0R](-[#7D4v4+1H0R](-[#6D2v4+0H2R])(-[#6D2v4+0H2R])-[#6D2v4+0H2R])(-[#7D4v4+1H0R](-[#6D2v4+0H2R])(-[#6D2v4+0H2R])-[#6D2v4+0H2R])(-[#7D3v4+1H1R](-[#6D2v4+0H2R])-[#6D2v4+0H2R])(-[#7D2v3+0H0R0]=[#6D2v4+0H0R0])(-[#7D3v4+1H0R](:[#6D3v4+0H0R]):[#6D2v4+0H1R])-[#7D3v4+1H0R](:[#6D3v4+0H0R]):[#6D2v4+0H1R]
Bit1026,1773022290,[#6D2v4+0H1R](:[#6D2v4+0H1R]):[#7D2v4+1H1R]
Bit1027,1710696117,[#7D1v3+0H2R0]
Bit1028,1711877108,[#6D3v4+0H0R](-[#16D2v2+0H0R0])(:[#6D2v4+0H1R]):[#6D2v4+0H1R]
Bit1029,583722864,[#6D2v4+0H1R](:[#6D2v4+0H1R]:[#6D2v4+0H1R]):[#6D3v4+0H0R](-[#6D2v4+0H1R0]):[#6D2v4+0H1R]
Bit1030,318584828,[#6D2v4+0H1R](:[#7D3v3+0H0R](-[#6D3v4+0H1R]):[#7D3v4+1H0R]):[#6D2v4+0H1R]:[#6D3v4+0H0R]
Bit1031,1717005301,[#6D2v4+0H1R](:[#6D2v4+0H1R]:[#6D2v4+0H1R]):[#6D2v4+0H1R]:[#6D3v4+0H0R]
Bit1032,917880588,[#6D3v4+0H0R](-[#6D1v4+0H3R0])(:[#7D3v4+1H0R]):[#7D3v3+0H0R]
Bit1033,1722852979,[#7D3v4+1H0R](-[#26D6v6+0H0R](-[#7D3v4+1H0R])(-[#7D3v4+1H0R])(-[#7D3v4+1H0R])(-[#7D2v3+0H0R0])-[#7D2v3+0H0R0])(:[#6D3v4+0H0R](-[#7D2v3+0H1R]):[#6D2v4+0H1R]):[#6D3v4+0H0R](-[#6D3v4+0H0R]):[#6D2v4+0H1R]
Bit1034,2124851616,[#6D3v4+0H0R](-[#6D3v4+0H0R](:[#7D2v3+0H0R]):[#6D2v4+0H1R])(:[#7D2v3+0H0R]:[#6D3v4+0H0R]):[#6D3v4+0H0R](-[#6D3v4+0H0R]):[#7D3v4+1H0R]
Bit1035,975716933,[#6D2v4+0H0R0](-[#6D2v4+0H2R0]-[#6D2v4+0H2R0])#[#7D1v3+0H0R0]
Bit1036,795957582,[#7D3v4+1H0R](-[#26D6v6+0H0R](-[#7D3v4+1H0R])(-[#7D3v4+1H0R])(-[#7D3v4+1H0R])(-[#7D3v4+1H0R])-[#7D3v4+1H0R])(:[#7D3v3+0H0R](-[#6D3v3+1H0R]):[#6D3v4+0H0R]):[#6D3v4+0H0R](-[#6D1v4+0H3R0]):[#6D2v4+0H1R]
Bit1037,399320277,[#6D2v4+0H2R0](-[#17D1v1+0H0R0])-[#6D2v4+0H2R0]-[#7D3v3+0H0R]
Bit1038,1730334812,[#7D3v4+1H0R](-[#26D6v6+0H0R](-[#7D3v4+1H0R])(-[#7D3v4+1H0R])(-[#7D2v4+1H2R])(-[#7D2v4+1H2R])-[#7D2v4+1H2R])(:[#6D3v4+0H0R](-[#6D2v4+0H2R]):[#6D2v4+0H1R]):[#6D2v4+0H1R]:[#6D2v4+0H1R]
Bit1039,391349624,[#7D3v3+0H0R](-[#7D2v3+0H0R0]=[#6D2v4+0H1R0])(:[#6D3v4+0H0R](-[#6D3v4+0H0R]):[#7D2v3+0H0R]):[#6D3v4+0H0R](-[#6D3v4+0H0R]):[#7D3v4+1H0R]
Bit1040,590157156,[#5D4v4-1H0R](-[#7D3v3+0H0R])(-[#7D3v3+0H0R])(-[#7D3v3+0H0R])-[#7D3v3+0H0R]
Bit1041,1737783799,[#6D1v4+0H3R0]
Bit1042,1737814222,[#6D3v4+0H0R](:[#6D2v4+0H1R]:[#6D3v4+0H0R])(:[#6D2v4+0H1R]:[#6D2v4+0H1R]):[#6D3v4+0H0R](:[#6D2v4+0H1R]):[#6D2v4+0H1R]
Bit1043,1752676870,[#6D3v4+0H0R](-[#6D1v4+0H3R0])(:[#6D2v4+0H1R]:[#7D3v3+0H0R]):[#6D2v4+0H1R]:[#7D3v4+1H0R]
Bit1044,1740743198,[#6D2v4+0H1R](:[#7D3v4+1H0R](-[#26D6v6+0H0R]):[#6D3v4+0H0R]):[#6D2v4+0H1R]:[#7D2v3+0H0R]
Bit1045,174351909,[#7D3v4+1H0R](-[#26D6v6+0H0R](-[#7D3v4+1H0R])(-[#7D3v4+1H0R])(-[#7D3v4+1H0R])(-[#7D3v4+1H0R])-[#7D3v4+1H0R])(:[#6D3v4+0H0R](:[#6D3v4+0H0R]):[#6D2v4+0H1R]):[#6D3v4+0H0R](-[#6D3v4+0H0R]):[#7D2v3+0H1R]
Bit1046,1746331391,[#53D1v1+0H0R0]-[#6D3v4+0H0R]
Bit1047,1746527097,[#6D3v4+0H0R](-[#6D2v4+0H2R]-[#7D3v4+1H1R])(:[#6D2v4+0H1R]:[#6D2v4+0H1R]):[#7D3v4+1H0R](-[#26D6v6+0H0R]):[#6D2v4+0H1R]
Bit1048,515009274,[#6D3v4+0H0R](-[#6D4v4+0H0R0](-[#6D3v4+0H0R])(-[#6D3v4+0H0R])-[#7D3v3+0H0R])(:[#6D2v4+0H1R]:[#6D2v4+0H1R]):[#6D2v4+0H1R]:[#6D2v4+0H1R]
Bit1049,1752676870,[#6D3v4+0H0R](-[#6D1v4+0H3R0])(:[#6D2v4+0H1R]:[#7D3v3+0H0R]):[#6D2v4+0H1R]:[#7D3v4+1H0R]
Bit1050,39617711,[#6D2v4+0H1R](:[#6D3v4+0H0R](-[#7D3v3+0H0R]):[#7D3v4+1H0R]):[#6D3v4+0H0R](-[#53D1v1+0H0R0]):[#6D2v4+0H1R]
Bit1051,498951039,[#35D1v1+0H0R0]-[#6D3v4+0H0R]
Bit1052,54265040,[#6D2v4+0H1R](:[#6D2v4+0H1R]:[#6D2v4+0H1R]):[#6D3v4+0H0R](-[#6D4v4+0H0R]):[#7D3v4+1H0R]
Bit1053,1773022290,[#6D2v4+0H1R](:[#6D2v4+0H1R]):[#7D2v4+1H1R]
Bit1054,1773561345,[#6D2v4+0H1R](:[#6D2v4+0H1R]:[#6D2v4+0H1R]):[#6D3v4+0H0R](-[#6D3v4+0H0R]):[#7D3v4+1H0R]
Bit1055,1775236613,[#7D2v3+0H0R](-[#6D3v4+0H0R])=[#7D3v4+1H0R]
Bit1056,1775454271,[#6D2v4+0H2R](-[#6D2v4+0H2R]-[#6D2v4+0H2R])-[#6D3v4+0H1R](-[#7D3v4+1H1R])-[#6D3v4+0H1R]
Bit1057,1778063126,[#7D2v3+0H0R](:[#7D3v3+0H0R](-[#6D1v4+0H3R0]):[#6D2v4+0H1R]):[#6D3v4+0H0R](-[#6D3v4+0H0R]):[#7D3v4+1H0R]
Bit1058,557079906,[#6D3v4+0H0R](-[#6D3v4+0H0R](:[#7D2v3+0H0R]):[#7D2v3+0H1R])(:[#6D2v4+0H1R]:[#6D2v4+0H1R]):[#16D2v2+0H0R]:[#6D2v4+0H1R]
Bit1059,1783575836,[#6D2v4+0H2R0](-[#6D2v4+0H2R0])-[#6D1v4+0H3R0]
Bit1060,1785050323,[#6D3v4+0H0R](-[#6D3v4+0H0R])(:[#6D2v4+0H1R]):[#6D2v4+0H1R]
Bit1061,436073179,[#6D2v4+0H1R](:[#6D2v4+0H1R]:[#6D3v4+0H0R]):[#16D2v2+0H0R]:[#6D2v4+0H1R]
Bit1062,486012057,[#6D2v4+0H2R](-[#6D3v4+0H0R](:[#6D3v4+0H0R]):[#6D2v4+0H1R])-[#6D2v4+0H2R]-[#6D3v4+0H0R]
Bit1063,564205442,[#7D4v4+1H0R](-[#6D2v4+0H2R]-[#6D2v4+0H2R])(-[#6D2v4+0H2R]-[#6D2v4+0H2R])(-[#26D6v6+0H0R](-[#7D2v4+1H0R0])(-[#7D2v4+1H0R0])(-[#7D2v4+1H0R0])(-[#7D4v4+1H0R])-[#7D4v4+1H0R])-[#6D1v4+0H3R0]
Bit1064,510275471,[#6D3v4+0H0R](:[#6D2v4+0H1R]:[#6D2v4+0H1R])(:[#7D3v3+0H0R](-[#26D6v6+0H0R]):[#6D3v4+0H0R]):[#6D3v4+0H0R](:[#7D2v3+0H0R]):[#6D2v4+0H1R]
Bit1065,1792278413,[#6D3v4+0H0R](-[#6D1v4+0H3R0])(:[#6D2v4+0H1R]:[#6D3v4+0H0R]):[#7D3v3+0H0R](-[#6D2v4+0H2R]):[#7D3v4+1H0R]
Bit1066,1793994073,[#6D2v4+0H2R](-[#6D2v4+0H2R]-[#6D2v4+0H2R])-[#7D3v4+1H0R](-[#26D6v6+0H0R])=[#6D3v4+0H0R]
Bit1067,719824890,[#6D3v4+0H0R](-[#6D3v4+0H0R](-[#6D1v4+0H3R0])=[#7D3v4+1H0R])(:[#7D3v4+1H0R](-[#26D6v6+0H0R]):[#6D3v4+0H0R]):[#6D2v4+0H1R]:[#6D2v4+0H1R]
Bit1068,758496557,[#6D2v4+0H2R0](-[#53D1v1+0H0R0])-[#6D2v4+0H2R0]-[#7D3v3+0H0R]
Bit1069,982166874,[#6D2v4+0H2R](-[#7D2v3+0H0R])-[#6D2v4+0H2R]
Bit1070,915236254,[#6D3v4+0H0R](-[#6D3v4+0H0R])(-[#6D3v4+0H0R])=[#6D3v4+0H0R]
Bit1071,1812777359,[#6D3v4+0H0R](-[#7D2v3+0H1R]-[#6D3v4+0H0R])(:[#6D2v4+0H1R]:[#7D2v3+0H0R]):[#7D3v4+1H0R](-[#26D6v6+0H0R]):[#6D2v4+0H1R]
Bit1072,590157156,[#5D4v4-1H0R](-[#7D3v3+0H0R])(-[#7D3v3+0H0R])(-[#7D3v3+0H0R])-[#7D3v3+0H0R]
Bit1073,574037745,[#7D2v3+0H0R](:[#6D3v4+0H0R]):[#7D2v3+0H0R]
Bit1074,997963802,[#6D4v4+0H0R](-[#7D3v4+1H0R](-[#26D6v6+0H0R])=[#6D3v4+0H0R])(-[#6D1v4+0H3R0])(-[#6D1v4+0H3R0])-[#6D2v4+0H2R]-[#16D2v2+0H0R]
Bit1075,684737872,[#7D3v4+1H0R](-[#26D6v6+0H0R](-[#7D3v4+1H0R])(-[#7D3v4+1H0R])(-[#7D3v4+1H0R])(-[#7D3v4+1H0R])-[#7D3v4+1H0R])(:[#7D3v3+0H0R](-[#6D3v4+0H0R]):[#6D2v4+0H1R]):[#6D3v4+0H0R](-[#6D2v4+0H2R0]):[#6D2v4+0H1R]
Bit1076,779259036,[#6D3v4+0H0R](-[#7D3v3+0H0R](-[#6D3v4+0H0R])-[#6D3v4+0H0R])(:[#7D3v4+1H0R](-[#26D6v6+0H0R]):[#6D3v4+0H0R]):[#6D2v4+0H1R]:[#6D2v4+0H1R]
Bit1077,875367570,[#26D6v6+0H0R](-[#7D3v4+1H1R](-[#6D2v4+0H2R])-[#6D2v4+0H2R])(-[#7D3v4+1H1R](-[#6D2v4+0H2R])-[#6D2v4+0H2R])(-[#7D2v4+1H0R0]#[#6D2v4+0H0R0])(-[#7D2v4+1H0R0]#[#6D2v4+0H0R0])(-[#7D3v4+1H0R](:[#6D3v4+0H0R]):[#6D2v4+0H1R])-[#7D3v4+1H0R](:[#6D3v4+0H0R]):[#6D2v4+0H1R]
Bit1078,1833013854,[#6D2v4+0H1R](:[#6D3v4+0H0R](-[#6D1v4+0H3R0]):[#6D3v4+0H0R]):[#6D2v4+0H1R]:[#6D2v4+0H1R]
Bit1079,792028616,[#6D3v4+0H0R](-[#6D1v4+0H3R0])(:[#7D2v3+0H0R]):[#6D2v4+0H1R]
Bit1080,1845757864,[#7D3v3+0H0R](-[#6D1v4+0H3R0])(:[#7D2v3+0H0R]:[#7D3v4+1H0R]):[#7D2v3+0H0R]:[#6D3v4+0H0R]
Bit1081,248165198,[#6D3v4+0H0R](-[#6D3v4+0H1R0](-[#6D1v4+0H3R0])-[#6D1v4+0H3R0])(:[#6D2v4+0H1R]:[#6D2v4+0H1R]):[#7D3v4+1H0R](-[#26D6v6+0H0R]):[#7D3v3+0H0R]
Bit1082,1841832058,[#7D2v3+0H1R](-[#6D3v4+0H0R](:[#7D3v4+1H0R]):[#6D2v4+0H1R])-[#6D3v4+0H0R](:[#7D3v4+1H0R]):[#6D2v4+0H1R]
Bit1083,1843157038,[#7D3v4+1H0R](-[#26D6v6+0H0R](-[#7D3v4+1H0R])(-[#7D3v4+1H0R])(-[#7D3v4+1H0R])(-[#7D2v3+0H0R0])-[#7D2v3+0H0R0])(:[#6D2v4+0H1R]:[#6D2v4+0H1R]):[#6D3v4+0H0R](-[#6D3v4+0H0R]):[#6D2v4+0H1R]
Bit1084,1844342153,[#6D3v4+0H0R](-[#6D2v4+0H2R0]-[#8D1v2+0H1R0])(:[#6D2v4+0H1R]:[#6D3v4+0H0R]):[#6D2v4+0H1R]:[#6D3v4+0H0R]
Bit1085,911259134,[#6D2v4+0H1R](:[#6D2v4+0H1R]:[#7D3v3+0H0R]):[#6D3v4+0H0R](-[#6D4v4+0H0R0]):[#7D3v4+1H0R]
Bit1086,1845757864,[#7D3v3+0H0R](-[#6D1v4+0H3R0])(:[#7D2v3+0H0R]:[#7D3v4+1H0R]):[#7D2v3+0H0R]:[#6D3v4+0H0R]
Bit1087,715896429,[#6D4v4+0H0R0](-[#5D4v4-1H0R])(-[#6D1v4+0H3R0])(-[#6D1v4+0H3R0])-[#6D1v4+0H3R0]
Bit1088,1849580702,[#7D2v3+0H0R](:[#6D3v4+0H0R]):[#16D2v2+0H0R]
Bit1089,1851148547,[#6D3v4+0H0R](-[#6D1v4+0H3R0])(:[#7D3v4+1H0R]):[#6D2v4+0H1R]
Bit1090,1851841865,[#6D2v4+0H1R](:[#6D2v4+0H1R]:[#7D2v3+0H1R]):[#6D3v4+0H0R](-[#6D3v4+0H0R]):[#7D3v4+1H0R]
Bit1091,779259036,[#6D3v4+0H0R](-[#7D3v3+0H0R](-[#6D3v4+0H0R])-[#6D3v4+0H0R])(:[#7D3v4+1H0R](-[#26D6v6+0H0R]):[#6D3v4+0H0R]):[#6D2v4+0H1R]:[#6D2v4+0H1R]
Bit1092,1855449683,[#26D6v6+0H0R](-[#7D3v4+1H0R])(-[#7D3v4+1H0R])(-[#7D3v4+1H0R])(-[#7D4v4+1H0R])(-[#7D4v4+1H0R])-[#7D4v4+1H0R]
Bit1093,1856540387,[#6D3v4+0H0R](-[#7D3v3+0H0R](:[#7D3v4+1H0R]):[#6D2v4+0H1R])(:[#7D3v4+1H0R](-[#26D6v6+0H0R]):[#6D3v4+0H0R]):[#6D2v4+0H1R]:[#6D2v4+0H1R]
Bit1094,1856636033,[#6D3v4+0H0R](-[#6D2v4+0H1R])(:[#7D3v4+1H0R]):[#6D2v4+0H1R]
Bit1095,1901450568,[#6D2v4+0H2R](-[#7D2v4+1H2R]-[#26D6v6+0H0R])-[#6D3v4+0H0R](:[#7D3v4+1H0R]):[#6D2v4+0H1R]
Bit1096,2012568070,[#6D3v4+0H0R](-[#53D1v1+0H0R0])(:[#6D2v4+0H1R]:[#7D3v3+0H0R]):[#6D2v4+0H1R]:[#7D3v4+1H0R]
Bit1097,1866504608,[#6D3v4+0H0R](-[#7D2v3+0H0R]=[#7D3v4+1H0R])(:[#7D3v3+0H0R](-[#6D2v4+0H2R0]):[#6D2v4+0H1R]):[#7D3v4+1H0R](-[#26D6v6+0H0R]):[#6D2v4+0H1R]
Bit1098,997963802,[#6D4v4+0H0R](-[#7D3v4+1H0R](-[#26D6v6+0H0R])=[#6D3v4+0H0R])(-[#6D1v4+0H3R0])(-[#6D1v4+0H3R0])-[#6D2v4+0H2R]-[#16D2v2+0H0R]
Bit1099,758496557,[#6D2v4+0H2R0](-[#53D1v1+0H0R0])-[#6D2v4+0H2R0]-[#7D3v3+0H0R]
Bit1100,1948603620,[#6D2v4+0H1R](:[#6D2v4+0H1R]:[#6D3v4+0H0R]):[#6D3v4+0H0R](-[#8D1v2+0H1R0]):[#6D2v4+0H1R]
Bit1101,930676317,[#6D3v4+0H0R](-[#6D3v4+0H0R0])(:[#7D3v4+1H0R]):[#6D2v4+0H1R]
Bit1102,347137976,[#26D6v6+0H0R](-[#7D4v4+1H0R](-[#6D2v4+0H2R])(-[#6D2v4+0H2R])-[#6D2v4+0H2R])(-[#7D2v4+1H2R]-[#6D2v4+0H2R])(-[#7D2v3+0H0R0]=[#6D2v4+0H0R0])(-[#7D2v3+0H0R0]=[#6D2v4+0H0R0])(-[#7D3v4+1H0R](:[#6D3v4+0H0R]):[#6D2v4+0H1R])-[#7D3v4+1H0R](:[#6D3v4+0H0R]):[#6D2v4+0H1R]
Bit1103,1873522968,[#6D3v4+0H0R](-[#6D3v4+0H0R])(:[#7D3v4+1H0R]):[#7D2v3+0H0R]
Bit1104,1876845093,[#8D1v2+0H0R0]=[#6D3v4+0H0R]
Bit1105,808981826,[#6D2v4+0H2R](-[#6D3v4+0H0R](:[#7D3v4+1H0R]):[#6D2v4+0H1R])-[#7D4v4+1H0R](-[#6D2v4+0H2R])(-[#26D6v6+0H0R])-[#6D1v4+0H3R0]
Bit1106,954504516,[#6D2v4+0H2R](-[#6D2v4+0H2R]-[#6D2v4+0H2R])-[#6D3v4+0H1R](-[#7D4v4+1H0R])-[#6D3v4+0H1R]
Bit1107,436073179,[#6D2v4+0H1R](:[#6D2v4+0H1R]:[#6D3v4+0H0R]):[#16D2v2+0H0R]:[#6D2v4+0H1R]
Bit1108,76430452,[#8D2v2+0H0R0](-[#6D3v4+0H0R])-[#6D1v4+0H3R0]
Bit1109,1897099792,[#7D2v3+0H0R](:[#7D2v3+0H0R]:[#7D3v4+1H0R]):[#7D3v3+0H0R](-[#6D1v4+0H3R0]):[#6D2v4+0H1R]
Bit1110,1898402259,[#6D2v4+0H1R](:[#6D3v4+0H0R](-[#7D3v3+0H0R]):[#7D3v4+1H0R]):[#6D3v4+0H0R](-[#6D2v4+0H2R0]):[#6D2v4+0H1R]
Bit1111,612574731,[#6D1v4+0H1R0]
Bit1112,1900961540,[#7D3v4+1H0R](-[#26D6v6+0H0R](-[#7D3v4+1H0R])(-[#7D3v4+1H0R])(-[#7D3v4+1H0R])(-[#7D3v4+1H0R])-[#7D3v4+1H0R])(:[#6D2v4+0H1R]:[#7D2v3+0H1R]):[#6D3v4+0H0R](-[#6D3v4+0H0R]):[#7D2v3+0H0R]
Bit1113,1901395422,[#6D3v4+0H0R](-[#6D3v4+0H0R])(:[#7D3v4+1H0R]):[#6D2v4+0H1R]
Bit1114,1901450568,[#6D2v4+0H2R](-[#7D2v4+1H2R]-[#26D6v6+0H0R])-[#6D3v4+0H0R](:[#7D3v4+1H0R]):[#6D2v4+0H1R]
Bit1115,977500979,[#6D3v4+0H0R](-[#6D3v4+0H0R](:[#7D3v4+1H0R]):[#6D2v4+0H1R])(:[#7D3v3+0H0R](-[#7D2v3+0H1R0]):[#6D3v4+0H0R]):[#7D3v4+1H0R](-[#26D6v6+0H0R]):[#7D2v3+0H0R]
Bit1116,975716933,[#6D2v4+0H0R0](-[#6D2v4+0H2R0]-[#6D2v4+0H2R0])#[#7D1v3+0H0R0]
Bit1117,1910054662,[#26D6v6+0H0R](-[#7D3v4+1H0R])(-[#7D3v4+1H0R])(-[#7D3v4+1H0R])(-[#7D3v4+1H0R])(-[#7D2v3+0H0R0])-[#7D2v3+0H0R0]
Bit1118,1911285645,[#7D3v4+1H0R](-[#26D6v6+0H0R](-[#7D3v4+1H0R])(-[#7D3v4+1H0R])(-[#7D3v4+1H0R])(-[#7D3v4+1H0R])-[#7D3v4+1H0R])(:[#6D3v4+0H0R](-[#7D2v3+0H1R]):[#6D2v4+0H1R]):[#6D2v4+0H1R]:[#6D2v4+0H1R]
Bit1119,191434192,[#6D3v4+0H0R](-[#6D3v4+0H0R](:[#7D2v3+0H0R]):[#6D2v4+0H1R])(:[#7D2v3+0H0R]:[#7D3v4+1H0R]):[#7D3v3+0H0R](-[#6D3v4+0H0R]):[#6D3v4+0H0R]
Bit1120,794862962,[#6D2v4+0H2R](-[#6D3v4+0H0R])-[#6D3v4+0H0R]
Bit1121,1928278287,[#8D1v2+0H1R0]
Bit1122,1930028609,[#7D3v4+1H0R](-[#26D6v6+0H0R])(-[#6D3v4+0H1R0])=[#6D2v4+0H1R]
Bit1123,436073179,[#6D2v4+0H1R](:[#6D2v4+0H1R]:[#6D3v4+0H0R]):[#16D2v2+0H0R]:[#6D2v4+0H1R]
Bit1124,194214842,[#7D3v4+1H0R](-[#26D6v6+0H0R](-[#7D3v4+1H0R])(-[#7D3v4+1H0R])(-[#7D3v4+1H0R])(-[#7D2v3+0H0R0])-[#7D2v3+0H0R0])(:[#6D3v4+0H0R](-[#7D1v3+0H2R0]):[#16D2v2+0H0R]):[#6D3v4+0H0R](-[#6D3v4+0H0R]):[#6D2v4+0H1R]
Bit1125,1945779656,[#6D2v4+0H2R0](-[#6D3v4+0H0R])-[#7D4v4+1H0R]
Bit1126,681316610,[#6D2v4+0H1R](:[#7D3v4+1H0R](-[#26D6v6+0H0R]):[#7D3v3+0H0R]):[#6D3v4+0H0R](-[#17D1v1+0H0R0]):[#6D2v4+0H1R]
Bit1127,1948603620,[#6D2v4+0H1R](:[#6D2v4+0H1R]:[#6D3v4+0H0R]):[#6D3v4+0H0R](-[#8D1v2+0H1R0]):[#6D2v4+0H1R]
Bit1128,954504516,[#6D2v4+0H2R](-[#6D2v4+0H2R]-[#6D2v4+0H2R])-[#6D3v4+0H1R](-[#7D4v4+1H0R])-[#6D3v4+0H1R]
Bit1129,2111982078,[#7D3v3+0H0R](-[#7D1v3+0H2R0])(:[#6D3v4+0H0R]):[#6D3v4+0H0R]
Bit1130,459522686,[#7D3v3+0H0R](-[#5D3v4-1H1R](-[#7D3v3+0H0R])-[#7D3v3+0H0R])(:[#7D3v4+1H0R](-[#26D6v6+0H0R]):[#6D3v4+0H0R]):[#6D3v4+0H0R](-[#6D1v4+0H3R0]):[#6D3v4+0H0R]
Bit1131,1960802568,[#6D3v4+0H0R](-[#6D2v4+0H2R0]-[#6D1v4+0H3R0])(:[#6D2v4+0H1R]:[#6D2v4+0H1R]):[#6D3v4+0H0R](-[#7D3v3+0H0R]):[#6D3v4+0H0R]
Bit1132,668556738,[#26D6v6+0H0R](-[#7D4v4+1H0R](-[#6D2v4+0H2R])(-[#6D2v4+0H2R])-[#6D2v4+0H2R])(-[#7D3v4+1H0R](-[#6D2v4+0H2R])=[#6D3v4+0H0R0])(-[#7D2v3+0H0R0]=[#6D2v4+0H0R0])(-[#7D2v3+0H0R0]=[#6D2v4+0H0R0])(-[#7D3v4+1H0R](:[#6D3v4+0H0R]):[#6D2v4+0H1R])-[#7D3v4+1H0R](:[#6D3v4+0H0R]):[#6D2v4+0H1R]
Bit1133,1963910033,[#6D3v4+0H0R](-[#6D1v4+0H3R0])(:[#6D3v4+0H0R](-[#6D3v4+0H0R]):[#6D3v4+0H0R]):[#6D3v4+0H0R](-[#6D1v4+0H3R0]):[#6D3v4+0H0R]
Bit1134,1968766682,[#16D2v2+0H0R](-[#6D3v4+0H0R])-[#6D2v4+0H1R]
Bit1135,1968910075,[#6D3v4+0H0R](-[#7D3v4+1H0R])(:[#6D2v4+0H1R]):[#6D2v4+0H1R]
Bit1136,792028616,[#6D3v4+0H0R](-[#6D1v4+0H3R0])(:[#7D2v3+0H0R]):[#6D2v4+0H1R]
Bit1137,1971365375,[#6D2v4+0H2R0](-[#17D1v1+0H0R0])-[#6D2v4+0H2R0]-[#6D2v4+0H2R0]
Bit1138,1974247263,[#7D3v4+1H0R](-[#26D6v6+0H0R](-[#7D3v4+1H0R])(-[#7D3v4+1H0R])(-[#7D3v4+1H0R])(-[#7D3v4+1H0R])-[#7D3v4+1H0R])(:[#7D2v3+0H1R]:[#6D3v4+0H0R]):[#6D3v4+0H0R](-[#6D3v4+0H0R]):[#6D2v4+0H1R]
Bit1139,1977739789,[#6D2v4+0H0R0](-[#6D3v4+0H0R](:[#6D2v4+0H1R]):[#6D2v4+0H1R])#[#6D2v4+0H0R0]-[#6D3v4+0H0R]
Bit1140,982166874,[#6D2v4+0H2R](-[#7D2v3+0H0R])-[#6D2v4+0H2R]
Bit1141,887805242,[#6D3v4+0H1R](-[#7D3v4+1H0R])(-[#6D2v4+0H2R0])-[#6D2v4+0H2R]
Bit1142,590157156,[#5D4v4-1H0R](-[#7D3v3+0H0R])(-[#7D3v3+0H0R])(-[#7D3v3+0H0R])-[#7D3v3+0H0R]
Bit1143,1991248063,[#7D3v4+1H0R](-[#26D6v6+0H0R](-[#7D3v4+1H0R])(-[#7D3v4+1H0R])(-[#7D3v4+1H0R])(-[#7D3v4+1H0R])-[#7D3v4+1H0R])(:[#6D3v4+0H0R](-[#6D1v4+0H3R0]):[#6D3v4+0H0R]):[#6D3v4+0H0R](-[#6D2v4+0H1R]):[#6D2v4+0H1R]
Bit1144,1992988605,[#6D2v4+0H2R](-[#6D2v4+0H2R]-[#6D2v4+0H2R])-[#7D2v3+0H1R]-[#6D3v4+0H0R]
Bit1145,1996961324,[#6D3v4+0H0R](:[#6D3v4+0H0R](:[#6D3v4+0H0R]):[#6D2v4+0H1R])(:[#6D2v4+0H1R]:[#6D2v4+0H1R]):[#6D2v4+0H1R]:[#6D2v4+0H1R]
Bit1146,586811433,[#6D2v4+0H1R](-[#6D3v4+0H0R](:[#7D3v4+1H0R]):[#7D2v3+0H1R])=[#7D3v4+1H0R](-[#6D3v4+0H0R])-[#26D6v6+0H0R]
Bit1147,2012568070,[#6D3v4+0H0R](-[#53D1v1+0H0R0])(:[#6D2v4+0H1R]:[#7D3v3+0H0R]):[#6D2v4+0H1R]:[#7D3v4+1H0R]
Bit1148,2012667341,[#6D3v4+0H0R](:[#7D3v4+1H0R](-[#26D6v6+0H0R]):[#6D3v4+0H0R])(:[#6D3v4+0H0R](:[#6D2v4+0H1R]):[#6D2v4+0H1R]):[#6D3v4+0H0R](:[#6D3v4+0H0R]):[#7D3v4+1H0R]
Bit1149,2013476801,[#6D2v4+0H2R0](-[#7D3v3+0H0R](:[#7D2v3+0H0R]):[#6D2v4+0H1R])-[#6D2v4+0H2R0]-[#6D2v4+0H2R0]
Bit1150,714722353,[#7D3v4+1H0R](-[#6D2v4+0H2R])(-[#26D6v6+0H0R])=[#6D2v4+0H1R]
Bit1151,975716933,[#6D2v4+0H0R0](-[#6D2v4+0H2R0]-[#6D2v4+0H2R0])#[#7D1v3+0H0R0]
Bit1152,2015178934,[#6D2v4+0H1R](:[#7D3v4+1H0R](-[#26D6v6+0H0R0]):[#6D2v4+0H1R]):[#6D2v4+0H1R]:[#6D2v4+0H1R]
Bit1153,2062909615,[#6D2v4+0H2R0](-[#6D2v4+0H2R0])-[#35D1v1+0H0R0]
Bit1154,985938068,[#7D2v3+0H0R](:[#7D3v4+1H0R](-[#26D6v6+0H0R]):[#6D3v4+0H0R]):[#7D3v3+0H0R](-[#6D2v4+0H2R0]):[#7D2v3+0H0R]
Bit1155,779259036,[#6D3v4+0H0R](-[#7D3v3+0H0R](-[#6D3v4+0H0R])-[#6D3v4+0H0R])(:[#7D3v4+1H0R](-[#26D6v6+0H0R]):[#6D3v4+0H0R]):[#6D2v4+0H1R]:[#6D2v4+0H1R]
Bit1156,299463395,[#14D4v4+0H0R0]
Bit1157,794862962,[#6D2v4+0H2R](-[#6D3v4+0H0R])-[#6D3v4+0H0R]
Bit1158,978495103,[#6D3v4+0H0R](:[#7D3v4+1H0R](-[#26D6v6+0H0R]):[#6D3v4+0H0R])(:[#6D2v4+0H1R]:[#6D2v4+0H1R]):[#6D3v4+0H0R](:[#7D2v3+0H1R]):[#6D2v4+0H1R]
Bit1159,997963802,[#6D4v4+0H0R](-[#7D3v4+1H0R](-[#26D6v6+0H0R])=[#6D3v4+0H0R])(-[#6D1v4+0H3R0])(-[#6D1v4+0H3R0])-[#6D2v4+0H2R]-[#16D2v2+0H0R]
Bit1160,2045514890,[#7D2v3+0H1R](:[#6D2v4+0H1R]):[#6D2v4+0H1R]
Bit1161,706553852,[#8D2v2+0H0R](-[#6D2v4+0H2R]-[#6D4v4+0H0R])-[#6D3v4+0H0R](-[#6D3v4+0H0R])=[#7D3v4+1H0R]
Bit1162,2052630668,[#26D6v6+0H0R](-[#7D4v4+1H0R](-[#6D2v4+0H2R])(-[#6D2v4+0H2R])-[#6D2v4+0H2R])(-[#7D3v4+1H1R](-[#6D2v4+0H2R])-[#6D2v4+0H2R])(-[#7D3v4+1H1R](-[#6D2v4+0H2R])-[#6D2v4+0H2R])(-[#7D3v4+1H0R](:[#6D3v4+0H0R]):[#6D2v4+0H1R])(-[#7D3v4+1H0R](:[#6D3v4+0H0R]):[#6D2v4+0H1R])-[#7D3v4+1H0R](:[#6D3v4+0H0R]):[#6D2v4+0H1R]
Bit1163,794862962,[#6D2v4+0H2R](-[#6D3v4+0H0R])-[#6D3v4+0H0R]
Bit1164,866987023,[#6D2v4+0H0R0](-[#6D3v4+0H0R0])#[#7D1v3+0H0R0]
Bit1165,633562067,[#6D2v4+0H1R](:[#16D2v2+0H0R]:[#6D2v4+0H1R]):[#6D3v4+0H0R](-[#6D3v4+0H0R]):[#7D3v4+1H0R]
Bit1166,590157156,[#5D4v4-1H0R](-[#7D3v3+0H0R])(-[#7D3v3+0H0R])(-[#7D3v3+0H0R])-[#7D3v3+0H0R]
Bit1167,2062909615,[#6D2v4+0H2R0](-[#6D2v4+0H2R0])-[#35D1v1+0H0R0]
Bit1168,478839344,[#7D2v3+0H0R](:[#6D2v4+0H1R]:[#6D2v4+0H1R]):[#6D2v4+0H1R]:[#6D2v4+0H1R]
Bit1169,2071166968,[#7D2v3+0H0R](:[#6D3v4+0H0R]):[#7D3v3+0H0R]
Bit1170,997963802,[#6D4v4+0H0R](-[#7D3v4+1H0R](-[#26D6v6+0H0R])=[#6D3v4+0H0R])(-[#6D1v4+0H3R0])(-[#6D1v4+0H3R0])-[#6D2v4+0H2R]-[#16D2v2+0H0R]
Bit1171,426855091,[#7D3v4+1H0R](-[#26D6v6+0H0R](-[#7D3v4+1H0R])(-[#7D3v4+1H0R])(-[#7D3v4+1H0R])(-[#7D3v4+1H0R])-[#7D3v4+1H0R])(:[#7D3v3+0H0R](-[#6D2v4+0H2R]):[#6D2v4+0H1R]):[#6D3v4+0H0R](-[#6D3v4+0H0R]):[#6D2v4+0H1R]
Bit1172,718006524,[#6D3v4+0H0R](-[#6D3v4+0H0R](:[#7D2v3+0H1R]):[#6D2v4+0H1R])(:[#6D3v4+0H0R](-[#6D1v4+0H3R0]):[#6D2v4+0H1R]):[#6D3v4+0H0R](-[#6D1v4+0H3R0]):[#6D2v4+0H1R]
Bit1173,207762045,[#6D2v4+0H1R](:[#7D3v4+1H0R](-[#26D6v6+0H0R]):[#6D3v4+0H0R]):[#6D3v4+0H0R](-[#6D1v4+0H3R0]):[#6D2v4+0H1R]
Bit1174,754666517,[#6D3v4+0H0R](-[#6D3v4+0H0R](:[#7D3v4+1H0R]):[#6D2v4+0H1R])(:[#6D3v4+0H0R](:[#6D2v4+0H1R]):[#7D3v3+0H0R]):[#7D3v4+1H0R](-[#26D6v6+0H0R]):[#7D2v3+0H0R]
Bit1175,318584828,[#6D2v4+0H1R](:[#7D3v3+0H0R](-[#6D3v4+0H1R]):[#7D3v4+1H0R]):[#6D2v4+0H1R]:[#6D3v4+0H0R]
Bit1176,916120393,[#6D2v4+0H2R](-[#6D2v4+0H2R]-[#7D2v4+1H2R])-[#7D3v4+1H0R](-[#26D6v6+0H0R])=[#6D3v4+0H0R]
Bit1177,2089412324,[#6D2v4+0H2R0](-[#6D3v4+0H0R])-[#8D1v2+0H1R0]
Bit1178,780177087,[#7D2v3+0H1R](:[#6D3v4+0H0R]):[#7D2v3+0H0R]
Bit1179,2090674745,[#6D2v4+0H1R](:[#6D3v4+0H0R]):[#7D2v3+0H1R]
Bit1180,515009274,[#6D3v4+0H0R](-[#6D4v4+0H0R0](-[#6D3v4+0H0R])(-[#6D3v4+0H0R])-[#7D3v3+0H0R])(:[#6D2v4+0H1R]:[#6D2v4+0H1R]):[#6D2v4+0H1R]:[#6D2v4+0H1R]
Bit1181,949954142,[#6D3v4+0H0R](-[#8D1v2+0H1R0])(:[#6D2v4+0H1R]:[#6D3v4+0H0R]):[#7D3v3+0H0R](-[#6D3v4+0H0R]):[#7D3v4+1H0R]
Bit1182,2095419727,[#7D3v4+1H0R](-[#26D6v6+0H0R](-[#7D3v4+1H0R])(-[#7D3v4+1H0R])(-[#7D3v4+1H0R])(-[#7D3v4+1H0R])-[#7D3v4+1H0R])(:[#6D3v4+0H0R](-[#6D3v4+0H0R]):[#6D3v4+0H0R]):[#6D2v4+0H1R]:[#6D2v4+0H1R]
Bit1183,2097286548,[#7D4v4+1H0R](-[#26D6v6+0H0R](-[#7D3v4+1H0R])(-[#7D3v4+1H0R])(-[#7D3v4+1H0R])(-[#7D3v4+1H0R])-[#7D2v4+1H2R])(-[#6D2v4+0H2R]-[#6D2v4+0H2R])(-[#6D2v4+0H2R]-[#6D3v4+0H0R])-[#6D2v4+0H2R]-[#6D3v4+0H0R]
Bit1184,515009274,[#6D3v4+0H0R](-[#6D4v4+0H0R0](-[#6D3v4+0H0R])(-[#6D3v4+0H0R])-[#7D3v3+0H0R])(:[#6D2v4+0H1R]:[#6D2v4+0H1R]):[#6D2v4+0H1R]:[#6D2v4+0H1R]
Bit1185,2099030737,[#6D3v4+0H0R0](-[#6D1v4+0H3R0])(-[#6D1v4+0H3R0])=[#7D3v4+1H0R](-[#6D2v4+0H2R])-[#26D6v6+0H0R]
Bit1186,2101243081,[#6D3v4+0H0R](-[#6D3v4+0H0R])(-[#6D1v4+0H3R0])=[#7D3v4+1H0R]
Bit1187,2106922260,[#34D1v2+0H0R0]=[#6D2v4+0H0R0]
Bit1188,866987023,[#6D2v4+0H0R0](-[#6D3v4+0H0R0])#[#7D1v3+0H0R0]
Bit1189,2111982078,[#7D3v3+0H0R](-[#7D1v3+0H2R0])(:[#6D3v4+0H0R]):[#6D3v4+0H0R]
Bit1190,700767464,[#6D3v4+0H0R](:[#7D3v4+1H0R](-[#26D6v6+0H0R]):[#6D2v4+0H1R])(:[#6D3v4+0H0R](:[#7D2v3+0H0R]):[#6D2v4+0H1R]):[#6D3v4+0H0R](:[#6D3v4+0H0R]):[#7D3v4+1H0R]
Bit1191,780177087,[#7D2v3+0H1R](:[#6D3v4+0H0R]):[#7D2v3+0H0R]
Bit1192,318584828,[#6D2v4+0H1R](:[#7D3v3+0H0R](-[#6D3v4+0H1R]):[#7D3v4+1H0R]):[#6D2v4+0H1R]:[#6D3v4+0H0R]
Bit1193,949954142,[#6D3v4+0H0R](-[#8D1v2+0H1R0])(:[#6D2v4+0H1R]:[#6D3v4+0H0R]):[#7D3v3+0H0R](-[#6D3v4+0H0R]):[#7D3v4+1H0R]
Bit1194,779259036,[#6D3v4+0H0R](-[#7D3v3+0H0R](-[#6D3v4+0H0R])-[#6D3v4+0H0R])(:[#7D3v4+1H0R](-[#26D6v6+0H0R]):[#6D3v4+0H0R]):[#6D2v4+0H1R]:[#6D2v4+0H1R]
Bit1195,2124851616,[#6D3v4+0H0R](-[#6D3v4+0H0R](:[#7D2v3+0H0R]):[#6D2v4+0H1R])(:[#7D2v3+0H0R]:[#6D3v4+0H0R]):[#6D3v4+0H0R](-[#6D3v4+0H0R]):[#7D3v4+1H0R]
Bit1196,2130395694,[#6D3v4+0H0R](-[#6D1v4+0H3R0])(:[#6D2v4+0H1R]):[#6D2v4+0H1R]
Bit1197,2132810286,[#6D2v4+0H2R](-[#7D2v4+1H2R]-[#26D6v6+0H0R])-[#6D2v4+0H2R]-[#6D2v4+0H2R]
Bit1198,2136477850,[#6D3v4+0H0R](-[#6D3v4+0H0R](:[#6D3v4+0H0R]):[#7D3v4+1H0R])(:[#6D3v4+0H0R](-[#6D1v4+0H3R0]):[#6D2v4+0H1R]):[#7D3v4+1H0R](-[#26D6v6+0H0R]):[#6D2v4+0H1R]
Bit1199,986520271,[#16D2v2+0H0R0](-[#6D2v4+0H0R0]#[#7D1v3+0H0R0])-[#6D2v4+0H2R0]-[#6D3v4+0H0R]
Bit1200,2141711983,[#6D3v4+0H1R](-[#7D3v3+0H0R](:[#7D3v4+1H0R]):[#6D2v4+0H1R])(-[#7D3v3+0H0R](:[#7D3v4+1H0R]):[#6D2v4+0H1R])-[#7D3v3+0H0R](:[#7D3v4+1H0R]):[#6D2v4+0H1R]
Bit1201,2145706720,[#16D1v2+0H0R0]=[#6D2v4+0H0R0]
Bit1202,590157156,[#5D4v4-1H0R](-[#7D3v3+0H0R])(-[#7D3v3+0H0R])(-[#7D3v3+0H0R])-[#7D3v3+0H0R]
Bit1203,570565942,[#6D3v4+0H0R](-[#6D3v4+0H0R](:[#7D2v3+0H0R]):[#7D2v3+0H1R])(:[#6D2v4+0H1R]:[#6D2v4+0H1R]):[#6D3v4+0H0R](-[#6D4v4+0H0R0]):[#6D2v4+0H1R]
Bit1204,217044548,[#6D3v4+0H0R](-[#6D3v4+0H0R](:[#6D2v4+0H1R]):[#6D2v4+0H1R])(:[#6D2v4+0H1R]:[#6D2v4+0H1R]):[#6D2v4+0H1R]:[#6D2v4+0H1R]
Bit1205,510275471,[#6D3v4+0H0R](:[#6D2v4+0H1R]:[#6D2v4+0H1R])(:[#7D3v3+0H0R](-[#26D6v6+0H0R]):[#6D3v4+0H0R]):[#6D3v4+0H0R](:[#7D2v3+0H0R]):[#6D2v4+0H1R]
Bit1206,584883221,[#7D3v4+1H0R](-[#26D6v6+0H0R](-[#7D3v4+1H0R])(-[#7D3v4+1H0R])(-[#7D3v4+1H0R])(-[#7D3v4+1H0R])-[#7D3v4+1H0R])(:[#7D3v3+0H0R](-[#6D1v4+0H3R0]):[#6D2v4+0H1R]):[#6D3v4+0H0R](-[#6D3v4+0H0R]):[#6D2v4+0H1R]
Bit1207,714722353,[#7D3v4+1H0R](-[#6D2v4+0H2R])(-[#26D6v6+0H0R])=[#6D2v4+0H1R]
Bit1208,415970648,[#26D6v6+0H0R](-[#7D3v4+1H0R])(-[#7D3v4+1H0R])(-[#7D3v4+1H1R])(-[#7D3v4+1H1R])(-[#7D4v4+1H0R])-[#7D4v4+1H0R]
Bit1209,229743800,[#6D2v4+0H1R](:[#7D3v3+0H0R](-[#6D3v4+0H0R]):[#7D3v4+1H0R]):[#6D3v4+0H0R](-[#6D1v4+0H3R0]):[#6D2v4+0H1R]
Bit1210,23305191,[#7D3v4+1H0R](-[#6D3v4+0H0R])(-[#26D6v6+0H0R])=[#6D3v4+0H0R]
Bit1211,347137976,[#26D6v6+0H0R](-[#7D4v4+1H0R](-[#6D2v4+0H2R])(-[#6D2v4+0H2R])-[#6D2v4+0H2R])(-[#7D2v4+1H2R]-[#6D2v4+0H2R])(-[#7D2v3+0H0R0]=[#6D2v4+0H0R0])(-[#7D2v3+0H0R0]=[#6D2v4+0H0R0])(-[#7D3v4+1H0R](:[#6D3v4+0H0R]):[#6D2v4+0H1R])-[#7D3v4+1H0R](:[#6D3v4+0H0R]):[#6D2v4+0H1R]
Bit1212,237897761,[#6D3v4+0H0R](-[#6D1v4+0H3R0])(:[#6D2v4+0H1R]):[#7D3v3+0H0R]
Bit1213,496454478,[#6D3v4+0H0R](-[#6D3v4+0H0R](:[#7D3v4+1H0R]):[#6D2v4+0H1R])(:[#7D2v3+0H1R]:[#6D2v4+0H1R]):[#7D3v4+1H0R](-[#26D6v6+0H0R]):[#6D2v4+0H1R]
Bit1214,820896064,[#6D3v4+0H1R0](-[#6D2v4+0H2R0]-[#7D3v3+0H0R])(-[#6D1v4+0H3R0])-[#6D1v4+0H3R0]
Bit1215,915236254,[#6D3v4+0H0R](-[#6D3v4+0H0R])(-[#6D3v4+0H0R])=[#6D3v4+0H0R]
Bit1216,247270681,[#5D3v4-1H1R](-[#7D3v3+0H0R])(-[#7D3v3+0H0R])-[#7D3v3+0H0R]
Bit1217,515009274,[#6D3v4+0H0R](-[#6D4v4+0H0R0](-[#6D3v4+0H0R])(-[#6D3v4+0H0R])-[#7D3v3+0H0R])(:[#6D2v4+0H1R]:[#6D2v4+0H1R]):[#6D2v4+0H1R]:[#6D2v4+0H1R]
Bit1218,247746503,[#6D2v4+0H1R](:[#6D3v4+0H0R]):[#7D2v3+0H0R]
Bit1219,248165198,[#6D3v4+0H0R](-[#6D3v4+0H1R0](-[#6D1v4+0H3R0])-[#6D1v4+0H3R0])(:[#6D2v4+0H1R]:[#6D2v4+0H1R]):[#7D3v4+1H0R](-[#26D6v6+0H0R]):[#7D3v3+0H0R]
Bit1220,249830101,[#7D3v4+1H0R](-[#26D6v6+0H0R](-[#7D3v4+1H0R])(-[#7D3v4+1H0R])(-[#7D3v4+1H0R])(-[#7D3v4+1H0R])-[#7D3v4+1H0R])(:[#6D3v4+0H0R](-[#6D1v4+0H3R0]):[#6D2v4+0H1R]):[#6D3v4+0H0R](-[#6D3v4+0H0R]):[#6D2v4+0H1R]
Bit1221,255601485,[#7D3v4+1H0R](-[#26D6v6+0H0R])(:[#6D3v4+0H0R]):[#6D2v4+0H1R]
Bit1222,258132272,[#7D3v4+1H1R]
Bit1223,258150907,[#7D4v4+1H0R]
Bit1224,258786115,[#6D3v4+0H0R](-[#6D2v4+0H2R0])(:[#6D2v4+0H1R]):[#6D2v4+0H1R]
Bit1225,977500979,[#6D3v4+0H0R](-[#6D3v4+0H0R](:[#7D3v4+1H0R]):[#6D2v4+0H1R])(:[#7D3v3+0H0R](-[#7D2v3+0H1R0]):[#6D3v4+0H0R]):[#7D3v4+1H0R](-[#26D6v6+0H0R]):[#7D2v3+0H0R]
Bit1226,559919,[#6D3v4+0H0R](-[#6D1v4+0H3R0])(:[#6D2v4+0H1R]:[#6D3v4+0H0R]):[#7D3v4+1H0R](-[#26D6v6+0H0R]):[#7D3v3+0H0R]
Bit1227,268174192,[#7D3v4+1H0R](-[#26D6v6+0H0R](-[#7D3v4+1H0R])(-[#7D3v4+1H0R])(-[#7D3v4+1H0R])(-[#7D3v4+1H0R])-[#7D3v4+1H0R])(:[#6D3v4+0H0R](-[#6D3v4+0H0R]):[#6D2v4+0H1R]):[#6D3v4+0H0R](-[#6D3v4+0H0R]):[#6D2v4+0H1R]
Bit1228,718006524,[#6D3v4+0H0R](-[#6D3v4+0H0R](:[#7D2v3+0H1R]):[#6D2v4+0H1R])(:[#6D3v4+0H0R](-[#6D1v4+0H3R0]):[#6D2v4+0H1R]):[#6D3v4+0H0R](-[#6D1v4+0H3R0]):[#6D2v4+0H1R]
Bit1229,277092357,[#7D3v3+0H0R](-[#6D4v4+0H0R])(:[#7D3v4+1H0R]):[#6D2v4+0H1R]
Bit1230,694654468,[#7D3v4+1H0R](-[#26D6v6+0H0R](-[#7D3v4+1H0R])(-[#7D3v4+1H0R])(-[#7D3v4+1H0R])(-[#7D2v3+0H0R0])-[#7D2v3+0H0R0])(:[#7D2v3+0H0R]:[#6D3v4+0H0R]):[#6D3v4+0H0R](-[#6D3v4+0H0R]):[#7D3v3+0H0R]
Bit1231,285983430,[#6D2v4+0H1R](:[#7D3v4+1H0R](-[#26D6v6+0H0R0]):[#7D2v3+0H0R]):[#7D3v3+0H0R](-[#6D2v4+0H2R0]):[#7D2v3+0H0R]
Bit1232,887805242,[#6D3v4+0H1R](-[#7D3v4+1H0R])(-[#6D2v4+0H2R0])-[#6D2v4+0H2R]
Bit1233,28661254,[#6D3v4+0H0R](-[#6D1v4+0H3R0])(:[#7D2v3+0H1R]):[#6D2v4+0H1R]
Bit1234,951262149,[#7D3v4+1H0R](-[#26D6v6+0H0R](-[#7D3v4+1H0R])(-[#7D3v4+1H0R])(-[#7D2v3+0H0R0])(-[#7D4v4+1H0R])-[#7D4v4+1H0R])(:[#6D3v4+0H0R](-[#6D2v4+0H2R]):[#6D2v4+0H1R]):[#6D2v4+0H1R]:[#6D2v4+0H1R]
Bit1235,751938446,[#7D2v3+0H0R0](-[#6D3v4+0H0R])=[#7D2v3+0H0R0]
Bit1236,28845236,[#7D2v3+0H0R](:[#6D2v4+0H1R]):[#6D2v4+0H1R]
Bit1237,431184926,[#6D2v4+0H0R0](-[#7D2v2-1H0R0]-[#6D2v4+0H0R0])#[#7D2v4+1H0R0]-[#26D6v6+0H0R]
Bit1238,292470025,[#26D6v6+0H0R](-[#7D3v4+1H0R](:[#6D2v4+0H1R]):[#7D3v3+0H0R])(-[#7D3v4+1H0R](:[#6D2v4+0H1R]):[#7D3v3+0H0R])(-[#7D3v4+1H0R](:[#6D2v4+0H1R]):[#7D3v3+0H0R])(-[#7D3v4+1H0R](:[#6D3v4+0H0R]):[#7D3v3+0H0R])(-[#7D3v4+1H0R](:[#6D3v4+0H0R]):[#7D3v3+0H0R])-[#7D3v4+1H0R](:[#6D3v4+0H0R]):[#7D3v3+0H0R]
Bit1239,293535699,[#7D3v3+0H0R](-[#6D3v4+0H1R](-[#7D3v3+0H0R])-[#7D3v3+0H0R])(:[#6D3v4+0H0R](-[#6D1v4+0H3R0]):[#6D2v4+0H1R]):[#7D3v4+1H0R](-[#26D6v6+0H0R]):[#6D3v4+0H0R]
Bit1240,714722353,[#7D3v4+1H0R](-[#6D2v4+0H2R])(-[#26D6v6+0H0R])=[#6D2v4+0H1R]
Bit1241,296286852,[#26D6v6+0H0R](-[#7D3v4+1H0R](:[#6D3v4+0H0R]):[#6D3v4+0H0R])(-[#7D3v4+1H0R](:[#6D3v4+0H0R]):[#6D3v4+0H0R])(-[#7D3v4+1H0R](:[#6D3v4+0H0R]):[#7D3v3+0H0R])(-[#7D3v4+1H0R](:[#6D3v4+0H0R]):[#7D3v3+0H0R])(-[#7D3v4+1H0R](:[#6D3v4+0H0R]):[#7D3v3+0H0R])-[#7D3v4+1H0R](:[#6D3v4+0H0R]):[#7D3v3+0H0R]
Bit1242,299463395,[#14D4v4+0H0R0]
Bit1243,371075416,[#6D3v4+0H0R](-[#6D1v4+0H3R0])(:[#7D3v4+1H0R](-[#26D6v6+0H0R]):[#6D3v4+0H0R]):[#16D2v2+0H0R]:[#6D2v4+0H1R]
Bit1244,946663851,[#6D3v4+0H1R](-[#6D2v4+0H2R])(-[#6D2v4+0H2R])-[#7D3v3+0H0R]
Bit1245,498951039,[#35D1v1+0H0R0]-[#6D3v4+0H0R]
Bit1246,316212295,[#7D2v3+0H0R0](-[#26D6v6+0H0R](-[#7D3v4+1H0R])(-[#7D3v4+1H0R])(-[#7D3v4+1H0R])(-[#7D3v4+1H0R])-[#7D2v3+0H0R0])=[#6D2v4+0H0R0]=[#16D1v2+0H0R0]
Bit1247,31849915,[#6D3v4+0H0R](-[#6D3v4+0H0R])(:[#6D3v4+0H0R]):[#7D3v4+1H0R]
Bit1248,318584828,[#6D2v4+0H1R](:[#7D3v3+0H0R](-[#6D3v4+0H1R]):[#7D3v4+1H0R]):[#6D2v4+0H1R]:[#6D3v4+0H0R]
Bit1249,318587704,[#6D2v4+0H1R](:[#7D2v3+0H0R]):[#6D2v4+0H1R]
Bit1250,570565942,[#6D3v4+0H0R](-[#6D3v4+0H0R](:[#7D2v3+0H0R]):[#7D2v3+0H1R])(:[#6D2v4+0H1R]:[#6D2v4+0H1R]):[#6D3v4+0H0R](-[#6D4v4+0H0R0]):[#6D2v4+0H1R]
Bit1251,36154455,[#7D2v3+0H1R](-[#6D3v4+0H0R](:[#7D3v4+1H0R]):[#6D2v4+0H1R])-[#6D3v4+0H0R](:[#6D3v4+0H0R]):[#7D3v4+1H0R]
Bit1252,54265040,[#6D2v4+0H1R](:[#6D2v4+0H1R]:[#6D2v4+0H1R]):[#6D3v4+0H0R](-[#6D4v4+0H0R]):[#7D3v4+1H0R]
Bit1253,586811433,[#6D2v4+0H1R](-[#6D3v4+0H0R](:[#7D3v4+1H0R]):[#7D2v3+0H1R])=[#7D3v4+1H0R](-[#6D3v4+0H0R])-[#26D6v6+0H0R]
Bit1254,338358701,[#6D3v4+0H0R](-[#6D3v4+0H0R](:[#6D3v4+0H0R]):[#7D3v4+1H0R])(:[#6D2v4+0H1R]:[#6D2v4+0H1R]):[#7D3v4+1H0R](-[#26D6v6+0H0R]):[#6D2v4+0H1R]
Bit1255,347137976,[#26D6v6+0H0R](-[#7D4v4+1H0R](-[#6D2v4+0H2R])(-[#6D2v4+0H2R])-[#6D2v4+0H2R])(-[#7D2v4+1H2R]-[#6D2v4+0H2R])(-[#7D2v3+0H0R0]=[#6D2v4+0H0R0])(-[#7D2v3+0H0R0]=[#6D2v4+0H0R0])(-[#7D3v4+1H0R](:[#6D3v4+0H0R]):[#6D2v4+0H1R])-[#7D3v4+1H0R](:[#6D3v4+0H0R]):[#6D2v4+0H1R]
Bit1256,348704440,[#6D2v4+0H2R](-[#6D3v4+0H0R](:[#7D3v4+1H0R]):[#6D2v4+0H1R])-[#6D2v4+0H2R]-[#7D4v4+1H0R]
Bit1257,847124271,[#6D4v4+0H0R](-[#7D3v4+1H0R])(-[#6D2v4+0H2R])(-[#6D1v4+0H3R0])-[#6D1v4+0H3R0]
Bit1258,977500979,[#6D3v4+0H0R](-[#6D3v4+0H0R](:[#7D3v4+1H0R]):[#6D2v4+0H1R])(:[#7D3v3+0H0R](-[#7D2v3+0H1R0]):[#6D3v4+0H0R]):[#7D3v4+1H0R](-[#26D6v6+0H0R]):[#7D2v3+0H0R]
Bit1259,700383531,[#8D2v2+0H0R](:[#6D3v4+0H0R]):[#7D2v3+0H0R]
Bit1260,36154455,[#7D2v3+0H1R](-[#6D3v4+0H0R](:[#7D3v4+1H0R]):[#6D2v4+0H1R])-[#6D3v4+0H0R](:[#6D3v4+0H0R]):[#7D3v4+1H0R]
Bit1261,601753524,[#7D3v4+1H0R](-[#26D6v6+0H0R0](-[#7D3v4+1H0R])(-[#7D3v4+1H0R])(-[#7D3v4+1H0R])(-[#7D3v4+1H0R])-[#7D3v4+1H0R])(:[#6D2v4+0H1R]:[#7D2v3+0H1R]):[#6D2v4+0H1R]:[#6D2v4+0H1R]
Bit1262,570565942,[#6D3v4+0H0R](-[#6D3v4+0H0R](:[#7D2v3+0H0R]):[#7D2v3+0H1R])(:[#6D2v4+0H1R]:[#6D2v4+0H1R]):[#6D3v4+0H0R](-[#6D4v4+0H0R0]):[#6D2v4+0H1R]
Bit1263,371075416,[#6D3v4+0H0R](-[#6D1v4+0H3R0])(:[#7D3v4+1H0R](-[#26D6v6+0H0R]):[#6D3v4+0H0R]):[#16D2v2+0H0R]:[#6D2v4+0H1R]
Bit1264,372482261,[#6D2v4+0H1R](:[#6D2v4+0H1R]:[#6D3v4+0H0R]):[#6D3v4+0H0R](-[#53D1v1+0H0R0]):[#6D2v4+0H1R]
Bit1265,574037745,[#7D2v3+0H0R](:[#6D3v4+0H0R]):[#7D2v3+0H0R]
Bit1266,816734030,[#6D3v4+0H0R](-[#6D3v4+0H0R0](-[#8D1v2+0H1R0])=[#8D1v2+0H0R0])(:[#6D2v4+0H1R]:[#6D3v4+0H0R]):[#6D2v4+0H1R]:[#6D2v4+0H1R]
Bit1267,980512251,[#7D3v3+0H0R0]
Bit1268,859640332,[#7D3v4+1H0R](-[#26D6v6+0H0R0](-[#7D3v4+1H0R])(-[#7D3v4+1H0R])(-[#7D3v4+1H0R])(-[#7D3v4+1H0R])-[#7D3v4+1H0R])(:[#6D2v4+0H1R]:[#6D2v4+0H1R]):[#8D2v2+0H0R]:[#6D2v4+0H1R]
Bit1269,385636150,[#7D3v3+0H0R](-[#5D4v4-1H0R](-[#6D3v4+0H0R])(-[#7D3v3+0H0R])-[#7D3v3+0H0R])(:[#6D2v4+0H1R]:[#6D2v4+0H1R]):[#7D3v4+1H0R](-[#26D6v6+0H0R]):[#6D3v4+0H0R]
Bit1270,38789562,[#7D3v4+1H0R](-[#26D6v6+0H0R](-[#7D3v4+1H0R])(-[#7D3v4+1H0R])(-[#7D3v4+1H0R])(-[#7D3v4+1H0R])-[#7D3v4+1H0R])(:[#6D2v4+0H1R]:[#6D2v4+0H1R]):[#6D3v4+0H0R](-[#6D3v4+0H0R]):[#7D2v3+0H1R]
Bit1271,391349624,[#7D3v3+0H0R](-[#7D2v3+0H0R0]=[#6D2v4+0H1R0])(:[#6D3v4+0H0R](-[#6D3v4+0H0R]):[#7D2v3+0H0R]):[#6D3v4+0H0R](-[#6D3v4+0H0R]):[#7D3v4+1H0R]
Bit1272,847124271,[#6D4v4+0H0R](-[#7D3v4+1H0R])(-[#6D2v4+0H2R])(-[#6D1v4+0H3R0])-[#6D1v4+0H3R0]
Bit1273,39617711,[#6D2v4+0H1R](:[#6D3v4+0H0R](-[#7D3v3+0H0R]):[#7D3v4+1H0R]):[#6D3v4+0H0R](-[#53D1v1+0H0R0]):[#6D2v4+0H1R]
Bit1274,581222078,[#26D6v6+0H0R](-[#7D2v3+0H0R0]=[#6D2v4+0H0R0])(-[#7D2v3+0H0R0]=[#6D2v4+0H0R0])(-[#7D3v4+1H0R](-[#6D3v4+0H0R])=[#6D3v4+0H0R])(-[#7D3v4+1H0R](-[#6D3v4+0H0R])=[#6D3v4+0H0R])(-[#7D3v4+1H0R](:[#6D3v4+0H0R]):[#6D2v4+0H1R])-[#7D3v4+1H0R](:[#6D3v4+0H0R]):[#6D2v4+0H1R]
Bit1275,399320277,[#6D2v4+0H2R0](-[#17D1v1+0H0R0])-[#6D2v4+0H2R0]-[#7D3v3+0H0R]
Bit1276,401661000,[#26D6v6+0H0R](-[#7D3v4+1H0R])(-[#7D3v4+1H0R])(-[#7D2v4+1H0R0])(-[#7D2v4+1H0R0])(-[#7D4v4+1H0R])-[#7D4v4+1H0R]
Bit1277,403313002,[#7D4v4+1H0R](-[#6D2v4+0H2R])(-[#6D2v4+0H2R])(-[#26D6v6+0H0R])-[#6D1v4+0H3R0]
Bit1278,409680845,[#7D2v4+1H2R](-[#6D2v4+0H2R]-[#6D2v4+0H2R])-[#26D6v6+0H0R](-[#7D3v4+1H0R])(-[#7D3v4+1H0R])(-[#7D3v4+1H0R])(-[#7D2v4+1H2R])-[#7D4v4+1H0R]
Bit1279,411285058,[#6D2v4+0H1R](:[#6D2v4+0H1R]:[#6D2v4+0H1R]):[#7D2v3+0H0R]:[#6D2v4+0H1R]
Bit1280,411844043,[#6D2v4+0H2R](-[#6D3v4+0H0R](:[#7D3v4+1H0R]):[#6D2v4+0H1R])-[#7D3v3+0H0R](:[#6D3v4+0H0R]):[#7D3v4+1H0R]
Bit1281,415970648,[#26D6v6+0H0R](-[#7D3v4+1H0R])(-[#7D3v4+1H0R])(-[#7D3v4+1H1R])(-[#7D3v4+1H1R])(-[#7D4v4+1H0R])-[#7D4v4+1H0R]
Bit1282,418040997,[#6D3v4+0H0R](:[#6D3v4+0H0R])(:[#6D3v4+0H0R]):[#7D2v3+0H0R]
Bit1283,418621401,[#6D2v4+0H2R0](-[#6D2v4+0H2R0])-[#7D3v3+0H0R]
Bit1284,976395797,[#6D3v4+0H0R](-[#16D2v2+0H0R0]-[#6D2v4+0H0R0])(:[#6D3v4+0H0R](-[#16D2v2+0H0R0]):[#6D3v4+0H0R]):[#6D3v4+0H0R](-[#6D3v4+0H0R]):[#7D3v3+0H0R]
Bit1285,420972875,[#6D2v4+0H2R](-[#7D3v4+1H0R])-[#6D2v4+0H2R]
Bit1286,425963000,[#8D2v2+0H0R0]
Bit1287,425963001,[#8D2v2+0H0R]
Bit1288,426855091,[#7D3v4+1H0R](-[#26D6v6+0H0R](-[#7D3v4+1H0R])(-[#7D3v4+1H0R])(-[#7D3v4+1H0R])(-[#7D3v4+1H0R])-[#7D3v4+1H0R])(:[#7D3v3+0H0R](-[#6D2v4+0H2R]):[#6D2v4+0H1R]):[#6D3v4+0H0R](-[#6D3v4+0H0R]):[#6D2v4+0H1R]
Bit1289,431184926,[#6D2v4+0H0R0](-[#7D2v2-1H0R0]-[#6D2v4+0H0R0])#[#7D2v4+1H0R0]-[#26D6v6+0H0R]
Bit1290,440885637,[#7D3v4+1H0R](-[#26D6v6+0H0R0](-[#7D3v4+1H0R])(-[#7D3v4+1H0R])(-[#7D3v4+1H0R])(-[#7D3v4+1H0R])-[#7D3v4+1H0R])(:[#7D2v3+0H0R]:[#7D2v3+0H0R]):[#6D2v4+0H1R]:[#7D3v3+0H0R]
Bit1291,601753524,[#7D3v4+1H0R](-[#26D6v6+0H0R0](-[#7D3v4+1H0R])(-[#7D3v4+1H0R])(-[#7D3v4+1H0R])(-[#7D3v4+1H0R])-[#7D3v4+1H0R])(:[#6D2v4+0H1R]:[#7D2v3+0H1R]):[#6D2v4+0H1R]:[#6D2v4+0H1R]
Bit1292,436073179,[#6D2v4+0H1R](:[#6D2v4+0H1R]:[#6D3v4+0H0R]):[#16D2v2+0H0R]:[#6D2v4+0H1R]
Bit1293,438749756,[#7D2v3+0H1R](:[#6D3v4+0H0R]):[#6D3v4+0H0R]
Bit1294,440232042,[#7D3v4+1H0R](-[#6D2v4+0H2R]-[#6D2v4+0H2R])(-[#26D6v6+0H0R](-[#7D3v4+1H0R])(-[#7D3v4+1H0R])(-[#7D3v4+1H0R])(-[#7D2v3+0H0R0])-[#7D2v3+0H0R0])=[#6D3v4+0H0R](-[#6D3v4+0H0R])-[#16D2v2+0H0R]
Bit1295,440885637,[#7D3v4+1H0R](-[#26D6v6+0H0R0](-[#7D3v4+1H0R])(-[#7D3v4+1H0R])(-[#7D3v4+1H0R])(-[#7D3v4+1H0R])-[#7D3v4+1H0R])(:[#7D2v3+0H0R]:[#7D2v3+0H0R]):[#6D2v4+0H1R]:[#7D3v3+0H0R]
Bit1296,445439983,[#6D3v4+0H0R](-[#6D3v4+0H0R](:[#6D3v4+0H0R]):[#7D3v4+1H0R])(:[#7D3v4+1H0R](-[#26D6v6+0H0R]):[#6D2v4+0H1R]):[#6D3v4+0H0R](-[#6D3v4+0H0R]):[#6D2v4+0H1R]
Bit1297,44705703,[#7D3v4+1H0R](-[#26D6v6+0H0R](-[#7D3v4+1H0R])(-[#7D3v4+1H0R])(-[#7D3v4+1H0R])(-[#7D2v3+0H0R0])-[#7D2v3+0H0R0])(:[#7D3v3+0H0R](-[#6D2v4+0H2R]):[#6D3v4+0H0R]):[#6D3v4+0H0R](-[#6D1v4+0H3R0]):[#6D2v4+0H1R]
Bit1298,56054966,[#7D2v3+0H0R](:[#7D2v3+0H0R]:[#7D3v4+1H0R]):[#7D3v3+0H0R](-[#6D3v4+0H1R0]):[#6D2v4+0H1R]
Bit1299,459522686,[#7D3v3+0H0R](-[#5D3v4-1H1R](-[#7D3v3+0H0R])-[#7D3v3+0H0R])(:[#7D3v4+1H0R](-[#26D6v6+0H0R]):[#6D3v4+0H0R]):[#6D3v4+0H0R](-[#6D1v4+0H3R0]):[#6D3v4+0H0R]
Bit1300,461669222,[#6D3v4+0H0R](:[#6D3v4+0H0R])(:[#6D2v4+0H1R]):[#6D2v4+0H1R]
Bit1301,470292453,[#6D2v4+0H2R0](-[#6D1v4+0H3R0])-[#6D2v4+0H2R0]-[#6D2v4+0H2R0]
Bit1302,478839344,[#7D2v3+0H0R](:[#6D2v4+0H1R]:[#6D2v4+0H1R]):[#6D2v4+0H1R]:[#6D2v4+0H1R]
Bit1303,479762535,[#6D3v4+0H0R](-[#6D3v4+0H0R](:[#7D3v4+1H0R]):[#6D2v4+0H1R])(:[#7D3v4+1H0R](-[#26D6v6+0H0R]):[#7D2v3+0H0R]):[#7D2v3+0H0R]:[#7D3v3+0H0R]
Bit1304,480168208,[#26D6v6+0H0R](-[#7D3v4+1H0R](:[#6D3v4+0H0R]):[#7D3v3+0H0R])(-[#7D3v4+1H0R](:[#6D3v4+0H0R]):[#7D3v3+0H0R])(-[#7D3v4+1H0R](:[#6D3v4+0H0R]):[#7D3v3+0H0R])(-[#7D3v4+1H0R](:[#6D3v4+0H0R]):[#7D3v3+0H0R])(-[#7D3v4+1H0R](:[#6D3v4+0H0R]):[#7D3v3+0H0R])-[#7D3v4+1H0R](:[#6D3v4+0H0R]):[#7D3v3+0H0R]
Bit1305,859640332,[#7D3v4+1H0R](-[#26D6v6+0H0R0](-[#7D3v4+1H0R])(-[#7D3v4+1H0R])(-[#7D3v4+1H0R])(-[#7D3v4+1H0R])-[#7D3v4+1H0R])(:[#6D2v4+0H1R]:[#6D2v4+0H1R]):[#8D2v2+0H0R]:[#6D2v4+0H1R]
Bit1306,484187210,[#6D3v4+0H0R](-[#6D2v4+0H2R]-[#7D3v3+0H0R])(:[#7D3v4+1H0R](-[#26D6v6+0H0R]):[#6D3v4+0H0R]):[#6D2v4+0H1R]:[#6D2v4+0H1R]
Bit1307,583722864,[#6D2v4+0H1R](:[#6D2v4+0H1R]:[#6D2v4+0H1R]):[#6D3v4+0H0R](-[#6D2v4+0H1R0]):[#6D2v4+0H1R]
Bit1308,486012057,[#6D2v4+0H2R](-[#6D3v4+0H0R](:[#6D3v4+0H0R]):[#6D2v4+0H1R])-[#6D2v4+0H2R]-[#6D3v4+0H0R]
Bit1309,754666517,[#6D3v4+0H0R](-[#6D3v4+0H0R](:[#7D3v4+1H0R]):[#6D2v4+0H1R])(:[#6D3v4+0H0R](:[#6D2v4+0H1R]):[#7D3v3+0H0R]):[#7D3v4+1H0R](-[#26D6v6+0H0R]):[#7D2v3+0H0R]
Bit1310,496454478,[#6D3v4+0H0R](-[#6D3v4+0H0R](:[#7D3v4+1H0R]):[#6D2v4+0H1R])(:[#7D2v3+0H1R]:[#6D2v4+0H1R]):[#7D3v4+1H0R](-[#26D6v6+0H0R]):[#6D2v4+0H1R]
Bit1311,498951039,[#35D1v1+0H0R0]-[#6D3v4+0H0R]
Bit1312,510275471,[#6D3v4+0H0R](:[#6D2v4+0H1R]:[#6D2v4+0H1R])(:[#7D3v3+0H0R](-[#26D6v6+0H0R]):[#6D3v4+0H0R]):[#6D3v4+0H0R](:[#7D2v3+0H0R]):[#6D2v4+0H1R]
Bit1313,515009274,[#6D3v4+0H0R](-[#6D4v4+0H0R0](-[#6D3v4+0H0R])(-[#6D3v4+0H0R])-[#7D3v3+0H0R])(:[#6D2v4+0H1R]:[#6D2v4+0H1R]):[#6D2v4+0H1R]:[#6D2v4+0H1R]
Bit1314,934837773,[#26D6v6+0H0R0](-[#7D3v4+1H0R](:[#6D2v4+0H1R]):[#6D2v4+0H1R])(-[#7D3v4+1H0R](:[#6D2v4+0H1R]):[#6D2v4+0H1R])(-[#7D3v4+1H0R](:[#6D2v4+0H1R]):[#6D2v4+0H1R])(-[#7D3v4+1H0R](:[#6D2v4+0H1R]):[#6D2v4+0H1R])(-[#7D2v3+0H0R0]=[#6D2v4+0H0R0])-[#7D2v3+0H0R0]=[#6D2v4+0H0R0]
Bit1315,966183280,[#5D1v4-1H3R0]-[#6D2v4+0H0R0]
Bit1316,706553852,[#8D2v2+0H0R](-[#6D2v4+0H2R]-[#6D4v4+0H0R])-[#6D3v4+0H0R](-[#6D3v4+0H0R])=[#7D3v4+1H0R]
Bit1317,524017141,[#6D3v4+0H0R](-[#6D3v4+0H0R])(:[#7D2v3+0H0R]):[#6D2v4+0H1R]
Bit1318,52544411,[#7D3v4+1H0R](-[#26D6v6+0H0R])(:[#6D3v4+0H0R]):[#7D2v3+0H0R]
Bit1319,54265040,[#6D2v4+0H1R](:[#6D2v4+0H1R]:[#6D2v4+0H1R]):[#6D3v4+0H0R](-[#6D4v4+0H0R]):[#7D3v4+1H0R]
Bit1320,546354300,[#6D3v4+0H0R](-[#6D3v4+0H0R](:[#6D3v4+0H0R]):[#6D3v4+0H0R])(:[#6D2v4+0H1R]:[#6D3v4+0H0R]):[#7D2v3+0H1R]:[#7D3v4+1H0R]
Bit1321,954504516,[#6D2v4+0H2R](-[#6D2v4+0H2R]-[#6D2v4+0H2R])-[#6D3v4+0H1R](-[#7D4v4+1H0R])-[#6D3v4+0H1R]
Bit1322,986668788,[#6D2v4+0H1R](:[#6D3v4+0H0R](-[#6D2v4+0H2R]):[#7D3v4+1H0R]):[#6D3v4+0H0R](-[#17D1v1+0H0R0]):[#6D2v4+0H1R]
Bit1323,556895996,[#6D1v4+0H3R0]-[#6D2v4+0H2R0]
Bit1324,557079906,[#6D3v4+0H0R](-[#6D3v4+0H0R](:[#7D2v3+0H0R]):[#7D2v3+0H1R])(:[#6D2v4+0H1R]:[#6D2v4+0H1R]):[#16D2v2+0H0R]:[#6D2v4+0H1R]
Bit1325,559919,[#6D3v4+0H0R](-[#6D1v4+0H3R0])(:[#6D2v4+0H1R]:[#6D3v4+0H0R]):[#7D3v4+1H0R](-[#26D6v6+0H0R]):[#7D3v3+0H0R]
Bit1326,56054966,[#7D2v3+0H0R](:[#7D2v3+0H0R]:[#7D3v4+1H0R]):[#7D3v3+0H0R](-[#6D3v4+0H1R0]):[#6D2v4+0H1R]
Bit1327,564205442,[#7D4v4+1H0R](-[#6D2v4+0H2R]-[#6D2v4+0H2R])(-[#6D2v4+0H2R]-[#6D2v4+0H2R])(-[#26D6v6+0H0R](-[#7D2v4+1H0R0])(-[#7D2v4+1H0R0])(-[#7D2v4+1H0R0])(-[#7D4v4+1H0R])-[#7D4v4+1H0R])-[#6D1v4+0H3R0]
Bit1328,570565942,[#6D3v4+0H0R](-[#6D3v4+0H0R](:[#7D2v3+0H0R]):[#7D2v3+0H1R])(:[#6D2v4+0H1R]:[#6D2v4+0H1R]):[#6D3v4+0H0R](-[#6D4v4+0H0R0]):[#6D2v4+0H1R]
Bit1329,590157156,[#5D4v4-1H0R](-[#7D3v3+0H0R])(-[#7D3v3+0H0R])(-[#7D3v3+0H0R])-[#7D3v3+0H0R]
Bit1330,574037745,[#7D2v3+0H0R](:[#6D3v4+0H0R]):[#7D2v3+0H0R]
Bit1331,581222078,[#26D6v6+0H0R](-[#7D2v3+0H0R0]=[#6D2v4+0H0R0])(-[#7D2v3+0H0R0]=[#6D2v4+0H0R0])(-[#7D3v4+1H0R](-[#6D3v4+0H0R])=[#6D3v4+0H0R])(-[#7D3v4+1H0R](-[#6D3v4+0H0R])=[#6D3v4+0H0R])(-[#7D3v4+1H0R](:[#6D3v4+0H0R]):[#6D2v4+0H1R])-[#7D3v4+1H0R](:[#6D3v4+0H0R]):[#6D2v4+0H1R]
Bit1332,583722864,[#6D2v4+0H1R](:[#6D2v4+0H1R]:[#6D2v4+0H1R]):[#6D3v4+0H0R](-[#6D2v4+0H1R0]):[#6D2v4+0H1R]
Bit1333,584883221,[#7D3v4+1H0R](-[#26D6v6+0H0R](-[#7D3v4+1H0R])(-[#7D3v4+1H0R])(-[#7D3v4+1H0R])(-[#7D3v4+1H0R])-[#7D3v4+1H0R])(:[#7D3v3+0H0R](-[#6D1v4+0H3R0]):[#6D2v4+0H1R]):[#6D3v4+0H0R](-[#6D3v4+0H0R]):[#6D2v4+0H1R]
Bit1334,585148132,[#6D2v4+0H1R](:[#6D2v4+0H1R]:[#6D2v4+0H1R]):[#6D3v4+0H0R](-[#6D2v4+0H0R0]):[#6D2v4+0H1R]
Bit1335,586811433,[#6D2v4+0H1R](-[#6D3v4+0H0R](:[#7D3v4+1H0R]):[#7D2v3+0H1R])=[#7D3v4+1H0R](-[#6D3v4+0H0R])-[#26D6v6+0H0R]
Bit1336,589469272,[#26D6v6+0H0R](-[#7D3v4+1H0R](:[#6D3v4+0H0R]):[#6D3v4+0H0R])(-[#7D3v4+1H0R](:[#6D3v4+0H0R]):[#6D3v4+0H0R])(-[#7D3v4+1H0R](:[#6D3v4+0H0R]):[#6D2v4+0H1R])(-[#7D3v4+1H0R](:[#6D3v4+0H0R]):[#6D2v4+0H1R])(-[#7D3v4+1H0R](:[#6D3v4+0H0R]):[#6D2v4+0H1R])-[#7D3v4+1H0R](:[#6D3v4+0H0R]):[#6D2v4+0H1R]
Bit1337,590157156,[#5D4v4-1H0R](-[#7D3v3+0H0R])(-[#7D3v3+0H0R])(-[#7D3v3+0H0R])-[#7D3v3+0H0R]
Bit1338,949954142,[#6D3v4+0H0R](-[#8D1v2+0H1R0])(:[#6D2v4+0H1R]:[#6D3v4+0H0R]):[#7D3v3+0H0R](-[#6D3v4+0H0R]):[#7D3v4+1H0R]
Bit1339,595739146,[#26D6v6+0H0R](-[#7D2v3+0H0R0]=[#6D2v4+0H0R0])(-[#7D2v3+0H0R0]=[#6D2v4+0H0R0])(-[#7D3v4+1H0R](:[#6D3v4+0H0R]):[#6D2v4+0H1R])(-[#7D3v4+1H0R](:[#6D3v4+0H0R]):[#6D2v4+0H1R])(-[#7D4v4+1H0R](-[#6D2v4+0H2R])(-[#6D2v4+0H2R])-[#6D1v4+0H3R0])-[#7D4v4+1H0R](-[#6D2v4+0H2R])(-[#6D2v4+0H2R])-[#6D1v4+0H3R0]
Bit1340,595841810,[#6D2v4+0H2R](-[#7D4v4+1H0R](-[#6D2v4+0H2R])(-[#6D2v4+0H2R])-[#26D6v6+0H0R])-[#6D2v4+0H2R]-[#7D4v4+1H0R]
Bit1341,699097405,[#6D3v4+0H0R](-[#6D3v4+0H0R](:[#7D3v4+1H0R]):[#7D3v3+0H0R])(-[#6D3v4+0H0R](:[#7D3v4+1H0R]):[#7D3v3+0H0R])=[#8D1v2+0H0R0]
Bit1342,601753524,[#7D3v4+1H0R](-[#26D6v6+0H0R0](-[#7D3v4+1H0R])(-[#7D3v4+1H0R])(-[#7D3v4+1H0R])(-[#7D3v4+1H0R])-[#7D3v4+1H0R])(:[#6D2v4+0H1R]:[#7D2v3+0H1R]):[#6D2v4+0H1R]:[#6D2v4+0H1R]
Bit1343,866987023,[#6D2v4+0H0R0](-[#6D3v4+0H0R0])#[#7D1v3+0H0R0]
Bit1344,60212282,[#7D3v3+0H0R](-[#26D6v6+0H0R])(:[#6D3v4+0H0R]):[#6D3v4+0H0R]
Bit1345,605492828,[#6D2v4+0H1R](:[#6D2v4+0H1R]:[#6D3v4+0H0R]):[#6D3v4+0H0R](-[#6D3v4+0H0R]):[#7D3v4+1H0R]
Bit1346,605864123,[#7D3v3+0H0R](-[#6D3v4+0H0R](:[#7D3v4+1H0R]):[#6D2v4+0H1R])(:[#6D2v4+0H1R]:[#6D3v4+0H0R]):[#7D3v4+1H0R](-[#26D6v6+0H0R]):[#6D2v4+0H1R]
Bit1347,612574731,[#6D1v4+0H1R0]
Bit1348,614116522,[#8D2v2+0H0R](-[#6D2v4+0H2R]-[#6D2v4+0H2R])-[#6D3v4+0H0R](-[#6D3v4+0H0R])=[#7D3v4+1H0R]
Bit1349,622438838,[#26D6v6+0H0R](-[#7D3v4+1H0R])(-[#7D3v4+1H0R])(-[#7D2v3+0H0R0])(-[#7D2v3+0H0R0])(-[#7D3v4+1H1R])-[#7D3v4+1H1R]
Bit1350,623912326,[#6D3v4+0H0R](-[#6D2v4+0H2R0]-[#7D3v3+0H0R])(:[#6D2v4+0H1R]:[#6D2v4+0H1R]):[#6D2v4+0H1R]:[#6D2v4+0H1R]
Bit1351,629613664,[#9D1v1+0H0R0]-[#6D4v4+0H0R0]
Bit1352,633562067,[#6D2v4+0H1R](:[#16D2v2+0H0R]:[#6D2v4+0H1R]):[#6D3v4+0H0R](-[#6D3v4+0H0R]):[#7D3v4+1H0R]
Bit1353,633683043,[#6D2v4+0H1R](:[#6D2v4+0H1R]:[#7D3v3+0H0R]):[#7D3v4+1H0R](-[#26D6v6+0H0R]):[#6D3v4+0H0R]
Bit1354,638038377,[#7D2v4+1H0R0](-[#26D6v6+0H0R](-[#7D3v4+1H0R])(-[#7D3v4+1H0R])(-[#7D3v4+1H0R])(-[#7D3v4+1H0R])-[#7D2v4+1H0R0])#[#6D2v4+0H0R0]-[#7D2v2-1H0R0]
Bit1355,975716933,[#6D2v4+0H0R0](-[#6D2v4+0H2R0]-[#6D2v4+0H2R0])#[#7D1v3+0H0R0]
Bit1356,977500979,[#6D3v4+0H0R](-[#6D3v4+0H0R](:[#7D3v4+1H0R]):[#6D2v4+0H1R])(:[#7D3v3+0H0R](-[#7D2v3+0H1R0]):[#6D3v4+0H0R]):[#7D3v4+1H0R](-[#26D6v6+0H0R]):[#7D2v3+0H0R]
Bit1357,772480710,[#6D2v4+0H2R0](-[#7D3v3+0H0R](:[#7D3v4+1H0R]):[#6D2v4+0H1R])-[#6D2v4+0H1R0]=[#6D1v4+0H2R0]
Bit1358,982166874,[#6D2v4+0H2R](-[#7D2v3+0H0R])-[#6D2v4+0H2R]
Bit1359,665999463,[#6D3v4+0H0R](:[#7D3v4+1H0R](-[#26D6v6+0H0R]):[#6D3v4+0H0R])(:[#6D2v4+0H1R]:[#6D2v4+0H1R]):[#6D3v4+0H0R](:[#6D2v4+0H1R]):[#6D2v4+0H1R]
Bit1360,668556738,[#26D6v6+0H0R](-[#7D4v4+1H0R](-[#6D2v4+0H2R])(-[#6D2v4+0H2R])-[#6D2v4+0H2R])(-[#7D3v4+1H0R](-[#6D2v4+0H2R])=[#6D3v4+0H0R0])(-[#7D2v3+0H0R0]=[#6D2v4+0H0R0])(-[#7D2v3+0H0R0]=[#6D2v4+0H0R0])(-[#7D3v4+1H0R](:[#6D3v4+0H0R]):[#6D2v4+0H1R])-[#7D3v4+1H0R](:[#6D3v4+0H0R]):[#6D2v4+0H1R]
Bit1361,668949117,[#26D6v6+0H0R](-[#7D3v4+1H0R])(-[#7D3v4+1H0R])(-[#7D3v4+1H0R])(-[#7D2v3+0H0R0])(-[#7D2v3+0H0R0])-[#7D4v4+1H0R]
Bit1362,673447648,[#6D3v4+0H0R](:[#6D3v4+0H0R])(:[#7D2v3+0H0R]):[#6D2v4+0H1R]
Bit1363,676621054,[#6D2v4+0H2R](-[#7D4v4+1H0R](-[#6D2v4+0H2R])(-[#6D2v4+0H2R])-[#26D6v6+0H0R])-[#6D3v4+0H0R](:[#7D3v4+1H0R]):[#6D2v4+0H1R]
Bit1364,677261803,[#6D3v4+0H0R](:[#6D3v4+0H0R])(:[#7D3v4+1H0R]):[#6D2v4+0H1R]
Bit1365,678283568,[#7D3v4+1H0R](-[#26D6v6+0H0R](-[#7D3v4+1H0R])(-[#7D3v4+1H0R])(-[#7D3v4+1H0R])(-[#7D3v4+1H0R])-[#7D3v4+1H0R])(:[#6D3v4+0H0R](-[#7D3v3+0H0R]):[#6D2v4+0H1R]):[#6D3v4+0H0R](-[#7D3v3+0H0R]):[#6D2v4+0H1R]
Bit1366,794862962,[#6D2v4+0H2R](-[#6D3v4+0H0R])-[#6D3v4+0H0R]
Bit1367,681316610,[#6D2v4+0H1R](:[#7D3v4+1H0R](-[#26D6v6+0H0R]):[#7D3v3+0H0R]):[#6D3v4+0H0R](-[#17D1v1+0H0R0]):[#6D2v4+0H1R]
Bit1368,719824890,[#6D3v4+0H0R](-[#6D3v4+0H0R](-[#6D1v4+0H3R0])=[#7D3v4+1H0R])(:[#7D3v4+1H0R](-[#26D6v6+0H0R]):[#6D3v4+0H0R]):[#6D2v4+0H1R]:[#6D2v4+0H1R]
Bit1369,684737872,[#7D3v4+1H0R](-[#26D6v6+0H0R](-[#7D3v4+1H0R])(-[#7D3v4+1H0R])(-[#7D3v4+1H0R])(-[#7D3v4+1H0R])-[#7D3v4+1H0R])(:[#7D3v3+0H0R](-[#6D3v4+0H0R]):[#6D2v4+0H1R]):[#6D3v4+0H0R](-[#6D2v4+0H2R0]):[#6D2v4+0H1R]
Bit1370,687664872,[#6D2v4+0H1R](:[#6D2v4+0H1R]:[#6D3v4+0H0R]):[#6D2v4+0H1R]:[#6D3v4+0H0R]
Bit1371,694654468,[#7D3v4+1H0R](-[#26D6v6+0H0R](-[#7D3v4+1H0R])(-[#7D3v4+1H0R])(-[#7D3v4+1H0R])(-[#7D2v3+0H0R0])-[#7D2v3+0H0R0])(:[#7D2v3+0H0R]:[#6D3v4+0H0R]):[#6D3v4+0H0R](-[#6D3v4+0H0R]):[#7D3v3+0H0R]
Bit1372,949954142,[#6D3v4+0H0R](-[#8D1v2+0H1R0])(:[#6D2v4+0H1R]:[#6D3v4+0H0R]):[#7D3v3+0H0R](-[#6D3v4+0H0R]):[#7D3v4+1H0R]
Bit1373,699097405,[#6D3v4+0H0R](-[#6D3v4+0H0R](:[#7D3v4+1H0R]):[#7D3v3+0H0R])(-[#6D3v4+0H0R](:[#7D3v4+1H0R]):[#7D3v3+0H0R])=[#8D1v2+0H0R0]
Bit1374,700383531,[#8D2v2+0H0R](:[#6D3v4+0H0R]):[#7D2v3+0H0R]
Bit1375,700767464,[#6D3v4+0H0R](:[#7D3v4+1H0R](-[#26D6v6+0H0R]):[#6D2v4+0H1R])(:[#6D3v4+0H0R](:[#7D2v3+0H0R]):[#6D2v4+0H1R]):[#6D3v4+0H0R](:[#6D3v4+0H0R]):[#7D3v4+1H0R]
Bit1376,701579447,[#6D2v4+0H1R](:[#6D2v4+0H1R]:[#6D2v4+0H1R]):[#6D3v4+0H0R](:[#6D3v4+0H0R]):[#7D2v3+0H0R]
Bit1377,702117683,[#6D2v4+0H1R](-[#6D3v4+0H0R])=[#7D3v4+1H0R]
Bit1378,706553852,[#8D2v2+0H0R](-[#6D2v4+0H2R]-[#6D4v4+0H0R])-[#6D3v4+0H0R](-[#6D3v4+0H0R])=[#7D3v4+1H0R]
Bit1379,71219699,[#7D3v4+1H0R](-[#26D6v6+0H0R](-[#7D3v4+1H0R])(-[#7D3v4+1H0R])(-[#7D3v4+1H0R])(-[#7D2v3+0H0R0])-[#7D2v3+0H0R0])(-[#6D3v4+0H0R](:[#6D2v4+0H1R]):[#6D2v4+0H1R])=[#6D2v4+0H1R]-[#6D3v4+0H0R]
Bit1380,71335025,[#6D2v4+0H1R](:[#6D3v4+0H0R](-[#7D2v3+0H0R]):[#7D3v4+1H0R]):[#6D2v4+0H1R]:[#6D3v4+0H0R]
Bit1381,714722353,[#7D3v4+1H0R](-[#6D2v4+0H2R])(-[#26D6v6+0H0R])=[#6D2v4+0H1R]
Bit1382,715896429,[#6D4v4+0H0R0](-[#5D4v4-1H0R])(-[#6D1v4+0H3R0])(-[#6D1v4+0H3R0])-[#6D1v4+0H3R0]
Bit1383,718006524,[#6D3v4+0H0R](-[#6D3v4+0H0R](:[#7D2v3+0H1R]):[#6D2v4+0H1R])(:[#6D3v4+0H0R](-[#6D1v4+0H3R0]):[#6D2v4+0H1R]):[#6D3v4+0H0R](-[#6D1v4+0H3R0]):[#6D2v4+0H1R]
Bit1384,719824890,[#6D3v4+0H0R](-[#6D3v4+0H0R](-[#6D1v4+0H3R0])=[#7D3v4+1H0R])(:[#7D3v4+1H0R](-[#26D6v6+0H0R]):[#6D3v4+0H0R]):[#6D2v4+0H1R]:[#6D2v4+0H1R]
Bit1385,732335162,[#6D2v4+0H1R](-[#6D3v4+0H0R](:[#7D3v4+1H0R]):[#7D2v3+0H1R])=[#7D3v4+1H0R](-[#6D2v4+0H2R])-[#26D6v6+0H0R]
Bit1386,734087588,[#7D3v3+0H0R](-[#6D2v4+0H2R0])(:[#7D3v4+1H0R]):[#6D2v4+0H1R]
Bit1387,735267535,[#6D3v4+0H0R](-[#17D1v1+0H0R0])(:[#6D2v4+0H1R]):[#6D2v4+0H1R]
Bit1388,887805242,[#6D3v4+0H1R](-[#7D3v4+1H0R])(-[#6D2v4+0H2R0])-[#6D2v4+0H2R]
Bit1389,73737311,[#6D3v4+0H0R](-[#6D3v4+0H0R](-[#16D2v2+0H0R])=[#7D3v4+1H0R])(:[#7D3v4+1H0R](-[#26D6v6+0H0R]):[#6D3v4+0H0R]):[#6D2v4+0H1R]:[#6D2v4+0H1R]
Bit1390,778571529,[#6D2v4+0H1R](:[#6D3v4+0H0R](-[#8D2v2+0H0R0]):[#6D3v4+0H0R]):[#6D2v4+0H1R]:[#6D2v4+0H1R]
Bit1391,74167451,[#26D6v6+0H0R](-[#7D4v4+1H0R](-[#6D2v4+0H2R])(-[#6D2v4+0H2R])-[#6D2v4+0H2R])(-[#7D2v3+0H0R0]=[#6D2v4+0H0R0])(-[#7D2v3+0H0R0]=[#6D2v4+0H0R0])(-[#7D3v4+1H0R](:[#6D3v4+0H0R]):[#7D3v3+0H0R])(-[#7D3v4+1H0R](:[#6D3v4+0H0R]):[#7D3v3+0H0R])-[#7D3v4+1H0R](:[#6D3v4+0H0R]):[#7D3v3+0H0R]
Bit1392,751938446,[#7D2v3+0H0R0](-[#6D3v4+0H0R])=[#7D2v3+0H0R0]
Bit1393,949963074,[#7D2v3+0H0R](:[#6D2v4+0H1R]:[#6D3v4+0H0R]):[#6D2v4+0H1R]:[#6D3v4+0H0R]
Bit1394,754666517,[#6D3v4+0H0R](-[#6D3v4+0H0R](:[#7D3v4+1H0R]):[#6D2v4+0H1R])(:[#6D3v4+0H0R](:[#6D2v4+0H1R]):[#7D3v3+0H0R]):[#7D3v4+1H0R](-[#26D6v6+0H0R]):[#7D2v3+0H0R]
Bit1395,756429073,[#6D2v4+0H1R](:[#6D2v4+0H1R]:[#6D2v4+0H1R]):[#6D3v4+0H0R](-[#5D4v4-1H0R]):[#6D2v4+0H1R]
Bit1396,758496557,[#6D2v4+0H2R0](-[#53D1v1+0H0R0])-[#6D2v4+0H2R0]-[#7D3v3+0H0R]
Bit1397,76430452,[#8D2v2+0H0R0](-[#6D3v4+0H0R])-[#6D1v4+0H3R0]
Bit1398,770418749,[#6D2v4+0H2R](-[#6D2v4+0H2R])-[#16D2v2+0H0R]
Bit1399,794862962,[#6D2v4+0H2R](-[#6D3v4+0H0R])-[#6D3v4+0H0R]
Bit1400,772480710,[#6D2v4+0H2R0](-[#7D3v3+0H0R](:[#7D3v4+1H0R]):[#6D2v4+0H1R])-[#6D2v4+0H1R0]=[#6D1v4+0H2R0]
Bit1401,778571529,[#6D2v4+0H1R](:[#6D3v4+0H0R](-[#8D2v2+0H0R0]):[#6D3v4+0H0R]):[#6D2v4+0H1R]:[#6D2v4+0H1R]
Bit1402,779259036,[#6D3v4+0H0R](-[#7D3v3+0H0R](-[#6D3v4+0H0R])-[#6D3v4+0H0R])(:[#7D3v4+1H0R](-[#26D6v6+0H0R]):[#6D3v4+0H0R]):[#6D2v4+0H1R]:[#6D2v4+0H1R]
Bit1403,780177087,[#7D2v3+0H1R](:[#6D3v4+0H0R]):[#7D2v3+0H0R]
Bit1404,887805242,[#6D3v4+0H1R](-[#7D3v4+1H0R])(-[#6D2v4+0H2R0])-[#6D2v4+0H2R]
Bit1405,788606857,[#6D2v4+0H1R](:[#6D2v4+0H1R]:[#6D3v4+0H0R]):[#6D3v4+0H0R](-[#6D1v4+0H3R0]):[#7D3v4+1H0R]
Bit1406,792028616,[#6D3v4+0H0R](-[#6D1v4+0H3R0])(:[#7D2v3+0H0R]):[#6D2v4+0H1R]
Bit1407,793471659,[#6D3v4+0H0R](-[#6D2v4+0H2R]-[#6D2v4+0H2R])(:[#7D3v4+1H0R](-[#26D6v6+0H0R]):[#6D3v4+0H0R]):[#6D2v4+0H1R]:[#6D2v4+0H1R]
Bit1408,794862962,[#6D2v4+0H2R](-[#6D3v4+0H0R])-[#6D3v4+0H0R]
Bit1409,795957582,[#7D3v4+1H0R](-[#26D6v6+0H0R](-[#7D3v4+1H0R])(-[#7D3v4+1H0R])(-[#7D3v4+1H0R])(-[#7D3v4+1H0R])-[#7D3v4+1H0R])(:[#7D3v3+0H0R](-[#6D3v3+1H0R]):[#6D3v4+0H0R]):[#6D3v4+0H0R](-[#6D1v4+0H3R0]):[#6D2v4+0H1R]
Bit1410,79628162,[#7D2v3+0H1R](:[#6D2v4+0H1R]:[#6D2v4+0H1R]):[#7D3v4+1H0R](-[#26D6v6+0H0R]):[#6D3v4+0H0R]
Bit1411,997963802,[#6D4v4+0H0R](-[#7D3v4+1H0R](-[#26D6v6+0H0R])=[#6D3v4+0H0R])(-[#6D1v4+0H3R0])(-[#6D1v4+0H3R0])-[#6D2v4+0H2R]-[#16D2v2+0H0R]
Bit1412,807736830,[#7D4v4+1H0R](-[#6D2v4+0H2R]-[#6D2v4+0H2R])(-[#26D6v6+0H0R](-[#7D3v4+1H0R])(-[#7D3v4+1H0R])(-[#7D2v3+0H0R0])(-[#7D2v3+0H0R0])-[#7D4v4+1H0R])(-[#6D1v4+0H3R0])-[#6D1v4+0H3R0]
Bit1413,808981826,[#6D2v4+0H2R](-[#6D3v4+0H0R](:[#7D3v4+1H0R]):[#6D2v4+0H1R])-[#7D4v4+1H0R](-[#6D2v4+0H2R])(-[#26D6v6+0H0R])-[#6D1v4+0H3R0]
Bit1414,816734030,[#6D3v4+0H0R](-[#6D3v4+0H0R0](-[#8D1v2+0H1R0])=[#8D1v2+0H0R0])(:[#6D2v4+0H1R]:[#6D3v4+0H0R]):[#6D2v4+0H1R]:[#6D2v4+0H1R]
Bit1415,818639636,[#26D6v6+0H0R](-[#7D3v4+1H0R](:[#6D3v4+0H0R]):[#6D3v4+0H0R])(-[#7D3v4+1H0R](:[#6D3v4+0H0R]):[#6D3v4+0H0R])(-[#7D2v3+0H0R0]=[#6D2v4+0H0R0])(-[#7D2v3+0H0R0]=[#6D2v4+0H0R0])(-[#7D3v4+1H0R](:[#6D2v4+0H1R]):[#7D3v3+0H0R])-[#7D3v4+1H0R](:[#6D2v4+0H1R]):[#7D3v3+0H0R]
Bit1416,820161097,[#6D3v4+0H0R](-[#6D3v4+0H0R](:[#7D3v4+1H0R]):[#7D2v3+0H0R])(:[#7D3v4+1H0R](-[#26D6v6+0H0R]):[#6D3v4+0H0R]):[#6D2v4+0H1R]:[#6D2v4+0H1R]
Bit1417,820896064,[#6D3v4+0H1R0](-[#6D2v4+0H2R0]-[#7D3v3+0H0R])(-[#6D1v4+0H3R0])-[#6D1v4+0H3R0]
Bit1418,839420663,[#6D3v4+0H0R](-[#6D3v4+0H0R])(:[#7D3v4+1H0R]):[#16D2v2+0H0R]
Bit1419,828674680,[#6D3v4+0H0R](-[#6D3v4+0H0R](:[#6D2v4+0H1R]):[#6D2v4+0H1R])(:[#7D3v4+1H0R](-[#26D6v6+0H0R]):[#6D3v4+0H0R]):[#7D2v3+0H1R]:[#6D2v4+0H1R]
Bit1420,82949923,[#7D3v4+1H0R](-[#26D6v6+0H0R](-[#7D3v4+1H0R])(-[#7D3v4+1H0R])(-[#7D3v4+1H0R])(-[#7D3v3+0H0R])-[#7D3v3+0H0R])(:[#7D2v3+0H1R]:[#6D3v4+0H0R]):[#6D3v4+0H0R](-[#6D3v4+0H0R]):[#6D2v4+0H1R]
Bit1421,839420663,[#6D3v4+0H0R](-[#6D3v4+0H0R])(:[#7D3v4+1H0R]):[#16D2v2+0H0R]
Bit1422,840819566,[#6D3v4+0H0R](-[#6D3v4+0H0R](:[#7D3v4+1H0R]):[#6D2v4+0H1R])(:[#7D3v4+1H0R](-[#26D6v6+0H0R]):[#6D3v4+0H0R]):[#7D2v3+0H1R]:[#6D3v4+0H0R]
Bit1423,841368052,[#8D1v2+0H1R0]-[#6D2v4+0H2R0]
Bit1424,847124271,[#6D4v4+0H0R](-[#7D3v4+1H0R])(-[#6D2v4+0H2R])(-[#6D1v4+0H3R0])-[#6D1v4+0H3R0]
Bit1425,916120393,[#6D2v4+0H2R](-[#6D2v4+0H2R]-[#7D2v4+1H2R])-[#7D3v4+1H0R](-[#26D6v6+0H0R])=[#6D3v4+0H0R]
Bit1426,85444818,[#9D1v1+0H0R0]-[#6D3v4+0H0R]
Bit1427,859640332,[#7D3v4+1H0R](-[#26D6v6+0H0R0](-[#7D3v4+1H0R])(-[#7D3v4+1H0R])(-[#7D3v4+1H0R])(-[#7D3v4+1H0R])-[#7D3v4+1H0R])(:[#6D2v4+0H1R]:[#6D2v4+0H1R]):[#8D2v2+0H0R]:[#6D2v4+0H1R]
Bit1428,866987023,[#6D2v4+0H0R0](-[#6D3v4+0H0R0])#[#7D1v3+0H0R0]
Bit1429,867088581,[#7D2v3+0H0R](:[#6D3v4+0H0R](:[#6D3v4+0H0R]):[#6D3v4+0H0R]):[#6D3v4+0H0R](:[#6D3v4+0H0R]):[#6D2v4+0H1R]
Bit1430,871335196,[#7D3v4+1H0R](-[#26D6v6+0H0R](-[#7D3v4+1H0R])(-[#7D2v3+0H0R0])(-[#7D2v3+0H0R0])(-[#7D4v4+1H0R])-[#7D4v4+1H0R])(:[#6D3v4+0H0R](-[#6D2v4+0H2R]):[#6D2v4+0H1R]):[#6D3v4+0H0R](-[#6D1v4+0H3R0]):[#6D2v4+0H1R]
Bit1431,875367570,[#26D6v6+0H0R](-[#7D3v4+1H1R](-[#6D2v4+0H2R])-[#6D2v4+0H2R])(-[#7D3v4+1H1R](-[#6D2v4+0H2R])-[#6D2v4+0H2R])(-[#7D2v4+1H0R0]#[#6D2v4+0H0R0])(-[#7D2v4+1H0R0]#[#6D2v4+0H0R0])(-[#7D3v4+1H0R](:[#6D3v4+0H0R]):[#6D2v4+0H1R])-[#7D3v4+1H0R](:[#6D3v4+0H0R]):[#6D2v4+0H1R]
Bit1432,881783666,[#7D3v4+1H0R](-[#26D6v6+0H0R])(:[#6D3v4+0H0R]):[#7D3v3+0H0R]
Bit1433,887805242,[#6D3v4+0H1R](-[#7D3v4+1H0R])(-[#6D2v4+0H2R0])-[#6D2v4+0H2R]
Bit1434,890154392,[#26D6v6+0H0R](-[#7D3v4+1H0R](:[#6D3v4+0H0R]):[#6D3v4+0H0R])(-[#7D3v4+1H0R](:[#6D3v4+0H0R]):[#6D3v4+0H0R])(-[#7D3v4+1H0R](:[#6D2v4+0H1R]):[#7D3v3+0H0R])(-[#7D3v4+1H0R](:[#6D2v4+0H1R]):[#7D3v3+0H0R])(-[#7D3v4+1H0R](:[#6D2v4+0H1R]):[#7D3v3+0H0R])-[#7D3v4+1H0R](:[#6D2v4+0H1R]):[#7D3v3+0H0R]
Bit1435,892592086,[#6D3v4+0H0R](-[#6D2v4+0H0R0])(:[#6D3v4+0H0R]):[#6D2v4+0H1R]
Bit1436,894315312,[#6D3v4+0H0R](:[#6D3v4+0H0R](:[#6D3v4+0H0R]):[#6D2v4+0H1R])(:[#6D3v4+0H0R](:[#6D3v4+0H0R]):[#7D2v3+0H0R]):[#7D2v3+0H1R]:[#6D3v4+0H0R]
Bit1437,902363927,[#7D2v3+0H0R0](-[#26D6v6+0H0R](-[#7D3v4+1H0R])(-[#7D3v4+1H0R])(-[#7D2v3+0H0R0])(-[#7D3v4+1H1R])-[#7D3v4+1H1R])=[#6D2v4+0H0R0]=[#16D1v2+0H0R0]
Bit1438,908966173,[#7D3v3+0H0R](-[#5D3v4-1H1R])(:[#6D3v4+0H0R]):[#7D3v4+1H0R]
Bit1439,911259134,[#6D2v4+0H1R](:[#6D2v4+0H1R]:[#7D3v3+0H0R]):[#6D3v4+0H0R](-[#6D4v4+0H0R0]):[#7D3v4+1H0R]
Bit1440,915236254,[#6D3v4+0H0R](-[#6D3v4+0H0R])(-[#6D3v4+0H0R])=[#6D3v4+0H0R]
Bit1441,916120393,[#6D2v4+0H2R](-[#6D2v4+0H2R]-[#7D2v4+1H2R])-[#7D3v4+1H0R](-[#26D6v6+0H0R])=[#6D3v4+0H0R]
Bit1442,977500979,[#6D3v4+0H0R](-[#6D3v4+0H0R](:[#7D3v4+1H0R]):[#6D2v4+0H1R])(:[#7D3v3+0H0R](-[#7D2v3+0H1R0]):[#6D3v4+0H0R]):[#7D3v4+1H0R](-[#26D6v6+0H0R]):[#7D2v3+0H0R]
Bit1443,975716933,[#6D2v4+0H0R0](-[#6D2v4+0H2R0]-[#6D2v4+0H2R0])#[#7D1v3+0H0R0]
Bit1444,917880588,[#6D3v4+0H0R](-[#6D1v4+0H3R0])(:[#7D3v4+1H0R]):[#7D3v3+0H0R]
Bit1445,925713063,[#6D2v4+0H2R0](-[#6D2v4+0H2R0]-[#6D2v4+0H2R0])-[#7D3v3+0H0R](:[#7D2v3+0H0R]):[#7D2v3+0H0R]
Bit1446,930676317,[#6D3v4+0H0R](-[#6D3v4+0H0R0])(:[#7D3v4+1H0R]):[#6D2v4+0H1R]
Bit1447,930816342,[#26D6v6+0H0R](-[#7D3v4+1H0R])(-[#7D3v4+1H0R])(-[#7D3v4+1H0R])(-[#7D3v4+1H0R])(-[#7D3v3+0H0R])-[#7D3v3+0H0R]
Bit1448,93324966,[#6D3v4+0H0R](-[#6D1v4+0H3R0])(:[#6D3v4+0H0R]):[#7D3v4+1H0R]
Bit1449,934837773,[#26D6v6+0H0R0](-[#7D3v4+1H0R](:[#6D2v4+0H1R]):[#6D2v4+0H1R])(-[#7D3v4+1H0R](:[#6D2v4+0H1R]):[#6D2v4+0H1R])(-[#7D3v4+1H0R](:[#6D2v4+0H1R]):[#6D2v4+0H1R])(-[#7D3v4+1H0R](:[#6D2v4+0H1R]):[#6D2v4+0H1R])(-[#7D2v3+0H0R0]=[#6D2v4+0H0R0])-[#7D2v3+0H0R0]=[#6D2v4+0H0R0]
Bit1450,941291812,[#6D3v4+0H0R](-[#6D3v4+0H0R](:[#6D2v4+0H1R]):[#6D2v4+0H1R])(:[#7D2v3+0H0R]:[#6D3v4+0H0R]):[#7D2v3+0H1R]:[#6D3v4+0H0R]
Bit1451,946663851,[#6D3v4+0H1R](-[#6D2v4+0H2R])(-[#6D2v4+0H2R])-[#7D3v3+0H0R]
Bit1452,949954142,[#6D3v4+0H0R](-[#8D1v2+0H1R0])(:[#6D2v4+0H1R]:[#6D3v4+0H0R]):[#7D3v3+0H0R](-[#6D3v4+0H0R]):[#7D3v4+1H0R]
Bit1453,949963074,[#7D2v3+0H0R](:[#6D2v4+0H1R]:[#6D3v4+0H0R]):[#6D2v4+0H1R]:[#6D3v4+0H0R]
Bit1454,950184047,[#5D3v4-1H1R](-[#7D3v3+0H0R](:[#7D3v4+1H0R]):[#6D2v4+0H1R])(-[#7D3v3+0H0R](:[#7D3v4+1H0R]):[#6D2v4+0H1R])-[#7D3v3+0H0R](:[#7D3v4+1H0R]):[#6D2v4+0H1R]
Bit1455,951262149,[#7D3v4+1H0R](-[#26D6v6+0H0R](-[#7D3v4+1H0R])(-[#7D3v4+1H0R])(-[#7D2v3+0H0R0])(-[#7D4v4+1H0R])-[#7D4v4+1H0R])(:[#6D3v4+0H0R](-[#6D2v4+0H2R]):[#6D2v4+0H1R]):[#6D2v4+0H1R]:[#6D2v4+0H1R]
Bit1456,954504516,[#6D2v4+0H2R](-[#6D2v4+0H2R]-[#6D2v4+0H2R])-[#6D3v4+0H1R](-[#7D4v4+1H0R])-[#6D3v4+0H1R]
Bit1457,959687971,[#6D3v4+0H0R](-[#6D3v4+0H0R](:[#7D3v4+1H0R]):[#6D2v4+0H1R])(:[#7D3v4+1H0R](-[#26D6v6+0H0R]):[#6D3v4+0H0R]):[#6D2v4+0H1R]:[#6D2v4+0H1R]
Bit1458,966183280,[#5D1v4-1H3R0]-[#6D2v4+0H0R0]
Bit1459,971075116,[#6D3v4+0H0R](-[#6D1v4+0H3R0])(:[#6D2v4+0H1R]:[#6D2v4+0H1R]):[#6D3v4+0H0R](-[#7D2v3+0H1R]):[#7D3v4+1H0R]
Bit1460,975189865,[#7D3v4+1H0R](-[#26D6v6+0H0R](-[#7D3v4+1H0R])(-[#7D3v4+1H0R])(-[#7D3v4+1H0R])(-[#7D3v3+0H0R])-[#7D3v3+0H0R])(:[#6D3v4+0H0R](:[#6D3v4+0H0R]):[#6D2v4+0H1R]):[#6D3v4+0H0R](-[#6D3v4+0H0R]):[#7D2v3+0H1R]
Bit1461,975716933,[#6D2v4+0H0R0](-[#6D2v4+0H2R0]-[#6D2v4+0H2R0])#[#7D1v3+0H0R0]
Bit1462,976395797,[#6D3v4+0H0R](-[#16D2v2+0H0R0]-[#6D2v4+0H0R0])(:[#6D3v4+0H0R](-[#16D2v2+0H0R0]):[#6D3v4+0H0R]):[#6D3v4+0H0R](-[#6D3v4+0H0R]):[#7D3v3+0H0R]
Bit1463,977449705,[#6D2v4+0H1R](:[#7D3v4+1H0R]):[#6D2v4+0H1R]
Bit1464,977500979,[#6D3v4+0H0R](-[#6D3v4+0H0R](:[#7D3v4+1H0R]):[#6D2v4+0H1R])(:[#7D3v3+0H0R](-[#7D2v3+0H1R0]):[#6D3v4+0H0R]):[#7D3v4+1H0R](-[#26D6v6+0H0R]):[#7D2v3+0H0R]
Bit1465,978495103,[#6D3v4+0H0R](:[#7D3v4+1H0R](-[#26D6v6+0H0R]):[#6D3v4+0H0R])(:[#6D2v4+0H1R]:[#6D2v4+0H1R]):[#6D3v4+0H0R](:[#7D2v3+0H1R]):[#6D2v4+0H1R]
Bit1466,980512250,[#7D3v3+0H0R]
Bit1467,980512251,[#7D3v3+0H0R0]
Bit1468,982166874,[#6D2v4+0H2R](-[#7D2v3+0H0R])-[#6D2v4+0H2R]
Bit1469,985087923,[#6D3v4+0H0R](-[#6D3v4+0H0R](:[#7D2v3+0H1R]):[#6D2v4+0H1R])(:[#6D2v4+0H1R]:[#6D2v4+0H1R]):[#6D3v4+0H0R](-[#8D1v2+0H1R0]):[#6D2v4+0H1R]
Bit1470,985938068,[#7D2v3+0H0R](:[#7D3v4+1H0R](-[#26D6v6+0H0R]):[#6D3v4+0H0R]):[#7D3v3+0H0R](-[#6D2v4+0H2R0]):[#7D2v3+0H0R]
Bit1471,986520271,[#16D2v2+0H0R0](-[#6D2v4+0H0R0]#[#7D1v3+0H0R0])-[#6D2v4+0H2R0]-[#6D3v4+0H0R]
Bit1472,986668788,[#6D2v4+0H1R](:[#6D3v4+0H0R](-[#6D2v4+0H2R]):[#7D3v4+1H0R]):[#6D3v4+0H0R](-[#17D1v1+0H0R0]):[#6D2v4+0H1R]
Bit1473,988626449,[#6D1v4+0H3R0]-[#6D3v4+0H1R0]
Bit1474,991771558,[#26D6v6+0H0R](-[#7D2v3+0H0R0]=[#6D2v4+0H0R0])(-[#7D2v3+0H0R0]=[#6D2v4+0H0R0])(-[#7D3v4+1H0R](:[#6D3v4+0H0R]):[#6D2v4+0H1R])(-[#7D3v4+1H0R](:[#6D3v4+0H0R]):[#6D2v4+0H1R])(-[#7D3v4+1H0R](:[#6D3v4+0H0R]):[#6D2v4+0H1R])-[#7D3v4+1H0R](:[#6D3v4+0H0R]):[#6D2v4+0H1R]
Bit1475,992088266,[#6D2v4+0H1R](:[#6D2v4+0H1R]:[#6D2v4+0H1R]):[#7D3v3+0H0R](-[#5D4v4-1H0R]):[#7D3v4+1H0R]
Bit1476,992582770,[#7D2v3+0H0R0](-[#26D6v6+0H0R](-[#7D3v4+1H0R])(-[#7D3v4+1H0R])(-[#7D3v4+1H0R])(-[#7D2v3+0H0R0])-[#7D4v4+1H0R])=[#6D2v4+0H0R0]=[#16D1v2+0H0R0]
Bit1477,993173472,[#7D3v4+1H0R](-[#26D6v6+0H0R](-[#7D3v4+1H0R])(-[#7D3v4+1H0R])(-[#7D3v4+1H0R])(-[#7D3v4+1H0R])-[#7D3v4+1H0R])(:[#7D3v3+0H0R](-[#6D3v4+0H0R]):[#6D2v4+0H1R]):[#6D3v4+0H0R](-[#6D3v4+0H0R]):[#6D2v4+0H1R]
Bit1478,997963802,[#6D4v4+0H0R](-[#7D3v4+1H0R](-[#26D6v6+0H0R])=[#6D3v4+0H0R])(-[#6D1v4+0H3R0])(-[#6D1v4+0H3R0])-[#6D2v4+0H2R]-[#16D2v2+0H0R]
