ccdc_id,mc-chi-0-all,mc-chi-1-all,mc-chi-2-all,mc-chi-3-all,mc-Z-0-all,mc-Z-1-all,mc-Z-2-all,mc-Z-3-all,mc-I-2-all,mc-I-3-all,mc-T-1-all,mc-T-2-all,mc-T-3-all,mc-S-0-all,mc-S-1-all,mc-S-2-all,mc-S-3-all,f-chi-0-all,f-chi-1-all,f-chi-2-all,f-chi-3-all,f-Z-0-all,f-Z-1-all,f-Z-2-all,f-Z-3-all,f-I-0-all,f-I-1-all,f-I-2-all,f-I-3-all,f-T-0-all,f-T-1-all,f-T-2-all,f-T-3-all,f-S-0-all,f-S-1-all,f-S-2-all,f-S-3-all,D_mc-chi-1-all,D_mc-chi-2-all,D_mc-chi-3-all,D_mc-Z-1-all,D_mc-Z-2-all,D_mc-Z-3-all,D_mc-T-1-all,D_mc-T-2-all,D_mc-T-3-all,D_mc-S-1-all,D_mc-S-2-all,D_mc-S-3-all,ion_1,ion_2,ion_3,ion_4,ion_5,ion_6,ion_7,ion_8,ion_9,ion_10,ion_11,ion_12,ion_13,ion_14,ion_15,ion_16,ion_17,ion_18,ion_19,ion_20,ion_21,ion_22,ion_23,ion_24,ion_25,ion_26,ion_27,ion_28,ion_29,ion_30,ion_31,solv_1,solv_2,solv_3,solv_4,solv_5,solv_6,solv_7,solv_8,solv_9,solv_10,solv_11,solv_12,solv_13,solv_14,solv_15,solv_16,solv_17,solv_18,solv_19,solv_20,solv_21
ABISOV,3.3489,33.3792,51.3315,73.6758,676.0,1092.0,1716.0,2002.0,11.0,17.0,102.0,204.0,174.0,1.5625,5.625,10.5875,12.4875,289.2813,660.6534,1283.7858,1919.3736,2220.0,4788.0,8110.0,10574.0,47.0,104.0,194.0,300.0,298.0,840.0,1524.0,2016.0,21.3405,55.14,97.5154,141.1908,-7.26,-7.92,-9.15,114.0,220.0,365.0,19.0,32.0,73.0,3.0,5.28,11.26,0,0,0,0,0,0,0,0,0,0,0,0,0,0,0,0,0,0,0,0,0,0,0,0,0,0,0,0,0,0,0,0,0,0,0,0,0,0,0,0,0,0,1,0,0,0,0,0,0,0,0,0
ABISOV02,3.3489,33.3792,51.3315,73.6758,676.0,1092.0,1716.0,2002.0,11.0,17.0,102.0,204.0,174.0,1.5625,5.625,10.5875,12.4875,289.2813,660.6534,1283.7858,1919.3736,2220.0,4788.0,8110.0,10574.0,47.0,104.0,194.0,300.0,298.0,840.0,1524.0,2016.0,21.3405,55.14,97.5154,141.1908,-7.26,-7.92,-9.15,114.0,220.0,365.0,19.0,32.0,73.0,3.0,5.28,11.26,0,0,0,0,0,0,0,0,0,0,0,0,0,0,0,0,0,0,0,0,0,0,0,0,0,0,0,0,0,0,0,0,0,0,0,0,0,0,0,0,0,0,1,0,0,0,0,0,0,0,0,0
ABITEM,3.3489,33.3792,51.3315,73.6758,676.0,1092.0,1716.0,2002.0,11.0,17.0,102.0,204.0,174.0,1.5625,5.625,10.5875,12.4875,289.2813,660.6534,1283.7858,1919.3736,2220.0,4788.0,8110.0,10574.0,47.0,104.0,194.0,300.0,298.0,840.0,1524.0,2016.0,21.3405,55.14,97.5154,141.1908,-7.26,-7.92,-9.15,114.0,220.0,365.0,19.0,32.0,73.0,3.0,5.28,11.26,0,0,0,0,0,0,0,0,0,0,0,0,0,0,0,0,0,0,0,0,0,0,0,0,0,0,0,0,0,0,0,0,0,0,0,0,0,0,0,0,0,1,0,0,0,0,0,0,0,0,0,0
ABITEM01,3.3489,33.3792,51.3315,73.6758,676.0,1092.0,1716.0,2002.0,11.0,17.0,102.0,204.0,174.0,1.5625,5.625,10.5875,12.4875,289.2813,660.6534,1283.7858,1919.3736,2220.0,4788.0,8110.0,10574.0,47.0,104.0,194.0,300.0,298.0,840.0,1524.0,2016.0,21.3405,55.14,97.5154,141.1908,-7.26,-7.92,-9.15,114.0,220.0,365.0,19.0,32.0,73.0,3.0,5.28,11.26,0,0,0,0,0,0,0,0,0,0,0,0,0,0,0,0,0,0,0,0,0,0,0,0,0,0,0,0,0,0,0,0,0,0,0,0,0,0,0,0,0,1,0,0,0,0,0,0,0,0,0,0
ABITUC,3.3489,33.3792,51.3315,73.6758,676.0,1092.0,1716.0,2002.0,11.0,17.0,102.0,204.0,174.0,1.5625,5.625,10.5875,12.4875,289.2813,660.6534,1283.7858,1919.3736,2220.0,4788.0,8110.0,10574.0,47.0,104.0,194.0,300.0,298.0,840.0,1524.0,2016.0,21.3405,55.14,97.5154,141.1908,-7.26,-7.92,-9.15,114.0,220.0,365.0,19.0,32.0,73.0,3.0,5.28,11.26,0,0,0,0,0,0,0,0,0,0,0,0,0,0,0,0,0,0,0,0,0,0,0,0,0,0,0,0,0,0,0,0,0,0,0,0,0,0,1,0,0,0,0,0,0,0,0,0,0,0,0,0
ABITUC01,3.3489,33.3792,51.3315,73.6758,676.0,1092.0,1716.0,2002.0,11.0,17.0,102.0,204.0,174.0,1.5625,5.625,10.5875,12.4875,289.2813,660.6534,1283.7858,1919.3736,2220.0,4788.0,8110.0,10574.0,47.0,104.0,194.0,300.0,298.0,840.0,1524.0,2016.0,21.3405,55.14,97.5154,141.1908,-7.26,-7.92,-9.15,114.0,220.0,365.0,19.0,32.0,73.0,3.0,5.28,11.26,0,0,0,0,0,0,0,0,0,0,0,0,0,0,0,0,0,0,0,0,0,0,0,0,0,0,0,0,0,0,0,0,0,0,0,0,0,0,1,0,0,0,0,0,0,0,0,0,0,0,0,0
ABIVAK,3.3489,33.3792,51.3315,73.6758,676.0,1092.0,1716.0,2002.0,11.0,17.0,102.0,204.0,174.0,1.5625,5.625,10.5875,12.4875,289.2813,660.6534,1283.7858,1919.3736,2220.0,4788.0,8110.0,10574.0,47.0,104.0,194.0,300.0,298.0,840.0,1524.0,2016.0,21.3405,55.14,97.5154,141.1908,-7.26,-7.92,-9.15,114.0,220.0,365.0,19.0,32.0,73.0,3.0,5.28,11.26,0,0,0,0,0,0,0,0,0,0,0,0,0,0,0,0,0,0,0,0,0,0,0,0,0,0,0,0,0,0,0,0,1,0,0,0,0,0,0,0,0,0,0,0,0,0,0,0,0,0,0,0
ABIVAK01,3.3489,33.3792,51.3315,73.6758,676.0,1092.0,1716.0,2002.0,11.0,17.0,102.0,204.0,174.0,1.5625,5.625,10.5875,12.4875,289.2813,660.6534,1283.7858,1919.3736,2220.0,4788.0,8110.0,10574.0,47.0,104.0,194.0,300.0,298.0,840.0,1524.0,2016.0,21.3405,55.14,97.5154,141.1908,-7.26,-7.92,-9.15,114.0,220.0,365.0,19.0,32.0,73.0,3.0,5.28,11.26,0,0,0,0,0,0,0,0,0,0,0,0,0,0,0,0,0,0,0,0,0,0,0,0,0,0,0,0,0,0,0,0,1,0,0,0,0,0,0,0,0,0,0,0,0,0,0,0,0,0,0,0
ABIWAK,3.3489,33.3792,55.998,85.5342,676.0,1092.0,1872.0,2184.0,12.0,18.0,108.0,216.0,234.0,1.5625,5.625,11.55,14.175,380.1654,893.481,1669.4622,2159.6946,2188.0,5646.0,9864.0,12456.0,58.0,132.0,240.0,318.0,372.0,1008.0,1746.0,2322.0,25.3258,68.448,120.0744,160.443,-7.26,-8.64,-13.8,114.0,240.0,384.0,18.0,36.0,69.0,3.0,5.76,11.16,0,0,0,0,0,0,0,0,0,0,0,0,0,0,0,0,0,0,0,0,0,0,0,1,0,0,0,0,0,0,0,0,0,0,0,0,0,0,0,0,0,0,0,0,0,0,0,0,0,1,0,0
ABUFOV,3.3489,33.3792,55.998,78.2508,676.0,1092.0,1872.0,2600.0,12.0,16.0,108.0,216.0,276.0,1.5625,5.625,11.55,15.3,491.3849,1190.1864,2215.5608,3012.6964,2634.0,6960.0,12374.0,16496.0,79.0,184.0,334.0,460.0,518.0,1428.0,2502.0,3328.0,34.7367,95.3032,168.3974,224.9964,-7.26,-8.64,-13.48,114.0,240.0,316.0,18.0,36.0,50.0,3.0,5.76,7.76,0,0,0,0,0,0,0,0,0,0,0,0,0,0,0,0,0,0,0,0,0,0,0,0,0,0,0,0,0,0,0,0,0,0,0,0,0,0,0,0,0,0,0,0,1,0,1,0,0,0,0,0
ABUGAI,3.3489,33.3792,55.998,78.2508,676.0,1092.0,1872.0,2600.0,12.0,16.0,108.0,216.0,276.0,1.5625,5.625,11.55,15.3,523.7499,1261.0764,2351.3768,3216.2524,2710.0,7152.0,12638.0,16844.0,85.0,196.0,358.0,496.0,554.0,1524.0,2622.0,3460.0,36.4701,99.954,175.843,234.076,-7.26,-8.64,-13.48,114.0,240.0,316.0,18.0,36.0,50.0,3.0,5.76,7.76,0,0,0,0,0,0,0,0,0,0,0,0,0,0,0,0,0,0,0,0,0,0,0,0,0,0,0,0,0,0,0,0,0,0,0,1,0,0,0,0,0,0,0,0,0,0,0,0,0,0,0,0
ADIYOB,3.3489,33.3792,59.5848,72.102,676.0,1092.0,1976.0,1976.0,12.0,16.0,108.0,216.0,240.0,1.5625,5.625,11.45,13.4,325.9399,798.7952,1533.7104,2146.8152,1976.0,5288.0,9766.0,11808.0,51.0,120.0,222.0,316.0,342.0,972.0,1782.0,2316.0,22.6955,63.4592,115.9822,154.1444,-7.26,-10.6,-10.12,114.0,236.0,340.0,18.0,36.0,56.0,3.0,5.84,9.28,0,0,0,0,0,0,0,0,0,0,0,0,0,0,0,1,0,0,0,0,0,0,0,0,0,0,0,0,0,0,0,0,0,0,0,0,0,0,0,0,0,0,0,0,0,1,0,0,0,1,0,0
ADIYUH,3.3489,33.3792,59.5848,72.102,676.0,1092.0,1976.0,1976.0,12.0,16.0,108.0,216.0,240.0,1.5625,5.625,11.45,13.4,325.9399,798.7952,1533.7104,2146.8152,1976.0,5288.0,9766.0,11808.0,51.0,120.0,222.0,316.0,342.0,972.0,1782.0,2316.0,22.6955,63.4592,115.9822,154.1444,-7.26,-10.6,-10.12,114.0,236.0,340.0,18.0,36.0,56.0,3.0,5.84,9.28,0,0,0,0,0,0,0,0,0,0,1,0,0,0,0,0,0,0,0,0,0,0,0,0,0,0,0,0,0,0,0,0,0,0,0,0,0,0,0,0,0,0,0,0,0,0,0,0,0,0,0,0
AFANEB,3.3489,33.3792,59.5848,74.664,676.0,1092.0,1976.0,2496.0,12.0,16.0,108.0,216.0,312.0,1.5625,5.625,11.45,15.4,390.6699,940.5752,1800.1624,2468.9032,2128.0,5672.0,10454.0,13720.0,63.0,144.0,270.0,364.0,414.0,1140.0,2022.0,2772.0,26.1623,72.7608,130.9694,177.69,-7.26,-10.6,-11.52,114.0,236.0,320.0,18.0,36.0,44.0,3.0,5.84,7.68,0,0,0,0,0,0,0,0,0,0,0,0,0,0,0,1,0,0,0,0,0,0,0,0,0,0,0,0,0,0,0,0,0,0,0,0,0,0,0,0,0,0,0,0,0,0,0,0,0,0,0,0
AFANEB02,3.3489,33.3792,59.5848,74.664,676.0,1092.0,1976.0,2496.0,12.0,16.0,108.0,216.0,312.0,1.5625,5.625,11.45,15.4,390.6699,940.5752,1800.1624,2468.9032,2128.0,5672.0,10454.0,13720.0,63.0,144.0,270.0,364.0,414.0,1140.0,2022.0,2772.0,26.1623,72.7608,130.9694,177.69,-7.26,-10.6,-11.52,114.0,236.0,320.0,18.0,36.0,44.0,3.0,5.84,7.68,0,0,0,0,0,0,0,0,0,0,0,0,0,0,0,1,0,0,0,0,0,0,0,0,0,0,0,0,0,0,0,0,0,0,0,0,0,0,0,0,0,0,0,0,0,0,0,0,0,0,0,0
AFANIF02,3.3489,33.3792,59.5848,74.664,676.0,1092.0,1976.0,2496.0,12.0,16.0,108.0,216.0,312.0,1.5625,5.625,11.45,15.4,390.6699,940.5752,1800.1624,2468.9032,2128.0,5672.0,10454.0,13720.0,63.0,144.0,270.0,364.0,414.0,1140.0,2022.0,2772.0,26.1623,72.7608,130.9694,177.69,-7.26,-10.6,-11.52,114.0,236.0,320.0,18.0,36.0,44.0,3.0,5.84,7.68,0,0,0,0,0,0,0,0,0,0,0,0,0,0,0,1,0,0,0,0,0,0,0,0,0,0,0,0,0,0,0,0,0,0,0,0,0,0,0,0,0,0,0,0,0,0,0,0,0,1,0,0
AFOYOM,3.3489,33.3792,51.3315,73.566,676.0,1092.0,1716.0,2938.0,11.0,17.0,102.0,204.0,174.0,1.5625,5.625,10.5875,12.8375,288.9735,660.3474,1283.421,1919.154,4020.0,5220.0,8614.0,12446.0,47.0,104.0,194.0,300.0,298.0,840.0,1524.0,2016.0,21.9509,55.5712,97.9354,141.8908,-7.26,-7.92,-9.09,114.0,220.0,329.0,19.0,32.0,73.0,3.0,5.28,10.98,0,0,0,0,0,0,0,0,0,0,0,0,0,0,0,0,0,0,0,0,0,0,0,0,0,0,0,0,0,0,0,0,0,0,0,1,0,0,0,0,0,0,0,0,0,0,0,0,0,0,0,0
AFOYUS,3.3489,33.3792,51.3315,73.566,676.0,1092.0,1716.0,2938.0,11.0,17.0,102.0,204.0,174.0,1.5625,5.625,10.5875,12.8375,288.9735,660.3474,1283.421,1919.154,4020.0,5220.0,8614.0,12446.0,47.0,104.0,194.0,300.0,298.0,840.0,1524.0,2016.0,21.9509,55.5712,97.9354,141.8908,-7.26,-7.92,-9.09,114.0,220.0,329.0,19.0,32.0,73.0,3.0,5.28,10.98,0,0,0,0,0,0,0,0,0,0,0,0,0,0,0,0,0,0,0,0,0,0,0,0,0,0,0,0,0,0,0,0,0,0,0,1,0,0,0,0,0,0,0,0,0,0,0,0,0,0,0,0
AFOYUS02,3.3489,33.3792,51.3315,73.566,676.0,1092.0,1716.0,2938.0,11.0,17.0,102.0,204.0,174.0,1.5625,5.625,10.5875,12.8375,288.9735,660.3474,1283.421,1919.154,4020.0,5220.0,8614.0,12446.0,47.0,104.0,194.0,300.0,298.0,840.0,1524.0,2016.0,21.9509,55.5712,97.9354,141.8908,-7.26,-7.92,-9.09,114.0,220.0,329.0,19.0,32.0,73.0,3.0,5.28,10.98,0,0,0,0,0,0,0,0,0,0,0,0,0,0,0,0,0,0,0,0,0,0,0,0,0,0,0,0,0,0,0,0,0,0,0,1,0,0,0,0,0,0,0,0,0,0,0,0,0,0,0,0
AFUJOD01,3.3489,33.3792,51.3315,73.566,676.0,1092.0,1716.0,2938.0,11.0,17.0,102.0,204.0,174.0,1.5625,5.625,10.5875,12.8375,288.9735,660.3474,1283.421,1919.154,4020.0,5220.0,8614.0,12446.0,47.0,104.0,194.0,300.0,298.0,840.0,1524.0,2016.0,21.9509,55.5712,97.9354,141.8908,-7.26,-7.92,-9.09,114.0,220.0,329.0,19.0,32.0,73.0,3.0,5.28,10.98,0,0,0,0,0,0,0,0,0,0,0,0,0,0,0,0,0,0,0,0,0,0,0,0,0,0,0,0,0,0,0,0,0,0,0,1,0,0,0,0,0,0,0,0,0,0,0,0,0,0,0,0
AJAXEP,3.3489,33.3792,46.665,72.2118,676.0,1092.0,1560.0,2496.0,10.0,16.0,96.0,168.0,216.0,1.5625,5.625,9.625,14.025,590.3139,1295.8584,2239.8096,2986.4404,5270.0,9504.0,16214.0,20768.0,95.0,204.0,350.0,472.0,554.0,1432.0,2160.0,2728.0,46.8741,111.8736,180.4214,233.9056,-7.26,-7.2,-10.18,114.0,200.0,320.0,20.0,32.0,60.0,3.0,4.8,8.78,0,0,0,0,0,0,0,0,0,0,0,0,0,0,0,0,0,0,0,0,0,0,0,0,0,0,0,0,0,0,0,0,0,0,0,0,0,0,0,0,0,0,0,0,0,0,0,0,0,1,0,0
AKEMUY,3.3489,33.3792,46.665,70.821,676.0,1092.0,1560.0,3172.0,10.0,16.0,96.0,180.0,216.0,1.5625,5.625,9.625,13.375,318.0135,699.1584,1325.16,1872.96,4026.0,5136.0,8050.0,12224.0,53.0,112.0,206.0,296.0,318.0,852.0,1396.0,1872.0,22.7723,56.6492,94.9154,134.2532,-7.26,-7.2,-9.42,114.0,200.0,294.0,20.0,30.0,60.0,3.0,4.8,9.3,0,0,0,0,0,0,0,0,0,0,0,0,0,0,0,0,0,0,0,0,0,0,0,0,0,0,0,0,0,0,0,0,0,0,0,0,0,0,0,0,0,0,0,0,0,0,0,0,0,0,0,0
AKENAF,3.3489,33.3792,46.665,70.9308,676.0,1092.0,1560.0,2236.0,10.0,16.0,96.0,180.0,216.0,1.5625,5.625,9.625,13.025,318.3213,699.4644,1325.5248,1873.1796,2226.0,4704.0,7546.0,10352.0,53.0,112.0,206.0,296.0,318.0,852.0,1396.0,1872.0,22.1619,56.218,94.4954,133.5532,-7.26,-7.2,-9.48,114.0,200.0,330.0,20.0,30.0,60.0,3.0,4.8,9.58,0,0,0,0,0,0,0,0,0,0,0,0,0,0,0,0,0,0,0,0,0,0,0,0,0,0,0,0,0,0,0,0,0,0,0,0,0,0,0,0,0,0,0,0,0,0,0,0,0,0,0,0
AKENAF01,3.3489,33.3792,46.665,70.9308,676.0,1092.0,1560.0,2236.0,10.0,16.0,96.0,180.0,216.0,1.5625,5.625,9.625,13.025,318.3213,699.4644,1325.5248,1873.1796,2226.0,4704.0,7546.0,10352.0,53.0,112.0,206.0,296.0,318.0,852.0,1396.0,1872.0,22.1619,56.218,94.4954,133.5532,-7.26,-7.2,-9.48,114.0,200.0,330.0,20.0,30.0,60.0,3.0,4.8,9.58,0,0,0,0,0,0,0,0,0,0,0,0,0,0,0,0,0,0,0,0,0,0,0,0,0,0,0,0,0,0,0,0,0,0,0,0,0,0,0,0,0,0,0,0,0,0,0,0,0,0,0,0
APAFEH,3.3489,33.3792,66.1545,64.233,676.0,1092.0,1560.0,1170.0,15.0,15.0,126.0,216.0,162.0,1.5625,5.625,11.4375,9.9375,292.0035,683.5854,1339.404,2117.538,1642.0,4320.0,7212.0,8010.0,49.0,108.0,210.0,336.0,318.0,912.0,1626.0,2136.0,18.8953,53.0184,96.8382,133.9428,-7.26,-8.7,-7.65,114.0,330.0,345.0,15.0,54.0,63.0,3.0,9.6,10.8,0,0,0,0,0,0,0,0,0,0,0,0,0,0,0,0,0,0,0,1,0,0,0,0,0,0,0,0,0,0,0,0,0,0,0,0,0,0,0,0,0,0,0,0,0,0,0,0,0,1,0,0
APAFEM01,3.3489,33.3792,66.1545,64.233,676.0,1092.0,1560.0,1170.0,15.0,15.0,126.0,216.0,162.0,1.5625,5.625,11.4375,9.9375,292.0035,683.5854,1339.404,2117.538,1642.0,4320.0,7212.0,8010.0,49.0,108.0,210.0,336.0,318.0,912.0,1626.0,2136.0,18.8953,53.0184,96.8382,133.9428,-7.26,-8.7,-7.65,114.0,330.0,345.0,15.0,54.0,63.0,3.0,9.6,10.8,0,0,0,0,0,0,0,0,0,0,0,0,0,0,0,0,0,0,0,1,0,0,0,0,0,0,0,0,0,0,0,0,0,0,0,0,0,0,0,0,0,0,0,0,0,0,1,0,0,0,0,0
APAFEM05,3.3489,33.3792,66.1545,64.233,676.0,1092.0,1560.0,1170.0,15.0,15.0,126.0,216.0,162.0,1.5625,5.625,11.4375,9.9375,292.0035,683.5854,1339.404,2117.538,1642.0,4320.0,7212.0,8010.0,49.0,108.0,210.0,336.0,318.0,912.0,1626.0,2136.0,18.8953,53.0184,96.8382,133.9428,-7.26,-8.7,-7.65,114.0,330.0,345.0,15.0,54.0,63.0,3.0,9.6,10.8,0,0,0,0,0,0,0,0,0,0,0,0,0,0,0,0,0,0,0,1,0,0,0,0,0,0,0,0,0,0,0,0,0,0,0,0,0,0,0,0,0,0,0,0,0,0,1,0,0,0,0,0
ATAVAU,3.3489,33.3792,46.665,62.8788,676.0,1092.0,1560.0,2184.0,10.0,14.0,96.0,168.0,180.0,1.5625,5.625,9.625,12.1,453.2805,1069.6504,1919.8272,2575.0256,3506.0,7396.0,11898.0,14880.0,71.0,164.0,286.0,392.0,450.0,1224.0,2084.0,2608.0,35.4315,90.7768,153.4578,197.5124,-7.26,-7.2,-8.74,114.0,200.0,280.0,20.0,32.0,54.0,3.0,4.8,7.82,0,0,0,0,0,0,0,0,0,0,0,0,0,0,0,0,0,0,0,0,0,0,0,0,0,0,0,0,0,0,0,0,0,0,0,0,0,0,0,0,0,0,0,0,0,0,0,0,0,0,0,0
ATAVEY,3.3489,33.3792,46.665,62.8788,676.0,1092.0,1560.0,2184.0,10.0,14.0,96.0,168.0,180.0,1.5625,5.625,9.625,12.1,453.2805,1069.6504,1919.8692,2572.6332,3506.0,7396.0,12098.0,15220.0,71.0,164.0,286.0,392.0,450.0,1224.0,2076.0,2588.0,35.4315,90.7768,153.8578,198.0204,-7.26,-7.2,-8.74,114.0,200.0,280.0,20.0,32.0,54.0,3.0,4.8,7.82,0,0,0,0,0,0,0,0,0,0,0,0,0,0,0,0,0,0,0,0,0,0,0,0,0,0,0,0,0,0,0,0,0,0,0,0,0,0,0,0,0,0,0,0,0,0,0,0,0,0,0,0
ATAVEY01,3.3489,33.3792,46.665,62.8788,676.0,1092.0,1560.0,2184.0,10.0,14.0,96.0,168.0,180.0,1.5625,5.625,9.625,12.1,453.2805,1069.6504,1919.8692,2572.6332,3506.0,7396.0,12098.0,15220.0,71.0,164.0,286.0,392.0,450.0,1224.0,2076.0,2588.0,35.4315,90.7768,153.8578,198.0204,-7.26,-7.2,-8.74,114.0,200.0,280.0,20.0,32.0,54.0,3.0,4.8,7.82,0,0,0,0,0,0,0,0,0,0,0,0,0,0,0,0,0,0,0,0,0,0,0,0,0,0,0,0,0,0,0,0,0,0,0,0,0,0,0,0,0,0,0,0,0,0,0,0,0,0,0,0
AWUKEK01,3.3489,33.3792,55.998,99.8448,676.0,1092.0,1872.0,3328.0,12.0,20.0,108.0,240.0,408.0,1.5625,5.625,11.55,19.05,485.1279,1131.6384,2287.3208,3219.9864,2344.0,6144.0,11462.0,16664.0,79.0,176.0,350.0,492.0,526.0,1460.0,2622.0,3660.0,30.0583,84.2152,156.0734,225.1012,-7.26,-8.64,-17.96,114.0,240.0,392.0,18.0,32.0,52.0,3.0,5.76,9.76,0,0,0,0,0,0,0,0,0,0,0,0,0,0,0,1,0,0,0,0,0,0,0,0,0,0,0,0,0,0,0,0,0,0,0,1,0,0,0,0,0,0,0,0,0,0,0,0,0,0,0,0
BAXXAB01,3.3489,33.3792,54.717,68.3688,676.0,1092.0,1612.0,1716.0,12.0,16.0,108.0,204.0,144.0,1.5625,5.625,10.55,11.025,263.2713,597.4414,1193.3548,1842.1016,2076.0,4420.0,7306.0,9032.0,43.0,94.0,182.0,292.0,276.0,792.0,1426.0,1804.0,18.9689,49.2122,88.2746,125.952,-7.26,-7.94,-8.08,114.0,250.0,350.0,18.0,38.0,72.0,3.0,6.56,11.18,0,0,0,0,0,0,0,0,0,0,0,0,0,0,0,0,0,0,0,0,0,0,0,0,0,0,0,0,0,0,0,0,0,0,0,0,0,0,0,0,0,0,0,0,0,0,0,0,0,0,0,0
BAYZEH,3.3489,33.3792,46.665,72.2118,676.0,1092.0,1560.0,2496.0,10.0,16.0,96.0,168.0,216.0,1.5625,5.625,9.625,14.025,390.6119,889.8984,1567.9904,2160.0356,3606.0,6912.0,11334.0,14068.0,63.0,140.0,238.0,336.0,378.0,1008.0,1656.0,2196.0,31.7049,78.3632,128.8198,170.3348,-7.26,-7.2,-10.18,114.0,200.0,320.0,20.0,32.0,60.0,3.0,4.8,8.78,0,0,0,0,0,0,0,0,0,0,0,0,0,0,0,0,0,0,0,0,0,0,0,0,0,0,0,0,0,0,0,0,0,0,0,0,0,0,0,0,0,0,0,0,0,0,1,0,0,0,0,0
BAYZEH01,3.3489,33.3792,46.665,72.2118,676.0,1092.0,1560.0,2496.0,10.0,16.0,96.0,168.0,216.0,1.5625,5.625,9.625,14.025,390.6119,889.8984,1567.9904,2160.0356,3606.0,6912.0,11334.0,14068.0,63.0,140.0,238.0,336.0,378.0,1008.0,1656.0,2196.0,31.7049,78.3632,128.8198,170.3348,-7.26,-7.2,-10.18,114.0,200.0,320.0,20.0,32.0,60.0,3.0,4.8,8.78,0,0,0,0,0,0,0,0,0,0,0,0,0,0,0,0,0,0,0,0,0,0,0,0,0,0,0,0,0,0,0,0,0,0,0,0,0,0,0,0,0,0,0,0,0,0,1,0,0,0,0,0
BOCYOK,3.3489,33.3792,46.665,75.7986,676.0,1092.0,1560.0,2600.0,10.0,16.0,96.0,168.0,216.0,1.5625,5.625,9.625,13.925,359.5949,797.6904,1501.6536,1975.8788,2546.0,5424.0,8854.0,12672.0,55.0,120.0,218.0,292.0,338.0,900.0,1504.0,2000.0,24.9301,62.9324,106.9502,148.6208,-7.26,-7.2,-12.14,114.0,200.0,316.0,20.0,32.0,60.0,3.0,4.8,8.86,0,0,0,0,0,0,0,0,0,0,0,0,0,0,0,0,0,0,0,0,0,0,0,0,0,0,0,0,0,0,0,0,0,0,0,0,0,0,0,0,0,0,0,0,0,0,0,0,0,0,0,0
BOCYOK02,3.3489,33.3792,46.665,75.7986,676.0,1092.0,1560.0,2600.0,10.0,16.0,96.0,168.0,216.0,1.5625,5.625,9.625,13.925,359.5949,797.6904,1501.6536,1975.8788,2546.0,5424.0,8854.0,12672.0,55.0,120.0,218.0,292.0,338.0,900.0,1504.0,2000.0,24.9301,62.9324,106.9502,148.6208,-7.26,-7.2,-12.14,114.0,200.0,316.0,20.0,32.0,60.0,3.0,4.8,8.86,0,0,0,0,0,0,0,0,0,0,0,0,0,0,0,0,0,0,0,0,0,0,0,0,0,0,0,0,0,0,0,0,0,0,0,0,0,0,0,0,0,0,0,0,0,0,0,0,0,0,0,0
BOCZEB,3.3489,33.3792,46.665,75.6888,676.0,1092.0,1560.0,3536.0,10.0,16.0,96.0,168.0,216.0,1.5625,5.625,9.625,14.275,359.2871,797.3844,1501.2888,1975.6592,4346.0,5856.0,9358.0,14544.0,55.0,120.0,218.0,292.0,338.0,900.0,1504.0,2000.0,25.5405,63.3636,107.3702,149.3208,-7.26,-7.2,-12.08,114.0,200.0,280.0,20.0,32.0,60.0,3.0,4.8,8.58,0,0,0,0,0,0,0,0,0,0,0,0,0,0,0,0,0,0,0,0,0,0,0,0,0,0,0,0,0,0,0,0,0,0,0,0,0,0,0,0,0,0,0,0,0,0,0,0,0,0,0,0
BOCZEB03,3.3489,33.3792,46.665,75.6888,676.0,1092.0,1560.0,3536.0,10.0,16.0,96.0,168.0,216.0,1.5625,5.625,9.625,14.275,359.2871,797.3844,1501.2888,1975.6592,4346.0,5856.0,9358.0,14544.0,55.0,120.0,218.0,292.0,338.0,900.0,1504.0,2000.0,25.5405,63.3636,107.3702,149.3208,-7.26,-7.2,-12.08,114.0,200.0,280.0,20.0,32.0,60.0,3.0,4.8,8.58,0,0,0,0,0,0,0,0,0,0,0,0,0,0,0,0,0,0,0,0,0,0,0,0,0,0,0,0,0,0,0,0,0,0,0,0,0,0,0,0,0,0,0,0,0,0,0,0,0,0,0,0
BUNSIN,3.3489,33.3792,73.383,116.571,676.0,1092.0,2236.0,1508.0,16.0,28.0,132.0,324.0,252.0,1.5625,5.625,14.4,15.95,366.4135,877.6864,1858.73,3086.79,1796.0,4924.0,9610.0,11584.0,63.0,140.0,294.0,504.0,434.0,1296.0,2514.0,3696.0,22.6359,65.7364,129.5774,201.1912,-7.26,-10.82,-12.46,114.0,330.0,670.0,14.0,42.0,126.0,3.0,8.48,22.24,0,0,0,0,0,0,0,0,0,0,0,0,0,0,0,1,0,0,0,0,0,0,0,0,0,0,0,0,0,0,0,0,0,0,0,0,0,0,0,0,0,0,0,0,0,0,0,0,0,1,0,0
BUNSIN01,3.3489,33.3792,73.383,116.571,676.0,1092.0,2236.0,1508.0,16.0,28.0,132.0,324.0,252.0,1.5625,5.625,14.4,15.95,366.4135,877.6864,1858.73,3086.79,1796.0,4924.0,9610.0,11584.0,63.0,140.0,294.0,504.0,434.0,1296.0,2514.0,3696.0,22.6359,65.7364,129.5774,201.1912,-7.26,-10.82,-12.46,114.0,330.0,670.0,14.0,42.0,126.0,3.0,8.48,22.24,0,0,0,0,0,0,0,0,0,0,0,0,0,0,0,1,0,0,0,0,0,0,0,0,0,0,0,0,0,0,0,0,0,0,0,0,0,0,0,0,0,0,0,0,0,0,0,0,0,1,0,0
CATWUS,3.3489,33.3792,55.998,80.154,676.0,1092.0,1872.0,2028.0,12.0,18.0,108.0,216.0,252.0,1.5625,5.625,11.55,14.325,396.0018,936.5634,1775.661,2555.64,2368.0,6072.0,10986.0,14388.0,61.0,144.0,264.0,384.0,408.0,1152.0,2088.0,2796.0,28.5661,77.8704,141.2952,195.1176,-7.26,-8.64,-10.86,114.0,240.0,390.0,18.0,36.0,66.0,3.0,5.76,11.04,0,0,0,0,0,0,0,0,0,0,0,0,0,0,0,0,0,0,0,0,0,0,0,1,0,0,0,0,0,0,0,0,0,0,0,0,0,0,0,0,0,0,0,0,0,1,0,0,0,0,0,0
CECVUD,3.3489,33.3792,51.3315,74.3163,676.0,1092.0,1716.0,2132.0,11.0,17.0,102.0,204.0,186.0,1.5625,5.625,10.5875,12.9875,324.9713,748.1184,1433.0488,2130.9176,2366.0,5172.0,8744.0,11592.0,53.0,118.0,218.0,334.0,336.0,942.0,1692.0,2246.0,23.9859,62.2086,109.265,157.0638,-7.26,-7.92,-9.5,114.0,220.0,360.0,19.0,32.0,71.0,3.0,5.28,10.86,0,0,0,0,0,0,0,0,0,0,0,0,0,0,0,0,0,0,0,0,0,0,0,0,0,0,0,0,0,0,0,0,0,0,0,0,0,0,0,0,0,0,0,0,0,0,0,0,0,0,0,0
CERDEJ01,3.3489,33.3792,61.3782,91.4634,676.0,1092.0,2028.0,3068.0,12.0,20.0,108.0,216.0,408.0,1.5625,5.625,11.4,19.45,550.2613,1297.8828,2442.4428,3429.0568,2650.0,6960.0,12678.0,18108.0,91.0,204.0,378.0,520.0,582.0,1584.0,2754.0,3960.0,36.5779,100.494,177.3714,249.7616,-7.26,-11.58,-13.38,114.0,234.0,402.0,18.0,36.0,52.0,3.0,5.88,9.44,0,0,0,0,0,0,0,0,0,0,0,0,0,0,0,0,0,0,0,0,0,0,0,0,0,0,0,0,0,0,0,0,0,0,0,0,0,0,0,0,0,0,0,0,0,0,0,0,0,0,0,0
COLJAO,3.3489,33.3792,55.998,83.3382,676.0,1092.0,1872.0,2860.0,12.0,18.0,108.0,216.0,264.0,1.5625,5.625,11.55,15.9,356.4595,856.2664,1596.1204,2281.6064,2536.0,5980.0,10630.0,14528.0,57.0,132.0,238.0,348.0,370.0,1032.0,1838.0,2516.0,26.2967,71.0956,126.1502,174.4964,-7.26,-8.64,-12.6,114.0,240.0,358.0,18.0,36.0,64.0,3.0,5.76,9.78,0,0,0,0,0,0,0,0,0,0,0,0,0,0,0,1,0,0,0,0,0,0,0,0,0,0,0,0,0,0,0,0,0,0,0,0,0,0,0,0,0,0,0,0,0,0,0,0,0,1,0,0
COMQUR,3.3489,33.3792,46.665,62.8788,676.0,1092.0,1560.0,2184.0,10.0,14.0,96.0,168.0,180.0,1.5625,5.625,9.625,12.1,552.1163,1257.4044,2147.0228,2952.9336,3314.0,7392.0,11430.0,14580.0,91.0,200.0,334.0,472.0,534.0,1408.0,2236.0,2744.0,41.0441,103.4652,165.3442,215.6524,-7.26,-7.2,-8.74,114.0,200.0,280.0,20.0,32.0,54.0,3.0,4.8,7.82,0,0,0,0,0,0,0,0,0,0,0,0,0,0,0,0,0,0,0,0,0,0,0,0,0,0,0,0,0,0,0,0,0,0,0,0,0,0,0,0,0,0,0,0,0,0,0,0,0,0,0,0
COMQUR01,3.3489,33.3792,46.665,62.8788,676.0,1092.0,1560.0,2184.0,10.0,14.0,96.0,168.0,180.0,1.5625,5.625,9.625,12.1,552.1163,1257.4044,2147.0228,2952.9336,3314.0,7392.0,11430.0,14580.0,91.0,200.0,334.0,472.0,534.0,1408.0,2236.0,2744.0,41.0441,103.4652,165.3442,215.6524,-7.26,-7.2,-8.74,114.0,200.0,280.0,20.0,32.0,54.0,3.0,4.8,7.82,0,0,0,0,0,0,0,0,0,0,0,0,0,0,0,0,0,0,0,0,0,0,0,0,0,0,0,0,0,0,0,0,0,0,0,0,0,0,0,0,0,0,0,0,0,0,0,0,0,0,0,0
COMRAY,3.3489,33.3792,59.5848,72.102,676.0,1092.0,1976.0,1976.0,12.0,16.0,108.0,216.0,240.0,1.5625,5.625,11.45,13.4,330.4111,803.4872,1543.0944,2164.2952,7592.0,6536.0,12262.0,14720.0,51.0,120.0,222.0,316.0,342.0,972.0,1782.0,2316.0,26.3417,66.6316,122.327,163.538,-7.26,-10.6,-10.12,114.0,236.0,340.0,18.0,36.0,56.0,3.0,5.84,9.28,0,0,0,0,0,0,0,0,0,0,0,0,0,0,0,0,0,0,0,0,0,0,0,1,0,0,0,0,0,0,0,0,0,0,0,0,0,0,0,0,0,0,0,0,0,0,0,0,0,0,0,0
COMREC,3.3489,33.3792,59.5848,72.102,676.0,1092.0,1976.0,1976.0,12.0,16.0,108.0,216.0,240.0,1.5625,5.625,11.45,13.4,466.3571,1113.5452,2021.0664,2832.9252,2544.0,6592.0,11758.0,14128.0,73.0,168.0,298.0,424.0,466.0,1292.0,2274.0,2920.0,31.9713,86.808,152.1722,200.5648,-7.26,-10.6,-10.12,114.0,236.0,340.0,18.0,36.0,56.0,3.0,5.84,9.28,0,0,0,0,0,0,0,0,0,0,0,0,0,0,0,0,0,0,0,0,0,0,0,1,0,0,0,0,0,0,0,0,0,0,0,0,0,0,0,0,0,0,0,0,0,0,0,0,0,0,0,0
DEDNOQ,3.3489,33.3792,59.5848,72.102,676.0,1092.0,1976.0,1976.0,12.0,16.0,108.0,216.0,240.0,1.5625,5.625,11.45,13.4,321.7381,786.3512,1507.4504,2081.0904,2000.0,5312.0,9774.0,11836.0,49.0,116.0,214.0,300.0,330.0,936.0,1726.0,2248.0,22.3609,62.1964,113.5206,150.59,-7.26,-10.6,-10.12,114.0,236.0,340.0,18.0,36.0,56.0,3.0,5.84,9.28,0,0,0,0,0,0,0,0,0,0,0,0,1,0,0,0,0,0,0,0,0,0,0,0,0,0,0,0,0,0,0,0,0,0,0,0,0,0,0,0,0,0,0,0,0,0,0,0,0,0,0,0
DEVDUD,3.3489,33.3792,55.998,80.4834,676.0,1092.0,1872.0,3588.0,12.0,18.0,108.0,216.0,216.0,1.5625,5.625,11.55,16.2,273.8619,662.3874,1266.2484,1636.7358,3166.0,6288.0,10554.0,14388.0,43.0,102.0,186.0,246.0,288.0,810.0,1506.0,1926.0,23.4949,61.4694,109.5906,138.8022,-7.26,-8.64,-11.04,114.0,240.0,330.0,18.0,36.0,72.0,3.0,5.76,9.54,0,0,0,0,0,0,0,0,0,0,0,0,0,0,0,0,0,0,0,0,0,0,0,1,0,0,0,0,0,0,0,0,0,0,0,0,0,0,0,0,0,0,0,0,0,0,0,0,0,0,0,0
DIXLUR10,3.3489,33.3792,66.1545,64.233,676.0,1092.0,1560.0,1170.0,15.0,15.0,126.0,216.0,162.0,1.5625,5.625,11.4375,9.9375,292.0035,683.5854,1339.404,2117.538,1642.0,4320.0,7212.0,8010.0,49.0,108.0,210.0,336.0,318.0,912.0,1626.0,2136.0,18.8953,53.0184,96.8382,133.9428,-7.26,-8.7,-7.65,114.0,330.0,345.0,15.0,54.0,63.0,3.0,9.6,10.8,0,0,0,0,0,0,0,0,0,0,0,0,0,0,0,0,0,0,1,0,0,0,0,0,0,0,0,0,0,0,0,0,0,0,0,0,0,0,0,0,0,0,1,0,0,0,0,0,0,0,0,0
DOMQED,3.3489,33.3792,55.998,75.1764,676.0,1092.0,1872.0,2288.0,12.0,16.0,108.0,216.0,264.0,1.5625,5.625,11.55,14.35,440.5367,1082.6044,2022.4364,2887.4632,2460.0,6556.0,11774.0,15452.0,71.0,168.0,306.0,444.0,474.0,1332.0,2394.0,3220.0,31.8783,88.436,158.8658,216.9404,-7.26,-8.64,-11.8,114.0,240.0,328.0,18.0,36.0,52.0,3.0,5.76,8.52,0,0,0,0,0,0,0,0,0,0,0,0,0,0,0,1,0,0,0,0,0,0,0,0,0,0,0,0,0,0,0,0,0,0,0,0,0,0,0,0,0,0,0,0,0,0,0,0,0,1,1,0
DOMQIH,3.3489,33.3792,55.998,75.1764,676.0,1092.0,1872.0,2288.0,12.0,16.0,108.0,216.0,252.0,1.5625,5.625,11.55,14.35,430.8567,1055.8524,1977.5564,2793.3912,2458.0,6528.0,11726.0,15352.0,69.0,164.0,298.0,428.0,462.0,1296.0,2322.0,3096.0,31.6045,87.326,156.5866,212.4116,-7.26,-8.64,-11.8,114.0,240.0,328.0,18.0,36.0,54.0,3.0,5.76,8.52,0,0,0,0,0,0,0,0,0,0,0,0,0,0,0,0,0,0,0,0,0,0,0,0,0,0,0,0,0,0,0,1,0,0,0,0,0,0,0,0,0,0,0,0,0,0,0,0,0,1,0,0
DOMQON,3.3489,33.3792,55.998,76.4574,676.0,1092.0,1872.0,2548.0,12.0,16.0,108.0,216.0,300.0,1.5625,5.625,11.55,15.35,472.9017,1153.4944,2155.6624,3047.8212,2536.0,6748.0,12118.0,16388.0,77.0,180.0,330.0,468.0,510.0,1416.0,2514.0,3448.0,33.6117,93.0868,166.3594,228.7452,-7.26,-8.64,-12.5,114.0,240.0,318.0,18.0,36.0,46.0,3.0,5.76,7.72,0,0,0,0,0,0,0,0,0,0,0,0,0,0,0,1,0,0,0,0,0,0,0,0,0,0,0,0,0,0,0,0,0,0,0,0,0,0,0,0,0,0,0,0,0,0,0,0,0,0,0,0
DOMQUT,3.3489,33.3792,55.998,76.4574,676.0,1092.0,1872.0,2548.0,12.0,16.0,108.0,216.0,288.0,1.5625,5.625,11.55,15.35,463.2217,1126.7424,2110.7824,2953.7492,2534.0,6720.0,12070.0,16288.0,75.0,176.0,322.0,452.0,498.0,1380.0,2442.0,3324.0,33.3379,91.9768,164.0802,224.2164,-7.26,-8.64,-12.5,114.0,240.0,318.0,18.0,36.0,48.0,3.0,5.76,7.72,0,0,0,0,0,0,0,0,0,0,0,0,0,0,0,0,0,0,0,0,0,0,0,0,0,0,0,0,0,0,0,1,0,0,0,0,0,0,0,0,0,0,0,0,0,0,0,0,0,0,0,0
DOMQUT01,3.3489,33.3792,55.998,76.4574,676.0,1092.0,1872.0,2548.0,12.0,16.0,108.0,216.0,288.0,1.5625,5.625,11.55,15.35,463.2217,1126.7424,2110.7824,2953.7492,2534.0,6720.0,12070.0,16288.0,75.0,176.0,322.0,452.0,498.0,1380.0,2442.0,3324.0,33.3379,91.9768,164.0802,224.2164,-7.26,-8.64,-12.5,114.0,240.0,318.0,18.0,36.0,48.0,3.0,5.76,7.72,0,0,0,0,0,0,0,0,0,0,0,0,0,0,0,0,0,0,0,0,0,0,0,0,0,0,0,0,0,0,0,1,0,0,0,0,0,0,0,0,0,0,0,0,0,0,0,0,0,0,0,0
DOMQUT02,3.3489,33.3792,55.998,76.4574,676.0,1092.0,1872.0,2548.0,12.0,16.0,108.0,216.0,288.0,1.5625,5.625,11.55,15.35,463.2217,1126.7424,2110.7824,2953.7492,2534.0,6720.0,12070.0,16288.0,75.0,176.0,322.0,452.0,498.0,1380.0,2442.0,3324.0,33.3379,91.9768,164.0802,224.2164,-7.26,-8.64,-12.5,114.0,240.0,318.0,18.0,36.0,48.0,3.0,5.76,7.72,0,0,0,0,0,0,0,0,0,0,0,0,0,0,0,0,0,0,0,0,0,0,0,0,0,0,0,0,0,0,0,1,0,0,0,0,0,0,0,0,0,0,0,0,0,0,0,0,0,0,0,0
DOQRAC,3.3489,33.3792,55.998,98.5455,676.0,1092.0,1872.0,1014.0,12.0,24.0,108.0,252.0,198.0,1.5625,5.625,11.55,12.6,301.536,667.4364,1394.661,2058.663,1540.0,3984.0,7212.0,8250.0,52.0,108.0,222.0,330.0,330.0,912.0,1644.0,2280.0,17.938,49.3188,91.2342,140.6718,-7.26,-8.64,-9.93,114.0,240.0,585.0,18.0,30.0,111.0,3.0,5.76,19.92,0,0,0,0,0,0,0,0,0,0,0,0,0,0,0,0,1,0,0,0,0,0,0,0,0,0,0,0,0,0,0,0,0,0,0,0,0,0,0,0,0,0,0,0,0,0,0,0,0,0,0,0
DOQRAC01,3.3489,33.3792,55.998,98.5455,676.0,1092.0,1872.0,1014.0,12.0,24.0,108.0,252.0,198.0,1.5625,5.625,11.55,12.6,301.536,667.4364,1394.661,2058.663,1540.0,3984.0,7212.0,8250.0,52.0,108.0,222.0,330.0,330.0,912.0,1644.0,2280.0,17.938,49.3188,91.2342,140.6718,-7.26,-8.64,-9.93,114.0,240.0,585.0,18.0,30.0,111.0,3.0,5.76,19.92,0,0,0,0,0,0,0,0,0,0,0,0,0,0,0,0,1,0,0,0,0,0,0,0,0,0,0,0,0,0,0,0,0,0,0,0,0,0,0,0,0,0,0,0,0,0,0,0,0,0,0,0
DUCFOW,3.3489,33.3792,69.9975,112.545,676.0,1092.0,2340.0,1482.0,15.0,27.0,126.0,324.0,234.0,1.5625,5.625,14.4375,15.4875,360.0585,870.0084,1814.031,2916.18,1864.0,5100.0,10170.0,12054.0,61.0,138.0,282.0,468.0,420.0,1248.0,2472.0,3576.0,23.2741,67.0134,131.3406,201.2112,-7.26,-10.8,-12.09,114.0,300.0,645.0,15.0,36.0,123.0,3.0,7.2,21.36,0,0,0,0,0,0,0,0,0,0,0,0,0,0,0,0,0,0,0,0,0,0,0,1,0,0,0,0,0,0,0,0,0,0,0,0,0,0,0,0,0,0,0,0,0,0,0,0,0,0,0,0
DUKJAW,3.3489,33.3792,46.665,62.8788,676.0,1092.0,1560.0,2184.0,10.0,14.0,96.0,168.0,180.0,1.5625,5.625,9.625,12.1,481.1359,1127.4844,2008.1972,2731.0336,3166.0,7132.0,11586.0,15136.0,75.0,172.0,298.0,416.0,470.0,1272.0,2144.0,2732.0,35.9353,92.6248,155.6462,206.1612,-7.26,-7.2,-8.74,114.0,200.0,280.0,20.0,32.0,54.0,3.0,4.8,7.82,0,0,0,0,0,0,0,0,0,0,0,0,0,0,0,0,0,0,0,0,0,0,0,0,0,0,0,0,0,0,0,0,0,0,0,0,0,0,0,0,0,0,0,0,0,0,0,0,0,0,0,0
DUKJAW01,3.3489,33.3792,46.665,62.8788,676.0,1092.0,1560.0,2184.0,10.0,14.0,96.0,168.0,180.0,1.5625,5.625,9.625,12.1,481.1359,1127.4844,2008.1972,2731.0336,3166.0,7132.0,11586.0,15136.0,75.0,172.0,298.0,416.0,470.0,1272.0,2144.0,2732.0,35.9353,92.6248,155.6462,206.1612,-7.26,-7.2,-8.74,114.0,200.0,280.0,20.0,32.0,54.0,3.0,4.8,7.82,0,0,0,0,0,0,0,0,0,0,0,0,0,0,0,0,0,0,0,0,0,0,0,0,0,0,0,0,0,0,0,0,0,0,0,0,0,0,0,0,0,0,0,0,0,0,0,0,0,0,0,0
DUKJIE,3.3489,33.3792,46.665,62.8788,676.0,1092.0,1560.0,2184.0,10.0,14.0,96.0,168.0,180.0,1.5625,5.625,9.625,12.1,481.1359,1127.4844,2008.1972,2730.3476,3166.0,7132.0,11586.0,15116.0,75.0,172.0,298.0,416.0,470.0,1272.0,2144.0,2740.0,35.9353,92.6248,155.6462,206.1932,-7.26,-7.2,-8.74,114.0,200.0,280.0,20.0,32.0,54.0,3.0,4.8,7.82,0,0,0,0,0,0,0,0,0,0,0,0,0,0,0,0,0,0,0,0,0,0,0,0,0,0,0,0,0,0,0,0,0,0,0,0,0,0,0,0,0,0,0,0,0,0,0,0,0,0,0,0
DULBUK,3.3489,33.3792,55.998,93.5496,676.0,1092.0,1872.0,4160.0,12.0,20.0,108.0,240.0,408.0,1.5625,5.625,11.55,20.5,464.4191,1096.5504,2201.0456,3133.8488,3112.0,6912.0,12806.0,19928.0,79.0,176.0,350.0,492.0,526.0,1460.0,2622.0,3660.0,32.0883,87.788,163.103,235.1004,-7.26,-8.64,-14.52,114.0,240.0,360.0,18.0,32.0,52.0,3.0,5.76,8.6,0,0,0,0,0,0,0,0,0,0,0,0,0,0,0,0,0,0,0,0,0,0,0,1,0,0,0,0,0,0,0,0,0,0,0,0,0,0,0,0,0,0,0,0,0,0,0,0,0,0,0,0
DULBUK02,3.3489,33.3792,55.998,93.5496,676.0,1092.0,1872.0,4160.0,12.0,20.0,108.0,240.0,408.0,1.5625,5.625,11.55,20.5,464.4191,1096.5504,2201.0456,3133.8488,3112.0,6912.0,12806.0,19928.0,79.0,176.0,350.0,492.0,526.0,1460.0,2622.0,3660.0,32.0883,87.788,163.103,235.1004,-7.26,-8.64,-14.52,114.0,240.0,360.0,18.0,32.0,52.0,3.0,5.76,8.6,0,0,0,0,0,0,0,0,0,0,0,0,0,0,0,0,0,0,0,0,0,0,0,1,0,0,0,0,0,0,0,0,0,0,0,0,0,0,0,0,0,0,0,0,0,0,0,0,0,0,0,0
DULCIZ,3.3489,33.3792,55.998,93.5496,676.0,1092.0,1872.0,4160.0,12.0,20.0,108.0,240.0,408.0,1.5625,5.625,11.55,20.5,464.4191,1096.5504,2201.0456,3133.8488,3112.0,6912.0,12806.0,19928.0,79.0,176.0,350.0,492.0,526.0,1460.0,2622.0,3660.0,32.0883,87.788,163.103,235.1004,-7.26,-8.64,-14.52,114.0,240.0,360.0,18.0,32.0,52.0,3.0,5.76,8.6,0,0,0,0,0,0,0,0,0,0,1,0,0,0,0,0,0,0,0,0,0,0,0,0,0,0,0,0,0,0,0,0,0,0,0,1,0,0,0,0,0,0,0,0,0,0,0,0,0,0,0,0
DULCOF,3.3489,33.3792,55.998,93.5496,676.0,1092.0,1872.0,4160.0,12.0,20.0,108.0,240.0,408.0,1.5625,5.625,11.55,20.5,464.4191,1096.5504,2201.0456,3133.8488,3112.0,6912.0,12806.0,19928.0,79.0,176.0,350.0,492.0,526.0,1460.0,2622.0,3660.0,32.0883,87.788,163.103,235.1004,-7.26,-8.64,-14.52,114.0,240.0,360.0,18.0,32.0,52.0,3.0,5.76,8.6,0,0,0,0,0,0,0,0,0,0,0,0,0,0,0,0,1,0,0,0,0,0,0,0,0,0,0,0,0,0,0,0,0,0,0,0,0,0,0,0,0,0,0,0,0,0,0,0,0,0,0,0
DULDAS,3.3489,33.3792,55.998,88.4256,676.0,1092.0,1872.0,3120.0,12.0,20.0,108.0,240.0,264.0,1.5625,5.625,11.55,16.5,334.9591,812.9904,1654.8416,2210.6488,2808.0,6144.0,11150.0,15016.0,55.0,128.0,254.0,348.0,382.0,1076.0,1926.0,2508.0,25.1547,69.1848,129.4806,170.238,-7.26,-8.64,-11.72,114.0,240.0,400.0,18.0,32.0,76.0,3.0,5.76,11.8,0,0,0,0,0,0,0,0,0,0,0,0,0,0,0,0,0,0,0,0,0,0,0,1,0,0,0,0,0,0,0,0,0,0,0,1,0,0,0,0,0,0,0,0,0,0,0,0,0,1,0,0
DUSMAH,3.3489,33.3792,55.998,99.8448,676.0,1092.0,1872.0,3328.0,12.0,20.0,108.0,240.0,408.0,1.5625,5.625,11.55,19.05,485.1279,1131.6384,2287.3208,3219.9864,2344.0,6144.0,11462.0,16664.0,79.0,176.0,350.0,492.0,526.0,1460.0,2622.0,3660.0,30.0583,84.2152,156.0734,225.1012,-7.26,-8.64,-17.96,114.0,240.0,392.0,18.0,32.0,52.0,3.0,5.76,9.76,0,0,0,0,0,0,0,0,0,0,0,0,0,0,0,0,0,0,0,0,0,0,0,1,0,0,0,0,0,0,0,0,0,0,0,0,0,0,0,0,0,0,0,0,0,0,0,0,0,0,0,0
DUSMAH03,3.3489,33.3792,55.998,99.8448,676.0,1092.0,1872.0,3328.0,12.0,20.0,108.0,240.0,408.0,1.5625,5.625,11.55,19.05,485.1279,1131.6384,2287.3208,3219.9864,2344.0,6144.0,11462.0,16664.0,79.0,176.0,350.0,492.0,526.0,1460.0,2622.0,3660.0,30.0583,84.2152,156.0734,225.1012,-7.26,-8.64,-17.96,114.0,240.0,392.0,18.0,32.0,52.0,3.0,5.76,9.76,0,0,0,0,0,0,0,0,0,0,0,0,0,0,0,0,0,0,0,0,0,0,0,1,0,0,0,0,0,0,0,0,0,0,0,0,0,0,0,0,0,0,0,0,0,0,0,0,0,0,0,0
DUSMUB,3.3489,33.3792,55.998,99.8448,676.0,1092.0,1872.0,3328.0,12.0,20.0,108.0,240.0,408.0,1.5625,5.625,11.55,19.05,485.1279,1131.6384,2287.3208,3219.9864,2344.0,6144.0,11462.0,16664.0,79.0,176.0,350.0,492.0,526.0,1460.0,2622.0,3660.0,30.0583,84.2152,156.0734,225.1012,-7.26,-8.64,-17.96,114.0,240.0,392.0,18.0,32.0,52.0,3.0,5.76,9.76,0,0,0,0,0,0,0,0,0,0,0,0,0,0,0,0,0,0,0,0,0,0,0,1,0,0,0,0,0,0,0,0,0,0,0,1,0,0,0,0,0,0,0,0,0,0,0,0,0,0,0,0
DUWHIO,3.3489,33.3792,46.665,60.39,676.0,1092.0,1560.0,2314.0,10.0,13.0,96.0,168.0,186.0,1.5625,5.625,9.625,12.1125,297.0079,683.6684,1269.9902,1829.144,2338.0,5054.0,8286.0,11440.0,47.0,106.0,188.0,278.0,294.0,810.0,1402.0,1860.0,22.6781,58.1282,99.5712,139.1438,-7.26,-7.2,-9.21,114.0,200.0,249.0,20.0,32.0,47.0,3.0,4.8,6.56,0,0,0,0,0,0,0,0,0,0,0,0,0,0,0,0,0,0,0,0,0,0,0,0,0,0,0,0,0,0,0,0,0,0,0,0,0,0,0,0,0,0,0,0,0,0,0,0,0,0,0,0
DUWHIO03,3.3489,33.3792,46.665,60.39,676.0,1092.0,1560.0,2314.0,10.0,13.0,96.0,168.0,186.0,1.5625,5.625,9.625,12.1125,297.0079,683.6684,1269.9902,1829.144,2338.0,5054.0,8286.0,11440.0,47.0,106.0,188.0,278.0,294.0,810.0,1402.0,1860.0,22.6781,58.1282,99.5712,139.1438,-7.26,-7.2,-9.21,114.0,200.0,249.0,20.0,32.0,47.0,3.0,4.8,6.56,0,0,0,0,0,0,0,0,0,0,0,0,0,0,0,0,0,0,0,0,0,0,0,0,0,0,0,0,0,0,0,0,0,0,0,0,0,0,0,0,0,0,0,0,0,0,0,0,0,0,0,0
EBOTOG,3.3489,33.3792,51.3315,73.6758,676.0,1092.0,1716.0,2002.0,11.0,17.0,102.0,204.0,174.0,1.5625,5.625,10.5875,12.4875,289.2813,660.6534,1283.7858,1919.3736,2220.0,4788.0,8110.0,10574.0,47.0,104.0,194.0,300.0,298.0,840.0,1524.0,2016.0,21.3405,55.14,97.5154,141.1908,-7.26,-7.92,-9.15,114.0,220.0,365.0,19.0,32.0,73.0,3.0,5.28,11.26,0,0,0,0,0,0,0,0,0,0,0,0,0,0,0,0,0,0,0,0,0,0,0,0,0,0,0,0,0,0,0,1,0,0,0,0,0,0,0,0,0,0,0,0,0,0,0,0,0,0,0,0
EBOTOG01,3.3489,33.3792,51.3315,73.6758,676.0,1092.0,1716.0,2002.0,11.0,17.0,102.0,204.0,174.0,1.5625,5.625,10.5875,12.4875,289.2813,660.6534,1283.7858,1919.3736,2220.0,4788.0,8110.0,10574.0,47.0,104.0,194.0,300.0,298.0,840.0,1524.0,2016.0,21.3405,55.14,97.5154,141.1908,-7.26,-7.92,-9.15,114.0,220.0,365.0,19.0,32.0,73.0,3.0,5.28,11.26,0,0,0,0,0,0,0,0,0,0,0,0,0,0,0,0,0,0,0,0,0,0,0,0,0,0,0,0,0,0,0,1,0,0,0,0,0,0,0,0,0,0,0,0,0,0,0,0,0,0,0,0
EBOVAU,3.3489,33.3792,51.3315,73.6758,676.0,1092.0,1716.0,2002.0,11.0,17.0,102.0,204.0,174.0,1.5625,5.625,10.5875,12.4875,289.2813,660.6534,1283.7858,1919.3736,2220.0,4788.0,8110.0,10574.0,47.0,104.0,194.0,300.0,298.0,840.0,1524.0,2016.0,21.3405,55.14,97.5154,141.1908,-7.26,-7.92,-9.15,114.0,220.0,365.0,19.0,32.0,73.0,3.0,5.28,11.26,0,0,0,0,0,0,0,0,0,0,0,0,0,0,0,0,0,0,0,0,0,0,0,0,0,0,0,0,0,0,0,0,0,0,0,1,0,0,0,0,0,0,0,0,0,0,0,0,0,0,0,0
EBUQAU,3.3489,33.3792,55.998,93.0006,676.0,1092.0,1872.0,1794.0,12.0,21.0,108.0,234.0,252.0,1.5625,5.625,11.55,14.1375,328.9699,785.1354,1567.2246,2259.4818,1838.0,4890.0,8736.0,10800.0,53.0,120.0,234.0,354.0,354.0,1002.0,1806.0,2544.0,21.1453,59.808,110.565,157.5426,-7.26,-8.64,-12.39,114.0,240.0,477.0,18.0,33.0,84.0,3.0,5.76,14.94,0,0,0,0,0,0,0,0,0,0,0,0,0,0,0,1,0,0,0,0,0,0,0,0,0,0,0,0,0,0,0,0,0,0,0,0,0,0,0,0,0,0,0,0,0,0,0,0,0,1,0,0
EBUQAU01,3.3489,33.3792,55.998,93.0006,676.0,1092.0,1872.0,1794.0,12.0,21.0,108.0,234.0,252.0,1.5625,5.625,11.55,14.1375,328.9699,785.1354,1567.2246,2259.4818,1838.0,4890.0,8736.0,10800.0,53.0,120.0,234.0,354.0,354.0,1002.0,1806.0,2544.0,21.1453,59.808,110.565,157.5426,-7.26,-8.64,-12.39,114.0,240.0,477.0,18.0,33.0,84.0,3.0,5.76,14.94,0,0,0,0,0,0,0,0,0,0,0,0,0,0,0,1,0,0,0,0,0,0,0,0,0,0,0,0,0,0,0,0,0,0,0,0,0,0,0,0,0,0,0,0,0,0,0,0,0,1,0,0
ECELAA,3.3489,33.3792,59.5848,72.102,676.0,1092.0,1976.0,1976.0,12.0,16.0,108.0,216.0,240.0,1.5625,5.625,11.45,13.4,325.9399,798.7952,1533.7104,2146.8152,1976.0,5288.0,9766.0,11808.0,51.0,120.0,222.0,316.0,342.0,972.0,1782.0,2316.0,22.6955,63.4592,115.9822,154.1444,-7.26,-10.6,-10.12,114.0,236.0,340.0,18.0,36.0,56.0,3.0,5.84,9.28,0,0,0,0,0,0,0,0,0,0,0,0,0,1,0,0,0,0,0,0,0,1,0,0,0,0,0,0,0,0,0,0,0,0,0,0,0,0,0,0,0,0,0,0,0,0,0,0,0,0,0,0
ECELEE01,3.3489,33.3792,59.5848,72.102,676.0,1092.0,1976.0,1976.0,12.0,16.0,108.0,216.0,240.0,1.5625,5.625,11.45,13.4,325.9399,798.7952,1533.7104,2146.8152,1976.0,5288.0,9766.0,11808.0,51.0,120.0,222.0,316.0,342.0,972.0,1782.0,2316.0,22.6955,63.4592,115.9822,154.1444,-7.26,-10.6,-10.12,114.0,236.0,340.0,18.0,36.0,56.0,3.0,5.84,9.28,0,0,0,0,0,0,0,0,0,0,0,0,0,0,0,0,0,1,0,0,0,0,0,0,0,0,0,0,0,0,0,0,0,0,0,0,0,0,0,0,0,0,0,0,0,1,0,0,0,0,0,0
ECELII,3.3489,33.3792,59.5848,74.664,676.0,1092.0,1976.0,2496.0,12.0,16.0,108.0,216.0,312.0,1.5625,5.625,11.45,15.4,390.6699,940.5752,1800.1624,2468.9032,2128.0,5672.0,10454.0,13720.0,63.0,144.0,270.0,364.0,414.0,1140.0,2022.0,2772.0,26.1623,72.7608,130.9694,177.69,-7.26,-10.6,-11.52,114.0,236.0,320.0,18.0,36.0,44.0,3.0,5.84,7.68,0,0,0,0,0,0,0,0,0,0,0,0,1,0,0,0,0,0,0,0,0,0,0,0,0,0,0,0,0,0,0,0,0,0,0,0,0,0,0,0,0,0,0,0,0,0,0,0,0,0,0,0
EGIPOC,3.3489,33.3792,55.998,78.2508,676.0,1092.0,1872.0,2600.0,12.0,16.0,108.0,216.0,288.0,1.5625,5.625,11.55,15.3,2045.8871,4593.6204,8689.5868,12157.9304,6336.0,16272.0,24406.0,29760.0,365.0,756.0,1474.0,2140.0,2230.0,5960.0,8694.0,10180.0,117.5461,317.094,523.9506,661.5508,-7.26,-8.64,-13.48,114.0,240.0,316.0,18.0,36.0,48.0,3.0,5.76,7.76,0,0,0,0,0,0,0,0,0,0,0,0,0,0,0,1,0,0,0,0,0,0,0,0,0,0,0,0,0,0,0,0,0,0,0,0,0,0,0,0,0,0,0,0,0,0,0,0,0,1,0,0
EMIPIZ01,3.3489,33.3792,59.5848,72.102,676.0,1092.0,1976.0,1976.0,12.0,16.0,108.0,216.0,240.0,1.5625,5.625,11.45,13.4,321.7381,786.3512,1507.4504,2081.0904,2000.0,5312.0,9774.0,11836.0,49.0,116.0,214.0,300.0,330.0,936.0,1726.0,2248.0,22.3609,62.1964,113.5206,150.59,-7.26,-10.6,-10.12,114.0,236.0,340.0,18.0,36.0,56.0,3.0,5.84,9.28,0,0,0,0,0,0,0,0,0,0,0,0,0,0,0,0,0,0,0,0,0,0,0,1,0,0,0,0,0,0,0,0,0,0,0,0,0,0,0,0,0,0,0,0,0,0,0,0,0,0,0,0
ENUBAR,3.3489,33.3792,55.998,93.0006,676.0,1092.0,1872.0,1794.0,12.0,21.0,108.0,234.0,252.0,1.5625,5.625,11.55,14.1375,328.9699,785.1354,1568.2536,2273.8584,1838.0,4890.0,8766.0,10818.0,53.0,120.0,234.0,354.0,354.0,1002.0,1806.0,2544.0,21.1453,59.808,110.517,157.4562,-7.26,-8.64,-12.39,114.0,240.0,477.0,18.0,33.0,84.0,3.0,5.76,14.94,0,0,0,0,0,0,0,0,0,0,0,0,0,0,0,1,0,0,0,0,0,0,0,0,0,0,0,0,0,0,0,0,0,0,0,0,0,0,0,0,0,0,0,0,0,0,0,0,0,0,0,0
ENUBAR02,3.3489,33.3792,55.998,93.0006,676.0,1092.0,1872.0,1794.0,12.0,21.0,108.0,234.0,252.0,1.5625,5.625,11.55,14.1375,328.9699,785.1354,1568.2536,2273.8584,1838.0,4890.0,8766.0,10818.0,53.0,120.0,234.0,354.0,354.0,1002.0,1806.0,2544.0,21.1453,59.808,110.517,157.4562,-7.26,-8.64,-12.39,114.0,240.0,477.0,18.0,33.0,84.0,3.0,5.76,14.94,0,0,0,0,0,0,0,0,0,0,0,0,0,0,0,1,0,0,0,0,0,0,0,0,0,0,0,0,0,0,0,0,0,0,0,0,0,0,0,0,0,0,0,0,0,0,0,0,0,0,0,0
ETUHIM,3.3489,33.3792,73.383,116.571,676.0,1092.0,2236.0,1508.0,16.0,28.0,132.0,324.0,252.0,1.5625,5.625,14.4,15.95,366.4135,877.6864,1858.73,3086.79,1796.0,4924.0,9610.0,11584.0,63.0,140.0,294.0,504.0,434.0,1296.0,2514.0,3696.0,22.6359,65.7364,129.5774,201.1912,-7.26,-10.82,-12.46,114.0,330.0,670.0,14.0,42.0,126.0,3.0,8.48,22.24,0,1,0,0,0,0,0,0,0,0,0,0,0,0,0,0,0,0,0,0,0,0,0,0,0,0,0,0,0,0,0,0,0,0,0,0,0,0,0,0,0,0,0,0,0,0,0,0,0,1,0,0
ETUHIM02,3.3489,33.3792,73.383,116.571,676.0,1092.0,2236.0,1508.0,16.0,28.0,132.0,324.0,252.0,1.5625,5.625,14.4,15.95,366.4135,877.6864,1858.73,3086.79,1796.0,4924.0,9610.0,11584.0,63.0,140.0,294.0,504.0,434.0,1296.0,2514.0,3696.0,22.6359,65.7364,129.5774,201.1912,-7.26,-10.82,-12.46,114.0,330.0,670.0,14.0,42.0,126.0,3.0,8.48,22.24,0,1,0,0,0,0,0,0,0,0,0,0,0,0,0,0,0,0,0,0,0,0,0,0,0,0,0,0,0,0,0,0,0,0,0,0,0,0,0,0,0,0,0,0,0,0,0,0,0,1,0,0
ETUJEK,3.3489,33.3792,73.383,116.571,676.0,1092.0,2236.0,1508.0,16.0,28.0,132.0,324.0,252.0,1.5625,5.625,14.4,15.95,366.4135,877.6864,1858.73,3086.79,1796.0,4924.0,9610.0,11584.0,63.0,140.0,294.0,504.0,434.0,1296.0,2514.0,3696.0,22.6359,65.7364,129.5774,201.1912,-7.26,-10.82,-12.46,114.0,330.0,670.0,14.0,42.0,126.0,3.0,8.48,22.24,0,0,1,0,0,0,0,0,0,0,0,0,0,0,0,0,0,0,0,0,0,0,0,0,0,0,0,0,0,0,0,0,0,0,0,0,0,0,0,0,0,0,0,0,0,0,0,0,0,1,0,0
EYIJEB,3.3489,33.3792,55.998,93.0006,676.0,1092.0,1872.0,1794.0,12.0,21.0,108.0,234.0,252.0,1.5625,5.625,11.55,14.1375,328.9699,785.1354,1568.2536,2273.8584,1838.0,4890.0,8766.0,10818.0,53.0,120.0,234.0,354.0,354.0,1002.0,1806.0,2544.0,21.1453,59.808,110.517,157.4562,-7.26,-8.64,-12.39,114.0,240.0,477.0,18.0,33.0,84.0,3.0,5.76,14.94,0,0,0,0,0,0,0,0,0,0,0,0,0,0,0,0,0,0,0,0,0,0,0,1,0,0,0,0,0,0,0,0,0,0,0,0,0,0,0,0,0,0,0,0,0,0,0,0,0,1,0,0
FADVUC,3.3489,33.3792,48.4584,56.6202,676.0,1092.0,1612.0,2184.0,10.0,12.0,96.0,156.0,168.0,1.5625,5.625,9.575,11.125,532.8609,1218.8908,2132.3764,2874.0136,3246.0,7252.0,11578.0,14920.0,85.0,188.0,322.0,436.0,510.0,1344.0,2148.0,2652.0,38.2163,97.1528,158.0814,204.5824,-7.26,-8.18,-8.98,114.0,198.0,228.0,20.0,34.0,44.0,3.0,4.84,6.1,0,0,0,0,0,0,0,0,0,0,0,0,0,0,0,0,0,0,0,0,0,0,0,0,0,0,0,0,0,0,0,0,0,0,0,0,0,0,0,0,0,0,0,0,0,0,0,0,0,0,0,0
FEBPYC02,3.3489,33.3792,46.665,62.8788,676.0,1092.0,1560.0,2184.0,10.0,14.0,96.0,168.0,180.0,1.5625,5.625,9.625,12.1,292.6063,661.7244,1215.7628,1734.3916,2290.0,4896.0,7878.0,10672.0,47.0,104.0,182.0,268.0,286.0,780.0,1324.0,1732.0,22.2525,56.4028,94.9354,131.5944,-7.26,-7.2,-8.74,114.0,200.0,280.0,20.0,32.0,54.0,3.0,4.8,7.82,0,0,0,0,0,0,0,0,0,0,0,0,0,0,0,0,0,0,0,0,0,0,0,0,0,0,0,0,0,0,0,0,0,0,0,0,0,0,0,0,0,0,0,0,0,0,0,0,0,0,0,0
FEBPYC04,3.3489,33.3792,46.665,62.8788,676.0,1092.0,1560.0,2184.0,10.0,14.0,96.0,168.0,180.0,1.5625,5.625,9.625,12.1,292.6063,661.7244,1215.7628,1734.3916,2290.0,4896.0,7878.0,10672.0,47.0,104.0,182.0,268.0,286.0,780.0,1324.0,1732.0,22.2525,56.4028,94.9354,131.5944,-7.26,-7.2,-8.74,114.0,200.0,280.0,20.0,32.0,54.0,3.0,4.8,7.82,0,0,0,0,0,0,0,0,0,0,0,0,0,0,0,0,0,0,0,0,0,0,0,0,0,0,0,0,0,0,0,0,0,0,0,0,0,0,0,0,0,0,0,0,0,0,0,0,0,0,0,0
FEISXC01,3.3489,33.3792,65.7702,80.154,676.0,1092.0,2184.0,2028.0,12.0,18.0,108.0,180.0,252.0,1.5625,5.625,11.25,14.325,333.9651,748.5576,1323.7464,1845.828,2020.0,5016.0,8898.0,10464.0,49.0,108.0,186.0,252.0,294.0,792.0,1302.0,1620.0,21.2713,55.9812,94.0866,119.4156,-7.26,-13.98,-10.86,114.0,228.0,390.0,18.0,42.0,66.0,3.0,6.0,11.04,0,0,0,0,0,0,0,0,0,0,0,0,0,0,0,0,0,0,0,0,0,0,0,1,0,0,0,0,0,0,0,0,0,0,0,0,0,0,0,0,0,0,0,0,0,0,0,0,0,0,0,0
FEKYEA,3.3489,33.3792,55.998,78.2508,676.0,1092.0,1872.0,2600.0,12.0,16.0,108.0,216.0,276.0,1.5625,5.625,11.55,15.3,459.0199,1118.6104,2070.0848,2863.0904,2558.0,6748.0,12038.0,15852.0,73.0,172.0,310.0,436.0,482.0,1344.0,2382.0,3112.0,33.0033,90.6844,160.9606,213.2628,-7.26,-8.64,-13.48,114.0,240.0,316.0,18.0,36.0,50.0,3.0,5.76,7.76,0,0,0,0,0,0,0,0,0,0,0,0,0,0,0,0,0,0,0,0,0,0,0,0,0,0,0,0,0,0,0,0,0,0,0,0,0,0,0,0,0,0,0,0,0,0,0,0,0,1,0,0
FENFOW,3.3489,33.3792,57.7914,64.05,676.0,1092.0,1924.0,1924.0,12.0,14.0,108.0,204.0,228.0,1.5625,5.625,11.5,12.475,437.8229,1037.0248,1905.5612,2763.9956,2964.0,6652.0,11878.0,14940.0,69.0,160.0,286.0,416.0,446.0,1236.0,2154.0,2848.0,32.3789,85.6336,150.8502,205.0752,-7.26,-9.62,-9.38,114.0,238.0,290.0,18.0,38.0,46.0,3.0,5.8,7.52,0,0,0,0,0,0,0,0,0,0,0,0,0,0,0,0,0,0,0,0,0,0,0,1,0,0,0,0,0,0,0,0,0,0,0,0,0,0,0,0,0,0,0,0,0,0,0,0,0,1,0,0
FEPICC36,3.3489,33.3792,66.1545,64.233,676.0,1092.0,1560.0,1170.0,15.0,15.0,126.0,216.0,162.0,1.5625,5.625,11.4375,9.9375,292.0035,683.5854,1339.404,2117.538,1642.0,4320.0,7212.0,8010.0,49.0,108.0,210.0,336.0,318.0,912.0,1626.0,2136.0,18.8953,53.0184,96.8382,133.9428,-7.26,-8.7,-7.65,114.0,330.0,345.0,15.0,54.0,63.0,3.0,9.6,10.8,0,0,0,0,0,0,0,0,0,0,0,0,0,0,0,0,0,0,0,1,0,0,0,0,0,0,0,0,0,0,0,0,0,0,0,0,0,0,0,0,0,0,1,0,0,0,0,0,0,0,0,0
FEPICC37,3.3489,33.3792,66.1545,64.233,676.0,1092.0,1560.0,1170.0,15.0,15.0,126.0,216.0,162.0,1.5625,5.625,11.4375,9.9375,292.0035,683.5854,1339.404,2117.538,1642.0,4320.0,7212.0,8010.0,49.0,108.0,210.0,336.0,318.0,912.0,1626.0,2136.0,18.8953,53.0184,96.8382,133.9428,-7.26,-8.7,-7.65,114.0,330.0,345.0,15.0,54.0,63.0,3.0,9.6,10.8,0,0,0,0,0,0,0,0,0,0,0,0,0,0,0,0,0,0,0,1,0,0,0,0,0,0,0,0,0,0,0,0,0,0,0,0,0,0,0,0,0,0,1,0,0,0,0,0,0,0,0,0
FETPYR,3.3489,33.3792,46.665,78.9828,676.0,1092.0,1560.0,2288.0,10.0,18.0,96.0,168.0,204.0,1.5625,5.625,9.625,13.95,311.9663,680.5944,1200.1108,1720.1496,2294.0,4800.0,7358.0,10216.0,51.0,108.0,182.0,272.0,290.0,768.0,1228.0,1632.0,22.8001,56.3104,90.0714,126.8108,-7.26,-7.2,-10.22,114.0,200.0,380.0,20.0,32.0,74.0,3.0,4.8,11.34,0,0,0,0,0,0,0,0,0,0,0,0,0,0,0,0,0,0,0,0,0,0,0,0,0,0,0,0,0,0,0,0,0,0,0,0,0,0,0,0,0,0,0,0,0,0,0,0,0,0,0,0
FIJTIC,3.3489,33.3792,48.4584,56.6202,676.0,1092.0,1612.0,2184.0,10.0,12.0,96.0,156.0,168.0,1.5625,5.625,9.575,11.125,413.6627,926.3548,1692.0608,2247.0024,2642.0,5740.0,9206.0,11964.0,67.0,144.0,258.0,344.0,402.0,1056.0,1660.0,2036.0,28.5169,72.4204,119.2502,156.1236,-7.26,-8.18,-8.98,114.0,198.0,228.0,20.0,34.0,44.0,3.0,4.84,6.1,0,0,0,0,0,0,0,0,0,0,0,0,0,0,0,0,0,0,0,0,0,0,0,0,0,0,0,0,0,0,0,0,0,0,0,0,0,0,0,0,0,0,0,0,0,0,0,0,0,0,0,0
FIWXEP,3.3489,33.3792,61.3782,91.4634,676.0,1092.0,2028.0,3068.0,12.0,20.0,108.0,216.0,408.0,1.5625,5.625,11.4,19.45,693.0213,1621.7328,2934.0828,4049.1768,3234.0,8352.0,14598.0,20132.0,115.0,256.0,458.0,624.0,714.0,1912.0,3210.0,4432.0,47.1595,126.3968,214.9474,292.9912,-7.26,-11.58,-13.38,114.0,234.0,402.0,18.0,36.0,52.0,3.0,5.88,9.44,0,0,0,0,0,0,0,0,0,0,0,0,0,0,0,0,0,0,0,0,0,0,0,0,0,0,0,0,0,0,0,0,0,0,0,0,0,0,0,0,0,0,0,0,0,0,0,0,0,0,0,0
FIWXIT,3.3489,33.3792,61.3782,91.4634,676.0,1092.0,2028.0,3068.0,12.0,20.0,108.0,216.0,408.0,1.5625,5.625,11.4,19.45,699.9463,1606.9428,2975.7528,4197.6668,3418.0,8784.0,14802.0,20092.0,119.0,260.0,482.0,652.0,742.0,1980.0,3302.0,4544.0,47.3885,128.6452,220.389,299.6096,-7.26,-11.58,-13.38,114.0,234.0,402.0,18.0,36.0,52.0,3.0,5.88,9.44,0,0,0,0,0,0,0,0,0,0,0,0,0,0,0,0,0,0,0,0,0,0,0,0,0,0,0,0,0,0,0,0,0,0,0,0,0,0,0,0,0,0,0,0,0,0,0,0,0,0,0,0
FIWXOZ,3.3489,33.3792,61.3782,91.4634,676.0,1092.0,2028.0,3068.0,12.0,20.0,108.0,216.0,408.0,1.5625,5.625,11.4,19.45,576.2713,1349.9028,2498.0328,3516.8168,2794.0,7248.0,13086.0,18700.0,95.0,212.0,386.0,532.0,598.0,1620.0,2810.0,4052.0,38.9495,105.2372,183.3466,259.2924,-7.26,-11.58,-13.38,114.0,234.0,402.0,18.0,36.0,52.0,3.0,5.88,9.44,0,0,0,0,0,0,0,0,0,0,0,0,0,0,0,0,0,0,0,0,0,0,0,0,0,0,0,0,0,0,0,0,0,0,0,0,0,0,0,0,0,0,0,0,0,0,0,0,0,0,0,0
FIWXOZ01,3.3489,33.3792,61.3782,91.4634,676.0,1092.0,2028.0,3068.0,12.0,20.0,108.0,216.0,408.0,1.5625,5.625,11.4,19.45,576.2713,1349.9028,2498.0328,3516.8168,2794.0,7248.0,13086.0,18700.0,95.0,212.0,386.0,532.0,598.0,1620.0,2810.0,4052.0,38.9495,105.2372,183.3466,259.2924,-7.26,-11.58,-13.38,114.0,234.0,402.0,18.0,36.0,52.0,3.0,5.88,9.44,0,0,0,0,0,0,0,0,0,0,0,0,0,0,0,0,0,0,0,0,0,0,0,0,0,0,0,0,0,0,0,0,0,0,0,0,0,0,0,0,0,0,0,0,0,0,0,0,0,0,0,0
FIWXOZ02,3.3489,33.3792,61.3782,91.4634,676.0,1092.0,2028.0,3068.0,12.0,20.0,108.0,216.0,408.0,1.5625,5.625,11.4,19.45,576.2713,1349.9028,2498.0328,3516.8168,2794.0,7248.0,13086.0,18700.0,95.0,212.0,386.0,532.0,598.0,1620.0,2810.0,4052.0,38.9495,105.2372,183.3466,259.2924,-7.26,-11.58,-13.38,114.0,234.0,402.0,18.0,36.0,52.0,3.0,5.88,9.44,0,0,0,0,0,0,0,0,0,0,0,0,0,0,0,0,0,0,0,0,0,0,0,0,0,0,0,0,0,0,0,0,0,0,0,0,0,0,0,0,0,0,0,0,0,0,0,0,0,0,0,0
FOSBOG,3.3489,33.3792,59.5848,72.102,676.0,1092.0,1976.0,1976.0,12.0,16.0,108.0,216.0,240.0,1.5625,5.625,11.45,13.4,702.1999,1690.9432,2988.0896,4168.292,3440.0,8992.0,15462.0,18672.0,115.0,264.0,462.0,652.0,726.0,1980.0,3366.0,4252.0,49.6971,134.1168,228.8894,296.594,-7.26,-10.6,-10.12,114.0,236.0,340.0,18.0,36.0,56.0,3.0,5.84,9.28,0,0,0,0,0,0,0,1,0,0,0,0,0,0,0,0,0,0,0,0,0,0,0,0,0,0,0,0,0,0,0,0,0,0,0,0,1,0,0,0,0,0,0,0,0,0,0,0,0,1,0,0
FOSCAT,3.3489,33.3792,59.5848,72.102,676.0,1092.0,1976.0,1976.0,12.0,16.0,108.0,216.0,240.0,1.5625,5.625,11.45,13.4,702.1999,1690.9432,2988.0896,4168.292,3440.0,8992.0,15462.0,18672.0,115.0,264.0,462.0,652.0,726.0,1980.0,3366.0,4252.0,49.6971,134.1168,228.8894,296.594,-7.26,-10.6,-10.12,114.0,236.0,340.0,18.0,36.0,56.0,3.0,5.84,9.28,0,0,0,0,0,0,0,0,0,0,0,0,0,0,0,0,0,0,0,0,0,0,0,1,0,0,0,0,0,0,0,0,0,1,0,0,0,0,0,0,0,0,0,0,0,0,0,0,0,0,0,0
FOSCEX,3.3489,33.3792,59.5848,72.102,676.0,1092.0,1976.0,1976.0,12.0,16.0,108.0,216.0,240.0,1.5625,5.625,11.45,13.4,702.1999,1690.9432,2988.0896,4168.292,3440.0,8992.0,15462.0,18672.0,115.0,264.0,462.0,652.0,726.0,1980.0,3366.0,4252.0,49.6971,134.1168,228.8894,296.594,-7.26,-10.6,-10.12,114.0,236.0,340.0,18.0,36.0,56.0,3.0,5.84,9.28,0,0,0,0,0,0,0,0,0,0,0,0,0,0,0,0,0,0,0,0,0,0,0,1,0,0,0,0,0,0,0,0,0,0,0,0,1,0,0,0,0,0,0,0,0,0,0,0,0,1,0,0
FOSCEX01,3.3489,33.3792,59.5848,72.102,676.0,1092.0,1976.0,1976.0,12.0,16.0,108.0,216.0,240.0,1.5625,5.625,11.45,13.4,702.1999,1690.9432,2988.0896,4168.292,3440.0,8992.0,15462.0,18672.0,115.0,264.0,462.0,652.0,726.0,1980.0,3366.0,4252.0,49.6971,134.1168,228.8894,296.594,-7.26,-10.6,-10.12,114.0,236.0,340.0,18.0,36.0,56.0,3.0,5.84,9.28,0,0,0,0,0,0,0,0,0,0,0,0,0,0,0,0,0,0,0,0,0,0,0,1,0,0,0,0,0,0,0,0,0,0,0,0,1,0,0,0,0,0,0,0,0,0,0,0,0,1,0,0
FOSCOH,3.3489,33.3792,59.5848,72.102,676.0,1092.0,1976.0,1976.0,12.0,16.0,108.0,216.0,240.0,1.5625,5.625,11.45,13.4,702.1999,1690.9432,2988.0896,4168.292,3440.0,8992.0,15462.0,18672.0,115.0,264.0,462.0,652.0,726.0,1980.0,3366.0,4252.0,49.6971,134.1168,228.8894,296.594,-7.26,-10.6,-10.12,114.0,236.0,340.0,18.0,36.0,56.0,3.0,5.84,9.28,0,0,0,0,0,0,0,0,0,0,0,0,0,0,0,1,0,0,0,0,0,0,0,0,0,0,0,0,0,0,0,0,0,0,0,0,1,0,0,0,0,0,0,0,0,0,0,0,0,1,0,0
FOYYAU,3.3489,33.3792,59.5848,72.102,676.0,1092.0,1976.0,1976.0,12.0,16.0,108.0,216.0,240.0,1.5625,5.625,11.45,13.4,393.4259,930.8852,1734.1972,2404.4052,2732.0,6392.0,11162.0,13312.0,61.0,140.0,254.0,356.0,394.0,1096.0,1962.0,2564.0,28.5467,75.5636,132.8654,175.5948,-7.26,-10.6,-10.12,114.0,236.0,340.0,18.0,36.0,56.0,3.0,5.84,9.28,0,0,0,0,0,0,0,0,0,0,0,0,0,0,0,1,0,0,0,0,0,0,0,0,0,0,0,0,0,0,0,0,0,0,0,0,0,0,0,0,0,0,0,0,0,0,0,0,0,0,0,0
FOYYAU02,3.3489,33.3792,59.5848,72.102,676.0,1092.0,1976.0,1976.0,12.0,16.0,108.0,216.0,240.0,1.5625,5.625,11.45,13.4,393.4259,930.8852,1734.1972,2404.4052,2732.0,6392.0,11162.0,13312.0,61.0,140.0,254.0,356.0,394.0,1096.0,1962.0,2564.0,28.5467,75.5636,132.8654,175.5948,-7.26,-10.6,-10.12,114.0,236.0,340.0,18.0,36.0,56.0,3.0,5.84,9.28,0,0,0,0,0,0,0,0,0,0,0,0,0,0,0,1,0,0,0,0,0,0,0,0,0,0,0,0,0,0,0,0,0,0,0,0,0,0,0,0,0,0,0,0,0,0,0,0,0,0,0,0
FOYYAU06,3.3489,33.3792,59.5848,72.102,676.0,1092.0,1976.0,1976.0,12.0,16.0,108.0,216.0,240.0,1.5625,5.625,11.45,13.4,393.4259,930.8852,1734.1972,2404.4052,2732.0,6392.0,11162.0,13312.0,61.0,140.0,254.0,356.0,394.0,1096.0,1962.0,2564.0,28.5467,75.5636,132.8654,175.5948,-7.26,-10.6,-10.12,114.0,236.0,340.0,18.0,36.0,56.0,3.0,5.84,9.28,0,0,0,0,0,0,0,0,0,0,0,0,0,0,0,1,0,0,0,0,0,0,0,0,0,0,0,0,0,0,0,0,0,0,0,0,0,0,0,0,0,0,0,0,0,0,0,0,0,0,0,0
GAKKOS03,3.3489,33.3792,46.665,79.2024,676.0,1092.0,1560.0,3328.0,10.0,18.0,96.0,192.0,204.0,1.5625,5.625,9.625,15.2,267.2119,610.9284,1252.8164,1597.224,3026.0,5568.0,9294.0,13608.0,43.0,96.0,190.0,252.0,286.0,788.0,1348.0,1640.0,21.6709,54.7396,98.3834,127.274,-7.26,-7.2,-10.34,114.0,200.0,340.0,20.0,28.0,74.0,3.0,4.8,10.34,0,0,0,0,0,0,0,0,0,0,0,0,0,0,0,0,0,0,0,0,0,0,0,0,0,0,0,0,0,0,0,0,0,0,0,0,0,0,0,0,0,0,0,0,0,0,0,0,0,0,0,0
GAKKOS04,3.3489,33.3792,46.665,79.2024,676.0,1092.0,1560.0,3328.0,10.0,18.0,96.0,192.0,204.0,1.5625,5.625,9.625,15.2,267.2119,610.9284,1252.8164,1597.224,3026.0,5568.0,9294.0,13608.0,43.0,96.0,190.0,252.0,286.0,788.0,1348.0,1640.0,21.6709,54.7396,98.3834,127.274,-7.26,-7.2,-10.34,114.0,200.0,340.0,20.0,28.0,74.0,3.0,4.8,10.34,0,0,0,0,0,0,0,0,0,0,0,0,0,0,0,0,0,0,0,0,0,0,0,0,0,0,0,0,0,0,0,0,0,0,0,0,0,0,0,0,0,0,0,0,0,0,0,0,0,0,0,0
GAKKOS05,3.3489,33.3792,46.665,79.2024,676.0,1092.0,1560.0,3328.0,10.0,18.0,96.0,192.0,204.0,1.5625,5.625,9.625,15.2,267.2119,610.9284,1252.8164,1597.224,3026.0,5568.0,9294.0,13608.0,43.0,96.0,190.0,252.0,286.0,788.0,1348.0,1640.0,21.6709,54.7396,98.3834,127.274,-7.26,-7.2,-10.34,114.0,200.0,340.0,20.0,28.0,74.0,3.0,4.8,10.34,0,0,0,0,0,0,0,0,0,0,0,0,0,0,0,0,0,0,0,0,0,0,0,0,0,0,0,0,0,0,0,0,0,0,0,0,0,0,0,0,0,0,0,0,0,0,0,0,0,0,0,0
GAPSIA,3.3489,33.3792,59.5848,72.102,676.0,1092.0,1976.0,1976.0,12.0,16.0,108.0,216.0,240.0,1.5625,5.625,11.45,13.4,325.9399,798.7952,1533.7104,2146.8152,1976.0,5288.0,9766.0,11808.0,51.0,120.0,222.0,316.0,342.0,972.0,1782.0,2316.0,22.6955,63.4592,115.9822,154.1444,-7.26,-10.6,-10.12,114.0,236.0,340.0,18.0,36.0,56.0,3.0,5.84,9.28,0,0,0,0,0,0,0,0,0,0,0,0,0,0,0,0,0,0,0,0,0,0,0,1,0,0,0,0,0,0,0,0,0,0,0,0,0,0,0,0,0,0,0,0,0,0,0,0,0,0,0,0
GAPSOG,3.3489,33.3792,59.5848,72.102,676.0,1092.0,1976.0,1976.0,12.0,16.0,108.0,216.0,240.0,1.5625,5.625,11.45,13.4,325.9399,798.7952,1533.7104,2146.8152,1976.0,5288.0,9766.0,11808.0,51.0,120.0,222.0,316.0,342.0,972.0,1782.0,2316.0,22.6955,63.4592,115.9822,154.1444,-7.26,-10.6,-10.12,114.0,236.0,340.0,18.0,36.0,56.0,3.0,5.84,9.28,0,0,0,0,0,0,0,0,0,0,0,0,1,0,0,0,0,0,0,0,0,0,0,0,0,0,0,0,0,0,0,0,0,0,0,0,0,0,0,0,0,0,0,0,0,0,0,0,0,0,0,0
GAPSUM,3.3489,33.3792,59.5848,74.664,676.0,1092.0,1976.0,2496.0,12.0,16.0,108.0,216.0,288.0,1.5625,5.625,11.45,15.4,559.4399,1342.4552,2414.3224,3355.3632,2856.0,7496.0,13070.0,16704.0,91.0,208.0,366.0,516.0,574.0,1572.0,2694.0,3492.0,39.1155,105.7784,181.5838,238.366,-7.26,-10.6,-11.52,114.0,236.0,320.0,18.0,36.0,48.0,3.0,5.84,7.68,0,0,0,0,0,0,0,0,0,0,0,0,0,0,0,1,0,0,0,0,0,0,0,0,0,0,0,0,0,0,0,0,0,0,0,0,0,0,0,0,0,0,0,0,0,0,0,0,0,0,0,0
GAPSUM01,3.3489,33.3792,59.5848,74.664,676.0,1092.0,1976.0,2496.0,12.0,16.0,108.0,216.0,288.0,1.5625,5.625,11.45,15.4,559.4399,1342.4552,2414.3224,3355.3632,2856.0,7496.0,13070.0,16704.0,91.0,208.0,366.0,516.0,574.0,1572.0,2694.0,3492.0,39.1155,105.7784,181.5838,238.366,-7.26,-10.6,-11.52,114.0,236.0,320.0,18.0,36.0,48.0,3.0,5.84,7.68,0,0,0,0,0,0,0,0,0,0,0,0,0,0,0,1,0,0,0,0,0,0,0,0,0,0,0,0,0,0,0,0,0,0,0,0,0,0,0,0,0,0,0,0,0,0,0,0,0,0,0,0
GAPTAT,3.3489,33.3792,59.5848,74.664,676.0,1092.0,1976.0,2496.0,12.0,16.0,108.0,216.0,312.0,1.5625,5.625,11.45,15.4,520.1299,1224.1352,2341.6624,3271.0872,2432.0,6440.0,11630.0,15384.0,87.0,192.0,366.0,508.0,558.0,1524.0,2574.0,3444.0,33.0959,91.364,162.1598,221.3396,-7.26,-10.6,-11.52,114.0,236.0,320.0,18.0,36.0,44.0,3.0,5.84,7.68,0,0,0,0,0,0,0,0,0,0,1,0,0,0,0,0,0,0,0,0,0,0,0,0,0,0,0,0,0,0,0,0,0,0,0,1,0,0,0,0,0,0,0,0,1,0,0,0,0,0,0,0
GAPTEX,3.3489,33.3792,59.5848,74.664,676.0,1092.0,1976.0,2496.0,12.0,16.0,108.0,216.0,288.0,1.5625,5.625,11.45,15.4,576.0787,1292.8832,2406.9472,3159.3528,2936.0,7208.0,12638.0,16368.0,87.0,192.0,350.0,460.0,542.0,1444.0,2350.0,3036.0,36.2639,95.5528,163.4414,213.5412,-7.26,-10.6,-11.52,114.0,236.0,320.0,18.0,36.0,48.0,3.0,5.84,7.68,0,0,0,0,0,0,0,0,0,0,0,0,0,0,0,1,0,0,0,0,0,0,0,0,0,0,0,0,0,0,0,0,0,0,0,0,0,0,0,0,0,0,0,0,0,0,0,0,0,0,0,0
GAPTIB,3.3489,33.3792,59.5848,74.664,676.0,1092.0,1976.0,2496.0,12.0,16.0,108.0,216.0,312.0,1.5625,5.625,11.45,15.4,438.0043,1026.4152,1913.9864,2646.676,2384.0,6072.0,10950.0,14512.0,67.0,152.0,278.0,388.0,430.0,1188.0,2094.0,2860.0,28.2939,77.1392,137.5974,186.5372,-7.26,-10.6,-11.52,114.0,236.0,320.0,18.0,36.0,44.0,3.0,5.84,7.68,0,0,0,0,0,0,0,0,0,0,0,0,0,0,0,1,0,0,0,0,0,0,0,0,0,0,0,0,0,0,0,0,0,0,0,0,0,0,0,0,0,0,0,0,0,0,0,0,0,0,0,0
GAZQUT,3.3489,33.3792,55.998,93.0006,676.0,1092.0,1872.0,1794.0,12.0,21.0,108.0,234.0,252.0,1.5625,5.625,11.55,14.1375,902.8924,2115.7344,3780.6756,5407.2678,3932.0,10176.0,16764.0,21258.0,152.0,336.0,594.0,876.0,930.0,2514.0,4182.0,5658.0,60.6904,161.9544,271.9878,372.546,-7.26,-8.64,-12.39,114.0,240.0,477.0,18.0,33.0,84.0,3.0,5.76,14.94,0,0,0,0,0,0,0,0,0,0,1,0,0,0,0,0,0,0,0,0,0,0,0,0,0,0,0,0,0,0,0,0,0,0,0,0,0,0,0,0,0,0,0,0,0,0,1,0,0,0,0,0
GIVZAN,3.3489,33.3792,59.5848,72.102,676.0,1092.0,1976.0,1976.0,12.0,16.0,108.0,216.0,240.0,1.5625,5.625,11.45,13.4,325.9399,797.4232,1511.7976,2131.488,1976.0,5248.0,9662.0,11800.0,51.0,120.0,222.0,316.0,342.0,972.0,1782.0,2316.0,22.6955,63.5232,116.2254,154.266,-7.26,-10.6,-10.12,114.0,236.0,340.0,18.0,36.0,56.0,3.0,5.84,9.28,0,0,0,0,0,0,0,0,0,0,0,0,0,0,0,0,0,0,0,0,0,0,0,0,0,0,0,1,0,0,0,0,0,0,0,0,0,0,0,0,0,0,0,0,0,0,0,0,0,1,0,0
GIVZER,3.3489,33.3792,59.5848,72.102,676.0,1092.0,1976.0,1976.0,12.0,16.0,108.0,216.0,240.0,1.5625,5.625,11.45,13.4,325.9399,797.4232,1511.7976,2131.488,1976.0,5248.0,9662.0,11800.0,51.0,120.0,222.0,316.0,342.0,972.0,1782.0,2316.0,22.6955,63.5232,116.2254,154.266,-7.26,-10.6,-10.12,114.0,236.0,340.0,18.0,36.0,56.0,3.0,5.84,9.28,0,0,0,0,0,0,0,0,0,0,0,0,0,0,0,0,0,0,0,0,0,0,0,0,0,0,0,1,0,0,0,0,0,0,0,0,0,0,0,0,0,0,0,0,0,0,1,0,0,1,0,0
GIVZIV,3.3489,33.3792,59.5848,72.102,676.0,1092.0,1976.0,1976.0,12.0,16.0,108.0,216.0,240.0,1.5625,5.625,11.45,13.4,325.9399,797.4232,1511.7976,2131.488,1976.0,5248.0,9662.0,11800.0,51.0,120.0,222.0,316.0,342.0,972.0,1782.0,2316.0,22.6955,63.5232,116.2254,154.266,-7.26,-10.6,-10.12,114.0,236.0,340.0,18.0,36.0,56.0,3.0,5.84,9.28,0,0,0,0,0,0,0,0,0,0,0,0,0,0,0,0,0,0,0,0,0,0,0,0,0,0,0,1,0,0,0,0,0,0,0,0,0,0,0,0,0,0,0,0,0,0,1,0,0,1,0,0
GOGDUB,3.3489,33.3792,55.998,83.2284,676.0,1092.0,1872.0,2340.0,12.0,18.0,108.0,216.0,276.0,1.5625,5.625,11.55,15.275,414.5267,1004.5744,1866.6508,2758.0548,2316.0,6124.0,10894.0,14796.0,67.0,156.0,282.0,424.0,438.0,1224.0,2178.0,3052.0,29.5067,81.3212,144.6698,205.764,-7.26,-8.64,-12.54,114.0,240.0,378.0,18.0,36.0,62.0,3.0,5.76,10.28,0,0,0,0,0,0,0,0,0,0,0,0,0,0,0,1,0,0,0,0,0,0,0,0,0,0,0,0,0,0,0,0,0,0,0,0,0,0,0,0,0,0,0,0,0,0,0,0,0,1,0,0
HAPDOU,3.3489,33.3792,46.665,64.1598,676.0,1092.0,1560.0,2444.0,10.0,14.0,96.0,168.0,204.0,1.5625,5.625,9.625,13.1,527.0885,1240.1154,2304.0108,3233.9636,3224.0,7392.0,12190.0,17268.0,85.0,194.0,354.0,504.0,548.0,1486.0,2512.0,3448.0,38.2787,100.8934,173.7862,244.5828,-7.26,-7.2,-9.44,114.0,200.0,270.0,20.0,32.0,50.0,3.0,4.8,7.02,0,0,0,0,0,0,0,0,0,0,0,0,0,0,0,0,0,0,0,0,0,0,0,0,0,0,0,0,0,0,0,0,0,0,0,0,0,0,0,0,0,0,0,0,0,1,0,0,0,0,0,0
HAXHIY,3.3489,33.3792,60.6645,98.6187,676.0,1092.0,2028.0,1664.0,13.0,23.0,114.0,264.0,228.0,1.5625,5.625,12.5125,14.6125,406.2142,939.3174,1799.4334,2743.4664,2141.0,5532.0,9880.0,12106.0,67.0,148.0,278.0,438.0,426.0,1206.0,2214.0,3070.0,27.2267,73.5276,131.5182,192.7094,-7.26,-9.36,-11.8,114.0,260.0,534.0,17.0,34.0,100.0,3.0,6.24,17.06,0,0,0,0,0,0,0,0,0,0,1,0,0,0,0,0,0,0,0,0,0,0,0,0,0,0,0,0,0,0,0,0,0,0,0,0,0,0,0,0,0,0,0,0,0,0,1,0,0,0,0,0
HECBUO,3.3489,33.3792,59.5848,72.102,676.0,1092.0,1976.0,1976.0,12.0,16.0,108.0,216.0,240.0,1.5625,5.625,11.45,13.4,606.7743,1426.9232,2487.8816,3528.544,3112.0,7856.0,13686.0,16856.0,95.0,216.0,374.0,532.0,590.0,1612.0,2766.0,3540.0,41.2471,110.2208,188.5414,247.9484,-7.26,-10.6,-10.12,114.0,236.0,340.0,18.0,36.0,56.0,3.0,5.84,9.28,0,0,0,0,0,0,0,0,0,0,0,0,0,0,0,0,0,0,0,0,0,0,0,1,0,0,0,0,0,0,0,0,0,0,0,0,0,0,0,0,0,0,0,0,0,1,0,0,0,1,0,0
HECCEZ,3.3489,33.3792,59.5848,72.102,676.0,1092.0,1976.0,1976.0,12.0,16.0,108.0,216.0,240.0,1.5625,5.625,11.45,13.4,606.7743,1426.9232,2487.8816,3528.544,3112.0,7856.0,13686.0,16856.0,95.0,216.0,374.0,532.0,590.0,1612.0,2766.0,3540.0,41.2471,110.2208,188.5414,247.9484,-7.26,-10.6,-10.12,114.0,236.0,340.0,18.0,36.0,56.0,3.0,5.84,9.28,0,0,0,0,0,0,0,0,0,0,0,0,0,0,0,0,0,0,0,0,0,0,0,1,0,0,0,0,0,0,0,0,0,0,0,0,0,0,1,0,0,0,0,0,0,0,0,0,0,0,0,0
HECCID,3.3489,33.3792,59.5848,72.102,676.0,1092.0,1976.0,1976.0,12.0,16.0,108.0,216.0,240.0,1.5625,5.625,11.45,13.4,606.7743,1426.9232,2487.8816,3528.544,3112.0,7856.0,13686.0,16856.0,95.0,216.0,374.0,532.0,590.0,1612.0,2766.0,3540.0,41.2471,110.2208,188.5414,247.9484,-7.26,-10.6,-10.12,114.0,236.0,340.0,18.0,36.0,56.0,3.0,5.84,9.28,0,0,0,0,0,0,0,0,0,0,0,0,0,0,0,0,0,0,0,0,0,0,0,1,0,0,0,0,0,0,0,0,0,0,0,0,0,0,0,0,0,0,1,0,0,0,0,0,0,0,0,0
HECCOJ,3.3489,33.3792,59.5848,72.102,676.0,1092.0,1976.0,1976.0,12.0,16.0,108.0,216.0,240.0,1.5625,5.625,11.45,13.4,325.9399,797.4232,1511.7976,2131.488,1976.0,5248.0,9662.0,11800.0,51.0,120.0,222.0,316.0,342.0,972.0,1782.0,2316.0,22.6955,63.5232,116.2254,154.266,-7.26,-10.6,-10.12,114.0,236.0,340.0,18.0,36.0,56.0,3.0,5.84,9.28,0,0,0,0,0,0,0,0,0,0,0,0,0,0,0,0,0,0,0,0,0,0,0,1,0,0,0,0,0,0,0,0,0,0,0,0,1,0,0,0,0,0,0,0,1,0,0,0,0,0,0,0
HECCOJ01,3.3489,33.3792,59.5848,72.102,676.0,1092.0,1976.0,1976.0,12.0,16.0,108.0,216.0,240.0,1.5625,5.625,11.45,13.4,325.9399,797.4232,1511.7976,2131.488,1976.0,5248.0,9662.0,11800.0,51.0,120.0,222.0,316.0,342.0,972.0,1782.0,2316.0,22.6955,63.5232,116.2254,154.266,-7.26,-10.6,-10.12,114.0,236.0,340.0,18.0,36.0,56.0,3.0,5.84,9.28,0,0,0,0,0,0,0,0,0,0,0,0,0,0,0,0,0,0,0,0,0,0,0,1,0,0,0,0,0,0,0,0,0,0,0,0,1,0,0,0,0,0,0,0,1,0,0,0,0,0,0,0
HIXDOK,3.3489,33.3792,57.7914,75.1764,676.0,1092.0,1924.0,2288.0,12.0,16.0,108.0,216.0,264.0,1.5625,5.625,11.5,14.35,514.0699,1243.2228,2253.6872,3149.1172,2708.0,7116.0,12526.0,15824.0,83.0,192.0,342.0,484.0,534.0,1476.0,2574.0,3324.0,36.1963,98.8184,172.5334,226.7316,-7.26,-9.62,-11.8,114.0,238.0,328.0,18.0,36.0,52.0,3.0,5.8,8.52,0,0,0,0,0,0,0,0,0,0,0,0,0,0,0,1,0,0,0,0,0,0,0,0,0,0,0,0,0,0,0,0,0,0,0,0,0,0,0,0,1,0,0,0,0,0,0,0,0,0,0,0
HIXDOK01,3.3489,33.3792,57.7914,75.1764,676.0,1092.0,1924.0,2288.0,12.0,16.0,108.0,216.0,264.0,1.5625,5.625,11.5,14.35,514.0699,1243.2228,2253.6872,3149.1172,2708.0,7116.0,12526.0,15824.0,83.0,192.0,342.0,484.0,534.0,1476.0,2574.0,3324.0,36.1963,98.8184,172.5334,226.7316,-7.26,-9.62,-11.8,114.0,238.0,328.0,18.0,36.0,52.0,3.0,5.8,8.52,0,0,0,0,0,0,0,0,0,0,0,0,0,0,0,1,0,0,0,0,0,0,0,0,0,0,0,0,0,0,0,0,0,0,0,0,0,0,0,0,1,0,0,0,0,0,0,0,0,0,0,0
HIXFOK,3.3489,33.3792,55.998,90.3105,676.0,1092.0,1872.0,1716.0,12.0,21.0,108.0,234.0,252.0,1.5625,5.625,11.55,14.2125,681.5659,1540.6074,2959.836,4197.7902,2786.0,7152.0,11706.0,14496.0,116.0,246.0,474.0,690.0,720.0,1932.0,3012.0,3948.0,40.6252,110.349,188.0082,255.9942,-7.26,-8.64,-10.92,114.0,240.0,480.0,18.0,33.0,84.0,3.0,5.76,14.88,0,0,0,0,0,0,0,0,0,0,0,0,0,0,0,0,0,0,0,0,0,0,0,1,0,0,0,0,0,0,0,0,0,0,0,0,0,0,0,0,0,0,0,0,0,0,0,0,0,0,0,0
HIXFUQ,3.3489,33.3792,55.998,92.232,676.0,1092.0,1872.0,2106.0,12.0,21.0,108.0,234.0,306.0,1.5625,5.625,11.55,15.7125,730.1134,1646.9424,3159.675,4440.9312,2900.0,7440.0,12222.0,16110.0,125.0,264.0,510.0,726.0,774.0,2058.0,3192.0,4308.0,43.2253,117.3252,199.2486,274.5654,-7.26,-8.64,-11.97,114.0,240.0,465.0,18.0,33.0,75.0,3.0,5.76,13.68,0,0,0,0,0,0,0,0,0,0,0,0,0,0,0,0,0,0,0,0,0,0,0,1,0,0,0,0,0,0,0,0,0,0,0,0,0,0,0,0,0,0,0,0,0,0,0,0,0,0,0,0
HIXFUQ01,3.3489,33.3792,55.998,92.232,676.0,1092.0,1872.0,2106.0,12.0,21.0,108.0,234.0,306.0,1.5625,5.625,11.55,15.7125,730.1134,1646.9424,3159.675,4440.9312,2900.0,7440.0,12222.0,16110.0,125.0,264.0,510.0,726.0,774.0,2058.0,3192.0,4308.0,43.2253,117.3252,199.2486,274.5654,-7.26,-8.64,-11.97,114.0,240.0,465.0,18.0,33.0,75.0,3.0,5.76,13.68,0,0,0,0,0,0,0,0,0,0,0,0,0,0,0,0,0,0,0,0,0,0,0,1,0,0,0,0,0,0,0,0,0,0,0,0,0,0,0,0,0,0,0,0,0,0,0,0,0,0,0,0
HMPBFE,3.3489,33.3792,61.3782,91.4634,676.0,1092.0,2028.0,3068.0,12.0,20.0,108.0,216.0,408.0,1.5625,5.625,11.4,19.45,530.6063,1239.4368,2407.2768,3246.1548,2438.0,6452.0,11946.0,16960.0,89.0,196.0,378.0,484.0,574.0,1528.0,2610.0,3840.0,33.5681,93.1588,165.3906,233.5508,-7.26,-11.58,-13.38,114.0,234.0,402.0,18.0,36.0,52.0,3.0,5.88,9.44,0,0,0,0,0,0,0,0,0,0,0,0,0,0,0,0,0,0,0,0,0,0,0,0,0,0,0,0,0,0,0,0,0,0,0,0,0,0,0,0,0,0,0,0,0,0,0,0,0,0,0,0
HOLSIN,3.3489,33.3792,55.998,93.8058,676.0,1092.0,1872.0,2132.0,12.0,22.0,108.0,240.0,204.0,1.5625,5.625,11.55,14.8,367.0163,843.9474,1639.9188,2488.8816,2444.0,5400.0,9430.0,12544.0,61.0,134.0,254.0,396.0,388.0,1092.0,1990.0,2732.0,25.9931,67.9682,121.2106,180.9176,-7.26,-8.64,-11.0,114.0,240.0,490.0,18.0,32.0,98.0,3.0,5.76,15.66,0,0,0,0,0,0,0,0,0,0,0,0,0,0,0,0,0,0,0,0,0,0,0,0,0,0,0,0,0,0,0,0,0,0,0,0,0,0,0,0,0,0,0,0,0,0,0,0,0,0,0,0
HOLSOT,3.3489,33.3792,55.998,91.8294,676.0,1092.0,1872.0,1560.0,12.0,22.0,108.0,240.0,240.0,1.5625,5.625,11.55,14.375,436.4367,989.1954,1903.1224,2780.3448,2136.0,5532.0,9510.0,11664.0,75.0,162.0,302.0,448.0,464.0,1268.0,2194.0,2996.0,29.0979,78.241,135.0158,193.0176,-7.26,-8.64,-9.92,114.0,240.0,512.0,18.0,32.0,92.0,3.0,5.76,16.0,0,0,0,0,0,0,0,0,0,0,0,0,0,0,0,0,0,0,0,0,0,0,0,0,0,0,0,0,0,0,0,0,0,0,0,0,0,0,0,0,0,0,0,0,0,0,0,0,0,0,0,0
HOLSUZ,3.3489,33.3792,55.998,93.8058,676.0,1092.0,1872.0,2132.0,12.0,22.0,108.0,240.0,204.0,1.5625,5.625,11.55,14.8,412.3863,940.8474,1784.2888,2704.0416,2592.0,5736.0,9734.0,12724.0,69.0,150.0,278.0,436.0,428.0,1196.0,2134.0,2900.0,28.9123,74.9906,130.4642,190.5376,-7.26,-8.64,-11.0,114.0,240.0,490.0,18.0,32.0,98.0,3.0,5.76,15.66,0,0,0,0,0,0,0,0,0,0,0,0,0,0,0,0,0,0,0,0,0,0,0,0,0,0,0,0,0,0,0,0,0,0,0,0,0,0,0,0,0,0,0,0,0,0,0,0,0,0,0,0
HOLTAG,3.3489,33.3792,55.998,93.696,676.0,1092.0,1872.0,3068.0,12.0,22.0,108.0,240.0,204.0,1.5625,5.625,11.55,15.15,366.7085,843.6414,1639.554,2488.662,4244.0,5832.0,9934.0,14416.0,61.0,134.0,254.0,396.0,388.0,1092.0,1990.0,2732.0,26.6035,68.3994,121.6306,181.6176,-7.26,-8.64,-10.94,114.0,240.0,454.0,18.0,32.0,98.0,3.0,5.76,15.38,0,0,0,0,0,0,0,0,0,0,0,0,0,0,0,0,0,0,0,0,0,0,0,0,0,0,0,0,0,0,0,0,0,0,0,0,0,0,0,0,0,0,0,0,0,0,0,0,0,0,0,0
HOLTEK,3.3489,33.3792,55.998,91.8294,676.0,1092.0,1872.0,1560.0,12.0,22.0,108.0,240.0,240.0,1.5625,5.625,11.55,14.375,436.4367,989.1954,1903.1224,2780.3448,2136.0,5532.0,9510.0,11664.0,75.0,162.0,302.0,448.0,464.0,1268.0,2194.0,2996.0,29.0979,78.241,135.0158,193.0176,-7.26,-8.64,-9.92,114.0,240.0,512.0,18.0,32.0,92.0,3.0,5.76,16.0,0,0,0,0,0,0,0,0,0,0,0,0,0,0,0,0,0,0,0,0,0,0,0,0,0,0,0,0,0,0,0,0,0,0,0,0,0,0,0,0,0,0,0,0,0,0,0,0,0,0,0,0
HOLTOU,3.3489,33.3792,55.998,93.696,676.0,1092.0,1872.0,3068.0,12.0,22.0,108.0,240.0,204.0,1.5625,5.625,11.55,15.15,412.0785,940.5414,1783.924,2703.822,4392.0,6168.0,10238.0,14596.0,69.0,150.0,278.0,436.0,428.0,1196.0,2134.0,2900.0,29.5227,75.4218,130.8842,191.2376,-7.26,-8.64,-10.94,114.0,240.0,454.0,18.0,32.0,98.0,3.0,5.76,15.38,0,0,0,0,0,0,0,0,0,0,0,0,0,0,0,0,0,0,0,0,0,0,0,0,0,0,0,0,0,0,0,0,0,0,0,0,0,0,0,0,0,0,0,0,0,0,0,0,0,0,0,0
HOLTUA,3.3489,33.3792,55.998,93.8058,676.0,1092.0,1872.0,2132.0,12.0,22.0,108.0,240.0,204.0,1.5625,5.625,11.55,14.8,412.3863,940.8474,1784.2888,2704.0416,2592.0,5736.0,9734.0,12724.0,69.0,150.0,278.0,436.0,428.0,1196.0,2134.0,2900.0,28.9123,74.9906,130.4642,190.5376,-7.26,-8.64,-11.0,114.0,240.0,490.0,18.0,32.0,98.0,3.0,5.76,15.66,0,0,0,0,0,0,0,0,0,0,0,0,0,0,0,0,0,0,0,0,0,0,0,0,0,0,0,0,0,0,0,0,0,0,0,0,0,0,0,0,0,0,0,0,0,0,0,0,0,0,0,0
HOMXIT,3.3489,33.3792,59.5848,72.102,676.0,1092.0,1976.0,1976.0,12.0,16.0,108.0,216.0,240.0,1.5625,5.625,11.45,13.4,325.9399,797.4232,1511.7976,2131.488,1976.0,5248.0,9662.0,11800.0,51.0,120.0,222.0,316.0,342.0,972.0,1782.0,2316.0,22.6955,63.5232,116.2254,154.266,-7.26,-10.6,-10.12,114.0,236.0,340.0,18.0,36.0,56.0,3.0,5.84,9.28,0,0,0,1,0,0,0,0,0,0,0,0,0,0,0,0,0,0,0,0,0,0,0,0,0,0,0,0,0,0,0,0,0,0,0,0,0,0,0,0,0,0,0,0,0,0,0,0,0,0,0,0
HOMXIT01,3.3489,33.3792,59.5848,72.102,676.0,1092.0,1976.0,1976.0,12.0,16.0,108.0,216.0,240.0,1.5625,5.625,11.45,13.4,325.9399,797.4232,1511.7976,2131.488,1976.0,5248.0,9662.0,11800.0,51.0,120.0,222.0,316.0,342.0,972.0,1782.0,2316.0,22.6955,63.5232,116.2254,154.266,-7.26,-10.6,-10.12,114.0,236.0,340.0,18.0,36.0,56.0,3.0,5.84,9.28,0,0,0,1,0,0,0,0,0,0,0,0,0,0,0,0,0,0,0,0,0,0,0,0,0,0,0,0,0,0,0,0,0,0,0,0,0,0,0,0,0,0,0,0,0,0,0,0,0,0,0,0
HOMXIT02,3.3489,33.3792,59.5848,72.102,676.0,1092.0,1976.0,1976.0,12.0,16.0,108.0,216.0,240.0,1.5625,5.625,11.45,13.4,325.9399,797.4232,1511.7976,2131.488,1976.0,5248.0,9662.0,11800.0,51.0,120.0,222.0,316.0,342.0,972.0,1782.0,2316.0,22.6955,63.5232,116.2254,154.266,-7.26,-10.6,-10.12,114.0,236.0,340.0,18.0,36.0,56.0,3.0,5.84,9.28,0,0,0,1,0,0,0,0,0,0,0,0,0,0,0,0,0,0,0,0,0,0,0,0,0,0,0,0,0,0,0,0,0,0,0,0,0,0,0,0,0,0,0,0,0,0,0,0,0,0,0,0
HOQFID,3.3489,33.3792,61.3782,91.4634,676.0,1092.0,2028.0,3068.0,12.0,20.0,108.0,216.0,408.0,1.5625,5.625,11.4,19.45,562.9713,1309.6128,2537.0208,3630.1788,2514.0,6624.0,12378.0,18256.0,95.0,208.0,402.0,556.0,610.0,1660.0,2922.0,4308.0,35.3015,97.9376,176.6634,260.0732,-7.26,-11.58,-13.38,114.0,234.0,402.0,18.0,36.0,52.0,3.0,5.88,9.44,0,0,0,0,0,0,0,0,0,0,0,0,0,0,0,0,0,0,0,0,0,0,0,0,0,0,0,0,0,0,0,0,0,0,0,0,0,0,0,0,0,0,0,0,0,0,0,0,0,0,0,0
HPZBFE,3.3489,33.3792,61.3782,87.6204,676.0,1092.0,2028.0,2288.0,12.0,20.0,108.0,216.0,300.0,1.5625,5.625,11.4,16.45,336.4163,814.0968,1607.9208,2279.0088,1982.0,5300.0,9882.0,12484.0,53.0,124.0,234.0,340.0,358.0,1024.0,1890.0,2544.0,23.1677,65.254,120.429,164.834,-7.26,-11.58,-11.28,114.0,234.0,432.0,18.0,36.0,70.0,3.0,5.88,11.84,0,0,0,0,0,0,0,0,0,0,0,0,0,0,0,0,0,0,0,0,0,0,0,0,0,0,0,0,0,0,0,0,0,0,0,0,0,0,0,0,0,0,0,0,0,0,0,0,0,0,0,0
IBIWUM,3.3489,33.3792,66.1545,64.233,676.0,1092.0,1560.0,1170.0,15.0,15.0,126.0,216.0,162.0,1.5625,5.625,11.4375,9.9375,292.0035,683.5854,1339.404,2117.538,1642.0,4320.0,7212.0,8010.0,49.0,108.0,210.0,336.0,318.0,912.0,1626.0,2136.0,18.8953,53.0184,96.8382,133.9428,-7.26,-8.7,-7.65,114.0,330.0,345.0,15.0,54.0,63.0,3.0,9.6,10.8,0,0,0,0,0,0,0,0,0,0,0,0,0,0,0,0,0,0,0,1,0,0,0,0,0,0,0,0,0,0,0,0,0,0,0,0,0,0,0,0,0,1,0,0,0,0,0,0,0,0,0,0
IBIXAT10,3.3489,33.3792,66.1545,64.233,676.0,1092.0,1560.0,1170.0,15.0,15.0,126.0,216.0,162.0,1.5625,5.625,11.4375,9.9375,292.0035,683.5854,1339.404,2117.538,1642.0,4320.0,7212.0,8010.0,49.0,108.0,210.0,336.0,318.0,912.0,1626.0,2136.0,18.8953,53.0184,96.8382,133.9428,-7.26,-8.7,-7.65,114.0,330.0,345.0,15.0,54.0,63.0,3.0,9.6,10.8,0,0,0,0,0,0,0,0,0,0,0,0,0,0,0,0,0,0,0,1,0,0,0,0,0,0,0,0,0,0,0,0,0,0,0,0,0,0,1,0,0,0,0,0,0,0,0,0,0,0,0,0
IBIXAT14,3.3489,33.3792,66.1545,64.233,676.0,1092.0,1560.0,1170.0,15.0,15.0,126.0,216.0,162.0,1.5625,5.625,11.4375,9.9375,292.0035,683.5854,1339.404,2117.538,1642.0,4320.0,7212.0,8010.0,49.0,108.0,210.0,336.0,318.0,912.0,1626.0,2136.0,18.8953,53.0184,96.8382,133.9428,-7.26,-8.7,-7.65,114.0,330.0,345.0,15.0,54.0,63.0,3.0,9.6,10.8,0,0,0,0,0,0,0,0,0,0,0,0,0,0,0,0,0,0,0,1,0,0,0,0,0,0,0,0,0,0,0,0,0,0,0,0,0,0,1,0,0,0,0,0,0,0,0,0,0,0,0,0
IBIXEX,3.3489,33.3792,66.1545,64.233,676.0,1092.0,1560.0,1170.0,15.0,15.0,126.0,216.0,162.0,1.5625,5.625,11.4375,9.9375,292.0035,683.5854,1339.404,2117.538,1642.0,4320.0,7212.0,8010.0,49.0,108.0,210.0,336.0,318.0,912.0,1626.0,2136.0,18.8953,53.0184,96.8382,133.9428,-7.26,-8.7,-7.65,114.0,330.0,345.0,15.0,54.0,63.0,3.0,9.6,10.8,0,0,0,0,0,0,0,0,0,0,0,0,0,0,0,0,0,0,0,1,0,0,0,0,0,0,0,0,0,0,0,0,0,0,1,0,0,0,0,0,0,0,0,0,0,0,0,0,0,0,0,0
IBIXIB,3.3489,33.3792,66.1545,64.233,676.0,1092.0,1560.0,1170.0,15.0,15.0,126.0,216.0,162.0,1.5625,5.625,11.4375,9.9375,292.0035,683.5854,1339.404,2117.538,1642.0,4320.0,7212.0,8010.0,49.0,108.0,210.0,336.0,318.0,912.0,1626.0,2136.0,18.8953,53.0184,96.8382,133.9428,-7.26,-8.7,-7.65,114.0,330.0,345.0,15.0,54.0,63.0,3.0,9.6,10.8,0,0,0,0,0,0,0,0,0,0,0,0,0,0,0,0,0,0,0,1,0,0,0,0,0,0,0,0,0,0,0,0,0,0,0,0,0,1,0,0,0,0,0,0,0,0,0,0,0,0,0,0
IGEDUU,3.3489,33.3792,59.5848,72.102,676.0,1092.0,1976.0,1976.0,12.0,16.0,108.0,216.0,240.0,1.5625,5.625,11.45,13.4,334.8823,808.1792,1552.4784,2185.3816,13208.0,7784.0,14758.0,18464.0,51.0,120.0,222.0,316.0,342.0,972.0,1782.0,2316.0,29.9879,69.804,128.6718,172.602,-7.26,-10.6,-10.12,114.0,236.0,340.0,18.0,36.0,56.0,3.0,5.84,9.28,0,0,0,0,0,0,0,0,0,0,0,0,0,0,0,1,0,0,0,0,0,0,0,0,0,0,0,0,0,0,0,0,0,0,0,0,1,0,0,0,0,0,0,0,0,0,0,0,0,0,0,0
ILACON,3.3489,33.3792,59.5848,72.102,676.0,1092.0,1976.0,1976.0,12.0,16.0,108.0,216.0,240.0,1.5625,5.625,11.45,13.4,325.9399,797.4232,1511.7976,2131.488,1976.0,5248.0,9662.0,11800.0,51.0,120.0,222.0,316.0,342.0,972.0,1782.0,2316.0,22.6955,63.5232,116.2254,154.266,-7.26,-10.6,-10.12,114.0,236.0,340.0,18.0,36.0,56.0,3.0,5.84,9.28,0,0,0,0,0,0,0,0,1,0,0,0,0,0,0,0,0,0,0,0,0,0,0,1,0,0,0,0,0,0,0,0,0,0,0,0,0,0,0,0,0,0,0,0,0,0,0,0,0,1,0,0
ILAWUP,3.3489,33.3792,57.7914,75.1764,676.0,1092.0,1924.0,2288.0,12.0,16.0,108.0,216.0,264.0,1.5625,5.625,11.5,14.35,537.7371,1286.1428,2301.4232,3242.8532,2836.0,7316.0,12886.0,16404.0,85.0,196.0,346.0,492.0,542.0,1496.0,2610.0,3388.0,37.2621,101.0076,175.8906,232.87,-7.26,-9.62,-11.8,114.0,238.0,328.0,18.0,36.0,52.0,3.0,5.8,8.52,0,0,0,0,0,0,0,0,0,0,0,0,0,0,0,0,0,0,0,0,0,0,0,1,0,0,0,0,0,0,0,0,0,0,0,0,1,0,0,0,0,0,0,0,0,0,0,0,0,0,0,0
IMAHIO,3.3489,33.3792,55.998,100.4853,676.0,1092.0,1872.0,2366.0,12.0,22.0,108.0,240.0,318.0,1.5625,5.625,11.55,16.575,455.2524,1071.9224,2119.7958,3059.3208,2176.0,5768.0,10134.0,13660.0,76.0,168.0,330.0,490.0,498.0,1384.0,2354.0,3228.0,28.398,79.6592,143.7642,202.6182,-7.26,-8.64,-14.65,114.0,240.0,481.0,18.0,32.0,79.0,3.0,5.76,14.24,0,0,0,0,0,0,0,0,0,0,0,0,0,0,0,0,1,0,0,0,0,0,0,0,0,0,0,0,0,0,0,0,0,0,0,0,0,0,0,0,0,0,0,0,0,0,0,0,0,0,0,0
IMAHIO01,3.3489,33.3792,55.998,100.4853,676.0,1092.0,1872.0,2366.0,12.0,22.0,108.0,240.0,318.0,1.5625,5.625,11.55,16.575,455.2524,1071.9224,2119.7958,3059.3208,2176.0,5768.0,10134.0,13660.0,76.0,168.0,330.0,490.0,498.0,1384.0,2354.0,3228.0,28.398,79.6592,143.7642,202.6182,-7.26,-8.64,-14.65,114.0,240.0,481.0,18.0,32.0,79.0,3.0,5.76,14.24,0,0,0,0,0,0,0,0,0,0,0,0,0,0,0,0,1,0,0,0,0,0,0,0,0,0,0,0,0,0,0,0,0,0,0,0,0,0,0,0,0,0,0,0,0,0,0,0,0,0,0,0
IQIJAT,3.3489,33.3792,68.3322,86.5407,676.0,1092.0,1846.0,1586.0,15.0,20.0,126.0,246.0,228.0,1.5625,5.625,12.4125,13.225,406.7049,955.3558,1844.9718,2890.4414,2062.0,5404.0,9464.0,11646.0,67.0,148.0,286.0,456.0,434.0,1236.0,2202.0,3042.0,25.7979,71.5,129.8262,186.4812,-7.26,-9.89,-10.69,114.0,319.0,459.0,15.0,49.0,82.0,3.0,8.82,14.42,0,0,0,0,0,0,0,0,0,0,0,0,0,0,0,0,0,0,0,0,0,0,0,1,0,0,0,0,0,0,0,0,0,0,0,0,0,0,0,0,0,0,0,0,0,0,0,0,0,0,0,0
IQIJAT02,3.3489,33.3792,68.3322,86.5407,676.0,1092.0,1846.0,1586.0,15.0,20.0,126.0,246.0,228.0,1.5625,5.625,12.4125,13.225,406.7049,955.3558,1844.9718,2890.4414,2062.0,5404.0,9464.0,11646.0,67.0,148.0,286.0,456.0,434.0,1236.0,2202.0,3042.0,25.7979,71.5,129.8262,186.4812,-7.26,-9.89,-10.69,114.0,319.0,459.0,15.0,49.0,82.0,3.0,8.82,14.42,0,0,0,0,0,0,0,0,0,0,0,0,0,0,0,0,0,0,0,0,0,0,0,1,0,0,0,0,0,0,0,0,0,0,0,0,0,0,0,0,0,0,0,0,0,0,0,0,0,0,0,0
ISULAJ,3.3489,33.3792,58.6881,90.3105,676.0,1092.0,1950.0,1716.0,12.0,21.0,108.0,234.0,252.0,1.5625,5.625,11.475,14.2125,328.9699,786.576,1564.6962,2305.2576,1838.0,4896.0,8880.0,10860.0,53.0,120.0,234.0,354.0,354.0,1002.0,1806.0,2544.0,21.1453,59.8104,110.457,157.1982,-7.26,-10.11,-10.92,114.0,237.0,480.0,18.0,33.0,84.0,3.0,5.82,14.88,0,0,0,0,0,0,0,0,0,0,0,0,0,0,0,0,0,0,0,0,0,0,0,1,0,0,0,0,0,0,0,0,0,0,0,0,0,0,0,0,0,0,0,0,0,0,0,0,0,1,0,0
ITINOP,3.3489,33.3792,59.5848,72.102,676.0,1092.0,1976.0,1976.0,12.0,16.0,108.0,216.0,240.0,1.5625,5.625,11.45,13.4,606.7743,1426.9232,2487.8816,3528.544,3112.0,7856.0,13686.0,16856.0,95.0,216.0,374.0,532.0,590.0,1612.0,2766.0,3540.0,41.2471,110.2208,188.5414,247.9484,-7.26,-10.6,-10.12,114.0,236.0,340.0,18.0,36.0,56.0,3.0,5.84,9.28,0,0,0,0,0,0,0,0,0,0,0,0,0,0,0,0,0,0,0,0,0,0,0,1,0,0,0,0,0,0,0,0,0,0,0,0,1,0,0,0,0,0,0,0,0,0,0,0,0,1,0,0
ITINOP03,3.3489,33.3792,59.5848,72.102,676.0,1092.0,1976.0,1976.0,12.0,16.0,108.0,216.0,240.0,1.5625,5.625,11.45,13.4,606.7743,1426.9232,2487.8816,3528.544,3112.0,7856.0,13686.0,16856.0,95.0,216.0,374.0,532.0,590.0,1612.0,2766.0,3540.0,41.2471,110.2208,188.5414,247.9484,-7.26,-10.6,-10.12,114.0,236.0,340.0,18.0,36.0,56.0,3.0,5.84,9.28,0,0,0,0,0,0,0,0,0,0,0,0,0,0,0,0,0,0,0,0,0,0,0,1,0,0,0,0,0,0,0,0,0,0,0,0,1,0,0,0,0,0,0,0,0,0,0,0,0,1,0,0
IYUFOX,3.3489,33.3792,59.5848,72.102,676.0,1092.0,1976.0,1976.0,12.0,16.0,108.0,216.0,240.0,1.5625,5.625,11.45,13.4,381.9721,912.6052,1723.1624,2381.2112,2180.0,5680.0,10338.0,12600.0,59.0,136.0,250.0,352.0,386.0,1080.0,1938.0,2528.0,25.4947,70.2992,126.8218,169.0824,-7.26,-10.6,-10.12,114.0,236.0,340.0,18.0,36.0,56.0,3.0,5.84,9.28,0,0,0,0,0,0,0,0,0,0,0,0,0,0,0,1,0,0,0,0,0,0,0,0,0,0,0,0,0,0,0,0,0,0,0,0,0,0,0,0,0,0,0,0,0,0,0,0,0,0,0,0
IYUFOX01,3.3489,33.3792,59.5848,72.102,676.0,1092.0,1976.0,1976.0,12.0,16.0,108.0,216.0,240.0,1.5625,5.625,11.45,13.4,381.9721,912.6052,1723.1624,2381.2112,2180.0,5680.0,10338.0,12600.0,59.0,136.0,250.0,352.0,386.0,1080.0,1938.0,2528.0,25.4947,70.2992,126.8218,169.0824,-7.26,-10.6,-10.12,114.0,236.0,340.0,18.0,36.0,56.0,3.0,5.84,9.28,0,0,0,0,0,0,0,0,0,0,0,0,0,0,0,1,0,0,0,0,0,0,0,0,0,0,0,0,0,0,0,0,0,0,0,0,0,0,0,0,0,0,0,0,0,0,0,0,0,0,0,0
IZADEU,3.3489,33.3792,55.998,99.8448,676.0,1092.0,1872.0,3328.0,12.0,20.0,108.0,240.0,408.0,1.5625,5.625,11.55,19.05,485.1279,1131.6384,2287.3208,3219.9864,2344.0,6144.0,11462.0,16664.0,79.0,176.0,350.0,492.0,526.0,1460.0,2622.0,3660.0,30.0583,84.2152,156.0734,225.1012,-7.26,-8.64,-17.96,114.0,240.0,392.0,18.0,32.0,52.0,3.0,5.76,9.76,0,0,0,0,0,0,0,0,0,0,0,0,0,0,0,1,0,0,0,0,0,0,0,0,0,0,0,0,0,0,0,0,0,0,0,0,0,0,0,0,0,0,0,0,0,0,0,0,0,0,0,0
IZADEU01,3.3489,33.3792,55.998,99.8448,676.0,1092.0,1872.0,3328.0,12.0,20.0,108.0,240.0,408.0,1.5625,5.625,11.55,19.05,485.1279,1131.6384,2287.3208,3219.9864,2344.0,6144.0,11462.0,16664.0,79.0,176.0,350.0,492.0,526.0,1460.0,2622.0,3660.0,30.0583,84.2152,156.0734,225.1012,-7.26,-8.64,-17.96,114.0,240.0,392.0,18.0,32.0,52.0,3.0,5.76,9.76,0,0,0,0,0,0,0,0,0,0,0,0,0,0,0,1,0,0,0,0,0,0,0,0,0,0,0,0,0,0,0,0,0,0,0,0,0,0,0,0,0,0,0,0,0,0,0,0,0,0,0,0
IZADOE,3.3489,33.3792,55.998,99.8448,676.0,1092.0,1872.0,3328.0,12.0,20.0,108.0,240.0,408.0,1.5625,5.625,11.55,19.05,485.1279,1131.6384,2287.3208,3219.9864,2344.0,6144.0,11462.0,16664.0,79.0,176.0,350.0,492.0,526.0,1460.0,2622.0,3660.0,30.0583,84.2152,156.0734,225.1012,-7.26,-8.64,-17.96,114.0,240.0,392.0,18.0,32.0,52.0,3.0,5.76,9.76,0,0,0,0,0,0,0,0,0,0,1,0,0,0,0,0,0,0,0,0,0,0,0,0,0,0,0,0,0,0,0,0,0,0,0,1,0,0,0,0,0,0,0,0,1,0,0,0,0,0,0,0
IZADUK,3.3489,33.3792,55.998,99.8448,676.0,1092.0,1872.0,3328.0,12.0,20.0,108.0,240.0,408.0,1.5625,5.625,11.55,19.05,485.1279,1131.6384,2287.3208,3219.9864,2344.0,6144.0,11462.0,16664.0,79.0,176.0,350.0,492.0,526.0,1460.0,2622.0,3660.0,30.0583,84.2152,156.0734,225.1012,-7.26,-8.64,-17.96,114.0,240.0,392.0,18.0,32.0,52.0,3.0,5.76,9.76,0,0,0,0,0,0,0,0,0,0,0,0,0,0,0,0,1,0,0,0,0,0,0,0,0,0,0,0,0,0,0,0,0,0,0,0,0,0,0,0,0,0,0,0,0,0,0,0,0,0,0,0
IZADUK01,3.3489,33.3792,55.998,99.8448,676.0,1092.0,1872.0,3328.0,12.0,20.0,108.0,240.0,408.0,1.5625,5.625,11.55,19.05,485.1279,1131.6384,2287.3208,3219.9864,2344.0,6144.0,11462.0,16664.0,79.0,176.0,350.0,492.0,526.0,1460.0,2622.0,3660.0,30.0583,84.2152,156.0734,225.1012,-7.26,-8.64,-17.96,114.0,240.0,392.0,18.0,32.0,52.0,3.0,5.76,9.76,0,0,0,0,0,0,0,0,0,0,0,0,0,0,0,0,1,0,0,0,0,0,0,0,0,0,0,0,0,0,0,0,0,0,0,0,0,0,0,0,0,0,0,0,0,0,0,0,0,0,0,0
IZAFEW,3.3489,33.3792,55.998,94.7208,676.0,1092.0,1872.0,2288.0,12.0,20.0,108.0,240.0,264.0,1.5625,5.625,11.55,15.05,355.6679,848.0784,1741.1168,2291.9704,2040.0,5376.0,9806.0,12392.0,55.0,128.0,254.0,348.0,382.0,1076.0,1926.0,2508.0,23.1247,65.612,122.451,162.0948,-7.26,-8.64,-15.16,114.0,240.0,432.0,18.0,32.0,76.0,3.0,5.76,12.96,0,0,0,0,0,0,0,0,0,0,0,0,0,0,0,0,0,0,0,0,0,0,0,1,0,0,0,0,0,0,0,0,0,0,0,0,0,0,0,0,0,0,0,0,0,0,0,0,0,0,0,0
IZAFEW03,3.3489,33.3792,55.998,94.7208,676.0,1092.0,1872.0,2288.0,12.0,20.0,108.0,240.0,264.0,1.5625,5.625,11.55,15.05,355.6679,848.0784,1741.1168,2291.9704,2040.0,5376.0,9806.0,12392.0,55.0,128.0,254.0,348.0,382.0,1076.0,1926.0,2508.0,23.1247,65.612,122.451,162.0948,-7.26,-8.64,-15.16,114.0,240.0,432.0,18.0,32.0,76.0,3.0,5.76,12.96,0,0,0,0,0,0,0,0,0,0,0,0,0,0,0,0,0,0,0,0,0,0,0,1,0,0,0,0,0,0,0,0,0,0,0,0,0,0,0,0,0,0,0,0,0,0,0,0,0,0,0,0
IZAFIA,3.3489,33.3792,55.998,94.7208,676.0,1092.0,1872.0,2288.0,12.0,20.0,108.0,240.0,264.0,1.5625,5.625,11.55,15.05,355.6679,848.0784,1741.1168,2291.9704,2040.0,5376.0,9806.0,12392.0,55.0,128.0,254.0,348.0,382.0,1076.0,1926.0,2508.0,23.1247,65.612,122.451,162.0948,-7.26,-8.64,-15.16,114.0,240.0,432.0,18.0,32.0,76.0,3.0,5.76,12.96,0,0,0,0,0,0,0,0,0,0,0,0,0,0,0,1,0,0,0,0,0,0,0,0,0,0,0,0,0,0,0,0,0,0,0,0,0,0,0,0,0,0,0,0,0,0,0,0,0,0,0,0
IZAFOG,3.3489,33.3792,55.998,94.7208,676.0,1092.0,1872.0,2288.0,12.0,20.0,108.0,240.0,264.0,1.5625,5.625,11.55,15.05,355.6679,848.0784,1741.1168,2291.9704,2040.0,5376.0,9806.0,12392.0,55.0,128.0,254.0,348.0,382.0,1076.0,1926.0,2508.0,23.1247,65.612,122.451,162.0948,-7.26,-8.64,-15.16,114.0,240.0,432.0,18.0,32.0,76.0,3.0,5.76,12.96,0,0,0,0,0,0,0,0,0,0,1,0,0,0,0,0,0,0,0,0,0,0,0,0,0,0,0,0,0,0,0,0,0,0,0,1,0,0,0,0,0,0,0,0,0,0,0,0,0,0,0,0
IZAFOG01,3.3489,33.3792,55.998,94.7208,676.0,1092.0,1872.0,2288.0,12.0,20.0,108.0,240.0,264.0,1.5625,5.625,11.55,15.05,355.6679,848.0784,1741.1168,2291.9704,2040.0,5376.0,9806.0,12392.0,55.0,128.0,254.0,348.0,382.0,1076.0,1926.0,2508.0,23.1247,65.612,122.451,162.0948,-7.26,-8.64,-15.16,114.0,240.0,432.0,18.0,32.0,76.0,3.0,5.76,12.96,0,0,0,0,0,0,0,0,0,0,1,0,0,0,0,0,0,0,0,0,0,0,0,0,0,0,0,0,0,0,0,0,0,0,0,1,0,0,0,0,0,0,0,0,0,0,0,0,0,0,0,0
IZAGAT,3.3489,33.3792,55.998,94.7208,676.0,1092.0,1872.0,2288.0,12.0,20.0,108.0,240.0,264.0,1.5625,5.625,11.55,15.05,355.6679,848.0784,1741.1168,2291.9704,2040.0,5376.0,9806.0,12392.0,55.0,128.0,254.0,348.0,382.0,1076.0,1926.0,2508.0,23.1247,65.612,122.451,162.0948,-7.26,-8.64,-15.16,114.0,240.0,432.0,18.0,32.0,76.0,3.0,5.76,12.96,0,0,0,0,0,0,0,0,0,0,0,0,0,0,0,0,1,0,0,0,0,0,0,0,0,0,0,0,0,0,0,0,0,0,0,0,0,0,0,0,0,0,0,0,0,0,0,0,0,0,0,0
IZAGAT02,3.3489,33.3792,55.998,94.7208,676.0,1092.0,1872.0,2288.0,12.0,20.0,108.0,240.0,264.0,1.5625,5.625,11.55,15.05,355.6679,848.0784,1741.1168,2291.9704,2040.0,5376.0,9806.0,12392.0,55.0,128.0,254.0,348.0,382.0,1076.0,1926.0,2508.0,23.1247,65.612,122.451,162.0948,-7.26,-8.64,-15.16,114.0,240.0,432.0,18.0,32.0,76.0,3.0,5.76,12.96,0,0,0,0,0,0,0,0,0,0,0,0,0,0,0,0,1,0,0,0,0,0,0,0,0,0,0,0,0,0,0,0,0,0,0,0,0,0,0,0,0,0,0,0,0,0,0,0,0,0,0,0
JAFBOI01,3.3489,33.3792,59.5848,74.664,676.0,1092.0,1976.0,2496.0,12.0,16.0,108.0,216.0,312.0,1.5625,5.625,11.45,15.4,386.4681,928.1312,1773.9024,2403.1784,2152.0,5696.0,10462.0,13748.0,61.0,140.0,262.0,348.0,402.0,1104.0,1966.0,2704.0,25.8277,71.498,128.5078,174.1356,-7.26,-10.6,-11.52,114.0,236.0,320.0,18.0,36.0,44.0,3.0,5.84,7.68,0,0,0,0,0,0,0,0,0,0,0,0,0,0,0,1,0,0,0,0,0,0,0,0,0,0,0,0,0,0,0,0,0,0,0,0,0,0,0,0,0,0,0,0,0,0,0,0,0,0,0,0
JAFBOI03,3.3489,33.3792,59.5848,74.664,676.0,1092.0,1976.0,2496.0,12.0,16.0,108.0,216.0,312.0,1.5625,5.625,11.45,15.4,386.4681,928.1312,1773.9024,2403.1784,2152.0,5696.0,10462.0,13748.0,61.0,140.0,262.0,348.0,402.0,1104.0,1966.0,2704.0,25.8277,71.498,128.5078,174.1356,-7.26,-10.6,-11.52,114.0,236.0,320.0,18.0,36.0,44.0,3.0,5.84,7.68,0,0,0,0,0,0,0,0,0,0,0,0,0,0,0,1,0,0,0,0,0,0,0,0,0,0,0,0,0,0,0,0,0,0,0,0,0,0,0,0,0,0,0,0,0,0,0,0,0,0,0,0
JAFBUO01,3.3489,33.3792,59.5848,74.664,676.0,1092.0,1976.0,2496.0,12.0,16.0,108.0,216.0,312.0,1.5625,5.625,11.45,15.4,386.4681,928.1312,1773.9024,2403.1784,2152.0,5696.0,10462.0,13748.0,61.0,140.0,262.0,348.0,402.0,1104.0,1966.0,2704.0,25.8277,71.498,128.5078,174.1356,-7.26,-10.6,-11.52,114.0,236.0,320.0,18.0,36.0,44.0,3.0,5.84,7.68,0,0,0,0,0,0,0,0,0,0,0,0,0,0,0,0,0,0,0,0,0,0,0,1,0,0,0,0,0,0,0,0,0,0,0,0,0,0,0,0,0,0,0,0,0,0,0,0,0,0,0,0
JAFBUO03,3.3489,33.3792,59.5848,74.664,676.0,1092.0,1976.0,2496.0,12.0,16.0,108.0,216.0,312.0,1.5625,5.625,11.45,15.4,386.4681,928.1312,1773.9024,2403.1784,2152.0,5696.0,10462.0,13748.0,61.0,140.0,262.0,348.0,402.0,1104.0,1966.0,2704.0,25.8277,71.498,128.5078,174.1356,-7.26,-10.6,-11.52,114.0,236.0,320.0,18.0,36.0,44.0,3.0,5.84,7.68,0,0,0,0,0,0,0,0,0,0,0,0,0,0,0,0,0,0,0,0,0,0,0,1,0,0,0,0,0,0,0,0,0,0,0,0,0,0,0,0,0,0,0,0,0,0,0,0,0,0,0,0
JAFCEZ,3.3489,33.3792,59.5848,72.102,676.0,1092.0,1976.0,1976.0,12.0,16.0,108.0,216.0,240.0,1.5625,5.625,11.45,13.4,321.7381,786.3512,1507.4504,2081.0904,2000.0,5312.0,9774.0,11836.0,49.0,116.0,214.0,300.0,330.0,936.0,1726.0,2248.0,22.3609,62.1964,113.5206,150.59,-7.26,-10.6,-10.12,114.0,236.0,340.0,18.0,36.0,56.0,3.0,5.84,9.28,0,0,0,0,0,0,0,0,0,0,0,0,0,0,0,1,0,0,0,0,0,0,0,0,0,0,0,0,0,0,0,0,0,0,0,0,0,0,0,0,0,0,0,0,0,1,0,0,0,0,0,0
JAFCEZ01,3.3489,33.3792,59.5848,72.102,676.0,1092.0,1976.0,1976.0,12.0,16.0,108.0,216.0,240.0,1.5625,5.625,11.45,13.4,321.7381,786.3512,1507.4504,2081.0904,2000.0,5312.0,9774.0,11836.0,49.0,116.0,214.0,300.0,330.0,936.0,1726.0,2248.0,22.3609,62.1964,113.5206,150.59,-7.26,-10.6,-10.12,114.0,236.0,340.0,18.0,36.0,56.0,3.0,5.84,9.28,0,0,0,0,0,0,0,0,0,0,0,0,0,0,0,1,0,0,0,0,0,0,0,0,0,0,0,0,0,0,0,0,0,0,0,0,0,0,0,0,0,0,0,0,0,1,0,0,0,0,0,0
JANSAS,3.3489,33.3792,61.3782,90.9144,676.0,1092.0,2028.0,2340.0,12.0,18.0,108.0,180.0,216.0,1.5625,5.625,11.4,14.025,613.5273,1373.148,2478.162,3252.4668,2764.0,6900.0,11214.0,13788.0,97.0,204.0,378.0,504.0,582.0,1524.0,2238.0,2604.0,35.8633,93.87,154.1778,195.0432,-7.26,-11.58,-16.74,114.0,234.0,378.0,18.0,42.0,72.0,3.0,5.88,11.28,0,0,0,0,0,0,0,0,0,0,0,0,0,0,0,1,0,0,0,0,0,0,0,0,0,0,0,0,0,0,0,0,0,0,0,0,0,0,0,0,0,0,0,0,0,0,0,0,0,0,0,0
JANSAS06,3.3489,33.3792,61.3782,90.9144,676.0,1092.0,2028.0,2340.0,12.0,18.0,108.0,180.0,216.0,1.5625,5.625,11.4,14.025,613.5273,1373.148,2478.162,3252.4668,2764.0,6900.0,11214.0,13788.0,97.0,204.0,378.0,504.0,582.0,1524.0,2238.0,2604.0,35.8633,93.87,154.1778,195.0432,-7.26,-11.58,-16.74,114.0,234.0,378.0,18.0,42.0,72.0,3.0,5.88,11.28,0,0,0,0,0,0,0,0,0,0,0,0,0,0,0,1,0,0,0,0,0,0,0,0,0,0,0,0,0,0,0,0,0,0,0,0,0,0,0,0,0,0,0,0,0,0,0,0,0,0,0,0
JAQQIB,3.3489,33.3792,64.6905,95.8554,676.0,1092.0,2054.0,1508.0,14.0,23.0,120.0,282.0,186.0,1.5625,5.625,12.975,13.45,310.0024,733.1894,1537.7044,2478.4768,1935.0,4706.0,8854.0,10526.0,52.0,116.0,238.0,398.0,354.0,1052.0,2050.0,2828.0,20.6655,57.4814,111.0976,168.3816,-7.26,-9.73,-10.29,114.0,285.0,540.0,16.0,37.0,107.0,3.0,7.12,17.99,0,0,0,0,0,0,0,0,0,0,1,0,0,0,0,0,0,0,0,0,0,0,0,0,0,0,0,0,0,0,0,0,0,0,0,0,0,0,0,0,0,0,0,0,0,0,0,0,0,0,0,0
JAQVIG,3.3489,33.3792,55.998,75.6888,676.0,1092.0,1872.0,2080.0,12.0,16.0,108.0,216.0,228.0,1.5625,5.625,11.55,13.3,338.9449,818.1608,1537.5528,2137.0,2048.0,5384.0,9630.0,12180.0,53.0,124.0,226.0,324.0,350.0,984.0,1778.0,2360.0,23.8813,65.9228,118.7386,160.5788,-7.26,-8.64,-12.08,114.0,240.0,336.0,18.0,36.0,58.0,3.0,5.76,9.36,0,0,0,0,0,0,0,0,0,0,0,0,0,0,0,1,0,0,0,0,0,0,0,0,0,0,0,0,0,0,0,0,0,0,0,0,0,0,0,0,0,0,0,0,0,0,0,0,0,1,0,0
JAQVOM,3.3489,33.3792,55.998,75.6888,676.0,1092.0,1872.0,2080.0,12.0,16.0,108.0,216.0,228.0,1.5625,5.625,11.55,13.3,371.3099,889.7368,1683.7148,2295.482,2124.0,5596.0,9986.0,12616.0,59.0,136.0,250.0,348.0,386.0,1068.0,1886.0,2504.0,25.6147,70.5416,126.1434,170.3516,-7.26,-8.64,-12.08,114.0,240.0,336.0,18.0,36.0,58.0,3.0,5.76,9.36,0,0,0,0,0,0,0,0,0,0,0,0,0,0,0,1,0,0,0,0,0,0,0,0,0,0,0,0,0,0,0,0,0,0,0,0,0,0,0,0,0,0,0,0,0,0,0,0,0,0,0,0
JAQVUS,3.3489,33.3792,55.998,76.9698,676.0,1092.0,1872.0,2340.0,12.0,16.0,108.0,216.0,264.0,1.5625,5.625,11.55,14.3,371.3099,889.0508,1671.4648,2310.98,2124.0,5576.0,9994.0,13148.0,59.0,136.0,250.0,348.0,386.0,1068.0,1898.0,2576.0,25.6147,70.5736,126.2002,172.2628,-7.26,-8.64,-12.78,114.0,240.0,326.0,18.0,36.0,52.0,3.0,5.76,8.56,0,0,0,0,0,0,0,0,0,0,0,0,0,0,0,1,0,0,0,0,0,0,0,0,0,0,0,0,0,0,0,0,0,0,0,0,0,0,0,0,0,0,0,0,0,0,0,0,0,1,0,0
JAQWAZ,3.3489,33.3792,55.998,76.9698,676.0,1092.0,1872.0,2340.0,12.0,16.0,108.0,216.0,264.0,1.5625,5.625,11.55,14.3,403.6749,960.6268,1817.6268,2469.952,2200.0,5788.0,10350.0,13684.0,65.0,148.0,274.0,372.0,422.0,1152.0,2006.0,2756.0,27.3481,75.1924,133.605,182.6756,-7.26,-8.64,-12.78,114.0,240.0,326.0,18.0,36.0,52.0,3.0,5.76,8.56,0,0,0,0,0,0,0,1,0,0,0,0,0,0,0,0,0,0,0,0,0,0,0,0,0,0,0,0,0,0,0,0,0,0,0,0,0,0,0,0,0,0,0,0,0,0,0,0,0,1,0,0
JIQDAP,3.3489,33.3792,58.6881,90.3105,676.0,1092.0,1950.0,1716.0,12.0,21.0,108.0,234.0,252.0,1.5625,5.625,11.475,14.2125,328.9699,786.576,1564.6962,2305.2576,1838.0,4896.0,8880.0,10860.0,53.0,120.0,234.0,354.0,354.0,1002.0,1806.0,2544.0,21.1453,59.8104,110.457,157.1982,-7.26,-10.11,-10.92,114.0,237.0,480.0,18.0,33.0,84.0,3.0,5.82,14.88,0,0,0,0,0,0,0,0,0,0,0,0,0,0,0,1,0,0,0,0,0,0,0,0,0,0,0,0,0,0,0,0,0,0,0,0,0,0,0,0,0,0,0,0,0,0,0,0,0,1,0,0
JIQDET,3.3489,33.3792,58.6881,90.3105,676.0,1092.0,1950.0,1716.0,12.0,21.0,108.0,234.0,252.0,1.5625,5.625,11.475,14.2125,328.9699,786.576,1564.6962,2305.2576,1838.0,4896.0,8880.0,10860.0,53.0,120.0,234.0,354.0,354.0,1002.0,1806.0,2544.0,21.1453,59.8104,110.457,157.1982,-7.26,-10.11,-10.92,114.0,237.0,480.0,18.0,33.0,84.0,3.0,5.82,14.88,0,0,0,0,0,0,0,0,0,0,0,0,0,0,1,0,0,0,0,0,0,0,0,0,0,0,0,0,0,0,0,0,0,0,0,0,0,0,0,0,0,0,0,0,0,1,0,0,0,0,0,0
JIQDET04,3.3489,33.3792,58.6881,90.3105,676.0,1092.0,1950.0,1716.0,12.0,21.0,108.0,234.0,252.0,1.5625,5.625,11.475,14.2125,328.9699,786.576,1564.6962,2305.2576,1838.0,4896.0,8880.0,10860.0,53.0,120.0,234.0,354.0,354.0,1002.0,1806.0,2544.0,21.1453,59.8104,110.457,157.1982,-7.26,-10.11,-10.92,114.0,237.0,480.0,18.0,33.0,84.0,3.0,5.82,14.88,0,0,0,0,0,0,0,0,0,0,0,0,0,0,1,0,0,0,0,0,0,0,0,0,0,0,0,0,0,0,0,0,0,0,0,0,0,0,0,0,0,0,0,0,0,1,0,0,0,0,0,0
JOJQEE,3.3489,33.3792,55.998,73.383,676.0,1092.0,1872.0,2236.0,12.0,16.0,108.0,216.0,264.0,1.5625,5.625,11.55,14.4,593.8535,1407.4464,2497.714,3545.518,2952.0,7680.0,13018.0,16788.0,99.0,224.0,390.0,564.0,614.0,1668.0,2814.0,3724.0,42.1563,113.1672,191.6662,257.8092,-7.26,-8.64,-10.82,114.0,240.0,330.0,18.0,36.0,52.0,3.0,5.76,8.48,0,0,0,0,0,0,0,0,0,0,1,0,0,0,0,0,0,0,0,0,0,0,0,0,0,0,0,0,0,0,0,0,0,0,0,0,1,0,0,0,0,0,0,0,0,0,0,0,0,0,0,0
JUVGUC,3.3489,33.3792,61.3782,90.9144,676.0,1092.0,2028.0,2340.0,12.0,18.0,108.0,180.0,216.0,1.5625,5.625,11.4,14.025,613.5273,1373.148,2478.162,3252.4668,2764.0,6900.0,11214.0,13788.0,97.0,204.0,378.0,504.0,582.0,1524.0,2238.0,2604.0,35.8633,93.87,154.1778,195.0432,-7.26,-11.58,-16.74,114.0,234.0,378.0,18.0,42.0,72.0,3.0,5.88,11.28,0,0,0,0,0,0,0,0,0,0,0,0,0,0,0,0,0,0,0,0,0,0,0,1,0,0,0,0,0,0,0,0,0,0,0,0,0,0,0,0,0,0,0,0,0,0,0,0,0,0,0,0
JUVHEN,3.3489,33.3792,61.3782,90.9144,676.0,1092.0,2028.0,2340.0,12.0,18.0,108.0,180.0,216.0,1.5625,5.625,11.4,14.025,419.3373,947.808,1665.324,2058.0528,2308.0,5748.0,9690.0,11856.0,61.0,132.0,234.0,288.0,366.0,948.0,1482.0,1848.0,25.4629,65.9652,109.4082,140.6352,-7.26,-11.58,-16.74,114.0,234.0,378.0,18.0,42.0,72.0,3.0,5.88,11.28,0,0,0,0,0,0,0,0,0,0,0,0,0,0,0,0,0,0,0,0,0,0,0,1,0,0,0,0,0,0,0,0,0,0,0,0,0,0,0,0,0,0,0,0,0,0,0,0,0,0,0,0
JUVHIR01,3.3489,33.3792,61.3782,90.9144,676.0,1092.0,2028.0,2340.0,12.0,18.0,108.0,180.0,216.0,1.5625,5.625,11.4,14.025,419.3373,947.808,1665.324,2058.0528,2308.0,5748.0,9690.0,11856.0,61.0,132.0,234.0,288.0,366.0,948.0,1482.0,1848.0,25.4629,65.9652,109.4082,140.6352,-7.26,-11.58,-16.74,114.0,234.0,378.0,18.0,42.0,72.0,3.0,5.88,11.28,0,0,0,0,0,0,0,0,0,0,0,0,0,0,0,1,0,0,0,0,0,0,0,0,0,0,0,0,0,0,0,0,0,0,0,0,0,0,0,0,0,0,0,0,0,0,0,0,0,0,0,0
JUVHIR03,3.3489,33.3792,61.3782,90.9144,676.0,1092.0,2028.0,2340.0,12.0,18.0,108.0,180.0,216.0,1.5625,5.625,11.4,14.025,419.3373,947.808,1665.324,2058.0528,2308.0,5748.0,9690.0,11856.0,61.0,132.0,234.0,288.0,366.0,948.0,1482.0,1848.0,25.4629,65.9652,109.4082,140.6352,-7.26,-11.58,-16.74,114.0,234.0,378.0,18.0,42.0,72.0,3.0,5.88,11.28,0,0,0,0,0,0,0,0,0,0,0,0,0,0,0,1,0,0,0,0,0,0,0,0,0,0,0,0,0,0,0,0,0,0,0,0,0,0,0,0,0,0,0,0,0,0,0,0,0,0,0,0
KABYER,3.3489,33.3792,55.998,80.154,676.0,1092.0,1872.0,2028.0,12.0,18.0,108.0,216.0,252.0,1.5625,5.625,11.55,14.325,467.1285,1085.8914,2007.582,2788.047,2302.0,6000.0,10446.0,13884.0,79.0,174.0,318.0,438.0,492.0,1314.0,2214.0,3114.0,31.2103,84.7542,146.1774,205.6974,-7.26,-8.64,-10.86,114.0,240.0,390.0,18.0,36.0,66.0,3.0,5.76,11.04,0,0,0,0,0,0,0,0,0,0,0,0,0,0,0,0,0,0,0,0,0,0,0,1,0,0,0,0,0,0,0,0,0,0,0,0,0,0,0,0,0,0,0,0,0,0,0,0,0,0,0,0
KALWUR,3.3489,33.3792,59.5848,72.102,676.0,1092.0,1976.0,1976.0,12.0,16.0,108.0,216.0,240.0,1.5625,5.625,11.45,13.4,390.6699,939.2032,1778.2496,2454.612,2128.0,5632.0,10350.0,12712.0,63.0,144.0,270.0,364.0,414.0,1140.0,2022.0,2652.0,26.1623,72.8248,131.2126,174.9956,-7.26,-10.6,-10.12,114.0,236.0,340.0,18.0,36.0,56.0,3.0,5.84,9.28,0,0,0,0,0,0,0,0,0,0,0,0,0,0,0,1,0,0,0,0,0,0,0,0,0,0,0,0,0,0,0,0,0,0,0,0,0,0,0,0,0,0,0,0,0,0,0,0,0,1,0,0
KALXAY,3.3489,33.3792,59.5848,72.102,676.0,1092.0,1976.0,1976.0,12.0,16.0,108.0,216.0,240.0,1.5625,5.625,11.45,13.4,390.6699,939.2032,1778.2496,2454.612,2128.0,5632.0,10350.0,12712.0,63.0,144.0,270.0,364.0,414.0,1140.0,2022.0,2652.0,26.1623,72.8248,131.2126,174.9956,-7.26,-10.6,-10.12,114.0,236.0,340.0,18.0,36.0,56.0,3.0,5.84,9.28,0,0,0,0,0,0,0,0,0,0,0,0,0,0,0,1,0,0,0,0,0,0,0,0,0,0,0,0,0,0,0,0,0,0,0,0,0,0,0,0,0,0,0,0,0,0,0,0,0,0,0,0
KALXAY01,3.3489,33.3792,59.5848,72.102,676.0,1092.0,1976.0,1976.0,12.0,16.0,108.0,216.0,240.0,1.5625,5.625,11.45,13.4,390.6699,939.2032,1778.2496,2454.612,2128.0,5632.0,10350.0,12712.0,63.0,144.0,270.0,364.0,414.0,1140.0,2022.0,2652.0,26.1623,72.8248,131.2126,174.9956,-7.26,-10.6,-10.12,114.0,236.0,340.0,18.0,36.0,56.0,3.0,5.84,9.28,0,0,0,0,0,0,0,0,0,0,0,0,0,0,0,1,0,0,0,0,0,0,0,0,0,0,0,0,0,0,0,0,0,0,0,0,0,0,0,0,0,0,0,0,0,0,0,0,0,0,0,0
KEKVIF,3.3489,33.3792,46.665,62.8788,676.0,1092.0,1560.0,2184.0,10.0,14.0,96.0,168.0,180.0,1.5625,5.625,9.625,12.1,318.6163,739.7544,1371.8228,1969.3636,2434.0,5328.0,8742.0,11908.0,51.0,116.0,206.0,304.0,322.0,888.0,1540.0,2040.0,24.6241,63.5176,109.165,152.2348,-7.26,-7.2,-8.74,114.0,200.0,280.0,20.0,32.0,54.0,3.0,4.8,7.82,0,0,0,0,0,0,0,0,0,0,0,0,0,0,0,0,0,0,0,0,0,0,0,0,0,0,0,0,0,0,0,0,0,0,0,0,0,0,0,0,0,0,0,0,0,0,0,0,0,0,0,0
KEKVIF01,3.3489,33.3792,46.665,62.8788,676.0,1092.0,1560.0,2184.0,10.0,14.0,96.0,168.0,180.0,1.5625,5.625,9.625,12.1,318.6163,739.7544,1371.8228,1969.3636,2434.0,5328.0,8742.0,11908.0,51.0,116.0,206.0,304.0,322.0,888.0,1540.0,2040.0,24.6241,63.5176,109.165,152.2348,-7.26,-7.2,-8.74,114.0,200.0,280.0,20.0,32.0,54.0,3.0,4.8,7.82,0,0,0,0,0,0,0,0,0,0,0,0,0,0,0,0,0,0,0,0,0,0,0,0,0,0,0,0,0,0,0,0,0,0,0,0,0,0,0,0,0,0,0,0,0,0,0,0,0,0,0,0
KEZPEK,3.3489,33.3792,65.331,101.748,676.0,1092.0,2184.0,1664.0,14.0,24.0,120.0,288.0,240.0,1.5625,5.625,13.475,15.1,363.3835,871.0794,1746.008,2717.508,1934.0,5208.0,9938.0,12088.0,61.0,138.0,270.0,432.0,408.0,1184.0,2264.0,3208.0,24.1861,68.2762,128.7606,191.6112,-7.26,-10.08,-11.68,114.0,280.0,560.0,16.0,36.0,104.0,3.0,6.72,17.92,0,0,0,0,0,0,0,0,0,0,0,0,0,0,0,0,0,0,0,0,0,0,0,1,0,0,0,0,0,0,0,0,0,0,0,0,0,0,0,0,0,0,0,0,0,0,0,0,0,0,0,0
KEZPIO,3.3489,33.3792,65.331,101.748,676.0,1092.0,2184.0,1664.0,14.0,24.0,120.0,288.0,240.0,1.5625,5.625,13.475,15.1,363.3835,871.0794,1746.008,2717.508,1934.0,5208.0,9938.0,12088.0,61.0,138.0,270.0,432.0,408.0,1184.0,2264.0,3208.0,24.1861,68.2762,128.7606,191.6112,-7.26,-10.08,-11.68,114.0,280.0,560.0,16.0,36.0,104.0,3.0,6.72,17.92,0,0,0,0,0,0,0,0,0,0,0,0,0,0,0,0,0,0,0,0,0,0,0,1,0,0,0,0,0,0,0,0,0,0,0,0,0,0,0,0,0,0,0,0,0,0,0,0,0,1,0,0
KEZPIO01,3.3489,33.3792,65.331,101.748,676.0,1092.0,2184.0,1664.0,14.0,24.0,120.0,288.0,240.0,1.5625,5.625,13.475,15.1,363.3835,871.0794,1746.008,2717.508,1934.0,5208.0,9938.0,12088.0,61.0,138.0,270.0,432.0,408.0,1184.0,2264.0,3208.0,24.1861,68.2762,128.7606,191.6112,-7.26,-10.08,-11.68,114.0,280.0,560.0,16.0,36.0,104.0,3.0,6.72,17.92,0,0,0,0,0,0,0,0,0,0,0,0,0,0,0,0,0,0,0,0,0,0,0,1,0,0,0,0,0,0,0,0,0,0,0,0,0,0,0,0,0,0,0,0,0,0,0,0,0,1,0,0
KIFLOD,3.3489,33.3792,74.664,132.675,676.0,1092.0,2496.0,1612.0,16.0,32.0,132.0,360.0,276.0,1.5625,5.625,15.4,17.8,389.0985,939.8274,2017.184,3362.734,1870.0,5184.0,10646.0,13092.0,67.0,150.0,318.0,548.0,468.0,1408.0,2814.0,4272.0,24.0955,70.4014,141.3982,226.03,-7.26,-11.52,-13.94,114.0,320.0,770.0,14.0,36.0,146.0,3.0,7.68,25.76,0,0,0,0,0,0,0,0,0,1,0,0,0,0,0,0,0,0,0,0,0,0,0,0,0,0,0,0,0,0,0,0,0,0,0,0,0,0,0,0,0,0,0,0,0,0,0,0,0,0,0,0
KIFLUJ,3.3489,33.3792,74.664,132.675,676.0,1092.0,2496.0,1612.0,16.0,32.0,132.0,360.0,276.0,1.5625,5.625,15.4,17.8,389.0985,939.8274,2017.184,3362.734,1870.0,5184.0,10646.0,13092.0,67.0,150.0,318.0,548.0,468.0,1408.0,2814.0,4272.0,24.0955,70.4014,141.3982,226.03,-7.26,-11.52,-13.94,114.0,320.0,770.0,14.0,36.0,146.0,3.0,7.68,25.76,0,0,0,0,0,0,0,0,0,0,0,0,0,0,0,0,0,0,0,1,0,0,0,0,0,0,0,0,0,0,0,0,0,0,0,0,0,0,0,0,0,0,0,0,0,0,0,0,0,1,0,0
KIFMAQ,3.3489,33.3792,74.664,132.675,676.0,1092.0,2496.0,1612.0,16.0,32.0,132.0,360.0,276.0,1.5625,5.625,15.4,17.8,389.0985,939.8274,2017.184,3362.734,1870.0,5184.0,10646.0,13092.0,67.0,150.0,318.0,548.0,468.0,1408.0,2814.0,4272.0,24.0955,70.4014,141.3982,226.03,-7.26,-11.52,-13.94,114.0,320.0,770.0,14.0,36.0,146.0,3.0,7.68,25.76,0,0,0,0,0,0,0,0,0,0,0,0,0,0,0,1,0,0,0,0,0,0,0,0,0,0,0,0,0,0,0,0,0,0,0,0,0,0,0,0,0,0,0,0,0,0,0,0,0,0,0,0
KIFMAQ01,3.3489,33.3792,74.664,132.675,676.0,1092.0,2496.0,1612.0,16.0,32.0,132.0,360.0,276.0,1.5625,5.625,15.4,17.8,389.0985,939.8274,2017.184,3362.734,1870.0,5184.0,10646.0,13092.0,67.0,150.0,318.0,548.0,468.0,1408.0,2814.0,4272.0,24.0955,70.4014,141.3982,226.03,-7.26,-11.52,-13.94,114.0,320.0,770.0,14.0,36.0,146.0,3.0,7.68,25.76,0,0,0,0,0,0,0,0,0,0,0,0,0,0,0,1,0,0,0,0,0,0,0,0,0,0,0,0,0,0,0,0,0,0,0,0,0,0,0,0,0,0,0,0,0,0,0,0,0,0,0,0
KOKKUR,3.3489,33.3792,57.7914,81.435,676.0,1092.0,1924.0,2288.0,12.0,18.0,108.0,216.0,288.0,1.5625,5.625,11.5,15.325,375.5117,902.1808,1713.5448,2486.096,2100.0,5572.0,9974.0,13140.0,61.0,140.0,258.0,380.0,398.0,1112.0,1978.0,2736.0,25.9493,71.8044,128.4858,179.6956,-7.26,-9.62,-11.56,114.0,238.0,380.0,18.0,36.0,60.0,3.0,5.8,10.24,0,0,0,0,0,0,0,0,0,0,0,0,0,0,0,0,0,0,0,0,0,0,0,1,0,0,0,0,0,0,0,0,0,0,0,0,0,0,0,0,0,0,0,0,0,0,0,1,0,0,0,0
KOKKUR02,3.3489,33.3792,57.7914,81.435,676.0,1092.0,1924.0,2288.0,12.0,18.0,108.0,216.0,288.0,1.5625,5.625,11.5,15.325,375.5117,902.1808,1713.5448,2486.096,2100.0,5572.0,9974.0,13140.0,61.0,140.0,258.0,380.0,398.0,1112.0,1978.0,2736.0,25.9493,71.8044,128.4858,179.6956,-7.26,-9.62,-11.56,114.0,238.0,380.0,18.0,36.0,60.0,3.0,5.8,10.24,0,0,0,0,0,0,0,0,0,0,0,0,0,0,0,0,0,0,0,0,0,0,0,1,0,0,0,0,0,0,0,0,0,0,0,0,0,0,0,0,0,0,0,0,0,0,0,1,0,0,0,0
KUHRUC,3.3489,33.3792,46.665,65.9532,676.0,1092.0,1560.0,2496.0,10.0,14.0,96.0,168.0,204.0,1.5625,5.625,9.625,13.05,343.4545,785.9374,1448.9316,2065.4014,2464.0,5356.0,8758.0,12424.0,55.0,122.0,218.0,314.0,340.0,918.0,1552.0,2106.0,25.1109,64.4582,109.3006,154.755,-7.26,-7.2,-10.42,114.0,200.0,268.0,20.0,32.0,50.0,3.0,4.8,7.06,0,0,0,0,0,0,0,0,0,0,0,0,0,0,0,0,0,0,0,0,0,0,0,0,0,0,0,0,0,0,0,0,0,0,0,0,0,0,0,0,0,0,0,0,0,0,0,0,0,0,0,0
KULTAO04,3.3489,33.3792,46.665,62.8788,676.0,1092.0,1560.0,2184.0,10.0,14.0,96.0,168.0,180.0,1.5625,5.625,9.625,12.1,583.7051,1265.2864,2353.47,3057.6916,3698.0,7876.0,13438.0,16816.0,83.0,188.0,330.0,456.0,518.0,1392.0,2320.0,2984.0,40.2065,101.68,173.1814,227.0972,-7.26,-7.2,-8.74,114.0,200.0,280.0,20.0,32.0,54.0,3.0,4.8,7.82,0,0,0,0,0,0,0,0,0,0,0,0,0,0,0,0,0,0,0,0,0,0,0,0,0,0,0,0,0,0,0,0,0,0,0,0,0,0,0,0,0,0,0,0,0,0,0,0,0,0,0,0
KULTAO05,3.3489,33.3792,46.665,62.8788,676.0,1092.0,1560.0,2184.0,10.0,14.0,96.0,168.0,180.0,1.5625,5.625,9.625,12.1,583.7051,1265.2864,2353.47,3057.6916,3698.0,7876.0,13438.0,16816.0,83.0,188.0,330.0,456.0,518.0,1392.0,2320.0,2984.0,40.2065,101.68,173.1814,227.0972,-7.26,-7.2,-8.74,114.0,200.0,280.0,20.0,32.0,54.0,3.0,4.8,7.82,0,0,0,0,0,0,0,0,0,0,0,0,0,0,0,0,0,0,0,0,0,0,0,0,0,0,0,0,0,0,0,0,0,0,0,0,0,0,0,0,0,0,0,0,0,0,0,0,0,0,0,0
LAGJEK01,3.3489,33.3792,61.3782,90.9144,676.0,1092.0,2028.0,2340.0,12.0,18.0,108.0,180.0,216.0,1.5625,5.625,11.4,14.025,419.3373,947.808,1665.324,2058.0528,2308.0,5748.0,9690.0,11856.0,61.0,132.0,234.0,288.0,366.0,948.0,1482.0,1848.0,25.4629,65.9652,109.4082,140.6352,-7.26,-11.58,-16.74,114.0,234.0,378.0,18.0,42.0,72.0,3.0,5.88,11.28,0,0,0,0,0,0,0,1,0,0,0,0,0,0,0,0,0,0,0,0,0,0,0,0,0,0,0,0,0,0,0,0,0,0,0,0,0,0,0,0,0,0,0,0,0,0,0,0,0,0,0,0
LAGJEK02,3.3489,33.3792,61.3782,90.9144,676.0,1092.0,2028.0,2340.0,12.0,18.0,108.0,180.0,216.0,1.5625,5.625,11.4,14.025,419.3373,947.808,1665.324,2058.0528,2308.0,5748.0,9690.0,11856.0,61.0,132.0,234.0,288.0,366.0,948.0,1482.0,1848.0,25.4629,65.9652,109.4082,140.6352,-7.26,-11.58,-16.74,114.0,234.0,378.0,18.0,42.0,72.0,3.0,5.88,11.28,0,0,0,0,0,0,0,1,0,0,0,0,0,0,0,0,0,0,0,0,0,0,0,0,0,0,0,0,0,0,0,0,0,0,0,0,0,0,0,0,0,0,0,0,0,0,0,0,0,0,0,0
LAQYIM,3.3489,33.3792,59.5848,72.102,676.0,1092.0,1976.0,1976.0,12.0,16.0,108.0,216.0,240.0,1.5625,5.625,11.45,13.4,325.9399,797.4232,1511.7976,2131.488,1976.0,5248.0,9662.0,11800.0,51.0,120.0,222.0,316.0,342.0,972.0,1782.0,2316.0,22.6955,63.5232,116.2254,154.266,-7.26,-10.6,-10.12,114.0,236.0,340.0,18.0,36.0,56.0,3.0,5.84,9.28,0,0,0,0,0,0,0,0,0,0,0,0,0,0,0,0,0,0,0,0,0,0,0,0,0,0,0,0,1,0,0,0,0,0,0,0,0,0,0,0,0,0,0,0,0,0,0,0,0,1,0,0
LARZAF,3.3489,33.3792,55.998,79.2756,676.0,1092.0,1872.0,2184.0,12.0,16.0,108.0,216.0,216.0,1.5625,5.625,11.55,13.2,317.5363,772.5352,1457.3176,1926.18,2024.0,5296.0,9526.0,11880.0,47.0,112.0,206.0,284.0,318.0,900.0,1654.0,2132.0,22.0263,60.9976,111.4446,146.3492,-7.26,-8.64,-14.04,114.0,240.0,332.0,18.0,36.0,60.0,3.0,5.76,9.44,0,0,0,0,0,0,0,0,0,0,0,0,0,0,1,0,0,0,0,0,0,0,0,0,0,0,0,0,0,0,0,0,0,0,0,0,0,0,0,0,0,0,0,0,0,0,0,0,0,1,0,0
LAYQUY,3.3489,33.3792,48.4584,62.8788,676.0,1092.0,1612.0,2184.0,10.0,14.0,96.0,168.0,180.0,1.5625,5.625,9.575,12.1,275.3995,628.5428,1162.7676,1626.2256,2242.0,4784.0,7842.0,10332.0,43.0,96.0,170.0,244.0,266.0,732.0,1264.0,1596.0,20.7321,52.7404,90.0318,121.3232,-7.26,-8.18,-8.74,114.0,198.0,280.0,20.0,32.0,54.0,3.0,4.84,7.82,0,0,0,0,0,0,0,0,0,0,0,0,0,0,0,0,0,0,0,0,0,0,0,0,0,0,0,0,0,0,0,0,0,0,0,0,0,0,0,0,0,0,0,0,0,0,1,0,0,1,0,0
LAYRAF,3.3489,33.3792,46.665,64.6722,676.0,1092.0,1560.0,2236.0,10.0,14.0,96.0,168.0,180.0,1.5625,5.625,9.625,12.05,275.3995,627.5824,1165.1392,1605.9788,2242.0,4780.0,7766.0,10324.0,43.0,96.0,170.0,244.0,266.0,732.0,1264.0,1596.0,20.7321,52.7388,90.0718,121.4632,-7.26,-7.2,-9.72,114.0,200.0,278.0,20.0,32.0,54.0,3.0,4.8,7.86,0,0,0,0,0,0,0,0,0,0,0,0,0,0,0,0,0,0,0,0,0,0,0,0,0,0,0,0,0,0,0,0,0,0,0,0,0,0,0,0,0,0,0,0,0,0,1,0,0,0,0,0
LAYREJ01,3.3489,33.3792,48.4584,62.8788,676.0,1092.0,1612.0,2184.0,10.0,14.0,96.0,168.0,180.0,1.5625,5.625,9.575,12.1,275.3995,628.5428,1162.7676,1626.2256,2242.0,4784.0,7842.0,10332.0,43.0,96.0,170.0,244.0,266.0,732.0,1264.0,1596.0,20.7321,52.7404,90.0318,121.3232,-7.26,-8.18,-8.74,114.0,198.0,280.0,20.0,32.0,54.0,3.0,4.84,7.82,0,0,0,0,0,0,0,0,0,0,0,0,0,0,0,0,0,0,0,0,0,0,0,0,0,0,0,0,0,0,0,0,0,0,0,0,0,0,0,0,0,0,0,0,0,0,0,0,0,1,0,0
LINRAC,3.3489,33.3792,60.6645,97.7769,676.0,1092.0,2028.0,1898.0,13.0,23.0,114.0,264.0,222.0,1.5625,5.625,12.5125,14.95,387.8849,905.9634,1765.1484,2710.7748,2263.0,5472.0,9836.0,12406.0,65.0,144.0,274.0,434.0,418.0,1190.0,2198.0,3046.0,26.5492,71.6334,129.6124,191.0744,-7.26,-9.36,-11.34,114.0,260.0,525.0,17.0,34.0,101.0,3.0,6.24,16.79,0,0,0,0,0,0,0,0,0,0,1,0,0,0,0,0,0,0,0,0,0,0,0,0,0,0,0,0,0,0,0,0,0,0,0,0,0,0,0,0,0,0,0,0,0,0,0,0,0,0,0,0
LOQPAI,3.3489,33.3792,46.665,64.1598,676.0,1092.0,1560.0,2444.0,10.0,14.0,96.0,168.0,204.0,1.5625,5.625,9.625,13.1,472.3327,1083.5964,1903.4468,2636.1644,3070.0,6816.0,10854.0,14772.0,75.0,168.0,286.0,404.0,454.0,1212.0,1980.0,2552.0,35.0841,89.174,146.2482,195.6416,-7.26,-7.2,-9.44,114.0,200.0,270.0,20.0,32.0,50.0,3.0,4.8,7.02,0,0,0,0,0,0,0,0,0,0,0,0,0,0,0,0,0,0,0,0,0,0,0,0,0,0,0,0,0,0,0,0,0,0,0,0,1,0,0,0,0,0,0,0,0,0,0,0,0,0,0,0
LUWSUS,3.3489,33.3792,51.3315,73.6758,676.0,1092.0,1716.0,2002.0,11.0,17.0,102.0,204.0,174.0,1.5625,5.625,10.5875,12.4875,289.2813,660.6534,1283.7858,1919.3736,2220.0,4788.0,8110.0,10574.0,47.0,104.0,194.0,300.0,298.0,840.0,1524.0,2016.0,21.3405,55.14,97.5154,141.1908,-7.26,-7.92,-9.15,114.0,220.0,365.0,19.0,32.0,73.0,3.0,5.28,11.26,0,0,0,0,0,0,0,0,0,0,0,0,0,0,0,0,0,0,0,0,0,0,0,0,0,0,0,0,0,0,0,0,0,0,0,0,0,0,0,0,0,0,0,0,0,0,0,0,0,0,0,0
LUWSUS01,3.3489,33.3792,51.3315,73.6758,676.0,1092.0,1716.0,2002.0,11.0,17.0,102.0,204.0,174.0,1.5625,5.625,10.5875,12.4875,289.2813,660.6534,1283.7858,1919.3736,2220.0,4788.0,8110.0,10574.0,47.0,104.0,194.0,300.0,298.0,840.0,1524.0,2016.0,21.3405,55.14,97.5154,141.1908,-7.26,-7.92,-9.15,114.0,220.0,365.0,19.0,32.0,73.0,3.0,5.28,11.26,0,0,0,0,0,0,0,0,0,0,0,0,0,0,0,0,0,0,0,0,0,0,0,0,0,0,0,0,0,0,0,0,0,0,0,0,0,0,0,0,0,0,0,0,0,0,0,0,0,0,0,0
LUWSUS02,3.3489,33.3792,51.3315,73.6758,676.0,1092.0,1716.0,2002.0,11.0,17.0,102.0,204.0,174.0,1.5625,5.625,10.5875,12.4875,289.2813,660.6534,1283.7858,1919.3736,2220.0,4788.0,8110.0,10574.0,47.0,104.0,194.0,300.0,298.0,840.0,1524.0,2016.0,21.3405,55.14,97.5154,141.1908,-7.26,-7.92,-9.15,114.0,220.0,365.0,19.0,32.0,73.0,3.0,5.28,11.26,0,0,0,0,0,0,0,0,0,0,0,0,0,0,0,0,0,0,0,0,0,0,0,0,0,0,0,0,0,0,0,0,0,0,0,0,0,0,0,0,0,0,0,0,0,0,0,0,0,0,0,0
LUWSUS03,3.3489,33.3792,51.3315,73.6758,676.0,1092.0,1716.0,2002.0,11.0,17.0,102.0,204.0,174.0,1.5625,5.625,10.5875,12.4875,289.2813,660.6534,1283.7858,1919.3736,2220.0,4788.0,8110.0,10574.0,47.0,104.0,194.0,300.0,298.0,840.0,1524.0,2016.0,21.3405,55.14,97.5154,141.1908,-7.26,-7.92,-9.15,114.0,220.0,365.0,19.0,32.0,73.0,3.0,5.28,11.26,0,0,0,0,0,0,0,0,0,0,0,0,0,0,0,0,0,0,0,0,0,0,0,0,0,0,0,0,0,0,0,0,0,0,0,0,0,0,0,0,0,0,0,0,0,0,0,0,0,0,0,0
LUWSUS04,3.3489,33.3792,51.3315,73.6758,676.0,1092.0,1716.0,2002.0,11.0,17.0,102.0,204.0,174.0,1.5625,5.625,10.5875,12.4875,289.2813,660.6534,1283.7858,1919.3736,2220.0,4788.0,8110.0,10574.0,47.0,104.0,194.0,300.0,298.0,840.0,1524.0,2016.0,21.3405,55.14,97.5154,141.1908,-7.26,-7.92,-9.15,114.0,220.0,365.0,19.0,32.0,73.0,3.0,5.28,11.26,0,0,0,0,0,0,0,0,0,0,0,0,0,0,0,0,0,0,0,0,0,0,0,0,0,0,0,0,0,0,0,0,0,0,0,0,0,0,0,0,0,0,0,0,0,0,0,0,0,0,0,0
LUWSUS05,3.3489,33.3792,51.3315,73.6758,676.0,1092.0,1716.0,2002.0,11.0,17.0,102.0,204.0,174.0,1.5625,5.625,10.5875,12.4875,289.2813,660.6534,1283.7858,1919.3736,2220.0,4788.0,8110.0,10574.0,47.0,104.0,194.0,300.0,298.0,840.0,1524.0,2016.0,21.3405,55.14,97.5154,141.1908,-7.26,-7.92,-9.15,114.0,220.0,365.0,19.0,32.0,73.0,3.0,5.28,11.26,0,0,0,0,0,0,0,0,0,0,0,0,0,0,0,0,0,0,0,0,0,0,0,0,0,0,0,0,0,0,0,0,0,0,0,0,0,0,0,0,0,0,0,0,0,0,0,0,0,0,0,0
LUWSUS06,3.3489,33.3792,51.3315,73.6758,676.0,1092.0,1716.0,2002.0,11.0,17.0,102.0,204.0,174.0,1.5625,5.625,10.5875,12.4875,289.2813,660.6534,1283.7858,1919.3736,2220.0,4788.0,8110.0,10574.0,47.0,104.0,194.0,300.0,298.0,840.0,1524.0,2016.0,21.3405,55.14,97.5154,141.1908,-7.26,-7.92,-9.15,114.0,220.0,365.0,19.0,32.0,73.0,3.0,5.28,11.26,0,0,0,0,0,0,0,0,0,0,0,0,0,0,0,0,0,0,0,0,0,0,0,0,0,0,0,0,0,0,0,0,0,0,0,0,0,0,0,0,0,0,0,0,0,0,0,0,0,0,0,0
LUWSUS07,3.3489,33.3792,51.3315,73.6758,676.0,1092.0,1716.0,2002.0,11.0,17.0,102.0,204.0,174.0,1.5625,5.625,10.5875,12.4875,289.2813,660.6534,1283.7858,1919.3736,2220.0,4788.0,8110.0,10574.0,47.0,104.0,194.0,300.0,298.0,840.0,1524.0,2016.0,21.3405,55.14,97.5154,141.1908,-7.26,-7.92,-9.15,114.0,220.0,365.0,19.0,32.0,73.0,3.0,5.28,11.26,0,0,0,0,0,0,0,0,0,0,0,0,0,0,0,0,0,0,0,0,0,0,0,0,0,0,0,0,0,0,0,0,0,0,0,0,0,0,0,0,0,0,0,0,0,0,0,0,0,0,0,0
LUWSUS09,3.3489,33.3792,51.3315,73.6758,676.0,1092.0,1716.0,2002.0,11.0,17.0,102.0,204.0,174.0,1.5625,5.625,10.5875,12.4875,289.2813,660.6534,1283.7858,1919.3736,2220.0,4788.0,8110.0,10574.0,47.0,104.0,194.0,300.0,298.0,840.0,1524.0,2016.0,21.3405,55.14,97.5154,141.1908,-7.26,-7.92,-9.15,114.0,220.0,365.0,19.0,32.0,73.0,3.0,5.28,11.26,0,0,0,0,0,0,0,0,0,0,0,0,0,0,0,0,0,0,0,0,0,0,0,0,0,0,0,0,0,0,0,0,0,0,0,0,0,0,0,0,0,0,0,0,0,0,0,0,0,0,0,0
LUWTED,3.3489,33.3792,51.3315,73.6758,676.0,1092.0,1716.0,2002.0,11.0,17.0,102.0,204.0,174.0,1.5625,5.625,10.5875,12.4875,289.2813,660.6534,1283.7858,1919.3736,2220.0,4788.0,8110.0,10574.0,47.0,104.0,194.0,300.0,298.0,840.0,1524.0,2016.0,21.3405,55.14,97.5154,141.1908,-7.26,-7.92,-9.15,114.0,220.0,365.0,19.0,32.0,73.0,3.0,5.28,11.26,0,0,0,0,0,0,0,0,0,0,0,0,0,0,0,0,0,0,0,0,0,0,0,0,0,0,0,0,0,0,0,0,0,0,0,0,0,0,0,0,0,0,0,0,0,0,1,0,0,0,0,0
LUWTED01,3.3489,33.3792,51.3315,73.6758,676.0,1092.0,1716.0,2002.0,11.0,17.0,102.0,204.0,174.0,1.5625,5.625,10.5875,12.4875,289.2813,660.6534,1283.7858,1919.3736,2220.0,4788.0,8110.0,10574.0,47.0,104.0,194.0,300.0,298.0,840.0,1524.0,2016.0,21.3405,55.14,97.5154,141.1908,-7.26,-7.92,-9.15,114.0,220.0,365.0,19.0,32.0,73.0,3.0,5.28,11.26,0,0,0,0,0,0,0,0,0,0,0,0,0,0,0,0,0,0,0,0,0,0,0,0,0,0,0,0,0,0,0,0,0,0,0,0,0,0,0,0,0,0,0,0,0,0,1,0,0,0,0,0
LUWTED02,3.3489,33.3792,51.3315,73.6758,676.0,1092.0,1716.0,2002.0,11.0,17.0,102.0,204.0,174.0,1.5625,5.625,10.5875,12.4875,289.2813,660.6534,1283.7858,1919.3736,2220.0,4788.0,8110.0,10574.0,47.0,104.0,194.0,300.0,298.0,840.0,1524.0,2016.0,21.3405,55.14,97.5154,141.1908,-7.26,-7.92,-9.15,114.0,220.0,365.0,19.0,32.0,73.0,3.0,5.28,11.26,0,0,0,0,0,0,0,0,0,0,0,0,0,0,0,0,0,0,0,0,0,0,0,0,0,0,0,0,0,0,0,0,0,0,0,0,0,0,0,0,0,0,0,0,0,0,1,0,0,0,0,0
LUXMOH,3.3489,33.3792,59.5848,72.102,676.0,1092.0,1976.0,1976.0,12.0,16.0,108.0,216.0,240.0,1.5625,5.625,11.45,13.4,325.9399,798.7952,1533.7104,2146.8152,1976.0,5288.0,9766.0,11808.0,51.0,120.0,222.0,316.0,342.0,972.0,1782.0,2316.0,22.6955,63.4592,115.9822,154.1444,-7.26,-10.6,-10.12,114.0,236.0,340.0,18.0,36.0,56.0,3.0,5.84,9.28,1,0,0,0,0,0,0,0,0,0,0,0,0,0,0,0,0,0,0,0,0,0,0,0,0,0,0,0,0,0,0,0,0,0,0,0,0,0,0,0,0,0,0,0,0,1,0,0,0,0,0,0
LUXMOH01,3.3489,33.3792,59.5848,72.102,676.0,1092.0,1976.0,1976.0,12.0,16.0,108.0,216.0,240.0,1.5625,5.625,11.45,13.4,325.9399,798.7952,1533.7104,2146.8152,1976.0,5288.0,9766.0,11808.0,51.0,120.0,222.0,316.0,342.0,972.0,1782.0,2316.0,22.6955,63.4592,115.9822,154.1444,-7.26,-10.6,-10.12,114.0,236.0,340.0,18.0,36.0,56.0,3.0,5.84,9.28,1,0,0,0,0,0,0,0,0,0,0,0,0,0,0,0,0,0,0,0,0,0,0,0,0,0,0,0,0,0,0,0,0,0,0,0,0,0,0,0,0,0,0,0,0,1,0,0,0,0,0,0
MALJEP,3.3489,33.3792,61.3782,87.6204,676.0,1092.0,2028.0,2288.0,12.0,20.0,108.0,216.0,300.0,1.5625,5.625,11.4,16.45,457.6375,1089.9048,2052.1488,2963.4048,8038.0,7632.0,14142.0,18152.0,73.0,168.0,306.0,448.0,474.0,1332.0,2394.0,3276.0,35.0239,89.714,161.2354,223.8368,-7.26,-11.58,-11.28,114.0,234.0,432.0,18.0,36.0,70.0,3.0,5.88,11.84,0,0,0,0,0,0,0,0,0,0,0,0,0,0,0,0,0,0,0,0,0,0,0,0,0,0,0,0,0,0,0,0,0,0,0,0,0,0,0,0,0,0,0,0,0,0,0,0,0,0,0,0
MALJIT,3.3489,33.3792,61.3782,91.4634,676.0,1092.0,2028.0,3068.0,12.0,20.0,108.0,216.0,408.0,1.5625,5.625,11.4,19.45,554.7325,1302.5748,2451.8268,3446.5368,8266.0,8208.0,15174.0,21020.0,91.0,204.0,378.0,520.0,582.0,1584.0,2754.0,3960.0,40.2241,103.6664,183.7162,259.1552,-7.26,-11.58,-13.38,114.0,234.0,402.0,18.0,36.0,52.0,3.0,5.88,9.44,0,0,0,0,0,0,0,0,0,0,0,0,0,0,0,0,0,0,0,0,0,0,0,0,0,0,0,0,0,0,0,0,0,0,0,0,0,0,0,0,0,0,0,0,0,0,0,0,0,0,0,0
MALJIT01,3.3489,33.3792,61.3782,91.4634,676.0,1092.0,2028.0,3068.0,12.0,20.0,108.0,216.0,408.0,1.5625,5.625,11.4,19.45,554.7325,1302.5748,2451.8268,3446.5368,8266.0,8208.0,15174.0,21020.0,91.0,204.0,378.0,520.0,582.0,1584.0,2754.0,3960.0,40.2241,103.6664,183.7162,259.1552,-7.26,-11.58,-13.38,114.0,234.0,402.0,18.0,36.0,52.0,3.0,5.88,9.44,0,0,0,0,0,0,0,0,0,0,0,0,0,0,0,0,0,0,0,0,0,0,0,0,0,0,0,0,0,0,0,0,0,0,0,0,0,0,0,0,0,0,0,0,0,0,0,0,0,0,0,0
MALJIT03,3.3489,33.3792,61.3782,91.4634,676.0,1092.0,2028.0,3068.0,12.0,20.0,108.0,216.0,408.0,1.5625,5.625,11.4,19.45,554.7325,1302.5748,2451.8268,3446.5368,8266.0,8208.0,15174.0,21020.0,91.0,204.0,378.0,520.0,582.0,1584.0,2754.0,3960.0,40.2241,103.6664,183.7162,259.1552,-7.26,-11.58,-13.38,114.0,234.0,402.0,18.0,36.0,52.0,3.0,5.88,9.44,0,0,0,0,0,0,0,0,0,0,0,0,0,0,0,0,0,0,0,0,0,0,0,0,0,0,0,0,0,0,0,0,0,0,0,0,0,0,0,0,0,0,0,0,0,0,0,0,0,0,0,0
MALJOZ,3.3489,33.3792,61.3782,91.4634,676.0,1092.0,2028.0,3068.0,12.0,20.0,108.0,216.0,408.0,1.5625,5.625,11.4,19.45,554.7325,1302.5748,2451.8268,3446.5368,8266.0,8208.0,15174.0,21020.0,91.0,204.0,378.0,520.0,582.0,1584.0,2754.0,3960.0,40.2241,103.6664,183.7162,259.1552,-7.26,-11.58,-13.38,114.0,234.0,402.0,18.0,36.0,52.0,3.0,5.88,9.44,0,0,0,0,0,0,0,0,0,0,0,0,0,0,0,0,0,0,0,0,0,0,0,0,0,0,0,0,0,0,0,0,1,0,0,0,0,0,0,0,0,0,0,0,0,0,0,0,0,0,0,0
MALJOZ01,3.3489,33.3792,61.3782,91.4634,676.0,1092.0,2028.0,3068.0,12.0,20.0,108.0,216.0,408.0,1.5625,5.625,11.4,19.45,554.7325,1302.5748,2451.8268,3446.5368,8266.0,8208.0,15174.0,21020.0,91.0,204.0,378.0,520.0,582.0,1584.0,2754.0,3960.0,40.2241,103.6664,183.7162,259.1552,-7.26,-11.58,-13.38,114.0,234.0,402.0,18.0,36.0,52.0,3.0,5.88,9.44,0,0,0,0,0,0,0,0,0,0,0,0,0,0,0,0,0,0,0,0,0,0,0,0,0,0,0,0,0,0,0,0,1,0,0,0,0,0,0,0,0,0,0,0,0,0,0,0,0,0,0,0
MEGDEH,3.3489,33.3792,55.998,74.664,676.0,1092.0,1872.0,2496.0,12.0,16.0,108.0,216.0,312.0,1.5625,5.625,11.55,15.4,627.8879,1429.4784,2568.204,3372.452,2928.0,7392.0,12366.0,16688.0,103.0,224.0,398.0,516.0,622.0,1612.0,2598.0,3644.0,40.6399,107.7464,178.5694,241.9788,-7.26,-8.64,-11.52,114.0,240.0,320.0,18.0,36.0,44.0,3.0,5.76,7.68,0,0,0,0,0,0,0,0,0,0,1,0,0,0,0,0,0,0,0,0,0,0,0,0,0,0,0,0,0,0,0,0,0,0,0,0,0,0,0,0,0,0,0,0,0,0,0,0,0,1,0,0
MELLOF,3.3489,33.3792,68.7165,105.774,676.0,1092.0,2080.0,1690.0,15.0,25.0,126.0,288.0,258.0,1.5625,5.625,13.4375,15.5625,369.7385,878.7574,1790.707,2888.118,1866.0,5032.0,9378.0,11618.0,63.0,140.0,282.0,468.0,422.0,1232.0,2304.0,3328.0,23.5479,66.9992,126.9974,191.5912,-7.26,-10.1,-12.05,114.0,310.0,585.0,15.0,42.0,107.0,3.0,8.0,18.8,0,0,0,0,0,0,0,0,0,0,0,0,0,0,0,1,0,0,0,0,0,0,0,0,0,0,0,0,0,0,0,0,0,0,0,0,0,0,0,0,0,0,0,0,0,0,0,0,0,0,0,0
MELLOF01,3.3489,33.3792,68.7165,105.774,676.0,1092.0,2080.0,1690.0,15.0,25.0,126.0,288.0,258.0,1.5625,5.625,13.4375,15.5625,369.7385,878.7574,1790.707,2888.118,1866.0,5032.0,9378.0,11618.0,63.0,140.0,282.0,468.0,422.0,1232.0,2304.0,3328.0,23.5479,66.9992,126.9974,191.5912,-7.26,-10.1,-12.05,114.0,310.0,585.0,15.0,42.0,107.0,3.0,8.0,18.8,0,0,0,0,0,0,0,0,0,0,0,0,0,0,0,1,0,0,0,0,0,0,0,0,0,0,0,0,0,0,0,0,0,0,0,0,0,0,0,0,0,0,0,0,0,0,0,0,0,0,0,0
MELLOF02,3.3489,33.3792,68.7165,105.774,676.0,1092.0,2080.0,1690.0,15.0,25.0,126.0,288.0,258.0,1.5625,5.625,13.4375,15.5625,369.7385,878.7574,1790.707,2888.118,1866.0,5032.0,9378.0,11618.0,63.0,140.0,282.0,468.0,422.0,1232.0,2304.0,3328.0,23.5479,66.9992,126.9974,191.5912,-7.26,-10.1,-12.05,114.0,310.0,585.0,15.0,42.0,107.0,3.0,8.0,18.8,0,0,0,0,0,0,0,0,0,0,0,0,0,0,0,1,0,0,0,0,0,0,0,0,0,0,0,0,0,0,0,0,0,0,0,0,0,0,0,0,0,0,0,0,0,0,0,0,0,0,0,0
MEQVEM,3.3489,33.3792,55.998,74.8836,676.0,1092.0,1872.0,3536.0,12.0,16.0,108.0,216.0,288.0,1.5625,5.625,11.55,16.65,360.9691,865.0104,1655.1816,2194.6512,2952.0,6432.0,11542.0,15976.0,59.0,136.0,254.0,332.0,390.0,1068.0,1886.0,2588.0,27.5263,73.928,132.4798,177.0444,-7.26,-8.64,-11.64,114.0,240.0,280.0,18.0,36.0,48.0,3.0,5.76,6.68,0,0,0,0,0,0,0,0,0,0,0,0,0,0,0,1,0,0,0,0,0,0,0,0,0,0,0,0,0,0,0,0,0,0,0,0,0,0,0,0,0,0,0,0,0,0,0,0,0,1,0,0
MEQVEM02,3.3489,33.3792,55.998,74.8836,676.0,1092.0,1872.0,3536.0,12.0,16.0,108.0,216.0,288.0,1.5625,5.625,11.55,16.65,360.9691,865.0104,1655.1816,2194.6512,2952.0,6432.0,11542.0,15976.0,59.0,136.0,254.0,332.0,390.0,1068.0,1886.0,2588.0,27.5263,73.928,132.4798,177.0444,-7.26,-8.64,-11.64,114.0,240.0,280.0,18.0,36.0,48.0,3.0,5.76,6.68,0,0,0,0,0,0,0,0,0,0,0,0,0,0,0,1,0,0,0,0,0,0,0,0,0,0,0,0,0,0,0,0,0,0,0,0,0,0,0,0,0,0,0,0,0,0,0,0,0,1,0,0
MEQXIS,3.3489,33.3792,55.998,74.8836,676.0,1092.0,1872.0,3536.0,12.0,16.0,108.0,216.0,288.0,1.5625,5.625,11.55,16.65,360.9691,865.0104,1655.1816,2194.6512,2952.0,6432.0,11542.0,15976.0,59.0,136.0,254.0,332.0,390.0,1068.0,1886.0,2588.0,27.5263,73.928,132.4798,177.0444,-7.26,-8.64,-11.64,114.0,240.0,280.0,18.0,36.0,48.0,3.0,5.76,6.68,0,0,0,0,0,0,0,0,0,0,0,0,0,0,0,1,0,0,0,0,0,0,0,0,0,0,0,0,0,0,0,0,0,0,0,0,0,0,0,0,0,0,0,0,0,0,0,0,0,0,0,0
MEQXIS01,3.3489,33.3792,55.998,74.8836,676.0,1092.0,1872.0,3536.0,12.0,16.0,108.0,216.0,288.0,1.5625,5.625,11.55,16.65,360.9691,865.0104,1655.1816,2194.6512,2952.0,6432.0,11542.0,15976.0,59.0,136.0,254.0,332.0,390.0,1068.0,1886.0,2588.0,27.5263,73.928,132.4798,177.0444,-7.26,-8.64,-11.64,114.0,240.0,280.0,18.0,36.0,48.0,3.0,5.76,6.68,0,0,0,0,0,0,0,0,0,0,0,0,0,0,0,1,0,0,0,0,0,0,0,0,0,0,0,0,0,0,0,0,0,0,0,0,0,0,0,0,0,0,0,0,0,0,0,0,0,0,0,0
MIFRIF,3.3489,33.3792,54.717,68.3688,676.0,1092.0,1612.0,1716.0,12.0,16.0,108.0,204.0,144.0,1.5625,5.625,10.55,11.025,273.5625,607.2334,1212.9388,1878.5816,2652.0,4804.0,8074.0,9928.0,43.0,94.0,182.0,292.0,276.0,792.0,1426.0,1804.0,20.6553,51.1218,92.0938,131.6064,-7.26,-7.94,-8.08,114.0,250.0,350.0,18.0,38.0,72.0,3.0,6.56,11.18,0,0,0,0,0,0,0,0,0,0,0,0,0,0,0,0,0,0,0,0,0,0,0,0,0,0,0,0,0,0,0,0,0,0,0,0,0,0,0,0,0,0,0,0,0,0,0,0,0,0,0,0
MIFROL,3.3489,33.3792,54.717,68.259,676.0,1092.0,1612.0,2652.0,12.0,16.0,108.0,204.0,144.0,1.5625,5.625,10.55,11.375,273.2547,606.9274,1212.574,1878.362,4452.0,5236.0,8578.0,11800.0,43.0,94.0,182.0,292.0,276.0,792.0,1426.0,1804.0,21.2657,51.553,92.5138,132.3064,-7.26,-7.94,-8.02,114.0,250.0,314.0,18.0,38.0,72.0,3.0,6.56,10.9,0,0,0,0,0,0,0,0,0,0,0,0,0,0,0,0,0,0,0,0,0,0,0,0,0,0,0,0,0,0,0,0,0,0,0,0,0,0,0,0,0,0,0,0,0,0,0,0,0,0,0,0
MIFROL01,3.3489,33.3792,54.717,68.259,676.0,1092.0,1612.0,2652.0,12.0,16.0,108.0,204.0,144.0,1.5625,5.625,10.55,11.375,273.2547,606.9274,1212.574,1878.362,4452.0,5236.0,8578.0,11800.0,43.0,94.0,182.0,292.0,276.0,792.0,1426.0,1804.0,21.2657,51.553,92.5138,132.3064,-7.26,-7.94,-8.02,114.0,250.0,314.0,18.0,38.0,72.0,3.0,6.56,10.9,0,0,0,0,0,0,0,0,0,0,0,0,0,0,0,0,0,0,0,0,0,0,0,0,0,0,0,0,0,0,0,0,0,0,0,0,0,0,0,0,0,0,0,0,0,0,0,0,0,0,0,0
MIFSAY,3.3489,33.3792,54.717,66.3924,676.0,1092.0,1612.0,1144.0,12.0,16.0,108.0,204.0,180.0,1.5625,5.625,10.55,10.6,297.6129,655.5814,1331.7724,1954.8848,2196.0,4600.0,7850.0,8868.0,49.0,106.0,206.0,304.0,312.0,864.0,1486.0,1900.0,20.8409,54.3722,96.6454,134.0864,-7.26,-7.94,-7.0,114.0,250.0,372.0,18.0,38.0,66.0,3.0,6.56,11.52,0,0,0,0,0,0,0,0,0,0,0,0,0,0,0,0,0,0,0,0,0,0,0,0,0,0,0,0,0,0,0,0,0,0,0,0,0,0,0,0,0,0,0,0,0,0,0,0,0,0,0,0
MIFSEC,3.3489,33.3792,54.717,66.3924,676.0,1092.0,1612.0,1144.0,12.0,16.0,108.0,204.0,180.0,1.5625,5.625,10.55,10.6,297.6129,655.5814,1331.7724,1954.8848,2196.0,4600.0,7850.0,8868.0,49.0,106.0,206.0,304.0,312.0,864.0,1486.0,1900.0,20.8409,54.3722,96.6454,134.0864,-7.26,-7.94,-7.0,114.0,250.0,372.0,18.0,38.0,66.0,3.0,6.56,11.52,0,0,0,0,0,0,0,0,0,0,0,0,0,0,0,0,0,0,0,0,0,0,0,0,0,0,0,0,0,0,0,0,0,0,0,0,0,0,0,0,0,0,0,0,0,0,0,0,0,0,0,0
MIWJUZ,3.3489,33.3792,46.665,64.1598,676.0,1092.0,1560.0,2444.0,10.0,14.0,96.0,168.0,216.0,1.5625,5.625,9.625,13.1,315.2913,723.1794,1358.7188,1999.1806,2364.0,5136.0,8382.0,11996.0,51.0,114.0,206.0,310.0,320.0,880.0,1504.0,2082.0,23.7121,61.0998,104.845,150.3914,-7.26,-7.2,-9.44,114.0,200.0,270.0,20.0,32.0,48.0,3.0,4.8,7.02,0,0,0,0,0,0,0,0,0,0,0,0,0,0,0,0,0,0,0,0,0,0,0,0,0,0,0,0,0,0,0,0,0,0,0,0,0,0,0,0,0,0,0,0,0,0,0,0,0,0,0,0
MOFRAA,3.3489,33.3792,61.3782,93.33,676.0,1092.0,2028.0,3120.0,12.0,20.0,108.0,216.0,408.0,1.5625,5.625,11.4,19.25,535.2881,1262.5296,2441.4876,3296.706,2460.0,6540.0,12102.0,17280.0,89.0,196.0,378.0,484.0,574.0,1528.0,2610.0,3840.0,33.3089,92.3204,163.9314,230.9332,-7.26,-11.58,-14.4,114.0,234.0,400.0,18.0,36.0,52.0,3.0,5.88,9.6,0,0,0,0,0,0,0,0,0,0,0,0,0,0,0,0,0,0,0,0,0,1,0,0,0,0,0,0,0,0,0,0,0,0,0,0,0,0,0,0,0,0,0,0,0,0,0,0,0,0,0,0
MOFREE,3.3489,33.3792,61.3782,93.33,676.0,1092.0,2028.0,3120.0,12.0,20.0,108.0,216.0,408.0,1.5625,5.625,11.4,19.25,535.2881,1262.5296,2441.4876,3296.706,2460.0,6540.0,12102.0,17280.0,89.0,196.0,378.0,484.0,574.0,1528.0,2610.0,3840.0,33.3089,92.3204,163.9314,230.9332,-7.26,-11.58,-14.4,114.0,234.0,400.0,18.0,36.0,52.0,3.0,5.88,9.6,0,0,0,0,0,0,0,0,0,0,0,0,0,0,0,0,0,0,0,0,0,1,0,0,0,0,0,0,0,0,0,0,1,0,0,0,0,0,0,0,0,0,0,0,0,0,0,0,0,0,0,0
NAVYEP,3.3489,33.3792,55.998,94.9221,676.0,1092.0,1872.0,2184.0,12.0,21.0,108.0,234.0,306.0,1.5625,5.625,11.55,15.6375,377.5174,891.4704,1768.0926,2519.4228,1952.0,5178.0,9282.0,12222.0,62.0,138.0,270.0,390.0,408.0,1128.0,1986.0,2886.0,23.7454,66.7842,121.7574,175.1166,-7.26,-8.64,-13.44,114.0,240.0,462.0,18.0,33.0,75.0,3.0,5.76,13.74,0,0,0,0,0,0,0,0,0,0,0,0,0,1,0,0,0,0,0,1,0,0,0,0,0,0,0,0,0,0,0,0,0,0,0,0,0,0,0,0,0,0,0,0,0,0,0,0,0,0,0,0
NAVYEP01,3.3489,33.3792,55.998,94.9221,676.0,1092.0,1872.0,2184.0,12.0,21.0,108.0,234.0,306.0,1.5625,5.625,11.55,15.6375,377.5174,891.4704,1768.0926,2519.4228,1952.0,5178.0,9282.0,12222.0,62.0,138.0,270.0,390.0,408.0,1128.0,1986.0,2886.0,23.7454,66.7842,121.7574,175.1166,-7.26,-8.64,-13.44,114.0,240.0,462.0,18.0,33.0,75.0,3.0,5.76,13.74,0,0,0,0,0,0,0,0,0,0,0,0,0,1,0,0,0,0,0,1,0,0,0,0,0,0,0,0,0,0,0,0,0,0,0,0,0,0,0,0,0,0,0,0,0,0,0,0,0,0,0,0
NEFSIA01,3.3489,33.3792,54.717,68.3688,676.0,1092.0,1612.0,1716.0,12.0,16.0,108.0,204.0,144.0,1.5625,5.625,10.55,11.025,263.2713,597.4414,1193.5998,1851.8316,2076.0,4420.0,7356.0,9192.0,43.0,94.0,182.0,292.0,276.0,792.0,1444.0,1864.0,18.9689,49.2122,88.5946,128.368,-7.26,-7.94,-8.08,114.0,250.0,350.0,18.0,38.0,72.0,3.0,6.56,11.18,0,0,0,0,0,0,0,0,0,0,0,0,0,0,0,0,0,0,0,0,0,0,0,0,0,0,0,0,0,0,0,0,0,0,0,0,0,0,0,0,0,0,0,0,0,0,0,0,0,0,0,0
NEFSIA02,3.3489,33.3792,54.717,68.3688,676.0,1092.0,1612.0,1716.0,12.0,16.0,108.0,204.0,144.0,1.5625,5.625,10.55,11.025,263.2713,597.4414,1193.5998,1851.8316,2076.0,4420.0,7356.0,9192.0,43.0,94.0,182.0,292.0,276.0,792.0,1444.0,1864.0,18.9689,49.2122,88.5946,128.368,-7.26,-7.94,-8.08,114.0,250.0,350.0,18.0,38.0,72.0,3.0,6.56,11.18,0,0,0,0,0,0,0,0,0,0,0,0,0,0,0,0,0,0,0,0,0,0,0,0,0,0,0,0,0,0,0,0,0,0,0,0,0,0,0,0,0,0,0,0,0,0,0,0,0,0,0,0
NEFVID,3.3489,33.3792,61.3782,90.9144,676.0,1092.0,2028.0,2340.0,12.0,18.0,108.0,180.0,216.0,1.5625,5.625,11.4,14.025,613.5273,1373.148,2478.162,3252.4668,2764.0,6900.0,11214.0,13788.0,97.0,204.0,378.0,504.0,582.0,1524.0,2238.0,2604.0,35.8633,93.87,154.1778,195.0432,-7.26,-11.58,-16.74,114.0,234.0,378.0,18.0,42.0,72.0,3.0,5.88,11.28,0,0,0,0,0,0,0,0,0,0,1,0,0,0,0,0,0,0,0,0,0,0,0,0,0,0,0,0,0,0,0,0,0,0,0,0,0,0,0,0,0,0,0,0,0,0,0,0,0,0,0,0
NEMSAZ,3.3489,33.3792,59.5848,72.102,676.0,1092.0,1976.0,1976.0,12.0,16.0,108.0,216.0,240.0,1.5625,5.625,11.45,13.4,325.9399,797.4232,1511.7976,2131.488,1976.0,5248.0,9662.0,11800.0,51.0,120.0,222.0,316.0,342.0,972.0,1782.0,2316.0,22.6955,63.5232,116.2254,154.266,-7.26,-10.6,-10.12,114.0,236.0,340.0,18.0,36.0,56.0,3.0,5.84,9.28,0,0,0,0,0,1,0,0,0,0,0,0,0,0,0,0,0,0,0,0,0,0,0,0,0,0,0,0,0,0,0,0,0,0,0,0,0,0,0,0,0,0,0,0,0,0,0,0,0,1,0,0
NEMSED,3.3489,33.3792,59.5848,72.102,676.0,1092.0,1976.0,1976.0,12.0,16.0,108.0,216.0,240.0,1.5625,5.625,11.45,13.4,325.9399,797.4232,1511.7976,2131.488,1976.0,5248.0,9662.0,11800.0,51.0,120.0,222.0,316.0,342.0,972.0,1782.0,2316.0,22.6955,63.5232,116.2254,154.266,-7.26,-10.6,-10.12,114.0,236.0,340.0,18.0,36.0,56.0,3.0,5.84,9.28,0,0,0,0,0,0,1,0,0,0,0,0,0,0,0,0,0,0,0,0,0,0,0,0,0,0,0,0,0,0,0,0,0,0,0,0,0,0,0,0,0,0,0,0,0,0,0,0,0,0,0,0
NERDIA,3.3489,33.3792,59.5848,72.102,676.0,1092.0,1976.0,1976.0,12.0,16.0,108.0,216.0,240.0,1.5625,5.625,11.45,13.4,325.9399,797.4232,1511.7976,2131.488,1976.0,5248.0,9662.0,11800.0,51.0,120.0,222.0,316.0,342.0,972.0,1782.0,2316.0,22.6955,63.5232,116.2254,154.266,-7.26,-10.6,-10.12,114.0,236.0,340.0,18.0,36.0,56.0,3.0,5.84,9.28,0,0,0,0,0,0,0,0,0,0,0,0,0,0,0,0,0,0,0,0,0,0,0,0,0,0,0,0,0,0,1,0,0,0,0,0,0,0,0,0,0,0,0,0,0,0,0,0,0,0,0,0
NERDIA01,3.3489,33.3792,59.5848,72.102,676.0,1092.0,1976.0,1976.0,12.0,16.0,108.0,216.0,240.0,1.5625,5.625,11.45,13.4,325.9399,797.4232,1511.7976,2131.488,1976.0,5248.0,9662.0,11800.0,51.0,120.0,222.0,316.0,342.0,972.0,1782.0,2316.0,22.6955,63.5232,116.2254,154.266,-7.26,-10.6,-10.12,114.0,236.0,340.0,18.0,36.0,56.0,3.0,5.84,9.28,0,0,0,0,0,0,0,0,0,0,0,0,0,0,0,0,0,0,0,0,0,0,0,0,0,0,0,0,0,0,1,0,0,0,0,0,0,0,0,0,0,0,0,0,0,0,0,0,0,0,0,0
NESVOX,3.3489,33.3792,59.5848,72.102,676.0,1092.0,1976.0,1976.0,12.0,16.0,108.0,216.0,240.0,1.5625,5.625,11.45,13.4,381.9721,912.6052,1723.1624,2381.2112,2180.0,5680.0,10338.0,12600.0,59.0,136.0,250.0,352.0,386.0,1080.0,1938.0,2528.0,25.4947,70.2992,126.8218,169.0824,-7.26,-10.6,-10.12,114.0,236.0,340.0,18.0,36.0,56.0,3.0,5.84,9.28,0,0,0,0,0,0,0,0,0,0,0,0,0,0,0,0,0,0,0,0,0,0,0,1,0,0,0,0,0,0,0,0,0,0,0,0,0,0,0,0,0,0,0,0,0,0,0,0,0,0,0,0
NESVOX02,3.3489,33.3792,59.5848,72.102,676.0,1092.0,1976.0,1976.0,12.0,16.0,108.0,216.0,240.0,1.5625,5.625,11.45,13.4,381.9721,912.6052,1723.1624,2381.2112,2180.0,5680.0,10338.0,12600.0,59.0,136.0,250.0,352.0,386.0,1080.0,1938.0,2528.0,25.4947,70.2992,126.8218,169.0824,-7.26,-10.6,-10.12,114.0,236.0,340.0,18.0,36.0,56.0,3.0,5.84,9.28,0,0,0,0,0,0,0,0,0,0,0,0,0,0,0,0,0,0,0,0,0,0,0,1,0,0,0,0,0,0,0,0,0,0,0,0,0,0,0,0,0,0,0,0,0,0,0,0,0,0,0,0
NESVUD,3.3489,33.3792,59.5848,72.102,676.0,1092.0,1976.0,1976.0,12.0,16.0,108.0,216.0,240.0,1.5625,5.625,11.45,13.4,390.6699,940.5752,1798.7904,2445.4392,2128.0,5672.0,10414.0,12736.0,63.0,144.0,270.0,364.0,414.0,1140.0,2022.0,2652.0,26.1623,72.7608,131.0334,174.9876,-7.26,-10.6,-10.12,114.0,236.0,340.0,18.0,36.0,56.0,3.0,5.84,9.28,0,0,0,0,0,0,0,0,0,0,0,0,0,0,0,0,0,0,0,0,0,0,0,1,0,0,0,0,0,0,0,0,0,0,0,0,0,0,0,0,0,0,0,0,0,0,0,0,0,0,0,0
NESVUD01,3.3489,33.3792,59.5848,72.102,676.0,1092.0,1976.0,1976.0,12.0,16.0,108.0,216.0,240.0,1.5625,5.625,11.45,13.4,390.6699,940.5752,1798.7904,2445.4392,2128.0,5672.0,10414.0,12736.0,63.0,144.0,270.0,364.0,414.0,1140.0,2022.0,2652.0,26.1623,72.7608,131.0334,174.9876,-7.26,-10.6,-10.12,114.0,236.0,340.0,18.0,36.0,56.0,3.0,5.84,9.28,0,0,0,0,0,0,0,0,0,0,0,0,0,0,0,0,0,0,0,0,0,0,0,1,0,0,0,0,0,0,0,0,0,0,0,0,0,0,0,0,0,0,0,0,0,0,0,0,0,0,0,0
NESWAK,3.3489,33.3792,59.5848,72.102,676.0,1092.0,1976.0,1976.0,12.0,16.0,108.0,216.0,240.0,1.5625,5.625,11.45,13.4,390.6699,940.5752,1798.7904,2445.4392,2128.0,5672.0,10414.0,12736.0,63.0,144.0,270.0,364.0,414.0,1140.0,2022.0,2652.0,26.1623,72.7608,131.0334,174.9876,-7.26,-10.6,-10.12,114.0,236.0,340.0,18.0,36.0,56.0,3.0,5.84,9.28,0,0,0,0,0,0,0,0,0,0,0,0,0,0,0,1,0,0,0,0,0,0,0,0,0,0,0,0,0,0,0,0,0,0,0,0,0,0,0,0,0,0,0,0,0,0,0,0,0,1,0,0
NETBUJ,3.3489,33.3792,55.998,78.2508,676.0,1092.0,1872.0,2600.0,12.0,16.0,108.0,216.0,288.0,1.5625,5.625,11.55,15.3,468.6999,1145.3624,2114.9648,2957.1624,2560.0,6776.0,12086.0,15952.0,75.0,176.0,318.0,452.0,494.0,1380.0,2454.0,3236.0,33.2771,91.7944,163.2398,217.7916,-7.26,-8.64,-13.48,114.0,240.0,316.0,18.0,36.0,48.0,3.0,5.76,7.76,0,0,0,0,0,0,0,0,0,0,0,0,0,0,0,0,0,0,0,0,0,0,0,1,0,0,0,0,0,0,0,0,0,0,0,0,0,0,0,0,0,0,0,0,0,0,0,0,0,1,0,0
NICSEA,3.3489,33.3792,58.6881,80.154,676.0,1092.0,1950.0,2028.0,12.0,18.0,108.0,216.0,252.0,1.5625,5.625,11.475,14.325,434.7324,980.505,1767.5394,2499.4914,2494.0,6090.0,10854.0,13404.0,64.0,144.0,252.0,366.0,396.0,1092.0,1920.0,2562.0,28.7056,75.474,131.4108,179.211,-7.26,-10.11,-10.86,114.0,237.0,390.0,18.0,36.0,66.0,3.0,5.82,11.04,0,0,0,0,0,0,0,0,0,0,0,0,0,0,0,0,0,0,0,0,0,0,0,1,0,0,0,0,0,0,0,0,0,0,0,0,0,0,0,0,0,0,1,0,0,0,0,0,0,1,0,0
NIGXUY01,3.3489,33.3792,61.3782,90.9144,676.0,1092.0,2028.0,2340.0,12.0,18.0,108.0,180.0,216.0,1.5625,5.625,11.4,14.025,710.6223,1585.818,2885.022,3889.5948,2992.0,7476.0,12246.0,14976.0,115.0,240.0,450.0,612.0,690.0,1812.0,2742.0,3216.0,41.0635,107.8224,178.5306,232.9644,-7.26,-11.58,-16.74,114.0,234.0,378.0,18.0,42.0,72.0,3.0,5.88,11.28,0,0,0,0,0,0,0,0,0,0,0,0,1,0,0,0,0,0,0,0,0,0,0,0,0,0,0,0,0,0,0,0,0,0,0,0,0,0,0,0,0,0,0,0,0,0,0,0,0,0,0,0
NIGXUY02,3.3489,33.3792,61.3782,90.9144,676.0,1092.0,2028.0,2340.0,12.0,18.0,108.0,180.0,216.0,1.5625,5.625,11.4,14.025,710.6223,1585.818,2885.022,3889.5948,2992.0,7476.0,12246.0,14976.0,115.0,240.0,450.0,612.0,690.0,1812.0,2742.0,3216.0,41.0635,107.8224,178.5306,232.9644,-7.26,-11.58,-16.74,114.0,234.0,378.0,18.0,42.0,72.0,3.0,5.88,11.28,0,0,0,0,0,0,0,0,0,0,0,0,1,0,0,0,0,0,0,0,0,0,0,0,0,0,0,0,0,0,0,0,0,0,0,0,0,0,0,0,0,0,0,0,0,0,0,0,0,0,0,0
NIQFUP,3.3489,33.3792,55.998,92.232,676.0,1092.0,1872.0,2106.0,12.0,21.0,108.0,234.0,306.0,1.5625,5.625,11.55,15.7125,403.3276,942.6834,1844.028,2708.0436,2024.0,5352.0,9450.0,12774.0,68.0,150.0,288.0,426.0,438.0,1200.0,2076.0,3090.0,26.026,72.2802,129.0528,190.3122,-7.26,-8.64,-11.97,114.0,240.0,465.0,18.0,33.0,75.0,3.0,5.76,13.68,0,0,0,0,0,0,0,0,0,0,0,0,0,0,0,0,0,0,0,0,0,0,0,1,0,0,0,0,0,0,0,0,0,0,0,0,0,0,0,0,0,0,0,0,0,0,0,0,0,0,0,0
NIQFUP11,3.3489,33.3792,55.998,92.232,676.0,1092.0,1872.0,2106.0,12.0,21.0,108.0,234.0,306.0,1.5625,5.625,11.55,15.7125,403.3276,942.6834,1844.028,2708.0436,2024.0,5352.0,9450.0,12774.0,68.0,150.0,288.0,426.0,438.0,1200.0,2076.0,3090.0,26.026,72.2802,129.0528,190.3122,-7.26,-8.64,-11.97,114.0,240.0,465.0,18.0,33.0,75.0,3.0,5.76,13.68,0,0,0,0,0,0,0,0,0,0,0,0,0,0,0,0,0,0,0,0,0,0,0,1,0,0,0,0,0,0,0,0,0,0,0,0,0,0,0,0,0,0,0,0,0,0,0,0,0,0,0,0
NIXWEZ,3.3489,33.3792,57.7914,75.1764,676.0,1092.0,1924.0,2288.0,12.0,16.0,108.0,216.0,264.0,1.5625,5.625,11.5,14.35,546.4349,1314.1128,2386.2272,3297.0572,2784.0,7308.0,12850.0,16248.0,89.0,204.0,366.0,508.0,570.0,1560.0,2694.0,3492.0,37.9297,103.4692,180.059,237.2172,-7.26,-9.62,-11.8,114.0,238.0,328.0,18.0,36.0,52.0,3.0,5.8,8.52,0,0,0,0,0,0,0,0,0,0,0,0,0,0,0,1,0,0,0,0,0,0,0,0,0,0,0,0,0,0,0,0,0,0,0,0,0,0,0,1,0,0,0,0,0,0,1,0,0,1,0,0
NIXXAW,3.3489,33.3792,57.7914,75.1764,676.0,1092.0,1924.0,2288.0,12.0,16.0,108.0,216.0,264.0,1.5625,5.625,11.5,14.35,611.1649,1455.8928,2651.3072,3593.9172,2936.0,7692.0,13498.0,17296.0,101.0,228.0,414.0,556.0,642.0,1728.0,2934.0,3876.0,41.3965,112.7708,195.1102,259.4684,-7.26,-9.62,-11.8,114.0,238.0,328.0,18.0,36.0,52.0,3.0,5.8,8.52,0,0,0,0,0,0,0,0,0,0,0,0,0,0,0,1,0,0,0,0,0,0,0,0,0,0,0,0,0,0,0,0,0,0,0,0,0,0,0,0,0,0,0,1,0,0,1,0,0,0,0,0
NIXXEA,3.3489,33.3792,57.7914,75.1764,676.0,1092.0,1924.0,2288.0,12.0,16.0,108.0,216.0,264.0,1.5625,5.625,11.5,14.35,675.8949,1597.6728,2916.3872,3891.7572,3088.0,8076.0,14146.0,18544.0,113.0,252.0,462.0,604.0,714.0,1896.0,3174.0,4356.0,44.8633,122.0724,210.1614,282.9996,-7.26,-9.62,-11.8,114.0,238.0,328.0,18.0,36.0,52.0,3.0,5.8,8.52,0,0,0,0,0,0,0,0,0,0,0,0,0,0,0,1,0,0,0,0,0,0,0,0,0,0,0,0,0,0,0,0,0,0,0,0,0,0,0,1,0,0,0,0,0,0,0,0,0,0,0,0
NOWBIK,3.3489,33.3792,46.665,62.8788,676.0,1092.0,1560.0,2184.0,10.0,14.0,96.0,168.0,180.0,1.5625,5.625,9.625,12.1,480.7363,1082.4744,1849.1828,2538.8336,3022.0,6624.0,10182.0,12992.0,79.0,172.0,286.0,404.0,458.0,1204.0,1900.0,2316.0,35.7533,89.328,141.813,184.5512,-7.26,-7.2,-8.74,114.0,200.0,280.0,20.0,32.0,54.0,3.0,4.8,7.82,0,0,0,0,0,0,0,0,0,0,0,0,0,0,0,0,0,0,0,0,0,0,0,0,0,0,0,0,0,0,0,0,0,0,0,0,0,0,0,0,0,0,0,0,0,0,0,0,0,0,0,0
NOWBIK01,3.3489,33.3792,46.665,62.8788,676.0,1092.0,1560.0,2184.0,10.0,14.0,96.0,168.0,180.0,1.5625,5.625,9.625,12.1,480.7363,1082.4744,1849.1828,2538.8336,3022.0,6624.0,10182.0,12992.0,79.0,172.0,286.0,404.0,458.0,1204.0,1900.0,2316.0,35.7533,89.328,141.813,184.5512,-7.26,-7.2,-8.74,114.0,200.0,280.0,20.0,32.0,54.0,3.0,4.8,7.82,0,0,0,0,0,0,0,0,0,0,0,0,0,0,0,0,0,0,0,0,0,0,0,0,0,0,0,0,0,0,0,0,0,0,0,0,0,0,0,0,0,0,0,0,0,0,0,0,0,0,0,0
NOZJAN,3.3489,33.3792,55.998,92.232,676.0,1092.0,1872.0,2106.0,12.0,21.0,108.0,234.0,288.0,1.5625,5.625,11.55,15.7125,508.349,1188.5544,2300.514,3386.2308,2442.0,6396.0,10914.0,14766.0,84.0,186.0,354.0,534.0,540.0,1476.0,2490.0,3624.0,32.6548,89.6514,157.485,229.9194,-7.26,-8.64,-11.97,114.0,240.0,465.0,18.0,33.0,78.0,3.0,5.76,13.68,0,0,0,0,0,0,0,0,0,0,0,0,0,0,0,0,0,0,0,0,0,0,0,1,0,0,0,0,0,0,0,0,0,0,0,1,0,0,0,0,0,0,0,0,0,0,0,0,0,0,0,0
NUMBEC,3.3489,33.3792,54.717,73.0353,676.0,1092.0,1612.0,1872.0,12.0,17.0,108.0,204.0,168.0,1.5625,5.625,10.55,11.9875,279.4538,632.8864,1261.1648,1975.7726,2114.0,4516.0,7478.0,9728.0,46.0,100.0,194.0,314.0,294.0,840.0,1510.0,2016.0,19.8356,51.5376,92.3334,135.9774,-7.26,-7.94,-8.8,114.0,250.0,370.0,18.0,38.0,74.0,3.0,6.56,11.66,0,0,0,0,0,0,0,0,0,0,0,0,0,0,0,0,0,0,0,0,0,0,0,0,0,0,0,0,0,0,0,0,0,0,0,0,0,0,0,0,0,0,0,0,0,0,0,0,0,0,0,0
NUMBEC01,3.3489,33.3792,54.717,73.0353,676.0,1092.0,1612.0,1872.0,12.0,17.0,108.0,204.0,168.0,1.5625,5.625,10.55,11.9875,279.4538,632.8864,1261.1648,1975.7726,2114.0,4516.0,7478.0,9728.0,46.0,100.0,194.0,314.0,294.0,840.0,1510.0,2016.0,19.8356,51.5376,92.3334,135.9774,-7.26,-7.94,-8.8,114.0,250.0,370.0,18.0,38.0,74.0,3.0,6.56,11.66,0,0,0,0,0,0,0,0,0,0,0,0,0,0,0,0,0,0,0,0,0,0,0,0,0,0,0,0,0,0,0,0,0,0,0,0,0,0,0,0,0,0,0,0,0,0,0,0,0,0,0,0
NUMBEC02,3.3489,33.3792,54.717,73.0353,676.0,1092.0,1612.0,1872.0,12.0,17.0,108.0,204.0,168.0,1.5625,5.625,10.55,11.9875,279.4538,632.8864,1261.1648,1975.7726,2114.0,4516.0,7478.0,9728.0,46.0,100.0,194.0,314.0,294.0,840.0,1510.0,2016.0,19.8356,51.5376,92.3334,135.9774,-7.26,-7.94,-8.8,114.0,250.0,370.0,18.0,38.0,74.0,3.0,6.56,11.66,0,0,0,0,0,0,0,0,0,0,0,0,0,0,0,0,0,0,0,0,0,0,0,0,0,0,0,0,0,0,0,0,0,0,0,0,0,0,0,0,0,0,0,0,0,0,0,0,0,0,0,0
OBUJAW,3.3489,33.3792,61.3782,91.4634,676.0,1092.0,2028.0,3068.0,12.0,20.0,108.0,216.0,408.0,1.5625,5.625,11.4,19.45,631.5185,1190.1708,2567.0172,3120.348,3650.0,7604.0,15522.0,19096.0,71.0,160.0,306.0,412.0,466.0,1276.0,2250.0,3228.0,34.9775,88.6312,165.5538,218.7572,-7.26,-11.58,-13.38,114.0,234.0,402.0,18.0,36.0,52.0,3.0,5.88,9.44,0,0,0,0,0,0,0,0,0,0,0,0,0,0,0,0,0,0,0,0,0,0,0,0,0,0,0,0,0,0,0,0,0,0,0,0,0,0,0,0,0,0,0,0,0,0,0,0,0,0,0,0
OCEVEA,3.3489,33.3792,55.998,74.8836,676.0,1092.0,1872.0,3536.0,12.0,16.0,108.0,216.0,288.0,1.5625,5.625,11.55,16.65,360.9691,865.0104,1655.1816,2194.6512,2952.0,6432.0,11542.0,15976.0,59.0,136.0,254.0,332.0,390.0,1068.0,1886.0,2588.0,27.5263,73.928,132.4798,177.0444,-7.26,-8.64,-11.64,114.0,240.0,280.0,18.0,36.0,48.0,3.0,5.76,6.68,0,0,0,0,0,0,0,0,0,0,0,0,0,0,0,0,0,0,0,0,0,0,0,0,1,0,0,0,0,0,0,0,0,0,0,0,0,0,0,0,0,0,0,0,0,0,0,0,0,0,0,0
OCEVEA01,3.3489,33.3792,55.998,74.8836,676.0,1092.0,1872.0,3536.0,12.0,16.0,108.0,216.0,288.0,1.5625,5.625,11.55,16.65,360.9691,865.0104,1655.1816,2194.6512,2952.0,6432.0,11542.0,15976.0,59.0,136.0,254.0,332.0,390.0,1068.0,1886.0,2588.0,27.5263,73.928,132.4798,177.0444,-7.26,-8.64,-11.64,114.0,240.0,280.0,18.0,36.0,48.0,3.0,5.76,6.68,0,0,0,0,0,0,0,0,0,0,0,0,0,0,0,0,0,0,0,0,0,0,0,0,1,0,0,0,0,0,0,0,0,0,0,0,0,0,0,0,0,0,0,0,0,0,0,0,0,0,0,0
OCOPAA,3.3489,33.3792,55.998,80.154,676.0,1092.0,1872.0,2028.0,12.0,18.0,108.0,216.0,252.0,1.5625,5.625,11.55,14.325,409.0485,990.2664,1844.052,2693.157,2290.0,6072.0,10770.0,14106.0,67.0,156.0,282.0,420.0,438.0,1224.0,2178.0,3000.0,29.5675,81.474,144.945,203.3772,-7.26,-8.64,-10.86,114.0,240.0,390.0,18.0,36.0,66.0,3.0,5.76,11.04,0,0,0,0,0,0,0,0,0,0,0,0,0,0,0,0,0,0,0,1,0,0,0,0,0,0,0,0,0,0,0,0,0,0,0,0,0,0,0,0,0,0,0,0,0,0,0,0,0,0,0,0
OJIVOS,3.3489,33.3792,58.6881,70.7661,676.0,1092.0,1950.0,2028.0,12.0,15.0,108.0,198.0,234.0,1.5625,5.625,11.475,12.8625,444.9906,1069.6476,1942.3668,2724.8262,2476.0,6480.0,11400.0,14232.0,70.0,162.0,288.0,408.0,450.0,1242.0,2142.0,2748.0,31.1638,84.5742,147.708,195.054,-7.26,-10.11,-11.22,114.0,237.0,312.0,18.0,39.0,51.0,3.0,5.82,8.46,0,0,0,0,0,0,0,0,0,0,0,0,0,0,0,1,0,0,0,0,0,0,0,0,0,0,0,0,0,0,0,0,0,0,0,0,0,0,0,0,0,0,0,0,0,0,0,0,0,0,0,0
OLAYAC,3.3489,33.3792,59.3835,94.5378,676.0,1092.0,1768.0,1950.0,13.0,21.0,114.0,240.0,270.0,1.5625,5.625,11.5125,14.6125,413.0599,973.2654,1962.9968,2904.7548,1994.0,5304.0,9208.0,11778.0,69.0,152.0,306.0,468.0,458.0,1292.0,2216.0,2988.0,25.1597,71.406,131.0966,183.8912,-7.26,-8.66,-13.23,114.0,270.0,471.0,17.0,38.0,81.0,3.0,7.04,14.56,0,0,0,0,0,0,0,0,0,0,0,0,0,0,0,0,0,0,1,0,0,0,0,0,0,0,0,0,0,0,0,0,0,0,0,0,0,0,0,0,0,0,0,0,0,0,1,0,0,0,0,0
OLAYAC01,3.3489,33.3792,59.3835,94.5378,676.0,1092.0,1768.0,1950.0,13.0,21.0,114.0,240.0,270.0,1.5625,5.625,11.5125,14.6125,413.0599,973.2654,1962.9968,2904.7548,1994.0,5304.0,9208.0,11778.0,69.0,152.0,306.0,468.0,458.0,1292.0,2216.0,2988.0,25.1597,71.406,131.0966,183.8912,-7.26,-8.66,-13.23,114.0,270.0,471.0,17.0,38.0,81.0,3.0,7.04,14.56,0,0,0,0,0,0,0,0,0,0,0,0,0,0,0,0,0,0,1,0,0,0,0,0,0,0,0,0,0,0,0,0,0,0,0,0,0,0,0,0,0,0,0,0,0,0,1,0,0,0,0,0
OZOGIV,3.3489,33.3792,59.5848,72.102,676.0,1092.0,1976.0,1976.0,12.0,16.0,108.0,216.0,240.0,1.5625,5.625,11.45,13.4,325.9399,798.7952,1533.7104,2146.8152,1976.0,5288.0,9766.0,11808.0,51.0,120.0,222.0,316.0,342.0,972.0,1782.0,2316.0,22.6955,63.4592,115.9822,154.1444,-7.26,-10.6,-10.12,114.0,236.0,340.0,18.0,36.0,56.0,3.0,5.84,9.28,0,0,0,0,0,0,0,0,0,0,0,0,0,1,0,0,0,0,0,0,0,0,0,0,0,0,0,0,0,0,0,0,0,0,0,0,0,0,0,0,0,0,0,0,0,0,0,0,0,0,0,0
PAGXAW,3.3489,33.3792,46.665,65.4408,676.0,1092.0,1560.0,2704.0,10.0,14.0,96.0,168.0,252.0,1.5625,5.625,9.625,14.1,383.3463,881.5344,1638.2748,2290.0796,2586.0,5712.0,9430.0,13780.0,63.0,140.0,254.0,352.0,394.0,1056.0,1780.0,2496.0,28.0909,72.8192,124.1522,175.8444,-7.26,-7.2,-10.14,114.0,200.0,260.0,20.0,32.0,42.0,3.0,4.8,6.22,0,0,0,0,0,0,0,0,0,0,0,0,0,0,0,0,0,0,0,0,0,0,0,0,0,0,0,0,0,0,0,0,0,0,0,0,0,0,0,0,0,0,0,0,0,0,0,0,0,1,0,0
PASDOD,3.3489,33.3792,55.998,93.0006,676.0,1092.0,1872.0,1794.0,12.0,21.0,108.0,234.0,252.0,1.5625,5.625,11.55,14.1375,377.5174,891.4704,1767.0636,2502.5598,1952.0,5178.0,9252.0,11634.0,62.0,138.0,270.0,390.0,408.0,1128.0,1986.0,2832.0,23.7454,66.7842,121.8054,174.0498,-7.26,-8.64,-12.39,114.0,240.0,477.0,18.0,33.0,84.0,3.0,5.76,14.94,0,0,0,0,0,0,0,0,0,0,0,0,0,0,0,0,0,0,0,0,0,0,0,1,0,0,0,0,0,0,0,0,0,0,0,0,0,0,0,0,0,0,0,0,0,0,0,0,0,0,0,0
PASDOD01,3.3489,33.3792,55.998,93.0006,676.0,1092.0,1872.0,1794.0,12.0,21.0,108.0,234.0,252.0,1.5625,5.625,11.55,14.1375,377.5174,891.4704,1767.0636,2502.5598,1952.0,5178.0,9252.0,11634.0,62.0,138.0,270.0,390.0,408.0,1128.0,1986.0,2832.0,23.7454,66.7842,121.8054,174.0498,-7.26,-8.64,-12.39,114.0,240.0,477.0,18.0,33.0,84.0,3.0,5.76,14.94,0,0,0,0,0,0,0,0,0,0,0,0,0,0,0,0,0,0,0,0,0,0,0,1,0,0,0,0,0,0,0,0,0,0,0,0,0,0,0,0,0,0,0,0,0,0,0,0,0,0,0,0
PASGOF,3.3489,33.3792,46.665,79.2024,676.0,1092.0,1560.0,3328.0,10.0,18.0,96.0,192.0,204.0,1.5625,5.625,9.625,15.2,331.9419,752.7084,1523.0764,2098.292,3178.0,5952.0,9782.0,15224.0,55.0,120.0,238.0,340.0,358.0,980.0,1612.0,2056.0,25.1377,64.0412,113.3386,156.418,-7.26,-7.2,-10.34,114.0,200.0,340.0,20.0,28.0,74.0,3.0,4.8,10.34,0,0,0,0,0,0,0,0,0,0,0,0,0,0,0,0,0,0,0,0,0,0,0,0,0,0,0,0,0,0,0,0,0,0,0,0,0,0,0,0,0,0,0,0,0,0,0,0,0,0,0,0
PASGOF01,3.3489,33.3792,46.665,79.2024,676.0,1092.0,1560.0,3328.0,10.0,18.0,96.0,192.0,204.0,1.5625,5.625,9.625,15.2,331.9419,752.7084,1523.0764,2098.292,3178.0,5952.0,9782.0,15224.0,55.0,120.0,238.0,340.0,358.0,980.0,1612.0,2056.0,25.1377,64.0412,113.3386,156.418,-7.26,-7.2,-10.34,114.0,200.0,340.0,20.0,28.0,74.0,3.0,4.8,10.34,0,0,0,0,0,0,0,0,0,0,0,0,0,0,0,0,0,0,0,0,0,0,0,0,0,0,0,0,0,0,0,0,0,0,0,0,0,0,0,0,0,0,0,0,0,0,0,0,0,0,0,0
PEJQIF,3.3489,33.3792,61.3782,90.9144,676.0,1092.0,2028.0,2340.0,12.0,18.0,108.0,180.0,216.0,1.5625,5.625,11.4,14.025,547.3059,1189.854,2152.836,2756.4876,4264.0,7476.0,12018.0,14688.0,79.0,168.0,306.0,396.0,474.0,1236.0,1842.0,2208.0,35.7223,85.6464,142.9794,178.8636,-7.26,-11.58,-16.74,114.0,234.0,378.0,18.0,42.0,72.0,3.0,5.88,11.28,0,0,0,0,0,0,0,0,0,0,0,0,0,0,0,0,0,0,0,0,0,0,0,1,0,0,0,0,0,0,0,0,0,0,0,0,0,0,0,0,0,0,0,0,0,0,0,0,0,0,0,0
PEJQIF01,3.3489,33.3792,61.3782,90.9144,676.0,1092.0,2028.0,2340.0,12.0,18.0,108.0,180.0,216.0,1.5625,5.625,11.4,14.025,547.3059,1189.854,2152.836,2756.4876,4264.0,7476.0,12018.0,14688.0,79.0,168.0,306.0,396.0,474.0,1236.0,1842.0,2208.0,35.7223,85.6464,142.9794,178.8636,-7.26,-11.58,-16.74,114.0,234.0,378.0,18.0,42.0,72.0,3.0,5.88,11.28,0,0,0,0,0,0,0,0,0,0,0,0,0,0,0,0,0,0,0,0,0,0,0,1,0,0,0,0,0,0,0,0,0,0,0,0,0,0,0,0,0,0,0,0,0,0,0,0,0,0,0,0
PIVFEG,3.3489,33.3792,61.3782,90.9144,676.0,1092.0,2028.0,2340.0,12.0,18.0,108.0,180.0,216.0,1.5625,5.625,11.4,14.025,555.4473,1316.538,2305.98,2890.6728,2752.0,7188.0,11238.0,13848.0,85.0,192.0,342.0,432.0,570.0,1620.0,2166.0,2448.0,34.2205,94.1472,149.1534,181.6896,-7.26,-11.58,-16.74,114.0,234.0,378.0,18.0,42.0,72.0,3.0,5.88,11.28,0,0,0,0,0,0,0,0,0,0,1,0,0,0,0,0,0,0,0,0,0,0,0,0,0,0,0,0,0,0,0,0,0,0,0,0,0,0,0,0,0,0,0,0,0,0,0,0,0,0,0,0
POGMED,3.3489,33.3792,46.665,64.6722,676.0,1092.0,1560.0,2236.0,10.0,14.0,96.0,168.0,180.0,1.5625,5.625,9.625,12.05,353.1345,795.3724,1439.4592,1938.7308,2466.0,5308.0,8474.0,11144.0,57.0,124.0,218.0,300.0,342.0,912.0,1504.0,1900.0,25.3847,64.412,106.899,142.316,-7.26,-7.2,-9.72,114.0,200.0,278.0,20.0,32.0,54.0,3.0,4.8,7.86,0,0,0,0,0,0,0,0,0,0,0,0,0,0,0,0,0,0,0,0,0,0,0,0,0,0,0,0,0,0,0,0,0,0,0,0,0,0,0,0,0,0,0,0,0,0,0,0,0,0,0,0
POGXOA,3.3489,33.3792,46.665,66.063,676.0,1092.0,1560.0,3016.0,10.0,14.0,96.0,168.0,192.0,1.5625,5.625,9.625,13.675,288.7123,653.5184,1184.3148,1621.934,2754.0,5384.0,8842.0,12480.0,45.0,100.0,174.0,244.0,274.0,744.0,1276.0,1664.0,22.8129,56.6824,95.7826,129.8696,-7.26,-7.2,-10.48,114.0,200.0,248.0,20.0,32.0,52.0,3.0,4.8,6.56,0,0,0,0,0,0,0,0,0,0,0,0,0,0,0,0,0,0,0,0,0,0,0,0,0,0,0,0,0,0,0,0,0,0,0,0,0,0,0,0,0,0,0,0,0,0,0,0,0,0,0,0
POGXUG,3.3489,33.3792,46.665,65.9532,676.0,1092.0,1560.0,3952.0,10.0,14.0,96.0,168.0,192.0,1.5625,5.625,9.625,14.025,288.4045,653.2124,1183.95,1621.7144,4554.0,5816.0,9346.0,14352.0,45.0,100.0,174.0,244.0,274.0,744.0,1276.0,1664.0,23.4233,57.1136,96.2026,130.5696,-7.26,-7.2,-10.42,114.0,200.0,212.0,20.0,32.0,52.0,3.0,4.8,6.28,0,0,0,0,0,0,0,0,0,0,0,0,0,0,0,0,0,0,0,0,0,0,0,0,0,0,0,0,0,0,0,0,0,0,0,0,0,0,0,0,0,0,0,0,0,0,0,0,0,0,0,0
POHLON,3.3489,33.3792,46.665,62.8788,676.0,1092.0,1560.0,2184.0,10.0,14.0,96.0,168.0,180.0,1.5625,5.625,9.625,12.1,310.2127,724.5464,1320.6748,1835.4804,2482.0,5378.0,8798.0,11922.0,47.0,110.0,190.0,270.0,304.0,836.0,1436.0,1902.0,23.9549,61.2658,104.1778,143.5434,-7.26,-7.2,-8.74,114.0,200.0,280.0,20.0,32.0,54.0,3.0,4.8,7.82,0,0,0,0,0,0,0,0,0,0,0,0,0,0,0,0,0,0,0,0,0,0,0,0,0,0,0,0,0,0,0,0,0,0,0,1,0,0,0,0,0,0,0,0,0,0,0,0,0,0,0,0
POHLON01,3.3489,33.3792,46.665,62.8788,676.0,1092.0,1560.0,2184.0,10.0,14.0,96.0,168.0,180.0,1.5625,5.625,9.625,12.1,310.2127,714.8664,1320.6748,1845.1604,2482.0,5376.0,8798.0,11924.0,47.0,108.0,190.0,272.0,298.0,816.0,1412.0,1872.0,23.9549,60.992,104.1778,143.8172,-7.26,-7.2,-8.74,114.0,200.0,280.0,20.0,32.0,54.0,3.0,4.8,7.82,0,0,0,0,0,0,0,0,0,0,0,0,0,0,0,0,0,0,0,0,0,0,0,0,0,0,0,0,0,0,0,0,0,0,0,1,0,0,0,0,0,0,0,0,0,0,0,0,0,0,0,0
POWSID,3.3489,33.3792,46.665,62.8788,676.0,1092.0,1560.0,2184.0,10.0,14.0,96.0,168.0,180.0,1.5625,5.625,9.625,12.1,452.9727,1064.7264,1917.7268,2687.604,3066.0,6912.0,11334.0,15192.0,71.0,164.0,286.0,408.0,450.0,1224.0,2068.0,2668.0,34.5365,89.2664,151.1762,204.5236,-7.26,-7.2,-8.74,114.0,200.0,280.0,20.0,32.0,54.0,3.0,4.8,7.82,0,0,0,0,0,0,0,0,0,0,0,0,0,0,0,0,0,0,0,0,0,0,0,0,0,0,0,0,0,0,0,0,0,0,0,0,0,0,0,0,0,0,0,0,0,0,0,0,0,0,0,1
POWSID01,3.3489,33.3792,46.665,62.8788,676.0,1092.0,1560.0,2184.0,10.0,14.0,96.0,168.0,180.0,1.5625,5.625,9.625,12.1,452.9727,1064.7264,1917.7268,2687.604,3066.0,6912.0,11334.0,15192.0,71.0,164.0,286.0,408.0,450.0,1224.0,2068.0,2668.0,34.5365,89.2664,151.1762,204.5236,-7.26,-7.2,-8.74,114.0,200.0,280.0,20.0,32.0,54.0,3.0,4.8,7.82,0,0,0,0,0,0,0,0,0,0,0,0,0,0,0,0,0,0,0,0,0,0,0,0,0,0,0,0,0,0,0,0,0,0,0,0,0,0,0,0,0,0,0,0,0,0,0,0,0,0,0,1
PUBBOD,3.3489,33.3792,55.998,73.4928,676.0,1092.0,1872.0,2756.0,12.0,16.0,108.0,216.0,264.0,1.5625,5.625,11.55,15.025,360.6613,864.3984,1636.4848,2271.1144,2512.0,5952.0,10638.0,14628.0,59.0,136.0,250.0,348.0,386.0,1068.0,1898.0,2576.0,26.6313,72.388,129.2562,176.3364,-7.26,-8.64,-10.88,114.0,240.0,310.0,18.0,36.0,52.0,3.0,5.76,7.98,0,0,0,0,0,0,0,0,0,0,1,0,0,0,0,0,0,0,0,0,0,0,0,0,0,0,0,0,0,0,0,0,0,0,0,0,0,0,0,0,0,0,0,0,0,0,0,0,0,0,0,0
PUTGOC,3.3489,33.3792,66.1545,64.233,676.0,1092.0,1560.0,1170.0,15.0,15.0,126.0,216.0,162.0,1.5625,5.625,11.4375,9.9375,292.0035,683.5854,1339.404,2117.538,1642.0,4320.0,7212.0,8010.0,49.0,108.0,210.0,336.0,318.0,912.0,1626.0,2136.0,18.8953,53.0184,96.8382,133.9428,-7.26,-8.7,-7.65,114.0,330.0,345.0,15.0,54.0,63.0,3.0,9.6,10.8,0,0,0,0,0,0,0,0,0,0,0,0,0,0,0,0,0,0,0,0,0,0,0,0,0,1,0,0,0,0,0,0,0,0,0,0,0,0,0,0,0,0,0,0,0,0,1,0,0,0,0,0
PUTGOC01,3.3489,33.3792,66.1545,64.233,676.0,1092.0,1560.0,1170.0,15.0,15.0,126.0,216.0,162.0,1.5625,5.625,11.4375,9.9375,292.0035,683.5854,1339.404,2117.538,1642.0,4320.0,7212.0,8010.0,49.0,108.0,210.0,336.0,318.0,912.0,1626.0,2136.0,18.8953,53.0184,96.8382,133.9428,-7.26,-8.7,-7.65,114.0,330.0,345.0,15.0,54.0,63.0,3.0,9.6,10.8,0,0,0,0,0,0,0,0,0,0,0,0,0,0,0,0,0,0,0,0,0,0,0,0,0,1,0,0,0,0,0,0,0,0,0,0,0,0,0,0,0,0,0,0,0,0,1,0,0,0,0,0
PUTHAP,3.3489,33.3792,66.1545,64.233,676.0,1092.0,1560.0,1170.0,15.0,15.0,126.0,216.0,162.0,1.5625,5.625,11.4375,9.9375,292.0035,683.5854,1339.404,2117.538,1642.0,4320.0,7212.0,8010.0,49.0,108.0,210.0,336.0,318.0,912.0,1626.0,2136.0,18.8953,53.0184,96.8382,133.9428,-7.26,-8.7,-7.65,114.0,330.0,345.0,15.0,54.0,63.0,3.0,9.6,10.8,0,0,0,0,0,0,0,0,0,0,0,0,0,0,0,0,0,0,0,0,0,0,0,0,0,0,1,0,0,0,0,0,0,0,0,0,0,0,0,0,0,0,0,0,0,0,0,0,0,0,0,0
PUTHAP01,3.3489,33.3792,66.1545,64.233,676.0,1092.0,1560.0,1170.0,15.0,15.0,126.0,216.0,162.0,1.5625,5.625,11.4375,9.9375,292.0035,683.5854,1339.404,2117.538,1642.0,4320.0,7212.0,8010.0,49.0,108.0,210.0,336.0,318.0,912.0,1626.0,2136.0,18.8953,53.0184,96.8382,133.9428,-7.26,-8.7,-7.65,114.0,330.0,345.0,15.0,54.0,63.0,3.0,9.6,10.8,0,0,0,0,0,0,0,0,0,0,0,0,0,0,0,0,0,0,0,0,0,0,0,0,0,0,1,0,0,0,0,0,0,0,0,0,0,0,0,0,0,0,0,0,0,0,0,0,0,0,0,0
PUTHIX,3.3489,33.3792,66.1545,64.233,676.0,1092.0,1560.0,1170.0,15.0,15.0,126.0,216.0,162.0,1.5625,5.625,11.4375,9.9375,292.0035,683.5854,1339.404,2117.538,1642.0,4320.0,7212.0,8010.0,49.0,108.0,210.0,336.0,318.0,912.0,1626.0,2136.0,18.8953,53.0184,96.8382,133.9428,-7.26,-8.7,-7.65,114.0,330.0,345.0,15.0,54.0,63.0,3.0,9.6,10.8,0,0,0,0,0,0,0,1,0,0,0,0,0,0,0,0,0,0,0,0,0,0,0,0,0,0,0,0,0,0,0,0,0,0,0,0,0,0,0,0,0,0,0,0,0,0,0,0,0,0,0,0
PUTHIX01,3.3489,33.3792,66.1545,64.233,676.0,1092.0,1560.0,1170.0,15.0,15.0,126.0,216.0,162.0,1.5625,5.625,11.4375,9.9375,292.0035,683.5854,1339.404,2117.538,1642.0,4320.0,7212.0,8010.0,49.0,108.0,210.0,336.0,318.0,912.0,1626.0,2136.0,18.8953,53.0184,96.8382,133.9428,-7.26,-8.7,-7.65,114.0,330.0,345.0,15.0,54.0,63.0,3.0,9.6,10.8,0,0,0,0,0,0,0,1,0,0,0,0,0,0,0,0,0,0,0,0,0,0,0,0,0,0,0,0,0,0,0,0,0,0,0,0,0,0,0,0,0,0,0,0,0,0,0,0,0,0,0,0
QAHPIY01,3.3489,33.3792,65.7702,80.154,676.0,1092.0,2184.0,2028.0,12.0,18.0,108.0,180.0,252.0,1.5625,5.625,11.25,14.325,333.9651,748.5576,1323.7464,1845.828,2020.0,5016.0,8898.0,10464.0,49.0,108.0,186.0,252.0,294.0,792.0,1302.0,1620.0,21.2713,55.9812,94.0866,119.4156,-7.26,-13.98,-10.86,114.0,228.0,390.0,18.0,42.0,66.0,3.0,6.0,11.04,0,0,0,0,0,0,0,0,0,0,0,0,0,0,0,1,0,0,0,0,0,0,0,0,0,0,0,0,0,0,0,0,0,0,0,0,0,0,0,0,0,0,0,0,0,0,0,0,0,0,0,0
QAHPIY02,3.3489,33.3792,65.7702,80.154,676.0,1092.0,2184.0,2028.0,12.0,18.0,108.0,180.0,252.0,1.5625,5.625,11.25,14.325,333.9651,748.5576,1323.7464,1845.828,2020.0,5016.0,8898.0,10464.0,49.0,108.0,186.0,252.0,294.0,792.0,1302.0,1620.0,21.2713,55.9812,94.0866,119.4156,-7.26,-13.98,-10.86,114.0,228.0,390.0,18.0,42.0,66.0,3.0,6.0,11.04,0,0,0,0,0,0,0,0,0,0,0,0,0,0,0,1,0,0,0,0,0,0,0,0,0,0,0,0,0,0,0,0,0,0,0,0,0,0,0,0,0,0,0,0,0,0,0,0,0,0,0,0
QAHVIE,3.3489,33.3792,48.4584,56.6202,676.0,1092.0,1612.0,2184.0,10.0,12.0,96.0,156.0,168.0,1.5625,5.625,9.575,11.125,411.9091,939.2032,1640.2204,2238.3164,2830.0,6160.0,9922.0,13040.0,63.0,140.0,238.0,328.0,378.0,1008.0,1648.0,2048.0,29.6717,74.7344,122.9546,161.3844,-7.26,-8.18,-8.98,114.0,198.0,228.0,20.0,34.0,44.0,3.0,4.84,6.1,0,0,0,0,0,0,0,0,0,0,0,0,0,0,0,0,0,0,0,0,0,0,0,0,0,0,0,0,0,0,0,0,0,0,0,0,0,0,0,0,0,0,0,0,0,0,0,0,0,0,0,0
QAHVOK,3.3489,33.3792,48.4584,56.5104,676.0,1092.0,1612.0,3120.0,10.0,12.0,96.0,156.0,168.0,1.5625,5.625,9.575,11.475,411.6013,938.8972,1639.8556,2238.0968,4630.0,6592.0,10426.0,14912.0,63.0,140.0,238.0,328.0,378.0,1008.0,1648.0,2048.0,30.2821,75.1656,123.3746,162.0844,-7.26,-8.18,-8.92,114.0,198.0,192.0,20.0,34.0,44.0,3.0,4.84,5.82,0,0,0,0,0,0,0,0,0,0,0,0,0,0,0,0,0,0,0,0,0,0,0,0,0,0,0,0,0,0,0,0,0,0,0,0,0,0,0,0,0,0,0,0,0,0,0,0,0,0,0,0
QALMAR,3.3489,33.3792,55.998,85.5342,676.0,1092.0,1872.0,2184.0,12.0,18.0,108.0,216.0,234.0,1.5625,5.625,11.55,14.175,337.9206,804.783,1489.6092,2024.469,2038.0,5292.0,9318.0,11802.0,52.0,120.0,216.0,306.0,336.0,936.0,1668.0,2196.0,23.2276,63.414,112.6596,151.0722,-7.26,-8.64,-13.8,114.0,240.0,384.0,18.0,36.0,69.0,3.0,5.76,11.16,0,0,0,0,0,0,0,0,0,0,0,0,0,0,0,1,0,0,0,0,0,0,0,0,0,0,0,0,0,0,0,0,0,0,0,0,0,0,0,0,0,0,0,0,0,0,0,0,0,1,0,0
QALMAR01,3.3489,33.3792,55.998,85.5342,676.0,1092.0,1872.0,2184.0,12.0,18.0,108.0,216.0,234.0,1.5625,5.625,11.55,14.175,337.9206,804.783,1489.6092,2024.469,2038.0,5292.0,9318.0,11802.0,52.0,120.0,216.0,306.0,336.0,936.0,1668.0,2196.0,23.2276,63.414,112.6596,151.0722,-7.26,-8.64,-13.8,114.0,240.0,384.0,18.0,36.0,69.0,3.0,5.76,11.16,0,0,0,0,0,0,0,0,0,0,0,0,0,0,0,1,0,0,0,0,0,0,0,0,0,0,0,0,0,0,0,0,0,0,0,0,0,0,0,0,0,0,0,0,0,0,0,0,0,1,0,0
QERDIB,3.3489,33.3792,55.998,96.1482,676.0,1092.0,1872.0,2756.0,12.0,20.0,108.0,216.0,336.0,1.5625,5.625,11.55,17.1,373.4631,903.1404,1735.4912,2441.2164,2080.0,5508.0,9866.0,13336.0,59.0,136.0,258.0,372.0,394.0,1108.0,1994.0,2748.0,24.6419,69.1576,126.429,174.914,-7.26,-8.64,-15.94,114.0,240.0,414.0,18.0,36.0,64.0,3.0,5.76,11.32,0,0,0,0,0,0,0,0,0,0,0,0,0,0,0,0,0,0,0,1,0,0,0,0,0,0,0,0,0,0,0,0,0,0,0,0,0,0,0,0,0,0,0,0,0,0,0,0,0,0,0,0
QERDIB01,3.3489,33.3792,55.998,96.1482,676.0,1092.0,1872.0,2756.0,12.0,20.0,108.0,216.0,336.0,1.5625,5.625,11.55,17.1,373.4631,903.1404,1735.4912,2441.2164,2080.0,5508.0,9866.0,13336.0,59.0,136.0,258.0,372.0,394.0,1108.0,1994.0,2748.0,24.6419,69.1576,126.429,174.914,-7.26,-8.64,-15.94,114.0,240.0,414.0,18.0,36.0,64.0,3.0,5.76,11.32,0,0,0,0,0,0,0,0,0,0,0,0,0,0,0,0,0,0,0,1,0,0,0,0,0,0,0,0,0,0,0,0,0,0,0,0,0,0,0,0,0,0,0,0,0,0,0,0,0,0,0,0
QERDOH,3.3489,33.3792,55.998,96.1482,676.0,1092.0,1872.0,2756.0,12.0,20.0,108.0,216.0,336.0,1.5625,5.625,11.55,17.1,373.4631,903.1404,1735.4912,2441.2164,2080.0,5508.0,9866.0,13336.0,59.0,136.0,258.0,372.0,394.0,1108.0,1994.0,2748.0,24.6419,69.1576,126.429,174.914,-7.26,-8.64,-15.94,114.0,240.0,414.0,18.0,36.0,64.0,3.0,5.76,11.32,0,0,0,0,0,0,0,0,0,0,0,0,0,0,0,0,0,0,0,0,0,1,0,0,0,0,0,0,0,0,0,0,0,0,0,0,0,0,0,0,0,0,0,0,0,0,1,0,0,0,0,0
QIDJET,3.3489,33.3792,57.7914,67.6368,676.0,1092.0,1924.0,2028.0,12.0,14.0,108.0,204.0,204.0,1.5625,5.625,11.5,12.375,351.0731,858.9156,1605.46,2272.914,2214.0,5820.0,10542.0,13368.0,53.0,128.0,234.0,336.0,362.0,1028.0,1882.0,2488.0,25.6445,70.668,128.277,173.9608,-7.26,-9.62,-11.34,114.0,238.0,286.0,18.0,38.0,50.0,3.0,5.8,7.6,0,0,0,0,0,0,0,0,0,0,0,0,0,0,0,0,0,0,0,0,0,0,0,0,0,0,0,0,0,0,0,0,0,0,0,0,0,0,0,0,0,0,0,0,0,0,0,0,0,0,0,0
QIDJET01,3.3489,33.3792,57.7914,67.6368,676.0,1092.0,1924.0,2028.0,12.0,14.0,108.0,204.0,204.0,1.5625,5.625,11.5,12.375,351.0731,858.9156,1605.46,2272.914,2214.0,5820.0,10542.0,13368.0,53.0,128.0,234.0,336.0,362.0,1028.0,1882.0,2488.0,25.6445,70.668,128.277,173.9608,-7.26,-9.62,-11.34,114.0,238.0,286.0,18.0,38.0,50.0,3.0,5.8,7.6,0,0,0,0,0,0,0,0,0,0,0,0,0,0,0,0,0,0,0,0,0,0,0,0,0,0,0,0,0,0,0,0,0,0,0,0,0,0,0,0,0,0,0,0,0,0,0,0,0,0,0,0
QIDJIX,3.3489,33.3792,57.7914,67.6368,676.0,1092.0,1924.0,2028.0,12.0,14.0,108.0,204.0,204.0,1.5625,5.625,11.5,12.375,351.0731,858.9156,1605.46,2272.914,2214.0,5820.0,10542.0,13368.0,53.0,128.0,234.0,336.0,362.0,1028.0,1882.0,2488.0,25.6445,70.668,128.277,173.9608,-7.26,-9.62,-11.34,114.0,238.0,286.0,18.0,38.0,50.0,3.0,5.8,7.6,0,0,0,0,0,0,0,0,0,0,0,0,0,0,0,0,0,0,0,0,0,0,0,0,0,0,0,0,0,0,0,0,0,0,0,0,0,0,0,0,0,0,0,0,0,0,1,0,0,0,0,0
QIDJOD,3.3489,33.3792,57.7914,67.6368,676.0,1092.0,1924.0,2028.0,12.0,14.0,108.0,204.0,216.0,1.5625,5.625,11.5,12.375,393.1181,957.2436,1805.812,2490.444,2292.0,6060.0,10974.0,13848.0,61.0,144.0,266.0,368.0,410.0,1140.0,2018.0,2668.0,27.6517,76.3968,137.8698,185.3024,-7.26,-9.62,-11.34,114.0,238.0,286.0,18.0,38.0,48.0,3.0,5.8,7.6,0,0,0,0,0,0,0,0,0,0,0,0,0,0,0,0,0,0,0,0,0,0,0,1,0,0,0,0,0,0,0,0,0,0,0,0,0,0,0,0,0,0,0,0,0,0,1,0,0,0,0,0
QIDJUJ,3.3489,33.3792,57.7914,67.6368,676.0,1092.0,1924.0,2028.0,12.0,14.0,108.0,204.0,216.0,1.5625,5.625,11.5,12.375,393.1181,957.2436,1805.812,2490.444,2292.0,6060.0,10974.0,13848.0,61.0,144.0,266.0,368.0,410.0,1140.0,2018.0,2668.0,27.6517,76.3968,137.8698,185.3024,-7.26,-9.62,-11.34,114.0,238.0,286.0,18.0,38.0,48.0,3.0,5.8,7.6,0,0,0,0,0,0,0,0,0,0,0,0,0,0,0,1,0,0,0,0,0,0,0,0,0,0,0,0,0,0,0,0,0,0,0,1,0,0,0,0,0,0,0,0,0,0,1,0,0,0,0,0
QIDKAQ,3.3489,33.3792,57.7914,67.6368,676.0,1092.0,1924.0,2028.0,12.0,14.0,108.0,204.0,216.0,1.5625,5.625,11.5,12.375,425.4831,1028.1336,1941.628,2695.372,2368.0,6252.0,11238.0,14236.0,67.0,156.0,290.0,404.0,446.0,1236.0,2138.0,2776.0,29.3851,81.0476,145.3154,194.318,-7.26,-9.62,-11.34,114.0,238.0,286.0,18.0,38.0,48.0,3.0,5.8,7.6,0,0,0,0,0,0,0,0,0,0,0,0,0,0,0,0,0,0,0,0,0,0,0,1,0,0,0,0,0,0,0,0,0,0,0,0,0,0,0,0,0,0,0,0,0,0,0,0,0,1,0,0
QIDKEU,3.3489,33.3792,57.7914,67.6368,676.0,1092.0,1924.0,2028.0,12.0,14.0,108.0,204.0,216.0,1.5625,5.625,11.5,12.375,425.4831,1028.1336,1941.628,2695.372,2368.0,6252.0,11238.0,14236.0,67.0,156.0,290.0,404.0,446.0,1236.0,2138.0,2776.0,29.3851,81.0476,145.3154,194.318,-7.26,-9.62,-11.34,114.0,238.0,286.0,18.0,38.0,48.0,3.0,5.8,7.6,0,0,0,0,0,0,0,0,0,0,0,0,0,0,0,1,0,0,0,0,0,0,0,0,0,0,0,0,0,0,0,0,0,0,0,0,0,0,0,0,0,0,0,0,0,0,0,0,0,1,0,0
QIDKIY,3.3489,33.3792,57.7914,67.6368,676.0,1092.0,1924.0,2028.0,12.0,14.0,108.0,204.0,216.0,1.5625,5.625,11.5,12.375,490.2131,1169.9136,2211.888,3082.478,2520.0,6636.0,11726.0,14768.0,79.0,180.0,338.0,476.0,518.0,1428.0,2402.0,3052.0,32.8519,90.3492,160.2706,212.5268,-7.26,-9.62,-11.34,114.0,238.0,286.0,18.0,38.0,48.0,3.0,5.8,7.6,0,0,0,0,0,0,0,0,0,0,0,0,0,0,0,1,0,0,0,0,0,0,0,0,0,0,0,0,0,0,0,0,0,0,0,0,0,0,0,0,0,0,0,0,0,0,1,0,0,0,0,0
QIDKOE,3.3489,33.3792,57.7914,67.6368,676.0,1092.0,1924.0,2028.0,12.0,14.0,108.0,204.0,216.0,1.5625,5.625,11.5,12.375,522.5781,1240.8036,2347.018,3275.688,2596.0,6828.0,11970.0,15024.0,85.0,192.0,362.0,512.0,554.0,1524.0,2534.0,3196.0,34.5853,95.0,167.7482,221.6472,-7.26,-9.62,-11.34,114.0,238.0,286.0,18.0,38.0,48.0,3.0,5.8,7.6,0,0,0,0,1,0,0,0,0,0,0,0,0,0,0,0,0,0,0,0,0,0,0,0,0,0,0,0,0,0,0,0,0,0,0,0,0,0,0,0,0,0,0,0,0,0,0,0,0,1,0,0
QIDKUK,3.3489,33.3792,57.7914,67.6368,676.0,1092.0,1924.0,2028.0,12.0,14.0,108.0,204.0,216.0,1.5625,5.625,11.5,12.375,522.5781,1240.8036,2347.018,3275.688,2596.0,6828.0,11970.0,15024.0,85.0,192.0,362.0,512.0,554.0,1524.0,2534.0,3196.0,34.5853,95.0,167.7482,221.6472,-7.26,-9.62,-11.34,114.0,238.0,286.0,18.0,38.0,48.0,3.0,5.8,7.6,0,0,0,0,0,0,0,0,0,0,0,0,0,0,0,1,0,0,0,0,0,0,0,0,0,0,0,0,0,0,0,0,0,0,0,0,0,0,0,0,0,0,0,0,0,0,0,0,0,1,0,0
QIDLAR,3.3489,33.3792,57.7914,67.6368,676.0,1092.0,1924.0,2028.0,12.0,14.0,108.0,204.0,216.0,1.5625,5.625,11.5,12.375,554.9431,1311.6936,2482.148,3468.898,2672.0,7020.0,12214.0,15280.0,91.0,204.0,386.0,548.0,590.0,1620.0,2666.0,3340.0,36.3187,99.6508,175.2258,230.7676,-7.26,-9.62,-11.34,114.0,238.0,286.0,18.0,38.0,48.0,3.0,5.8,7.6,0,0,0,0,0,0,0,0,0,0,0,0,0,0,0,0,0,0,0,0,0,0,0,1,0,0,0,0,0,0,0,0,0,0,0,0,0,0,0,0,0,0,0,0,0,0,0,0,0,0,0,0
QIDLEV,3.3489,33.3792,57.7914,67.6368,676.0,1092.0,1924.0,2028.0,12.0,14.0,108.0,204.0,216.0,1.5625,5.625,11.5,12.375,554.9431,1311.6936,2482.148,3468.898,2672.0,7020.0,12214.0,15280.0,91.0,204.0,386.0,548.0,590.0,1620.0,2666.0,3340.0,36.3187,99.6508,175.2258,230.7676,-7.26,-9.62,-11.34,114.0,238.0,286.0,18.0,38.0,48.0,3.0,5.8,7.6,0,0,0,0,0,0,0,0,0,0,0,0,0,0,0,1,0,0,0,0,0,0,0,0,0,0,0,0,0,0,0,0,0,0,0,0,0,0,0,0,0,0,0,0,0,0,0,0,0,0,0,0
QIDLIZ,3.3489,33.3792,57.7914,67.6368,676.0,1092.0,1924.0,2028.0,12.0,14.0,108.0,204.0,216.0,1.5625,5.625,11.5,12.375,587.3081,1382.5836,2617.278,3662.108,2748.0,7212.0,12458.0,15536.0,97.0,216.0,410.0,584.0,626.0,1716.0,2798.0,3484.0,38.0521,104.3016,182.7034,239.888,-7.26,-9.62,-11.34,114.0,238.0,286.0,18.0,38.0,48.0,3.0,5.8,7.6,0,0,0,0,0,0,0,0,0,0,0,0,0,0,0,0,0,0,0,0,0,0,0,1,0,0,0,0,0,0,0,0,0,0,0,0,0,0,0,0,0,0,0,0,0,0,0,0,0,0,0,0
QIDLOF,3.3489,33.3792,57.7914,67.6368,676.0,1092.0,1924.0,2028.0,12.0,14.0,108.0,204.0,216.0,1.5625,5.625,11.5,12.375,587.3081,1382.5836,2617.278,3662.108,2748.0,7212.0,12458.0,15536.0,97.0,216.0,410.0,584.0,626.0,1716.0,2798.0,3484.0,38.0521,104.3016,182.7034,239.888,-7.26,-9.62,-11.34,114.0,238.0,286.0,18.0,38.0,48.0,3.0,5.8,7.6,0,0,0,0,0,0,0,0,0,0,0,0,0,0,0,1,0,0,0,0,0,0,0,0,0,0,0,0,0,0,0,0,0,0,0,0,0,0,0,0,0,0,0,0,0,0,0,0,0,0,0,0
QIDLUL,3.3489,33.3792,57.7914,67.6368,676.0,1092.0,1924.0,2028.0,12.0,14.0,108.0,204.0,216.0,1.5625,5.625,11.5,12.375,878.5931,2020.5936,3833.448,5400.998,3432.0,8940.0,14654.0,17840.0,151.0,324.0,626.0,908.0,950.0,2580.0,3986.0,4780.0,53.6527,146.1588,250.0018,321.9716,-7.26,-9.62,-11.34,114.0,238.0,286.0,18.0,38.0,48.0,3.0,5.8,7.6,0,0,0,0,0,0,0,0,0,0,0,0,0,0,0,0,0,0,0,0,0,0,0,1,0,0,0,0,0,0,0,0,0,0,0,0,0,0,0,0,0,0,0,0,0,0,0,0,0,0,0,0
QIDLUL01,3.3489,33.3792,57.7914,67.6368,676.0,1092.0,1924.0,2028.0,12.0,14.0,108.0,204.0,216.0,1.5625,5.625,11.5,12.375,878.5931,2020.5936,3833.448,5400.998,3432.0,8940.0,14654.0,17840.0,151.0,324.0,626.0,908.0,950.0,2580.0,3986.0,4780.0,53.6527,146.1588,250.0018,321.9716,-7.26,-9.62,-11.34,114.0,238.0,286.0,18.0,38.0,48.0,3.0,5.8,7.6,0,0,0,0,0,0,0,0,0,0,0,0,0,0,0,0,0,0,0,0,0,0,0,1,0,0,0,0,0,0,0,0,0,0,0,0,0,0,0,0,0,0,0,0,0,0,0,0,0,0,0,0
QOMDAY,3.3489,33.3792,46.665,65.9532,676.0,1092.0,1560.0,2496.0,10.0,14.0,96.0,168.0,204.0,1.5625,5.625,9.625,13.05,311.0895,715.0474,1316.3916,1916.7754,2388.0,5164.0,8434.0,11980.0,49.0,110.0,194.0,290.0,304.0,834.0,1432.0,1938.0,23.3775,59.8074,101.775,144.3014,-7.26,-7.2,-10.42,114.0,200.0,268.0,20.0,32.0,50.0,3.0,4.8,7.06,0,0,0,0,0,0,0,0,0,0,0,0,0,0,0,0,0,0,0,0,0,0,0,0,0,0,0,0,0,0,0,0,0,0,0,0,0,0,0,0,0,0,0,0,0,0,0,0,0,0,0,0
QOMDAY01,3.3489,33.3792,46.665,65.9532,676.0,1092.0,1560.0,2496.0,10.0,14.0,96.0,168.0,204.0,1.5625,5.625,9.625,13.05,311.0895,715.0474,1316.3916,1916.7754,2388.0,5164.0,8434.0,11980.0,49.0,110.0,194.0,290.0,304.0,834.0,1432.0,1938.0,23.3775,59.8074,101.775,144.3014,-7.26,-7.2,-10.42,114.0,200.0,268.0,20.0,32.0,50.0,3.0,4.8,7.06,0,0,0,0,0,0,0,0,0,0,0,0,0,0,0,0,0,0,0,0,0,0,0,0,0,0,0,0,0,0,0,0,0,0,0,0,0,0,0,0,0,0,0,0,0,0,0,0,0,0,0,0
QOMDAY02,3.3489,33.3792,46.665,65.9532,676.0,1092.0,1560.0,2496.0,10.0,14.0,96.0,168.0,204.0,1.5625,5.625,9.625,13.05,311.0895,715.0474,1316.3916,1916.7754,2388.0,5164.0,8434.0,11980.0,49.0,110.0,194.0,290.0,304.0,834.0,1432.0,1938.0,23.3775,59.8074,101.775,144.3014,-7.26,-7.2,-10.42,114.0,200.0,268.0,20.0,32.0,50.0,3.0,4.8,7.06,0,0,0,0,0,0,0,0,0,0,0,0,0,0,0,0,0,0,0,0,0,0,0,0,0,0,0,0,0,0,0,0,0,0,0,0,0,0,0,0,0,0,0,0,0,0,0,0,0,0,0,0
QOSVOJ,3.3489,33.3792,55.998,94.9221,676.0,1092.0,1872.0,2184.0,12.0,21.0,108.0,234.0,288.0,1.5625,5.625,11.55,15.6375,504.0949,1192.8804,2228.7126,3179.8578,2498.0,6546.0,11244.0,14514.0,83.0,186.0,342.0,504.0,528.0,1452.0,2490.0,3426.0,33.4603,91.5474,159.7182,220.572,-7.26,-8.64,-13.44,114.0,240.0,462.0,18.0,33.0,78.0,3.0,5.76,13.74,0,0,0,0,0,0,0,0,0,0,0,0,0,0,1,0,0,0,0,0,0,0,0,0,0,0,0,0,0,0,0,0,0,0,0,0,0,0,0,0,0,0,0,0,0,0,1,0,0,0,0,0
QOZNOL,3.3489,33.3792,55.998,97.2828,676.0,1092.0,1872.0,2808.0,12.0,20.0,108.0,240.0,336.0,1.5625,5.625,11.55,17.05,653.8979,1533.5184,2898.1488,3996.4104,3072.0,7968.0,13638.0,17784.0,107.0,240.0,446.0,636.0,686.0,1884.0,3198.0,4172.0,43.0115,117.2328,204.1918,270.1444,-7.26,-8.64,-16.56,114.0,240.0,412.0,18.0,32.0,64.0,3.0,5.76,11.36,0,0,0,0,0,0,0,0,0,0,0,0,0,0,0,0,0,0,0,0,0,0,0,1,0,0,0,0,0,0,0,0,0,0,0,0,0,0,0,0,0,0,0,0,0,0,1,0,0,0,0,0
QUHWAT,3.3489,33.3792,55.998,92.415,676.0,1092.0,1872.0,2808.0,12.0,22.0,108.0,240.0,180.0,1.5625,5.625,11.55,14.15,295.3285,668.7114,1341.028,2065.574,3952.0,5064.0,8666.0,12380.0,49.0,106.0,206.0,328.0,312.0,888.0,1654.0,2272.0,21.3127,54.2622,98.1314,149.8716,-7.26,-8.64,-10.24,114.0,240.0,464.0,18.0,32.0,102.0,3.0,5.76,16.18,0,0,0,0,0,0,0,0,0,0,0,0,0,0,0,0,0,0,0,0,0,0,0,0,0,0,0,0,0,0,0,0,0,0,0,0,0,0,0,0,0,0,0,0,0,0,0,0,0,0,0,0
QUHWAT01,3.3489,33.3792,55.998,92.415,676.0,1092.0,1872.0,2808.0,12.0,22.0,108.0,240.0,180.0,1.5625,5.625,11.55,14.15,295.3285,668.7114,1341.028,2065.574,3952.0,5064.0,8666.0,12380.0,49.0,106.0,206.0,328.0,312.0,888.0,1654.0,2272.0,21.3127,54.2622,98.1314,149.8716,-7.26,-8.64,-10.24,114.0,240.0,464.0,18.0,32.0,102.0,3.0,5.76,16.18,0,0,0,0,0,0,0,0,0,0,0,0,0,0,0,0,0,0,0,0,0,0,0,0,0,0,0,0,0,0,0,0,0,0,0,0,0,0,0,0,0,0,0,0,0,0,0,0,0,0,0,0
QUHWAT02,3.3489,33.3792,55.998,92.415,676.0,1092.0,1872.0,2808.0,12.0,22.0,108.0,240.0,180.0,1.5625,5.625,11.55,14.15,295.3285,668.7114,1341.028,2065.574,3952.0,5064.0,8666.0,12380.0,49.0,106.0,206.0,328.0,312.0,888.0,1654.0,2272.0,21.3127,54.2622,98.1314,149.8716,-7.26,-8.64,-10.24,114.0,240.0,464.0,18.0,32.0,102.0,3.0,5.76,16.18,0,0,0,0,0,0,0,0,0,0,0,0,0,0,0,0,0,0,0,0,0,0,0,0,0,0,0,0,0,0,0,0,0,0,0,0,0,0,0,0,0,0,0,0,0,0,0,0,0,0,0,0
QUNYAA,3.3489,33.3792,46.665,62.8788,676.0,1092.0,1560.0,2184.0,10.0,14.0,96.0,168.0,180.0,1.5625,5.625,9.625,12.1,349.5355,819.636,1495.6932,2054.0436,3138.0,6512.0,10282.0,13536.0,53.0,124.0,218.0,308.0,342.0,944.0,1652.0,2156.0,28.4073,71.9784,122.3798,164.9928,-7.26,-7.2,-8.74,114.0,200.0,280.0,20.0,32.0,54.0,3.0,4.8,7.82,0,0,0,0,0,0,0,0,0,0,0,0,0,0,0,0,0,0,0,0,0,0,0,0,0,0,0,0,0,0,0,0,1,0,0,0,0,0,0,0,0,0,0,0,0,0,0,0,0,0,0,0
QUNYEE,3.3489,33.3792,46.665,62.8788,676.0,1092.0,1560.0,2184.0,10.0,14.0,96.0,168.0,180.0,1.5625,5.625,9.625,12.1,349.5355,819.636,1495.6932,2054.0436,3138.0,6512.0,10282.0,13536.0,53.0,124.0,218.0,308.0,342.0,944.0,1652.0,2156.0,28.4073,71.9784,122.3798,164.9928,-7.26,-7.2,-8.74,114.0,200.0,280.0,20.0,32.0,54.0,3.0,4.8,7.82,0,0,0,0,0,0,0,0,0,0,0,0,0,0,0,0,0,0,0,0,0,0,0,0,0,0,0,0,0,0,0,0,0,0,0,0,0,0,0,0,0,0,0,0,0,0,0,0,0,0,0,0
QUNYEE01,3.3489,33.3792,46.665,62.8788,676.0,1092.0,1560.0,2184.0,10.0,14.0,96.0,168.0,180.0,1.5625,5.625,9.625,12.1,349.5355,819.636,1495.6932,2054.0436,3138.0,6512.0,10282.0,13536.0,53.0,124.0,218.0,308.0,342.0,944.0,1652.0,2156.0,28.4073,71.9784,122.3798,164.9928,-7.26,-7.2,-8.74,114.0,200.0,280.0,20.0,32.0,54.0,3.0,4.8,7.82,0,0,0,0,0,0,0,0,0,0,0,0,0,0,0,0,0,0,0,0,0,0,0,0,0,0,0,0,0,0,0,0,0,0,0,0,0,0,0,0,0,0,0,0,0,0,0,0,0,0,0,0
RAKZIM,3.3489,33.3792,61.3782,90.9144,676.0,1092.0,2028.0,2340.0,12.0,18.0,108.0,180.0,216.0,1.5625,5.625,11.4,14.025,547.3059,1189.854,2152.836,2756.4876,4264.0,7476.0,12018.0,14688.0,79.0,168.0,306.0,396.0,474.0,1236.0,1842.0,2208.0,35.7223,85.6464,142.9794,178.8636,-7.26,-11.58,-16.74,114.0,234.0,378.0,18.0,42.0,72.0,3.0,5.88,11.28,0,0,0,0,0,0,0,0,0,0,0,0,0,0,0,1,0,0,0,0,0,0,0,0,0,0,0,0,0,0,0,0,0,0,0,0,0,0,0,0,0,0,0,0,0,0,0,0,0,0,0,0
RAKZIM01,3.3489,33.3792,61.3782,90.9144,676.0,1092.0,2028.0,2340.0,12.0,18.0,108.0,180.0,216.0,1.5625,5.625,11.4,14.025,547.3059,1189.854,2152.836,2756.4876,4264.0,7476.0,12018.0,14688.0,79.0,168.0,306.0,396.0,474.0,1236.0,1842.0,2208.0,35.7223,85.6464,142.9794,178.8636,-7.26,-11.58,-16.74,114.0,234.0,378.0,18.0,42.0,72.0,3.0,5.88,11.28,0,0,0,0,0,0,0,0,0,0,0,0,0,0,0,1,0,0,0,0,0,0,0,0,0,0,0,0,0,0,0,0,0,0,0,0,0,0,0,0,0,0,0,0,0,0,0,0,0,0,0,0
RESWES,3.3489,33.3792,61.3782,91.4634,676.0,1092.0,2028.0,3068.0,12.0,20.0,108.0,216.0,408.0,1.5625,5.625,11.4,19.45,627.7013,1452.1068,2804.8968,3697.0308,2666.0,7028.0,12918.0,18952.0,107.0,232.0,450.0,556.0,682.0,1780.0,2970.0,4560.0,38.7683,107.1112,187.9674,268.6556,-7.26,-11.58,-13.38,114.0,234.0,402.0,18.0,36.0,52.0,3.0,5.88,9.44,0,0,0,0,0,0,0,0,0,0,0,0,0,0,0,0,0,0,0,0,0,0,0,0,0,0,0,0,0,0,0,0,0,0,0,0,0,0,0,0,0,0,0,0,0,0,0,0,0,0,0,0
RESWIW,3.3489,33.3792,61.3782,91.4634,676.0,1092.0,2028.0,3068.0,12.0,20.0,108.0,216.0,408.0,1.5625,5.625,11.4,19.45,742.6977,1814.4736,3359.1084,4472.2372,3294.0,9000.0,14894.0,20836.0,123.0,284.0,526.0,696.0,858.0,2480.0,3646.0,4752.0,48.1331,137.7572,230.631,300.0576,-7.26,-11.58,-13.38,114.0,234.0,402.0,18.0,36.0,52.0,3.0,5.88,9.44,0,0,0,0,0,0,0,0,0,0,0,0,0,0,0,0,0,0,0,0,0,0,0,0,0,0,0,0,0,0,0,0,0,0,0,0,0,0,0,0,0,0,0,0,0,0,1,0,0,0,0,0
RESWIW01,3.3489,33.3792,61.3782,91.4634,676.0,1092.0,2028.0,3068.0,12.0,20.0,108.0,216.0,408.0,1.5625,5.625,11.4,19.45,742.6977,1814.4736,3359.1084,4472.2372,3294.0,9000.0,14894.0,20836.0,123.0,284.0,526.0,696.0,858.0,2480.0,3646.0,4752.0,48.1331,137.7572,230.631,300.0576,-7.26,-11.58,-13.38,114.0,234.0,402.0,18.0,36.0,52.0,3.0,5.88,9.44,0,0,0,0,0,0,0,0,0,0,0,0,0,0,0,0,0,0,0,0,0,0,0,0,0,0,0,0,0,0,0,0,0,0,0,0,0,0,0,0,0,0,0,0,0,0,1,0,0,0,0,0
REWPOZ,3.3489,33.3792,59.5848,72.102,676.0,1092.0,1976.0,1976.0,12.0,16.0,108.0,216.0,240.0,1.5625,5.625,11.45,13.4,341.6263,814.2992,1564.7184,2210.5336,6872.0,6920.0,13030.0,16160.0,51.0,120.0,222.0,316.0,342.0,972.0,1782.0,2316.0,27.3463,68.2024,125.4686,167.9428,-7.26,-10.6,-10.12,114.0,236.0,340.0,18.0,36.0,56.0,3.0,5.84,9.28,0,0,0,0,0,0,0,0,0,0,0,0,0,0,0,1,0,0,0,0,0,0,0,0,0,0,0,0,0,0,0,0,0,0,0,0,0,0,0,0,0,0,0,0,0,0,0,0,0,0,0,0
REWPUF,3.3489,33.3792,59.5848,72.102,676.0,1092.0,1976.0,1976.0,12.0,16.0,108.0,216.0,240.0,1.5625,5.625,11.45,13.4,346.5223,818.3792,1572.8784,2227.3016,3128.0,6056.0,11302.0,13856.0,51.0,120.0,222.0,316.0,342.0,972.0,1782.0,2316.0,26.0683,67.2784,123.6206,165.2548,-7.26,-10.6,-10.12,114.0,236.0,340.0,18.0,36.0,56.0,3.0,5.84,9.28,0,0,0,0,0,0,0,0,0,0,0,0,0,0,0,1,0,0,0,0,0,0,0,0,0,0,0,0,0,0,0,0,0,0,0,0,0,0,0,0,0,0,0,0,0,0,0,0,0,0,0,0
REWPUF02,3.3489,33.3792,59.5848,72.102,676.0,1092.0,1976.0,1976.0,12.0,16.0,108.0,216.0,240.0,1.5625,5.625,11.45,13.4,346.5223,818.3792,1572.8784,2227.3016,3128.0,6056.0,11302.0,13856.0,51.0,120.0,222.0,316.0,342.0,972.0,1782.0,2316.0,26.0683,67.2784,123.6206,165.2548,-7.26,-10.6,-10.12,114.0,236.0,340.0,18.0,36.0,56.0,3.0,5.84,9.28,0,0,0,0,0,0,0,0,0,0,0,0,0,0,0,1,0,0,0,0,0,0,0,0,0,0,0,0,0,0,0,0,0,0,0,0,0,0,0,0,0,0,0,0,0,0,0,0,0,0,0,0
RIZSOI,3.3489,33.3792,55.998,83.3382,676.0,1092.0,1872.0,2860.0,12.0,18.0,108.0,216.0,264.0,1.5625,5.625,11.55,15.9,352.2577,843.8224,1569.8604,2214.2352,2560.0,6004.0,10638.0,14532.0,55.0,128.0,230.0,332.0,358.0,996.0,1782.0,2456.0,25.9621,69.8328,123.6886,170.9724,-7.26,-8.64,-12.6,114.0,240.0,358.0,18.0,36.0,64.0,3.0,5.76,9.78,0,0,0,0,0,0,0,1,0,0,0,0,0,0,0,0,0,0,0,0,0,0,0,0,0,0,0,0,0,0,0,0,0,0,0,0,0,0,0,0,0,0,0,0,0,0,0,0,0,0,0,0
RONPIT26,3.3489,33.3792,46.665,62.8788,676.0,1092.0,1560.0,2184.0,10.0,14.0,96.0,168.0,180.0,1.5625,5.625,9.625,12.1,454.7263,1030.4544,1797.1628,2512.8236,2878.0,6336.0,9894.0,12848.0,75.0,164.0,278.0,400.0,442.0,1176.0,1900.0,2392.0,33.3817,84.5848,137.0698,182.1796,-7.26,-7.2,-8.74,114.0,200.0,280.0,20.0,32.0,54.0,3.0,4.8,7.82,0,0,0,0,0,0,0,0,0,0,0,0,0,0,0,0,0,0,0,0,0,0,0,0,0,0,0,0,0,0,0,0,0,0,0,0,0,0,0,0,0,0,0,0,0,0,0,0,0,0,0,0
RONPIT34,3.3489,33.3792,46.665,62.8788,676.0,1092.0,1560.0,2184.0,10.0,14.0,96.0,168.0,180.0,1.5625,5.625,9.625,12.1,454.7263,1030.4544,1797.1628,2512.8236,2878.0,6336.0,9894.0,12848.0,75.0,164.0,278.0,400.0,442.0,1176.0,1900.0,2392.0,33.3817,84.5848,137.0698,182.1796,-7.26,-7.2,-8.74,114.0,200.0,280.0,20.0,32.0,54.0,3.0,4.8,7.82,0,0,0,0,0,0,0,0,0,0,0,0,0,0,0,0,0,0,0,0,0,0,0,0,0,0,0,0,0,0,0,0,0,0,0,0,0,0,0,0,0,0,0,0,0,0,0,0,0,0,0,0
RONPIT39,3.3489,33.3792,46.665,62.8788,676.0,1092.0,1560.0,2184.0,10.0,14.0,96.0,168.0,180.0,1.5625,5.625,9.625,12.1,454.7263,1030.4544,1797.1628,2512.8236,2878.0,6336.0,9894.0,12848.0,75.0,164.0,278.0,400.0,442.0,1176.0,1900.0,2392.0,33.3817,84.5848,137.0698,182.1796,-7.26,-7.2,-8.74,114.0,200.0,280.0,20.0,32.0,54.0,3.0,4.8,7.82,0,0,0,0,0,0,0,0,0,0,0,0,0,0,0,0,0,0,0,0,0,0,0,0,0,0,0,0,0,0,0,0,0,0,0,0,0,0,0,0,0,0,0,0,0,0,0,0,0,0,0,0
RONPIT41,3.3489,33.3792,46.665,62.8788,676.0,1092.0,1560.0,2184.0,10.0,14.0,96.0,168.0,180.0,1.5625,5.625,9.625,12.1,454.7263,1030.4544,1797.1628,2512.8236,2878.0,6336.0,9894.0,12848.0,75.0,164.0,278.0,400.0,442.0,1176.0,1900.0,2392.0,33.3817,84.5848,137.0698,182.1796,-7.26,-7.2,-8.74,114.0,200.0,280.0,20.0,32.0,54.0,3.0,4.8,7.82,0,0,0,0,0,0,0,0,0,0,0,0,0,0,0,0,0,0,0,0,0,0,0,0,0,0,0,0,0,0,0,0,0,0,0,0,0,0,0,0,0,0,0,0,0,0,0,0,0,0,0,0
RUCJEF,3.3489,33.3792,55.998,89.487,676.0,1092.0,1872.0,2340.0,12.0,20.0,108.0,216.0,300.0,1.5625,5.625,11.55,16.25,505.2667,1194.0624,2172.928,3222.23,2612.0,6792.0,11758.0,16376.0,83.0,188.0,334.0,504.0,522.0,1440.0,2506.0,3584.0,35.3451,95.3956,165.7054,238.6648,-7.26,-8.64,-12.3,114.0,240.0,430.0,18.0,36.0,70.0,3.0,5.76,12.0,0,0,0,0,0,0,0,0,0,0,0,0,0,0,0,0,0,0,0,0,0,0,0,1,0,0,0,0,0,0,0,1,0,0,0,0,0,0,0,0,0,0,0,0,0,0,0,0,0,0,0,0
SIXJUE,3.3489,33.3792,61.3782,55.998,676.0,1092.0,2028.0,1872.0,12.0,12.0,108.0,180.0,216.0,1.5625,5.625,11.4,11.55,357.4281,838.7706,1516.0704,2231.967,2146.0,5508.0,9786.0,12360.0,55.0,126.0,222.0,318.0,348.0,954.0,1626.0,2118.0,25.0063,67.0182,116.0934,157.0278,-7.26,-11.58,-8.64,114.0,234.0,240.0,18.0,42.0,36.0,3.0,5.88,5.76,0,0,0,0,0,0,0,0,0,0,0,0,0,0,0,0,0,0,0,0,0,0,0,1,0,0,0,0,0,0,0,0,0,0,0,0,0,0,0,0,0,0,0,0,0,0,0,0,0,0,0,0
SOJKUY,3.3489,33.3792,59.5848,72.102,676.0,1092.0,1976.0,1976.0,12.0,16.0,108.0,216.0,240.0,1.5625,5.625,11.45,13.4,325.9399,797.4232,1511.7976,2131.488,1976.0,5248.0,9662.0,11800.0,51.0,120.0,222.0,316.0,342.0,972.0,1782.0,2316.0,22.6955,63.5232,116.2254,154.266,-7.26,-10.6,-10.12,114.0,236.0,340.0,18.0,36.0,56.0,3.0,5.84,9.28,0,0,0,0,0,0,0,0,0,0,0,0,0,0,0,0,0,0,0,0,0,0,0,0,0,0,0,0,0,1,0,0,0,0,0,1,0,0,0,0,0,0,0,0,0,0,0,0,0,0,0,0
TEKHAU,3.3489,33.3792,51.3315,79.6233,676.0,1092.0,1716.0,2418.0,11.0,18.0,102.0,204.0,234.0,1.5625,5.625,10.5875,14.45,337.8288,766.9884,1484.5768,2205.4856,2334.0,5076.0,8576.0,12038.0,56.0,122.0,230.0,346.0,352.0,972.0,1710.0,2392.0,23.9406,62.1162,108.7478,160.6062,-7.26,-7.92,-10.57,114.0,220.0,375.0,19.0,32.0,69.0,3.0,5.28,10.94,0,0,0,0,0,0,0,0,0,0,0,0,0,0,0,0,0,0,0,0,0,0,0,0,0,0,0,0,0,0,0,0,0,0,0,0,0,0,0,0,0,0,0,0,0,0,0,0,0,0,0,0
TEKHEY,3.3489,33.3792,55.998,93.8058,676.0,1092.0,1872.0,2132.0,12.0,22.0,108.0,240.0,216.0,1.5625,5.625,11.55,14.8,328.0013,739.9074,1474.6188,2226.1516,2228.0,4824.0,8506.0,11444.0,55.0,118.0,230.0,352.0,348.0,972.0,1774.0,2500.0,22.4357,58.4818,105.205,160.9764,-7.26,-8.64,-11.0,114.0,240.0,490.0,18.0,32.0,96.0,3.0,5.76,15.66,0,0,0,0,0,0,0,0,0,0,0,0,0,0,0,0,0,0,0,0,0,0,0,0,0,0,0,0,0,0,0,0,0,0,0,0,0,0,0,0,0,0,0,0,0,0,0,0,0,0,0,0
TEKHIC,3.3489,33.3792,55.998,92.5248,676.0,1092.0,1872.0,1872.0,12.0,22.0,108.0,240.0,180.0,1.5625,5.625,11.55,13.8,295.6363,669.0174,1341.3928,2065.7936,2152.0,4632.0,8162.0,10508.0,49.0,106.0,206.0,328.0,312.0,888.0,1654.0,2272.0,20.7023,53.831,97.7114,149.1716,-7.26,-8.64,-10.3,114.0,240.0,500.0,18.0,32.0,102.0,3.0,5.76,16.46,0,0,0,0,0,0,0,0,0,0,0,0,0,0,0,0,0,0,0,0,0,0,0,0,0,0,0,0,0,0,0,0,0,0,0,0,0,0,0,0,0,0,0,0,0,0,0,0,0,0,0,0
TEKHOI,3.3489,33.3792,51.3315,77.7018,676.0,1092.0,1716.0,2028.0,11.0,18.0,102.0,210.0,192.0,1.5625,5.625,10.5875,12.95,302.1388,679.5234,1337.1268,1962.1286,2188.0,4692.0,7934.0,10460.0,50.0,108.0,206.0,308.0,314.0,870.0,1550.0,2096.0,21.2952,55.0476,96.9994,141.654,-7.26,-7.92,-9.52,114.0,220.0,390.0,19.0,31.0,76.0,3.0,5.28,12.14,0,0,0,0,0,0,0,0,0,0,0,0,0,0,0,0,0,0,0,0,0,0,0,0,0,0,0,0,0,0,0,0,0,0,0,0,0,0,0,0,0,0,0,0,0,0,0,0,0,0,0,0
TEKHUO,3.3489,33.3792,51.3315,79.4952,676.0,1092.0,1716.0,2080.0,11.0,18.0,102.0,210.0,180.0,1.5625,5.625,10.5875,12.9,362.667,813.8574,1577.8654,2216.4494,2364.0,5124.0,8528.0,11392.0,60.0,128.0,242.0,348.0,370.0,1002.0,1732.0,2332.0,24.4274,63.0248,108.8774,157.6588,-7.26,-7.92,-10.5,114.0,220.0,388.0,19.0,31.0,78.0,3.0,5.28,12.18,0,0,0,0,0,0,0,0,0,0,0,0,0,0,0,0,0,0,0,0,0,0,0,0,0,0,0,0,0,0,0,0,0,0,0,0,0,0,0,0,0,0,0,0,0,0,0,0,0,0,0,0
TESLUY,3.3489,33.3792,55.998,76.9698,676.0,1092.0,1872.0,2340.0,12.0,16.0,108.0,216.0,264.0,1.5625,5.625,11.55,14.3,429.6849,1038.6568,1973.6868,2704.924,2344.0,6220.0,11214.0,14920.0,69.0,160.0,298.0,408.0,458.0,1260.0,2222.0,3064.0,29.7197,82.3072,147.8346,203.316,-7.26,-8.64,-12.78,114.0,240.0,326.0,18.0,36.0,52.0,3.0,5.76,8.56,0,0,0,0,0,0,0,0,0,0,0,0,0,0,0,0,0,0,0,0,0,0,0,1,0,0,0,0,0,0,0,0,0,0,0,0,0,0,0,0,0,0,0,0,0,0,0,0,0,1,0,0
TESMAF,3.3489,33.3792,55.998,76.9698,676.0,1092.0,1872.0,2340.0,12.0,16.0,108.0,216.0,264.0,1.5625,5.625,11.55,14.3,429.6849,1038.6568,1973.6868,2704.924,2344.0,6220.0,11214.0,14920.0,69.0,160.0,298.0,408.0,458.0,1260.0,2222.0,3064.0,29.7197,82.3072,147.8346,203.316,-7.26,-8.64,-12.78,114.0,240.0,326.0,18.0,36.0,52.0,3.0,5.76,8.56,0,0,0,0,0,0,0,0,0,0,0,0,0,0,0,0,0,0,0,0,0,0,0,1,0,0,0,0,0,0,0,0,0,0,0,0,0,0,0,0,0,0,0,0,0,0,0,0,0,1,0,0
TETXAR,3.3489,33.3792,55.998,76.9698,676.0,1092.0,1872.0,2340.0,12.0,16.0,108.0,216.0,264.0,1.5625,5.625,11.55,14.3,397.3199,967.0808,1827.5248,2545.952,2268.0,6008.0,10858.0,14384.0,63.0,148.0,274.0,384.0,422.0,1176.0,2114.0,2884.0,27.9863,77.6884,140.4298,192.9032,-7.26,-8.64,-12.78,114.0,240.0,326.0,18.0,36.0,52.0,3.0,5.76,8.56,0,0,0,0,0,0,0,0,0,0,0,0,0,0,0,0,0,0,0,0,0,0,0,1,0,0,0,0,0,0,0,0,0,0,0,0,0,0,0,0,0,0,0,0,0,0,0,0,0,1,0,0
TIHTAF,3.3489,33.3792,64.05,87.4374,676.0,1092.0,1924.0,1612.0,14.0,20.0,120.0,252.0,216.0,1.5625,5.625,12.475,13.2,323.4917,774.7964,1537.1754,2330.2064,1812.0,4832.0,8840.0,10426.0,53.0,120.0,234.0,366.0,354.0,1026.0,1922.0,2590.0,21.2061,59.9472,112.3962,159.0598,-7.26,-9.38,-11.18,114.0,290.0,458.0,16.0,42.0,84.0,3.0,7.52,14.44,0,0,0,0,0,0,0,0,0,0,0,0,0,0,0,0,0,0,0,0,0,0,0,1,0,0,0,0,0,0,0,0,0,0,0,0,0,0,0,0,0,0,0,0,0,0,0,0,0,1,0,0
TIHTAF01,3.3489,33.3792,64.05,87.4374,676.0,1092.0,1924.0,1612.0,14.0,20.0,120.0,252.0,216.0,1.5625,5.625,12.475,13.2,323.4917,774.7964,1537.1754,2330.2064,1812.0,4832.0,8840.0,10426.0,53.0,120.0,234.0,366.0,354.0,1026.0,1922.0,2590.0,21.2061,59.9472,112.3962,159.0598,-7.26,-9.38,-11.18,114.0,290.0,458.0,16.0,42.0,84.0,3.0,7.52,14.44,0,0,0,0,0,0,0,0,0,0,0,0,0,0,0,0,0,0,0,0,0,0,0,1,0,0,0,0,0,0,0,0,0,0,0,0,0,0,0,0,0,0,0,0,0,0,0,0,0,1,0,0
TISWIC,3.3489,33.3792,46.665,70.9308,676.0,1092.0,1560.0,2236.0,10.0,16.0,96.0,168.0,192.0,1.5625,5.625,9.625,13.025,362.962,820.6404,1475.9258,2069.3968,2572.0,5568.0,8874.0,12150.0,58.0,128.0,222.0,318.0,350.0,936.0,1542.0,2038.0,26.8896,68.0452,112.637,156.0382,-7.26,-7.2,-9.48,114.0,200.0,330.0,20.0,32.0,64.0,3.0,4.8,9.58,0,0,0,0,0,0,0,0,0,0,0,0,0,0,0,0,0,0,0,0,0,0,0,0,0,0,0,0,0,0,0,0,0,0,0,0,0,0,0,0,0,0,0,0,0,0,0,0,0,1,0,1
TISWIC01,3.3489,33.3792,46.665,70.9308,676.0,1092.0,1560.0,2236.0,10.0,16.0,96.0,168.0,192.0,1.5625,5.625,9.625,13.025,362.962,820.6404,1475.9258,2069.3968,2572.0,5568.0,8874.0,12150.0,58.0,128.0,222.0,318.0,350.0,936.0,1542.0,2038.0,26.8896,68.0452,112.637,156.0382,-7.26,-7.2,-9.48,114.0,200.0,330.0,20.0,32.0,64.0,3.0,4.8,9.58,0,0,0,0,0,0,0,0,0,0,0,0,0,0,0,0,0,0,0,0,0,0,0,0,0,0,0,0,0,0,0,0,0,0,0,0,0,0,0,0,0,0,0,0,0,0,0,0,0,1,0,1
TULHEQ,3.3489,33.3792,59.5848,74.664,676.0,1092.0,1976.0,2496.0,12.0,16.0,108.0,216.0,288.0,1.5625,5.625,11.45,15.4,865.6943,1995.4152,3583.4144,4935.8048,3720.0,9432.0,16110.0,21512.0,143.0,312.0,566.0,772.0,878.0,2332.0,3726.0,4916.0,55.1143,147.3632,248.2502,331.3948,-7.26,-10.6,-11.52,114.0,236.0,320.0,18.0,36.0,48.0,3.0,5.84,7.68,0,0,0,0,0,0,0,0,0,0,0,0,0,0,0,0,0,0,0,0,0,0,0,1,0,0,0,0,0,0,0,0,0,1,0,0,0,0,0,0,0,0,0,0,0,0,0,0,0,0,0,0
TULHIU,3.3489,33.3792,59.5848,74.664,676.0,1092.0,1976.0,2496.0,12.0,16.0,108.0,216.0,288.0,1.5625,5.625,11.45,15.4,694.7775,1500.9192,2657.9824,3871.344,3752.0,8664.0,15374.0,20552.0,95.0,216.0,374.0,532.0,590.0,1612.0,2766.0,3620.0,44.1847,114.3456,196.615,264.8172,-7.26,-10.6,-11.52,114.0,236.0,320.0,18.0,36.0,48.0,3.0,5.84,7.68,0,0,0,0,0,0,0,0,0,0,0,0,0,0,0,0,0,0,0,0,0,0,0,1,0,0,0,0,0,0,0,0,0,1,0,0,0,0,0,0,0,0,0,0,0,0,0,0,0,1,0,0
TUNBIN,3.3489,33.3792,61.3782,90.9144,676.0,1092.0,2028.0,2340.0,12.0,18.0,108.0,180.0,216.0,1.5625,5.625,11.4,14.025,516.4323,1160.478,2072.772,2670.7788,2536.0,6324.0,10482.0,12960.0,79.0,168.0,306.0,396.0,474.0,1236.0,1842.0,2208.0,30.6631,79.9176,131.745,167.778,-7.26,-11.58,-16.74,114.0,234.0,378.0,18.0,42.0,72.0,3.0,5.88,11.28,0,0,0,0,0,0,0,0,0,0,0,0,0,0,0,1,0,0,0,0,0,0,0,0,0,0,0,0,0,0,0,0,0,0,0,0,0,0,0,0,0,0,0,0,0,0,0,0,0,0,0,0
UCIGUJ,3.3489,33.3792,55.998,72.102,676.0,1092.0,1872.0,1976.0,12.0,16.0,108.0,216.0,240.0,1.5625,5.625,11.55,13.4,407.9105,937.7364,1677.1676,2398.6192,3358.0,7128.0,12166.0,16184.0,63.0,144.0,250.0,364.0,394.0,1092.0,1954.0,2656.0,32.5123,82.244,140.253,194.5568,-7.26,-8.64,-10.12,114.0,240.0,340.0,18.0,36.0,56.0,3.0,5.76,9.28,0,0,0,0,0,0,0,0,0,0,0,0,0,0,0,0,0,0,0,0,0,0,0,0,0,0,0,0,0,0,0,0,0,0,0,0,0,0,0,0,0,0,0,0,0,0,0,0,0,0,0,0
UFIPIJ,3.3489,33.3792,46.665,64.1598,676.0,1092.0,1560.0,2444.0,10.0,14.0,96.0,168.0,204.0,1.5625,5.625,9.625,13.1,450.5245,1018.0104,1772.2748,2461.376,2902.0,6360.0,9942.0,13524.0,73.0,160.0,270.0,384.0,430.0,1140.0,1836.0,2364.0,33.0471,83.322,134.5442,179.8636,-7.26,-7.2,-9.44,114.0,200.0,270.0,20.0,32.0,50.0,3.0,4.8,7.02,0,0,0,0,0,0,0,0,0,0,0,0,0,0,0,0,0,0,0,0,0,0,0,0,0,0,0,0,0,0,0,0,0,0,0,0,0,0,0,0,0,0,0,0,0,0,0,0,0,0,0,0
UFIPIJ01,3.3489,33.3792,46.665,64.1598,676.0,1092.0,1560.0,2444.0,10.0,14.0,96.0,168.0,204.0,1.5625,5.625,9.625,13.1,450.5245,1018.0104,1772.2748,2461.376,2902.0,6360.0,9942.0,13524.0,73.0,160.0,270.0,384.0,430.0,1140.0,1836.0,2364.0,33.0471,83.322,134.5442,179.8636,-7.26,-7.2,-9.44,114.0,200.0,270.0,20.0,32.0,50.0,3.0,4.8,7.02,0,0,0,0,0,0,0,0,0,0,0,0,0,0,0,0,0,0,0,0,0,0,0,0,0,0,0,0,0,0,0,0,0,0,0,0,0,0,0,0,0,0,0,0,0,0,0,0,0,0,0,0
UJEDOC,3.3489,33.3792,59.5848,72.102,676.0,1092.0,1976.0,1976.0,12.0,16.0,108.0,216.0,240.0,1.5625,5.625,11.45,13.4,325.9399,797.4232,1511.7976,2131.488,1976.0,5248.0,9662.0,11800.0,51.0,120.0,222.0,316.0,342.0,972.0,1782.0,2316.0,22.6955,63.5232,116.2254,154.266,-7.26,-10.6,-10.12,114.0,236.0,340.0,18.0,36.0,56.0,3.0,5.84,9.28,0,0,0,0,0,0,0,0,0,0,0,0,0,0,0,0,0,0,0,0,0,0,1,0,0,0,0,0,0,0,0,0,0,0,0,0,0,0,0,0,0,0,0,0,0,0,0,0,0,0,0,0
UJEDOC01,3.3489,33.3792,59.5848,72.102,676.0,1092.0,1976.0,1976.0,12.0,16.0,108.0,216.0,240.0,1.5625,5.625,11.45,13.4,325.9399,797.4232,1511.7976,2131.488,1976.0,5248.0,9662.0,11800.0,51.0,120.0,222.0,316.0,342.0,972.0,1782.0,2316.0,22.6955,63.5232,116.2254,154.266,-7.26,-10.6,-10.12,114.0,236.0,340.0,18.0,36.0,56.0,3.0,5.84,9.28,0,0,0,0,0,0,0,0,0,0,0,0,0,0,0,0,0,0,0,0,0,0,1,0,0,0,0,0,0,0,0,0,0,0,0,0,0,0,0,0,0,0,0,0,0,0,0,0,0,0,0,0
ULAHIY,3.3489,33.3792,55.998,109.6902,676.0,1092.0,1872.0,2340.0,12.0,24.0,108.0,216.0,288.0,1.5625,5.625,11.55,16.95,347.4531,799.1004,1432.5552,1901.2284,1936.0,4932.0,8298.0,10368.0,55.0,120.0,210.0,300.0,330.0,900.0,1530.0,1980.0,22.2703,59.6712,101.8098,135.2124,-7.26,-8.64,-16.02,114.0,240.0,534.0,18.0,36.0,96.0,3.0,5.76,16.44,0,0,0,0,0,0,0,0,0,0,0,0,0,0,1,0,0,0,0,0,0,0,0,0,0,0,0,0,0,0,0,0,0,0,0,0,0,0,0,0,0,0,0,0,0,0,0,0,0,0,0,0
ULODIJ,3.3489,33.3792,55.998,94.9221,676.0,1092.0,1872.0,2184.0,12.0,21.0,108.0,234.0,306.0,1.5625,5.625,11.55,15.6375,377.5174,891.4704,1768.0926,2519.4228,1952.0,5178.0,9282.0,12222.0,62.0,138.0,270.0,390.0,408.0,1128.0,1986.0,2886.0,23.7454,66.7842,121.7574,175.1166,-7.26,-8.64,-13.44,114.0,240.0,462.0,18.0,33.0,75.0,3.0,5.76,13.74,0,0,0,0,0,0,0,1,0,0,0,0,0,0,0,0,0,0,1,0,0,0,0,0,0,0,0,0,0,0,0,0,0,0,0,0,0,0,0,0,0,0,0,0,0,0,0,0,0,0,0,0
ULODIJ01,3.3489,33.3792,55.998,94.9221,676.0,1092.0,1872.0,2184.0,12.0,21.0,108.0,234.0,306.0,1.5625,5.625,11.55,15.6375,377.5174,891.4704,1768.0926,2519.4228,1952.0,5178.0,9282.0,12222.0,62.0,138.0,270.0,390.0,408.0,1128.0,1986.0,2886.0,23.7454,66.7842,121.7574,175.1166,-7.26,-8.64,-13.44,114.0,240.0,462.0,18.0,33.0,75.0,3.0,5.76,13.74,0,0,0,0,0,0,0,1,0,0,0,0,0,0,0,0,0,0,1,0,0,0,0,0,0,0,0,0,0,0,0,0,0,0,0,0,0,0,0,0,0,0,0,0,0,0,0,0,0,0,0,0
ULODUV,3.3489,33.3792,55.998,94.9221,676.0,1092.0,1872.0,2184.0,12.0,21.0,108.0,234.0,306.0,1.5625,5.625,11.55,15.6375,377.5174,891.4704,1768.0926,2519.4228,1952.0,5178.0,9282.0,12222.0,62.0,138.0,270.0,390.0,408.0,1128.0,1986.0,2886.0,23.7454,66.7842,121.7574,175.1166,-7.26,-8.64,-13.44,114.0,240.0,462.0,18.0,33.0,75.0,3.0,5.76,13.74,0,0,0,0,0,0,0,0,0,0,1,0,0,0,0,0,0,0,1,0,0,0,0,0,0,0,0,0,0,0,0,0,0,0,0,0,0,0,0,0,0,0,0,0,0,0,1,0,0,0,0,0
ULOFAD,3.3489,33.3792,55.998,94.9221,676.0,1092.0,1872.0,2184.0,12.0,21.0,108.0,234.0,306.0,1.5625,5.625,11.55,15.6375,377.5174,891.4704,1768.0926,2519.4228,1952.0,5178.0,9282.0,12222.0,62.0,138.0,270.0,390.0,408.0,1128.0,1986.0,2886.0,23.7454,66.7842,121.7574,175.1166,-7.26,-8.64,-13.44,114.0,240.0,462.0,18.0,33.0,75.0,3.0,5.76,13.74,0,0,0,0,0,0,0,0,0,0,0,1,0,0,0,0,0,0,1,0,0,0,0,0,0,0,0,0,0,0,0,0,0,0,0,0,0,0,0,0,0,0,0,0,0,0,1,0,0,0,0,0
ULOFEH,3.3489,33.3792,55.998,94.9221,676.0,1092.0,1872.0,2184.0,12.0,21.0,108.0,234.0,306.0,1.5625,5.625,11.55,15.6375,377.5174,891.4704,1768.0926,2519.4228,1952.0,5178.0,9282.0,12222.0,62.0,138.0,270.0,390.0,408.0,1128.0,1986.0,2886.0,23.7454,66.7842,121.7574,175.1166,-7.26,-8.64,-13.44,114.0,240.0,462.0,18.0,33.0,75.0,3.0,5.76,13.74,0,0,0,0,0,0,0,0,0,0,0,0,1,0,0,0,0,0,1,0,0,0,0,0,0,0,0,0,0,0,0,0,0,0,0,0,0,0,0,0,0,0,0,0,0,0,1,0,0,0,0,0
UZAXUQ,3.3489,33.3792,48.4584,56.6202,676.0,1092.0,1612.0,2184.0,10.0,12.0,96.0,156.0,168.0,1.5625,5.625,9.575,11.125,613.0441,1408.3472,2408.8844,3256.1024,3634.0,8192.0,12890.0,16424.0,97.0,216.0,362.0,496.0,578.0,1524.0,2420.0,2924.0,44.3583,112.4004,180.9566,230.7132,-7.26,-8.18,-8.98,114.0,198.0,228.0,20.0,34.0,44.0,3.0,4.84,6.1,0,0,0,0,0,0,0,0,0,0,0,0,0,0,0,0,0,0,0,0,0,0,0,0,0,0,0,0,0,0,0,0,0,0,0,0,0,0,0,0,0,0,0,0,0,0,0,0,0,0,0,0
UZELAN,3.3489,33.3792,54.0216,75.5973,676.0,1092.0,1794.0,2392.0,11.0,17.0,102.0,204.0,228.0,1.5625,5.625,10.5125,13.9875,360.5661,824.58,1625.8446,2246.796,2376.0,5226.0,9142.0,12332.0,59.0,128.0,248.0,336.0,376.0,1020.0,1794.0,2460.0,24.2601,63.5508,112.462,159.9036,-7.26,-9.39,-10.2,114.0,217.0,350.0,19.0,32.0,64.0,3.0,5.34,10.06,0,0,0,0,0,0,0,0,0,0,0,0,0,0,0,0,0,0,0,0,0,0,0,0,0,0,0,0,0,0,0,0,0,0,0,0,0,0,0,0,0,0,0,0,0,0,0,0,0,0,0,0
VASYOF,3.3489,33.3792,46.665,65.9532,676.0,1092.0,1560.0,2496.0,10.0,14.0,96.0,168.0,204.0,1.5625,5.625,9.625,13.05,343.4545,785.9374,1448.9316,2064.7154,2464.0,5356.0,8758.0,12404.0,55.0,122.0,218.0,314.0,340.0,918.0,1552.0,2106.0,25.1109,64.4582,109.3006,154.787,-7.26,-7.2,-10.42,114.0,200.0,268.0,20.0,32.0,50.0,3.0,4.8,7.06,0,0,0,0,0,0,0,0,0,0,0,0,0,0,0,0,0,0,0,0,0,0,0,0,0,0,0,0,0,0,0,0,0,0,0,0,0,0,0,0,0,0,0,0,0,0,0,0,0,0,0,0
VASYUL,3.3489,33.3792,46.665,65.9532,676.0,1092.0,1560.0,2496.0,10.0,14.0,96.0,168.0,204.0,1.5625,5.625,9.625,13.05,343.4545,785.9374,1448.9316,2066.5774,2464.0,5356.0,8758.0,12544.0,55.0,122.0,218.0,314.0,340.0,918.0,1552.0,2130.0,25.1109,64.4582,109.3006,155.363,-7.26,-7.2,-10.42,114.0,200.0,268.0,20.0,32.0,50.0,3.0,4.8,7.06,0,0,0,0,0,0,0,0,0,0,0,0,0,0,0,0,0,0,0,0,0,0,0,0,0,0,0,0,0,0,0,0,0,0,0,0,0,0,0,0,0,0,0,0,0,0,0,0,0,0,0,0
VASYUL01,3.3489,33.3792,46.665,65.9532,676.0,1092.0,1560.0,2496.0,10.0,14.0,96.0,168.0,204.0,1.5625,5.625,9.625,13.05,343.4545,785.9374,1448.9316,2066.5774,2464.0,5356.0,8758.0,12544.0,55.0,122.0,218.0,314.0,340.0,918.0,1552.0,2130.0,25.1109,64.4582,109.3006,155.363,-7.26,-7.2,-10.42,114.0,200.0,268.0,20.0,32.0,50.0,3.0,4.8,7.06,0,0,0,0,0,0,0,0,0,0,0,0,0,0,0,0,0,0,0,0,0,0,0,0,0,0,0,0,0,0,0,0,0,0,0,0,0,0,0,0,0,0,0,0,0,0,0,0,0,0,0,0
VASZEW,3.3489,33.3792,46.665,65.9532,676.0,1092.0,1560.0,2496.0,10.0,14.0,96.0,168.0,204.0,1.5625,5.625,9.625,13.05,382.4695,889.9774,1614.2316,2332.2474,2680.0,5932.0,9682.0,13608.0,61.0,138.0,242.0,358.0,380.0,1038.0,1768.0,2374.0,28.6683,73.9446,125.3062,175.3386,-7.26,-7.2,-10.42,114.0,200.0,268.0,20.0,32.0,50.0,3.0,4.8,7.06,0,0,0,0,0,0,0,0,0,0,0,0,0,0,0,0,0,0,0,0,0,0,0,0,0,0,0,0,0,0,0,0,0,0,0,0,0,0,0,0,0,0,0,0,0,0,0,0,0,0,0,0
VASZEW01,3.3489,33.3792,46.665,65.9532,676.0,1092.0,1560.0,2496.0,10.0,14.0,96.0,168.0,204.0,1.5625,5.625,9.625,13.05,382.4695,889.9774,1614.2316,2332.2474,2680.0,5932.0,9682.0,13608.0,61.0,138.0,242.0,358.0,380.0,1038.0,1768.0,2374.0,28.6683,73.9446,125.3062,175.3386,-7.26,-7.2,-10.42,114.0,200.0,268.0,20.0,32.0,50.0,3.0,4.8,7.06,0,0,0,0,0,0,0,0,0,0,0,0,0,0,0,0,0,0,0,0,0,0,0,0,0,0,0,0,0,0,0,0,0,0,0,0,0,0,0,0,0,0,0,0,0,0,0,0,0,0,0,0
VEVQOE,3.3489,33.3792,59.5848,72.102,676.0,1092.0,1976.0,1976.0,12.0,16.0,108.0,216.0,240.0,1.5625,5.625,11.45,13.4,325.9399,797.4232,1511.7976,2131.488,1976.0,5248.0,9662.0,11800.0,51.0,120.0,222.0,316.0,342.0,972.0,1782.0,2316.0,22.6955,63.5232,116.2254,154.266,-7.26,-10.6,-10.12,114.0,236.0,340.0,18.0,36.0,56.0,3.0,5.84,9.28,0,0,0,0,0,0,0,0,0,0,0,0,0,0,0,0,1,0,0,0,0,0,0,0,0,0,0,0,0,0,0,0,0,0,0,0,0,0,0,0,0,0,0,0,1,1,0,0,0,0,0,0
VEWVEY,3.3489,33.3792,55.998,82.0755,676.0,1092.0,1872.0,2418.0,12.0,18.0,108.0,216.0,306.0,1.5625,5.625,11.55,15.825,418.581,979.5564,1809.801,2581.236,2188.0,5712.0,9990.0,13656.0,70.0,156.0,282.0,402.0,438.0,1188.0,2034.0,2880.0,28.6102,77.778,134.841,190.1238,-7.26,-8.64,-11.91,114.0,240.0,375.0,18.0,36.0,57.0,3.0,5.76,9.84,0,0,0,0,0,0,0,0,0,0,0,0,0,0,0,0,0,0,0,0,0,0,0,1,0,0,0,0,0,0,0,0,0,0,0,0,0,0,0,0,0,0,0,0,0,0,0,0,1,0,0,0
VEYTEY,3.3489,33.3792,55.998,89.3772,676.0,1092.0,1872.0,2964.0,12.0,18.0,108.0,216.0,324.0,1.5625,5.625,11.55,17.175,532.5531,1295.5854,2355.7272,3256.1532,2806.0,7380.0,13002.0,17466.0,85.0,198.0,354.0,498.0,552.0,1530.0,2682.0,3510.0,37.3213,102.2214,179.4114,236.8938,-7.26,-8.64,-15.9,114.0,240.0,354.0,18.0,36.0,54.0,3.0,5.76,8.76,0,0,0,0,0,0,0,0,0,0,0,0,0,0,0,0,0,0,0,0,0,0,0,1,0,0,0,0,0,0,0,0,0,0,0,0,0,0,0,0,0,0,0,0,0,0,0,0,0,1,0,0
VEYTIC,3.3489,33.3792,55.998,89.3772,676.0,1092.0,1872.0,2964.0,12.0,18.0,108.0,216.0,324.0,1.5625,5.625,11.55,17.175,532.5531,1295.5854,2355.7272,3256.1532,2806.0,7380.0,13002.0,17466.0,85.0,198.0,354.0,498.0,552.0,1530.0,2682.0,3510.0,37.3213,102.2214,179.4114,236.8938,-7.26,-8.64,-15.9,114.0,240.0,354.0,18.0,36.0,54.0,3.0,5.76,8.76,0,0,0,0,0,0,0,0,0,0,0,0,0,0,0,0,0,0,0,1,0,0,0,0,0,0,0,0,0,0,0,0,0,0,0,0,0,0,0,0,0,0,0,0,0,0,1,0,0,1,0,0
VIFNAC,3.3489,33.3792,61.3782,90.9144,676.0,1092.0,2028.0,2340.0,12.0,18.0,108.0,180.0,216.0,1.5625,5.625,11.4,14.025,644.4009,1402.524,2558.226,3332.5308,4492.0,8052.0,12750.0,15324.0,97.0,204.0,378.0,504.0,582.0,1524.0,2238.0,2604.0,40.9225,99.5988,165.4122,206.2776,-7.26,-11.58,-16.74,114.0,234.0,378.0,18.0,42.0,72.0,3.0,5.88,11.28,0,0,0,0,0,0,0,0,0,0,0,0,0,0,0,1,0,0,0,0,0,0,0,0,0,0,0,0,0,0,0,0,0,0,0,0,0,0,0,0,0,0,0,0,0,0,0,0,0,0,0,0
VIFNAC01,3.3489,33.3792,61.3782,90.9144,676.0,1092.0,2028.0,2340.0,12.0,18.0,108.0,180.0,216.0,1.5625,5.625,11.4,14.025,644.4009,1402.524,2558.226,3332.5308,4492.0,8052.0,12750.0,15324.0,97.0,204.0,378.0,504.0,582.0,1524.0,2238.0,2604.0,40.9225,99.5988,165.4122,206.2776,-7.26,-11.58,-16.74,114.0,234.0,378.0,18.0,42.0,72.0,3.0,5.88,11.28,0,0,0,0,0,0,0,0,0,0,0,0,0,0,0,1,0,0,0,0,0,0,0,0,0,0,0,0,0,0,0,0,0,0,0,0,0,0,0,0,0,0,0,0,0,0,0,0,0,0,0,0
VILZAT,3.3489,33.3792,59.5848,74.664,676.0,1092.0,1976.0,2496.0,12.0,16.0,108.0,216.0,312.0,1.5625,5.625,11.45,15.4,481.4099,1134.3752,2095.2136,2917.776,2424.0,6344.0,11222.0,14808.0,79.0,176.0,318.0,444.0,494.0,1348.0,2310.0,3108.0,32.0007,86.8056,150.7582,203.0772,-7.26,-10.6,-11.52,114.0,236.0,320.0,18.0,36.0,44.0,3.0,5.84,7.68,0,0,0,0,0,0,0,0,0,0,0,0,0,0,0,1,0,0,0,0,0,0,0,0,0,0,0,0,0,0,0,0,0,0,0,0,0,0,0,0,0,0,0,0,0,0,0,0,0,0,0,0
VILZEX,3.3489,33.3792,59.5848,74.664,676.0,1092.0,1976.0,2496.0,12.0,16.0,108.0,216.0,312.0,1.5625,5.625,11.45,15.4,624.1699,1484.2352,2689.9136,3724.948,3008.0,7880.0,13518.0,17104.0,103.0,232.0,414.0,580.0,646.0,1756.0,2966.0,3852.0,42.5823,115.08,196.5406,256.5436,-7.26,-10.6,-11.52,114.0,236.0,320.0,18.0,36.0,44.0,3.0,5.84,7.68,0,0,0,0,0,0,0,0,0,0,0,0,0,0,0,1,0,0,0,0,0,0,0,0,0,0,0,0,0,0,0,0,0,0,0,0,0,0,0,0,0,0,0,0,0,0,0,0,0,0,0,0
VILZOH,3.3489,33.3792,59.5848,74.664,676.0,1092.0,1976.0,2496.0,12.0,16.0,108.0,216.0,312.0,1.5625,5.625,11.45,15.4,390.6699,940.5752,1804.1216,2452.204,2128.0,5672.0,10374.0,13672.0,63.0,144.0,270.0,364.0,414.0,1140.0,2022.0,2772.0,26.1623,72.7608,131.035,177.8756,-7.26,-10.6,-11.52,114.0,236.0,320.0,18.0,36.0,44.0,3.0,5.84,7.68,0,0,0,0,0,0,0,0,0,0,0,0,0,0,0,0,0,0,0,0,0,0,0,1,0,0,0,0,0,0,0,0,0,0,0,0,0,0,0,0,0,0,0,0,0,0,0,0,0,0,0,0
VIMBAW,3.3489,33.3792,59.5848,74.664,676.0,1092.0,1976.0,2496.0,12.0,16.0,108.0,216.0,312.0,1.5625,5.625,11.45,15.4,390.6699,940.5752,1804.1216,2452.204,2128.0,5672.0,10374.0,13672.0,63.0,144.0,270.0,364.0,414.0,1140.0,2022.0,2772.0,26.1623,72.7608,131.035,177.8756,-7.26,-10.6,-11.52,114.0,236.0,320.0,18.0,36.0,44.0,3.0,5.84,7.68,0,0,0,0,0,0,0,0,0,0,1,0,0,0,0,0,0,0,0,0,0,0,0,0,0,0,0,0,0,0,0,0,0,0,0,0,0,0,0,0,0,0,0,0,0,0,0,0,0,0,0,0
VISCAD,3.3489,33.3792,59.5848,72.102,676.0,1092.0,1976.0,1976.0,12.0,16.0,108.0,216.0,240.0,1.5625,5.625,11.45,13.4,606.7743,1426.9232,2487.8816,3528.544,3112.0,7856.0,13686.0,16856.0,95.0,216.0,374.0,532.0,590.0,1612.0,2766.0,3540.0,41.2471,110.2208,188.5414,247.9484,-7.26,-10.6,-10.12,114.0,236.0,340.0,18.0,36.0,56.0,3.0,5.84,9.28,0,0,0,0,0,0,0,0,0,0,0,0,0,0,0,0,0,0,0,0,0,0,0,1,0,0,0,0,0,0,0,0,0,1,0,0,0,0,0,0,0,0,0,0,0,0,0,0,0,1,0,0
VOJPAM,3.3489,33.3792,61.3782,90.9144,676.0,1092.0,2028.0,2340.0,12.0,18.0,108.0,180.0,216.0,1.5625,5.625,11.4,14.025,710.6223,1585.818,2883.552,3832.0968,2992.0,7476.0,11946.0,14556.0,115.0,240.0,450.0,612.0,690.0,1812.0,2634.0,3036.0,41.0635,107.8224,176.6106,222.4044,-7.26,-11.58,-16.74,114.0,234.0,378.0,18.0,42.0,72.0,3.0,5.88,11.28,0,0,0,0,0,0,0,0,0,0,0,0,0,0,0,1,0,0,0,0,0,0,0,0,0,0,0,0,0,0,0,0,0,0,0,0,0,0,0,0,0,0,0,0,0,0,0,0,0,0,0,0
VUJRIC,3.3489,33.3792,61.3782,93.33,676.0,1092.0,2028.0,3120.0,12.0,20.0,108.0,216.0,396.0,1.5625,5.625,11.4,19.25,525.6081,1240.0896,2361.2316,3149.13,2458.0,6516.0,12018.0,17124.0,87.0,192.0,366.0,460.0,558.0,1476.0,2502.0,3624.0,33.0351,91.1808,160.6014,224.1844,-7.26,-11.58,-14.4,114.0,234.0,400.0,18.0,36.0,54.0,3.0,5.88,9.6,0,0,0,0,0,0,0,0,0,0,0,0,0,0,0,0,0,0,0,0,0,0,0,0,0,0,0,0,0,0,0,0,0,1,0,0,0,0,0,0,0,0,0,0,0,0,0,0,0,0,0,0
WAHKEX,3.3489,33.3792,51.3315,78.3423,676.0,1092.0,1716.0,2158.0,11.0,18.0,102.0,204.0,198.0,1.5625,5.625,10.5875,13.45,305.4638,696.0984,1351.3508,2045.1276,2258.0,4884.0,8232.0,11102.0,50.0,110.0,206.0,322.0,316.0,888.0,1590.0,2164.0,22.2072,57.4654,101.2542,148.8014,-7.26,-7.92,-9.87,114.0,220.0,385.0,19.0,32.0,75.0,3.0,5.28,11.74,0,0,0,0,0,0,0,0,0,0,0,0,0,0,0,0,0,0,0,0,0,0,0,0,0,0,0,0,0,0,0,0,0,0,0,0,0,0,0,0,0,0,0,0,0,0,0,0,0,0,0,0
WAHKEX01,3.3489,33.3792,51.3315,78.3423,676.0,1092.0,1716.0,2158.0,11.0,18.0,102.0,204.0,198.0,1.5625,5.625,10.5875,13.45,305.4638,696.0984,1351.3508,2045.1276,2258.0,4884.0,8232.0,11102.0,50.0,110.0,206.0,322.0,316.0,888.0,1590.0,2164.0,22.2072,57.4654,101.2542,148.8014,-7.26,-7.92,-9.87,114.0,220.0,385.0,19.0,32.0,75.0,3.0,5.28,11.74,0,0,0,0,0,0,0,0,0,0,0,0,0,0,0,0,0,0,0,0,0,0,0,0,0,0,0,0,0,0,0,0,0,0,0,0,0,0,0,0,0,0,0,0,0,0,0,0,0,0,0,0
WATJEJ,3.3489,33.3792,46.665,62.769,676.0,1092.0,1560.0,3120.0,10.0,14.0,96.0,168.0,180.0,1.5625,5.625,9.625,12.45,480.4285,1082.1684,1848.818,2538.614,4822.0,7056.0,10686.0,14864.0,79.0,172.0,286.0,404.0,458.0,1204.0,1900.0,2316.0,36.3637,89.7592,142.233,185.2512,-7.26,-7.2,-8.68,114.0,200.0,244.0,20.0,32.0,54.0,3.0,4.8,7.54,0,0,0,0,0,0,0,0,0,0,0,0,0,0,0,0,0,0,0,0,0,0,0,0,0,0,0,0,0,0,0,0,0,0,0,0,0,0,0,0,0,0,0,0,0,0,0,0,0,0,0,0
WATJEJ01,3.3489,33.3792,46.665,62.769,676.0,1092.0,1560.0,3120.0,10.0,14.0,96.0,168.0,180.0,1.5625,5.625,9.625,12.45,480.4285,1082.1684,1848.818,2538.614,4822.0,7056.0,10686.0,14864.0,79.0,172.0,286.0,404.0,458.0,1204.0,1900.0,2316.0,36.3637,89.7592,142.233,185.2512,-7.26,-7.2,-8.68,114.0,200.0,244.0,20.0,32.0,54.0,3.0,4.8,7.54,0,0,0,0,0,0,0,0,0,0,0,0,0,0,0,0,0,0,0,0,0,0,0,0,0,0,0,0,0,0,0,0,0,0,0,0,0,0,0,0,0,0,0,0,0,0,0,0,0,0,0,0
WEKJED,3.3489,33.3792,62.769,68.259,676.0,1092.0,1664.0,1196.0,14.0,16.0,120.0,228.0,180.0,1.5625,5.625,11.475,10.4,301.6835,704.2124,1410.872,2124.198,1644.0,4352.0,7530.0,8488.0,51.0,112.0,222.0,336.0,334.0,944.0,1676.0,2252.0,19.1691,54.1568,99.6654,138.2808,-7.26,-8.68,-8.02,114.0,300.0,370.0,16.0,46.0,66.0,3.0,8.32,11.68,0,0,0,0,0,0,0,0,0,0,0,0,0,0,0,0,0,0,0,0,0,0,0,1,0,0,0,0,0,0,0,0,0,0,0,0,0,0,0,0,0,0,0,0,0,0,0,0,0,0,0,0
WEKJIH,3.3489,33.3792,64.05,92.415,676.0,1092.0,1924.0,1352.0,14.0,22.0,120.0,264.0,216.0,1.5625,5.625,12.475,13.175,334.0485,775.7884,1558.42,2328.92,1720.0,4564.0,8286.0,9744.0,57.0,124.0,246.0,372.0,370.0,1040.0,1868.0,2648.0,20.9025,58.7756,108.4622,157.3084,-7.26,-9.38,-10.24,114.0,290.0,520.0,16.0,40.0,96.0,3.0,7.52,16.96,0,0,0,0,0,0,0,0,0,0,0,0,0,0,0,0,0,0,0,0,0,0,0,1,0,0,0,0,0,0,0,0,0,0,0,0,0,0,0,0,0,0,0,0,0,0,0,0,0,0,0,0
WIDGEW,3.3489,33.3792,48.4584,64.1598,676.0,1092.0,1612.0,2444.0,10.0,14.0,96.0,168.0,216.0,1.5625,5.625,9.575,13.1,298.0845,690.6838,1319.3456,1879.1026,2316.0,5044.0,8378.0,11540.0,47.0,106.0,194.0,282.0,300.0,830.0,1448.0,1930.0,22.1917,57.4054,99.8206,138.9054,-7.26,-8.18,-9.44,114.0,198.0,270.0,20.0,32.0,48.0,3.0,4.84,7.02,0,0,0,0,0,0,0,0,0,0,0,0,0,0,0,0,0,0,0,0,0,0,0,0,0,0,0,0,0,0,0,0,0,0,0,0,0,0,0,0,0,0,0,0,0,0,0,0,0,0,0,0
WIDGIA,3.3489,33.3792,48.4584,65.4408,676.0,1092.0,1612.0,2704.0,10.0,14.0,96.0,168.0,252.0,1.5625,5.625,9.575,14.1,362.8145,832.4638,1585.7976,2202.1986,2468.0,5428.0,9066.0,13052.0,59.0,130.0,242.0,330.0,372.0,998.0,1688.0,2362.0,25.6585,66.707,114.8078,161.683,-7.26,-8.18,-10.14,114.0,198.0,260.0,20.0,32.0,42.0,3.0,4.84,6.22,0,0,0,0,0,0,0,0,0,0,0,0,0,0,0,0,0,0,0,0,0,0,0,0,0,0,0,0,0,0,0,0,0,0,0,0,0,0,0,0,0,0,0,0,0,0,1,0,0,0,0,0
WIDGOG,3.3489,33.3792,48.4584,67.1244,676.0,1092.0,1612.0,2236.0,10.0,14.0,96.0,168.0,264.0,1.5625,5.625,9.575,13.425,399.4731,899.1718,1654.3676,2267.5818,2224.0,5548.0,9154.0,12452.0,63.0,138.0,250.0,338.0,388.0,1030.0,1720.0,2410.0,27.0135,70.4954,118.6194,164.953,-7.26,-8.18,-11.06,114.0,198.0,278.0,20.0,32.0,40.0,3.0,4.84,6.76,0,0,0,0,0,0,0,0,0,0,0,0,0,0,0,0,0,0,0,0,0,0,0,0,0,0,0,0,0,0,0,0,0,0,0,0,0,0,0,0,0,0,0,0,0,0,0,0,0,0,0,0
WIFZUG,3.3489,33.3792,46.665,78.9828,676.0,1092.0,1560.0,2288.0,10.0,18.0,96.0,168.0,204.0,1.5625,5.625,9.625,13.95,636.2063,1418.0544,2362.9108,3268.3896,3470.0,7680.0,11390.0,14560.0,107.0,228.0,374.0,536.0,602.0,1560.0,2380.0,2952.0,45.0585,112.6744,174.3402,228.0404,-7.26,-7.2,-10.22,114.0,200.0,380.0,20.0,32.0,74.0,3.0,4.8,11.34,0,0,0,0,0,0,0,0,0,0,0,0,0,0,0,0,0,0,0,0,0,0,0,0,0,0,0,0,0,0,0,0,0,0,0,0,0,0,0,0,0,0,0,0,0,0,0,0,0,0,0,0
WIGBAP,3.3489,33.3792,46.665,78.9828,676.0,1092.0,1560.0,2288.0,10.0,18.0,96.0,168.0,204.0,1.5625,5.625,9.625,13.95,636.2063,1418.0544,2362.9108,3268.3896,3470.0,7680.0,11390.0,14560.0,107.0,228.0,374.0,536.0,602.0,1560.0,2380.0,2952.0,45.0585,112.6744,174.3402,228.0404,-7.26,-7.2,-10.22,114.0,200.0,380.0,20.0,32.0,74.0,3.0,4.8,11.34,0,0,0,0,0,0,0,0,0,0,0,0,0,0,0,0,0,0,0,0,0,0,0,0,0,0,0,0,0,0,0,0,0,0,0,0,0,0,0,0,0,0,0,0,0,0,0,0,0,0,0,0
XADFEN,3.3489,33.3792,55.998,78.4338,676.0,1092.0,1872.0,2392.0,12.0,16.0,108.0,216.0,252.0,1.5625,5.625,11.55,14.25,366.8139,871.2428,1635.2968,2256.916,2152.0,5600.0,10018.0,13212.0,57.0,132.0,242.0,336.0,374.0,1036.0,1838.0,2488.0,25.2817,69.342,123.7674,168.6232,-7.26,-8.64,-13.58,114.0,240.0,324.0,18.0,36.0,54.0,3.0,5.76,8.6,0,0,0,0,0,0,0,1,0,0,0,0,0,0,0,0,0,0,0,0,0,0,0,0,0,0,0,0,0,0,0,0,0,0,0,1,0,0,0,0,0,0,0,0,0,0,0,0,0,0,0,0
XAMNII,3.3489,33.3792,61.3782,89.487,676.0,1092.0,2028.0,2340.0,12.0,20.0,108.0,216.0,300.0,1.5625,5.625,11.4,16.25,341.0981,837.1896,1642.1316,2327.418,2004.0,5388.0,10038.0,12744.0,53.0,124.0,234.0,340.0,358.0,1024.0,1890.0,2544.0,22.9085,64.4156,118.9698,162.6004,-7.26,-11.58,-12.3,114.0,234.0,430.0,18.0,36.0,70.0,3.0,5.88,12.0,0,0,0,0,0,0,0,0,0,0,0,0,0,0,1,0,0,0,0,0,0,0,0,0,0,0,0,0,0,0,0,0,0,0,0,0,0,0,0,0,0,0,0,0,0,0,0,0,0,0,0,0
XAMNII01,3.3489,33.3792,61.3782,89.487,676.0,1092.0,2028.0,2340.0,12.0,20.0,108.0,216.0,300.0,1.5625,5.625,11.4,16.25,341.0981,837.1896,1642.1316,2327.418,2004.0,5388.0,10038.0,12744.0,53.0,124.0,234.0,340.0,358.0,1024.0,1890.0,2544.0,22.9085,64.4156,118.9698,162.6004,-7.26,-11.58,-12.3,114.0,234.0,430.0,18.0,36.0,70.0,3.0,5.88,12.0,0,0,0,0,0,0,0,0,0,0,0,0,0,0,1,0,0,0,0,0,0,0,0,0,0,0,0,0,0,0,0,0,0,0,0,0,0,0,0,0,0,0,0,0,0,0,0,0,0,0,0,0
XECMIB01,3.3489,33.3792,46.665,62.8788,676.0,1092.0,1560.0,2184.0,10.0,14.0,96.0,168.0,180.0,1.5625,5.625,9.625,12.1,571.4763,1302.2844,2236.7828,3106.9336,3318.0,7440.0,11526.0,14728.0,95.0,208.0,350.0,500.0,558.0,1476.0,2356.0,2940.0,41.5917,105.7444,169.9026,223.0376,-7.26,-7.2,-8.74,114.0,200.0,280.0,20.0,32.0,54.0,3.0,4.8,7.82,0,0,0,0,0,0,0,0,0,0,0,0,0,0,0,0,0,0,0,0,0,0,0,0,0,0,0,0,0,0,0,0,0,0,0,0,0,0,0,0,0,0,0,0,0,0,1,0,0,0,0,0
XECMIB02,3.3489,33.3792,46.665,62.8788,676.0,1092.0,1560.0,2184.0,10.0,14.0,96.0,168.0,180.0,1.5625,5.625,9.625,12.1,571.4763,1302.2844,2236.7828,3106.9336,3318.0,7440.0,11526.0,14728.0,95.0,208.0,350.0,500.0,558.0,1476.0,2356.0,2940.0,41.5917,105.7444,169.9026,223.0376,-7.26,-7.2,-8.74,114.0,200.0,280.0,20.0,32.0,54.0,3.0,4.8,7.82,0,0,0,0,0,0,0,0,0,0,0,0,0,0,0,0,0,0,0,0,0,0,0,0,0,0,0,0,0,0,0,0,0,0,0,0,0,0,0,0,0,0,0,0,0,0,1,0,0,0,0,0
XECNAU,3.3489,33.3792,46.665,62.8788,676.0,1092.0,1560.0,2184.0,10.0,14.0,96.0,168.0,180.0,1.5625,5.625,9.625,12.1,491.6927,1103.4268,1879.1708,2596.0656,3074.0,6724.0,10326.0,13200.0,79.0,172.0,286.0,404.0,458.0,1204.0,1900.0,2316.0,35.6317,89.0832,141.4434,183.94,-7.26,-7.2,-8.74,114.0,200.0,280.0,20.0,32.0,54.0,3.0,4.8,7.82,0,0,0,0,0,0,0,0,0,0,0,0,0,0,0,0,0,0,0,0,0,0,0,0,0,0,0,0,0,0,0,0,0,0,0,0,0,0,0,0,0,0,0,0,0,0,0,0,0,0,0,0
XECNAU01,3.3489,33.3792,46.665,62.8788,676.0,1092.0,1560.0,2184.0,10.0,14.0,96.0,168.0,180.0,1.5625,5.625,9.625,12.1,491.6927,1103.4268,1879.1708,2596.0656,3074.0,6724.0,10326.0,13200.0,79.0,172.0,286.0,404.0,458.0,1204.0,1900.0,2316.0,35.6317,89.0832,141.4434,183.94,-7.26,-7.2,-8.74,114.0,200.0,280.0,20.0,32.0,54.0,3.0,4.8,7.82,0,0,0,0,0,0,0,0,0,0,0,0,0,0,0,0,0,0,0,0,0,0,0,0,0,0,0,0,0,0,0,0,0,0,0,0,0,0,0,0,0,0,0,0,0,0,0,0,0,0,0,0
XEFDER02,3.3489,33.3792,61.3782,93.33,676.0,1092.0,2028.0,3120.0,12.0,20.0,108.0,216.0,408.0,1.5625,5.625,11.4,19.25,535.2881,1262.5296,2441.4876,3296.706,2460.0,6540.0,12102.0,17280.0,89.0,196.0,378.0,484.0,574.0,1528.0,2610.0,3840.0,33.3089,92.3204,163.9314,230.9332,-7.26,-11.58,-14.4,114.0,234.0,400.0,18.0,36.0,52.0,3.0,5.88,9.6,0,0,0,0,0,0,0,0,0,0,0,0,0,0,0,1,0,0,0,0,0,0,0,0,0,0,0,0,0,0,0,0,0,0,0,0,0,0,0,0,0,0,0,0,0,0,0,0,0,0,0,0
XEFDER06,3.3489,33.3792,61.3782,93.33,676.0,1092.0,2028.0,3120.0,12.0,20.0,108.0,216.0,408.0,1.5625,5.625,11.4,19.25,535.2881,1262.5296,2441.4876,3296.706,2460.0,6540.0,12102.0,17280.0,89.0,196.0,378.0,484.0,574.0,1528.0,2610.0,3840.0,33.3089,92.3204,163.9314,230.9332,-7.26,-11.58,-14.4,114.0,234.0,400.0,18.0,36.0,52.0,3.0,5.88,9.6,0,0,0,0,0,0,0,0,0,0,0,0,0,0,0,1,0,0,0,0,0,0,0,0,0,0,0,0,0,0,0,0,0,0,0,0,0,0,0,0,0,0,0,0,0,0,0,0,0,0,0,0
XENBEX06,3.3489,33.3792,59.5848,72.102,676.0,1092.0,1976.0,1976.0,12.0,16.0,108.0,216.0,240.0,1.5625,5.625,11.45,13.4,325.9399,798.7952,1533.7104,2146.8152,1976.0,5288.0,9766.0,11808.0,51.0,120.0,222.0,316.0,342.0,972.0,1782.0,2316.0,22.6955,63.4592,115.9822,154.1444,-7.26,-10.6,-10.12,114.0,236.0,340.0,18.0,36.0,56.0,3.0,5.84,9.28,0,0,0,0,0,0,0,0,0,0,0,0,0,0,0,1,0,0,0,0,0,0,0,0,0,0,0,0,0,0,0,0,0,0,0,0,0,0,0,0,0,0,0,0,0,0,0,0,0,0,0,0
XENBEX07,3.3489,33.3792,59.5848,72.102,676.0,1092.0,1976.0,1976.0,12.0,16.0,108.0,216.0,240.0,1.5625,5.625,11.45,13.4,325.9399,798.7952,1533.7104,2146.8152,1976.0,5288.0,9766.0,11808.0,51.0,120.0,222.0,316.0,342.0,972.0,1782.0,2316.0,22.6955,63.4592,115.9822,154.1444,-7.26,-10.6,-10.12,114.0,236.0,340.0,18.0,36.0,56.0,3.0,5.84,9.28,0,0,0,0,0,0,0,0,0,0,0,0,0,0,0,1,0,0,0,0,0,0,0,0,0,0,0,0,0,0,0,0,0,0,0,0,0,0,0,0,0,0,0,0,0,0,0,0,0,0,0,0
XEVYUS,3.3489,33.3792,61.3782,89.487,676.0,1092.0,2028.0,2340.0,12.0,20.0,108.0,216.0,300.0,1.5625,5.625,11.4,16.25,341.0981,837.1896,1642.1316,2327.418,2004.0,5388.0,10038.0,12744.0,53.0,124.0,234.0,340.0,358.0,1024.0,1890.0,2544.0,22.9085,64.4156,118.9698,162.6004,-7.26,-11.58,-12.3,114.0,234.0,430.0,18.0,36.0,70.0,3.0,5.88,12.0,0,0,0,0,0,0,0,0,0,0,0,0,0,0,0,1,0,0,0,0,0,0,0,0,0,0,0,0,0,0,0,0,0,0,0,0,0,0,0,0,0,0,0,0,0,0,0,0,0,0,0,0
XOCFIF,3.3489,33.3792,59.5848,72.102,676.0,1092.0,1976.0,1976.0,12.0,16.0,108.0,216.0,240.0,1.5625,5.625,11.45,13.4,551.0499,1281.2552,2281.4172,3053.4212,3348.0,7832.0,13722.0,15584.0,87.0,196.0,342.0,460.0,538.0,1444.0,2402.0,2988.0,39.3429,102.5444,173.3638,220.4352,-7.26,-10.6,-10.12,114.0,236.0,340.0,18.0,36.0,56.0,3.0,5.84,9.28,0,0,0,0,0,0,0,0,0,0,0,0,0,0,0,0,0,0,0,0,0,0,0,1,0,0,0,0,0,0,0,0,1,0,0,0,0,0,0,0,0,0,0,0,0,0,0,0,0,0,0,0
XODCEB,3.3489,33.3792,57.7914,75.1764,676.0,1092.0,1924.0,2288.0,12.0,16.0,108.0,216.0,252.0,1.5625,5.625,11.5,14.35,504.3899,1216.4708,2208.8072,3055.0452,2706.0,7088.0,12478.0,15724.0,81.0,188.0,334.0,468.0,522.0,1440.0,2502.0,3200.0,35.9225,97.7084,170.2542,222.2028,-7.26,-9.62,-11.8,114.0,238.0,328.0,18.0,36.0,54.0,3.0,5.8,8.52,0,0,0,0,0,0,0,0,0,0,0,0,0,0,0,0,0,0,0,0,0,0,0,0,0,0,0,0,0,0,0,0,0,0,0,0,0,0,0,0,0,0,0,0,0,0,0,0,0,0,0,0
XUGGEO,3.3489,33.3792,54.717,69.54,676.0,1092.0,1612.0,2912.0,12.0,16.0,108.0,204.0,180.0,1.5625,5.625,10.55,12.375,318.0135,729.4804,1474.156,2329.117,4026.0,5284.0,8578.0,12410.0,53.0,116.0,230.0,376.0,346.0,1000.0,1798.0,2362.0,22.7723,58.9912,106.6738,154.7188,-7.26,-7.94,-8.72,114.0,250.0,304.0,18.0,38.0,66.0,3.0,6.56,10.1,0,0,0,0,0,0,0,0,0,0,0,0,0,0,0,0,0,0,0,0,0,0,0,0,0,0,0,0,0,0,0,0,0,0,0,0,0,0,0,0,0,0,0,0,0,0,0,0,0,0,0,0
XUGGEO01,3.3489,33.3792,54.717,69.54,676.0,1092.0,1612.0,2912.0,12.0,16.0,108.0,204.0,180.0,1.5625,5.625,10.55,12.375,318.0135,729.4804,1474.156,2329.117,4026.0,5284.0,8578.0,12410.0,53.0,116.0,230.0,376.0,346.0,1000.0,1798.0,2362.0,22.7723,58.9912,106.6738,154.7188,-7.26,-7.94,-8.72,114.0,250.0,304.0,18.0,38.0,66.0,3.0,6.56,10.1,0,0,0,0,0,0,0,0,0,0,0,0,0,0,0,0,0,0,0,0,0,0,0,0,0,0,0,0,0,0,0,0,0,0,0,0,0,0,0,0,0,0,0,0,0,0,0,0,0,0,0,0
XUGGEO02,3.3489,33.3792,54.717,69.54,676.0,1092.0,1612.0,2912.0,12.0,16.0,108.0,204.0,180.0,1.5625,5.625,10.55,12.375,318.0135,729.4804,1474.156,2329.117,4026.0,5284.0,8578.0,12410.0,53.0,116.0,230.0,376.0,346.0,1000.0,1798.0,2362.0,22.7723,58.9912,106.6738,154.7188,-7.26,-7.94,-8.72,114.0,250.0,304.0,18.0,38.0,66.0,3.0,6.56,10.1,0,0,0,0,0,0,0,0,0,0,0,0,0,0,0,0,0,0,0,0,0,0,0,0,0,0,0,0,0,0,0,0,0,0,0,0,0,0,0,0,0,0,0,0,0,0,0,0,0,0,0,0
XUGGEO03,3.3489,33.3792,54.717,69.54,676.0,1092.0,1612.0,2912.0,12.0,16.0,108.0,204.0,180.0,1.5625,5.625,10.55,12.375,318.0135,729.4804,1474.156,2329.117,4026.0,5284.0,8578.0,12410.0,53.0,116.0,230.0,376.0,346.0,1000.0,1798.0,2362.0,22.7723,58.9912,106.6738,154.7188,-7.26,-7.94,-8.72,114.0,250.0,304.0,18.0,38.0,66.0,3.0,6.56,10.1,0,0,0,0,0,0,0,0,0,0,0,0,0,0,0,0,0,0,0,0,0,0,0,0,0,0,0,0,0,0,0,0,0,0,0,0,0,0,0,0,0,0,0,0,0,0,0,0,0,0,0,0
XUGGIS,3.3489,33.3792,54.717,69.54,676.0,1092.0,1612.0,2912.0,12.0,16.0,108.0,204.0,180.0,1.5625,5.625,10.55,12.375,318.0135,729.4804,1474.156,2329.117,4026.0,5284.0,8578.0,12410.0,53.0,116.0,230.0,376.0,346.0,1000.0,1798.0,2362.0,22.7723,58.9912,106.6738,154.7188,-7.26,-7.94,-8.72,114.0,250.0,304.0,18.0,38.0,66.0,3.0,6.56,10.1,0,0,0,0,0,0,0,0,0,0,0,0,0,0,0,0,0,0,0,0,0,0,0,0,0,0,0,0,0,0,0,0,0,0,0,0,0,0,0,0,0,0,0,0,0,0,0,0,0,0,0,0
XUGGIS01,3.3489,33.3792,54.717,69.54,676.0,1092.0,1612.0,2912.0,12.0,16.0,108.0,204.0,180.0,1.5625,5.625,10.55,12.375,318.0135,729.4804,1474.156,2329.117,4026.0,5284.0,8578.0,12410.0,53.0,116.0,230.0,376.0,346.0,1000.0,1798.0,2362.0,22.7723,58.9912,106.6738,154.7188,-7.26,-7.94,-8.72,114.0,250.0,304.0,18.0,38.0,66.0,3.0,6.56,10.1,0,0,0,0,0,0,0,0,0,0,0,0,0,0,0,0,0,0,0,0,0,0,0,0,0,0,0,0,0,0,0,0,0,0,0,0,0,0,0,0,0,0,0,0,0,0,0,0,0,0,0,0
XUGGIS02,3.3489,33.3792,54.717,69.54,676.0,1092.0,1612.0,2912.0,12.0,16.0,108.0,204.0,180.0,1.5625,5.625,10.55,12.375,318.0135,729.4804,1474.156,2329.117,4026.0,5284.0,8578.0,12410.0,53.0,116.0,230.0,376.0,346.0,1000.0,1798.0,2362.0,22.7723,58.9912,106.6738,154.7188,-7.26,-7.94,-8.72,114.0,250.0,304.0,18.0,38.0,66.0,3.0,6.56,10.1,0,0,0,0,0,0,0,0,0,0,0,0,0,0,0,0,0,0,0,0,0,0,0,0,0,0,0,0,0,0,0,0,0,0,0,0,0,0,0,0,0,0,0,0,0,0,0,0,0,0,0,0
XUGGUE,3.3489,33.3792,54.717,69.54,676.0,1092.0,1612.0,2912.0,12.0,16.0,108.0,204.0,180.0,1.5625,5.625,10.55,12.375,318.0135,729.4804,1474.156,2329.117,4026.0,5284.0,8578.0,12410.0,53.0,116.0,230.0,376.0,346.0,1000.0,1798.0,2362.0,22.7723,58.9912,106.6738,154.7188,-7.26,-7.94,-8.72,114.0,250.0,304.0,18.0,38.0,66.0,3.0,6.56,10.1,0,0,0,0,0,0,0,0,0,0,0,0,0,0,0,0,0,0,0,0,0,0,0,0,0,0,0,0,0,0,0,0,0,0,0,0,0,0,0,0,0,0,0,0,0,0,0,0,0,0,0,0
XUGHAL,3.3489,33.3792,54.717,69.54,676.0,1092.0,1612.0,2912.0,12.0,16.0,108.0,204.0,180.0,1.5625,5.625,10.55,12.375,318.0135,729.4804,1474.156,2329.117,4026.0,5284.0,8578.0,12410.0,53.0,116.0,230.0,376.0,346.0,1000.0,1798.0,2362.0,22.7723,58.9912,106.6738,154.7188,-7.26,-7.94,-8.72,114.0,250.0,304.0,18.0,38.0,66.0,3.0,6.56,10.1,0,0,0,0,0,0,0,0,0,0,0,0,0,0,0,0,0,0,0,0,0,0,0,0,0,0,0,0,0,0,0,0,0,0,0,0,0,0,0,0,0,0,0,0,0,0,0,0,0,0,0,0
YAGYIP,3.3489,33.3792,61.3782,90.9144,676.0,1092.0,2028.0,2340.0,12.0,18.0,108.0,180.0,228.0,1.5625,5.625,11.4,14.025,539.9619,1219.7276,2239.1512,2822.3276,9880.0,9752.0,15874.0,17528.0,79.0,172.0,318.0,408.0,490.0,1296.0,1994.0,2312.0,37.6393,90.4524,154.8474,187.2768,-7.26,-11.58,-16.74,114.0,234.0,378.0,18.0,42.0,70.0,3.0,5.88,11.28,0,0,0,0,0,0,0,0,0,0,0,0,0,0,0,1,0,0,0,0,0,0,0,0,0,0,0,0,0,0,0,0,0,0,0,0,0,0,0,0,0,0,0,0,0,0,0,0,0,0,0,0
YAGYIP01,3.3489,33.3792,61.3782,90.9144,676.0,1092.0,2028.0,2340.0,12.0,18.0,108.0,180.0,228.0,1.5625,5.625,11.4,14.025,539.9619,1219.7276,2239.1512,2822.3276,9880.0,9752.0,15874.0,17528.0,79.0,172.0,318.0,408.0,490.0,1296.0,1994.0,2312.0,37.6393,90.4524,154.8474,187.2768,-7.26,-11.58,-16.74,114.0,234.0,378.0,18.0,42.0,70.0,3.0,5.88,11.28,0,0,0,0,0,0,0,0,0,0,0,0,0,0,0,1,0,0,0,0,0,0,0,0,0,0,0,0,0,0,0,0,0,0,0,0,0,0,0,0,0,0,0,0,0,0,0,0,0,0,0,0
YAGYUB,3.3489,33.3792,61.3782,90.9144,676.0,1092.0,2028.0,2340.0,12.0,18.0,108.0,180.0,216.0,1.5625,5.625,11.4,14.025,529.8459,1174.554,2111.136,2711.8476,19384.0,10068.0,15474.0,18576.0,79.0,168.0,306.0,396.0,474.0,1236.0,1842.0,2208.0,41.6017,89.4348,150.4086,186.1944,-7.26,-11.58,-16.74,114.0,234.0,378.0,18.0,42.0,72.0,3.0,5.88,11.28,0,0,0,0,0,0,0,0,0,0,0,0,0,0,0,1,0,0,0,0,0,0,0,0,0,0,0,0,0,0,0,0,0,0,0,0,0,0,0,0,0,0,0,0,0,0,0,0,0,0,0,0
YAGYUB01,3.3489,33.3792,61.3782,90.9144,676.0,1092.0,2028.0,2340.0,12.0,18.0,108.0,180.0,216.0,1.5625,5.625,11.4,14.025,529.8459,1174.554,2111.136,2711.8476,19384.0,10068.0,15474.0,18576.0,79.0,168.0,306.0,396.0,474.0,1236.0,1842.0,2208.0,41.6017,89.4348,150.4086,186.1944,-7.26,-11.58,-16.74,114.0,234.0,378.0,18.0,42.0,72.0,3.0,5.88,11.28,0,0,0,0,0,0,0,0,0,0,0,0,0,0,0,1,0,0,0,0,0,0,0,0,0,0,0,0,0,0,0,0,0,0,0,0,0,0,0,0,0,0,0,0,0,0,0,0,0,0,0,0
YAMXAL,3.3489,33.3792,65.331,103.029,676.0,1092.0,2184.0,1924.0,14.0,24.0,120.0,288.0,276.0,1.5625,5.625,13.475,16.1,418.4335,1003.4244,2027.174,3205.233,2084.0,5640.0,10706.0,13694.0,71.0,160.0,318.0,516.0,478.0,1392.0,2636.0,3802.0,27.3791,77.624,146.7398,220.318,-7.26,-10.08,-12.38,114.0,280.0,550.0,16.0,36.0,98.0,3.0,6.72,17.12,0,0,0,0,0,0,0,0,0,0,0,0,0,0,0,0,0,0,0,0,0,0,0,1,0,0,0,0,0,0,0,0,0,0,0,0,0,0,0,0,0,0,0,0,0,0,1,0,0,1,0,0
YECMAW,3.3489,33.3792,55.998,94.3548,676.0,1092.0,1872.0,2704.0,12.0,20.0,108.0,216.0,312.0,1.5625,5.625,11.55,17.15,641.7763,1509.4464,2653.3984,3793.7616,3200.0,8208.0,13750.0,18992.0,103.0,232.0,398.0,580.0,630.0,1692.0,2806.0,3892.0,44.2847,117.2944,195.283,270.8604,-7.26,-8.64,-14.96,114.0,240.0,416.0,18.0,36.0,68.0,3.0,5.76,11.28,0,0,0,0,0,0,0,0,0,0,0,0,0,0,0,0,0,0,0,0,0,0,0,1,0,0,0,0,0,0,0,0,0,0,0,0,1,0,0,0,0,0,0,0,0,0,0,0,0,0,0,0
YELWOC,3.3489,33.3792,55.998,94.9221,676.0,1092.0,1872.0,2184.0,12.0,21.0,108.0,234.0,306.0,1.5625,5.625,11.55,15.6375,377.5174,891.4704,1768.0926,2519.4228,1952.0,5178.0,9282.0,12222.0,62.0,138.0,270.0,390.0,408.0,1128.0,1986.0,2886.0,23.7454,66.7842,121.7574,175.1166,-7.26,-8.64,-13.44,114.0,240.0,462.0,18.0,33.0,75.0,3.0,5.76,13.74,0,0,0,0,0,0,0,0,0,0,1,0,0,0,0,0,0,0,0,1,0,0,0,0,0,0,0,0,0,0,0,0,0,0,0,0,0,0,0,0,0,0,0,0,0,0,0,0,0,0,0,0
YELWOC01,3.3489,33.3792,55.998,94.9221,676.0,1092.0,1872.0,2184.0,12.0,21.0,108.0,234.0,306.0,1.5625,5.625,11.55,15.6375,377.5174,891.4704,1768.0926,2519.4228,1952.0,5178.0,9282.0,12222.0,62.0,138.0,270.0,390.0,408.0,1128.0,1986.0,2886.0,23.7454,66.7842,121.7574,175.1166,-7.26,-8.64,-13.44,114.0,240.0,462.0,18.0,33.0,75.0,3.0,5.76,13.74,0,0,0,0,0,0,0,0,0,0,1,0,0,0,0,0,0,0,0,1,0,0,0,0,0,0,0,0,0,0,0,0,0,0,0,0,0,0,0,0,0,0,0,0,0,0,0,0,0,0,0,0
YELWUI,3.3489,33.3792,55.998,94.9221,676.0,1092.0,1872.0,2184.0,12.0,21.0,108.0,234.0,306.0,1.5625,5.625,11.55,15.6375,377.5174,891.4704,1768.0926,2519.4228,1952.0,5178.0,9282.0,12222.0,62.0,138.0,270.0,390.0,408.0,1128.0,1986.0,2886.0,23.7454,66.7842,121.7574,175.1166,-7.26,-8.64,-13.44,114.0,240.0,462.0,18.0,33.0,75.0,3.0,5.76,13.74,0,0,0,0,0,0,0,0,0,0,0,1,0,0,0,0,0,0,0,1,0,0,0,0,0,0,0,0,0,0,0,0,0,0,0,0,0,0,0,0,0,0,0,0,0,0,0,0,0,0,0,0
YELWUI02,3.3489,33.3792,55.998,94.9221,676.0,1092.0,1872.0,2184.0,12.0,21.0,108.0,234.0,306.0,1.5625,5.625,11.55,15.6375,377.5174,891.4704,1768.0926,2519.4228,1952.0,5178.0,9282.0,12222.0,62.0,138.0,270.0,390.0,408.0,1128.0,1986.0,2886.0,23.7454,66.7842,121.7574,175.1166,-7.26,-8.64,-13.44,114.0,240.0,462.0,18.0,33.0,75.0,3.0,5.76,13.74,0,0,0,0,0,0,0,0,0,0,0,1,0,0,0,0,0,0,0,1,0,0,0,0,0,0,0,0,0,0,0,0,0,0,0,0,0,0,0,0,0,0,0,0,0,0,0,0,0,0,0,0
YELXAP,3.3489,33.3792,55.998,94.9221,676.0,1092.0,1872.0,2184.0,12.0,21.0,108.0,234.0,306.0,1.5625,5.625,11.55,15.6375,377.5174,891.4704,1768.0926,2519.4228,1952.0,5178.0,9282.0,12222.0,62.0,138.0,270.0,390.0,408.0,1128.0,1986.0,2886.0,23.7454,66.7842,121.7574,175.1166,-7.26,-8.64,-13.44,114.0,240.0,462.0,18.0,33.0,75.0,3.0,5.76,13.74,0,0,0,0,0,0,0,1,0,0,0,0,0,0,0,0,0,0,0,1,0,0,0,0,0,0,0,0,0,0,0,0,0,0,0,0,0,0,0,0,0,0,0,0,0,0,0,0,0,0,0,0
YELXET,3.3489,33.3792,55.998,94.9221,676.0,1092.0,1872.0,2184.0,12.0,21.0,108.0,234.0,306.0,1.5625,5.625,11.55,15.6375,377.5174,891.4704,1768.0926,2519.4228,1952.0,5178.0,9282.0,12222.0,62.0,138.0,270.0,390.0,408.0,1128.0,1986.0,2886.0,23.7454,66.7842,121.7574,175.1166,-7.26,-8.64,-13.44,114.0,240.0,462.0,18.0,33.0,75.0,3.0,5.76,13.74,0,0,0,0,0,0,0,0,0,0,0,0,1,0,0,0,0,0,0,1,0,0,0,0,0,0,0,0,0,0,0,0,0,0,0,0,0,0,0,0,0,0,0,0,0,0,0,0,0,0,0,0
YELXET01,3.3489,33.3792,55.998,94.9221,676.0,1092.0,1872.0,2184.0,12.0,21.0,108.0,234.0,306.0,1.5625,5.625,11.55,15.6375,377.5174,891.4704,1768.0926,2519.4228,1952.0,5178.0,9282.0,12222.0,62.0,138.0,270.0,390.0,408.0,1128.0,1986.0,2886.0,23.7454,66.7842,121.7574,175.1166,-7.26,-8.64,-13.44,114.0,240.0,462.0,18.0,33.0,75.0,3.0,5.76,13.74,0,0,0,0,0,0,0,0,0,0,0,0,1,0,0,0,0,0,0,1,0,0,0,0,0,0,0,0,0,0,0,0,0,0,0,0,0,0,0,0,0,0,0,0,0,0,0,0,0,0,0,0
YEQKIR,3.3489,33.3792,61.3782,90.9144,676.0,1092.0,2028.0,2340.0,12.0,18.0,108.0,180.0,216.0,1.5625,5.625,11.4,14.025,613.5273,1373.148,2481.69,3338.9448,2764.0,6900.0,11574.0,14424.0,97.0,204.0,378.0,504.0,582.0,1524.0,2310.0,2784.0,35.8633,93.87,156.0018,205.5768,-7.26,-11.58,-16.74,114.0,234.0,378.0,18.0,42.0,72.0,3.0,5.88,11.28,0,0,0,0,0,0,0,0,0,0,0,0,0,0,0,1,0,0,0,0,0,0,0,0,0,0,0,0,0,0,0,0,0,0,0,0,0,0,0,0,0,0,0,0,0,0,0,0,0,0,0,0
YIMYEZ,3.3489,33.3792,61.3782,91.4085,676.0,1092.0,2028.0,2730.0,12.0,20.0,108.0,216.0,354.0,1.5625,5.625,11.4,17.75,438.1931,1049.8596,2041.8096,2812.062,2232.0,5964.0,11070.0,15012.0,71.0,160.0,306.0,412.0,466.0,1276.0,2250.0,3192.0,28.1087,78.368,141.4506,196.7668,-7.26,-11.58,-13.35,114.0,234.0,415.0,18.0,36.0,61.0,3.0,5.88,10.8,0,0,0,0,0,0,0,0,0,0,0,0,0,0,0,1,0,0,0,0,0,0,0,0,0,0,0,0,0,0,0,0,0,0,0,0,0,0,0,0,0,0,0,0,0,0,0,0,0,0,0,0
YIMYEZ01,3.3489,33.3792,61.3782,91.4085,676.0,1092.0,2028.0,2730.0,12.0,20.0,108.0,216.0,354.0,1.5625,5.625,11.4,17.75,438.1931,1049.8596,2041.8096,2812.062,2232.0,5964.0,11070.0,15012.0,71.0,160.0,306.0,412.0,466.0,1276.0,2250.0,3192.0,28.1087,78.368,141.4506,196.7668,-7.26,-11.58,-13.35,114.0,234.0,415.0,18.0,36.0,61.0,3.0,5.88,10.8,0,0,0,0,0,0,0,0,0,0,0,0,0,0,0,1,0,0,0,0,0,0,0,0,0,0,0,0,0,0,0,0,0,0,0,0,0,0,0,0,0,0,0,0,0,0,0,0,0,0,0,0
YIMYEZ02,3.3489,33.3792,61.3782,91.4085,676.0,1092.0,2028.0,2730.0,12.0,20.0,108.0,216.0,354.0,1.5625,5.625,11.4,17.75,438.1931,1049.8596,2041.8096,2812.062,2232.0,5964.0,11070.0,15012.0,71.0,160.0,306.0,412.0,466.0,1276.0,2250.0,3192.0,28.1087,78.368,141.4506,196.7668,-7.26,-11.58,-13.35,114.0,234.0,415.0,18.0,36.0,61.0,3.0,5.88,10.8,0,0,0,0,0,0,0,0,0,0,0,0,0,0,0,1,0,0,0,0,0,0,0,0,0,0,0,0,0,0,0,0,0,0,0,0,0,0,0,0,0,0,0,0,0,0,0,0,0,0,0,0
YIMYID02,3.3489,33.3792,61.3782,91.4085,676.0,1092.0,2028.0,2730.0,12.0,20.0,108.0,216.0,354.0,1.5625,5.625,11.4,17.75,486.7406,1156.1946,2240.6196,3036.03,2346.0,6252.0,11556.0,15708.0,80.0,178.0,342.0,448.0,520.0,1402.0,2430.0,3444.0,30.7088,85.3442,152.739,212.3992,-7.26,-11.58,-13.35,114.0,234.0,415.0,18.0,36.0,61.0,3.0,5.88,10.8,0,0,0,0,0,0,0,0,0,0,0,0,0,0,0,1,0,0,0,0,0,0,0,0,0,0,0,0,0,0,0,0,0,0,0,1,0,0,0,0,0,0,0,0,0,0,0,0,0,0,0,0
YIMYID04,3.3489,33.3792,61.3782,91.4085,676.0,1092.0,2028.0,2730.0,12.0,20.0,108.0,216.0,354.0,1.5625,5.625,11.4,17.75,486.7406,1156.1946,2240.6196,3036.03,2346.0,6252.0,11556.0,15708.0,80.0,178.0,342.0,448.0,520.0,1402.0,2430.0,3444.0,30.7088,85.3442,152.739,212.3992,-7.26,-11.58,-13.35,114.0,234.0,415.0,18.0,36.0,61.0,3.0,5.88,10.8,0,0,0,0,0,0,0,0,0,0,0,0,0,0,0,1,0,0,0,0,0,0,0,0,0,0,0,0,0,0,0,0,0,0,0,1,0,0,0,0,0,0,0,0,0,0,0,0,0,0,0,0
YIMYOJ,3.3489,33.3792,61.3782,91.4085,676.0,1092.0,2028.0,2730.0,12.0,20.0,108.0,216.0,354.0,1.5625,5.625,11.4,17.75,466.2092,1106.7646,2139.3496,2997.3826,2334.0,6160.0,11446.0,15838.0,75.0,168.0,320.0,436.0,488.0,1336.0,2354.0,3384.0,29.5083,81.788,147.4384,208.1472,-7.26,-11.58,-13.35,114.0,234.0,415.0,18.0,36.0,61.0,3.0,5.88,10.8,0,0,0,0,0,0,0,0,0,0,0,0,0,0,0,1,0,0,0,0,0,0,0,0,0,0,0,0,0,0,0,0,0,0,0,1,0,0,0,0,0,0,0,0,0,0,0,0,0,0,0,0
YIVSEB,3.3489,33.3792,55.998,87.4557,676.0,1092.0,1872.0,2574.0,12.0,18.0,108.0,216.0,288.0,1.5625,5.625,11.55,15.675,435.0156,1018.482,1909.7202,2523.897,2266.0,5898.0,10398.0,14058.0,70.0,156.0,288.0,378.0,444.0,1188.0,2010.0,2790.0,28.4278,77.3184,134.9592,184.2174,-7.26,-8.64,-14.85,114.0,240.0,369.0,18.0,36.0,60.0,3.0,5.76,9.96,0,0,0,0,0,0,0,0,0,0,0,0,0,0,0,1,0,0,0,0,0,0,0,0,0,0,0,0,0,0,0,0,0,0,0,0,0,0,0,0,0,0,0,0,0,0,0,0,0,0,0,0
YUJBUB,3.3489,33.3792,61.3782,92.049,676.0,1092.0,2028.0,2860.0,12.0,20.0,108.0,216.0,372.0,1.5625,5.625,11.4,18.25,438.1931,1049.8596,2041.8096,2811.558,2232.0,5964.0,11070.0,15212.0,71.0,160.0,306.0,412.0,466.0,1276.0,2250.0,3204.0,28.1087,78.368,141.4506,197.1508,-7.26,-11.58,-13.7,114.0,234.0,410.0,18.0,36.0,58.0,3.0,5.88,10.4,0,0,0,0,0,0,0,0,0,0,0,0,0,0,0,1,0,0,0,0,0,0,0,0,0,0,0,0,0,0,0,0,0,0,0,0,0,0,0,0,0,0,0,0,0,0,0,0,0,0,0,0
YUJBUB01,3.3489,33.3792,61.3782,92.049,676.0,1092.0,2028.0,2860.0,12.0,20.0,108.0,216.0,372.0,1.5625,5.625,11.4,18.25,438.1931,1049.8596,2041.8096,2811.558,2232.0,5964.0,11070.0,15212.0,71.0,160.0,306.0,412.0,466.0,1276.0,2250.0,3204.0,28.1087,78.368,141.4506,197.1508,-7.26,-11.58,-13.7,114.0,234.0,410.0,18.0,36.0,58.0,3.0,5.88,10.4,0,0,0,0,0,0,0,0,0,0,0,0,0,0,0,1,0,0,0,0,0,0,0,0,0,0,0,0,0,0,0,0,0,0,0,0,0,0,0,0,0,0,0,0,0,0,0,0,0,0,0,0
YUYHOR,3.3489,33.3792,54.717,66.3924,676.0,1092.0,1612.0,1144.0,12.0,16.0,108.0,204.0,180.0,1.5625,5.625,10.55,10.6,287.3217,645.7894,1312.1884,1918.4048,1620.0,4216.0,7082.0,7972.0,49.0,106.0,206.0,304.0,312.0,864.0,1486.0,1900.0,19.1545,52.4626,92.8262,128.432,-7.26,-7.94,-7.0,114.0,250.0,372.0,18.0,38.0,66.0,3.0,6.56,11.52,0,0,0,0,0,0,0,0,0,0,0,0,0,0,0,0,0,0,0,0,0,0,0,0,0,0,0,0,0,0,0,0,0,0,0,0,0,0,0,0,0,0,0,0,0,0,0,0,0,0,0,0
YUYHOR01,3.3489,33.3792,54.717,66.3924,676.0,1092.0,1612.0,1144.0,12.0,16.0,108.0,204.0,180.0,1.5625,5.625,10.55,10.6,287.3217,645.7894,1312.1884,1918.4048,1620.0,4216.0,7082.0,7972.0,49.0,106.0,206.0,304.0,312.0,864.0,1486.0,1900.0,19.1545,52.4626,92.8262,128.432,-7.26,-7.94,-7.0,114.0,250.0,372.0,18.0,38.0,66.0,3.0,6.56,11.52,0,0,0,0,0,0,0,0,0,0,0,0,0,0,0,0,0,0,0,0,0,0,0,0,0,0,0,0,0,0,0,0,0,0,0,0,0,0,0,0,0,0,0,0,0,0,0,0,0,0,0,0
YUZTIX,3.3489,33.3792,59.5848,72.102,676.0,1092.0,1976.0,1976.0,12.0,16.0,108.0,216.0,240.0,1.5625,5.625,11.45,13.4,438.4881,1058.1812,1947.0704,2671.6332,2440.0,6416.0,11406.0,13684.0,69.0,160.0,286.0,400.0,446.0,1236.0,2182.0,2804.0,30.5709,83.356,146.3534,191.4752,-7.26,-10.6,-10.12,114.0,236.0,340.0,18.0,36.0,56.0,3.0,5.84,9.28,0,0,0,0,0,0,0,0,0,0,0,0,0,0,0,0,0,0,0,0,0,0,0,1,0,0,0,0,0,0,0,0,0,0,0,0,0,0,0,0,0,0,0,0,0,0,0,0,0,0,0,0
YUZTOD,3.3489,33.3792,59.5848,72.102,676.0,1092.0,1976.0,1976.0,12.0,16.0,108.0,216.0,240.0,1.5625,5.625,11.45,13.4,438.4881,1058.1812,1947.0704,2671.6332,2440.0,6416.0,11406.0,13684.0,69.0,160.0,286.0,400.0,446.0,1236.0,2182.0,2804.0,30.5709,83.356,146.3534,191.4752,-7.26,-10.6,-10.12,114.0,236.0,340.0,18.0,36.0,56.0,3.0,5.84,9.28,0,0,0,0,0,0,0,0,0,0,0,0,0,0,0,1,0,0,0,0,0,0,0,0,0,0,0,0,0,0,0,0,0,0,0,0,0,0,0,0,0,0,0,0,0,0,0,0,0,0,0,0
YUZTUJ,3.3489,33.3792,59.5848,72.102,676.0,1092.0,1976.0,1976.0,12.0,16.0,108.0,216.0,240.0,1.5625,5.625,11.45,13.4,443.3281,1071.5572,1969.5104,2713.4332,2441.0,6430.0,11430.0,13712.0,70.0,162.0,290.0,408.0,452.0,1254.0,2210.0,2834.0,30.7078,83.911,147.493,193.1624,-7.26,-10.6,-10.12,114.0,236.0,340.0,18.0,36.0,56.0,3.0,5.84,9.28,0,0,0,0,0,0,0,0,0,0,0,0,0,0,0,1,0,0,0,0,0,0,0,0,0,0,0,0,0,0,0,0,0,0,0,1,0,0,0,0,0,0,0,0,0,0,0,0,0,1,0,0
ZEQMEP02,3.3489,33.3792,61.3782,93.33,676.0,1092.0,2028.0,3120.0,12.0,20.0,108.0,216.0,408.0,1.5625,5.625,11.4,19.25,535.2881,1262.5296,2441.4876,3296.706,2460.0,6540.0,12102.0,17280.0,89.0,196.0,378.0,484.0,574.0,1528.0,2610.0,3840.0,33.3089,92.3204,163.9314,230.9332,-7.26,-11.58,-14.4,114.0,234.0,400.0,18.0,36.0,52.0,3.0,5.88,9.6,0,0,0,0,0,0,0,0,0,0,0,0,0,0,0,0,0,0,0,0,0,0,0,1,0,0,0,0,0,0,0,0,0,0,0,0,0,0,0,0,0,0,0,0,0,0,0,0,0,0,0,0
ZIKKUC,3.3489,33.3792,57.7914,75.1764,676.0,1092.0,1924.0,2288.0,12.0,16.0,108.0,216.0,264.0,1.5625,5.625,11.5,14.35,570.1021,1358.2788,2453.8892,3317.3132,2912.0,7548.0,13114.0,16716.0,91.0,208.0,370.0,504.0,578.0,1568.0,2682.0,3496.0,38.9955,105.5944,182.0066,238.7528,-7.26,-9.62,-11.8,114.0,238.0,328.0,18.0,36.0,52.0,3.0,5.8,8.52,0,0,0,0,0,0,0,0,0,0,0,0,0,0,0,0,0,0,0,0,0,0,0,1,0,0,0,0,0,0,0,0,0,0,0,0,1,0,0,0,0,0,0,0,0,0,0,0,0,0,0,0
ZIKKUC04,3.3489,33.3792,57.7914,75.1764,676.0,1092.0,1924.0,2288.0,12.0,16.0,108.0,216.0,264.0,1.5625,5.625,11.5,14.35,570.1021,1358.2788,2453.8892,3317.3132,2912.0,7548.0,13114.0,16716.0,91.0,208.0,370.0,504.0,578.0,1568.0,2682.0,3496.0,38.9955,105.5944,182.0066,238.7528,-7.26,-9.62,-11.8,114.0,238.0,328.0,18.0,36.0,52.0,3.0,5.8,8.52,0,0,0,0,0,0,0,0,0,0,0,0,0,0,0,0,0,0,0,0,0,0,0,1,0,0,0,0,0,0,0,0,0,0,0,0,1,0,0,0,0,0,0,0,0,0,0,0,0,0,0,0
ZIKMAK05,3.3489,33.3792,57.7914,75.1764,676.0,1092.0,1924.0,2288.0,12.0,16.0,108.0,216.0,264.0,1.5625,5.625,11.5,14.35,570.1021,1358.2788,2453.8892,3317.3132,2912.0,7548.0,13114.0,16716.0,91.0,208.0,370.0,504.0,578.0,1568.0,2682.0,3496.0,38.9955,105.5944,182.0066,238.7528,-7.26,-9.62,-11.8,114.0,238.0,328.0,18.0,36.0,52.0,3.0,5.8,8.52,0,0,0,0,0,0,0,0,0,0,0,0,0,0,0,0,0,0,0,0,0,0,0,1,0,0,0,0,0,0,0,0,0,0,0,0,0,0,0,0,0,0,0,0,0,0,0,0,0,0,0,0
ZIKMAK09,3.3489,33.3792,57.7914,75.1764,676.0,1092.0,1924.0,2288.0,12.0,16.0,108.0,216.0,264.0,1.5625,5.625,11.5,14.35,570.1021,1358.2788,2453.8892,3317.3132,2912.0,7548.0,13114.0,16716.0,91.0,208.0,370.0,504.0,578.0,1568.0,2682.0,3496.0,38.9955,105.5944,182.0066,238.7528,-7.26,-9.62,-11.8,114.0,238.0,328.0,18.0,36.0,52.0,3.0,5.8,8.52,0,0,0,0,0,0,0,0,0,0,0,0,0,0,0,0,0,0,0,0,0,0,0,1,0,0,0,0,0,0,0,0,0,0,0,0,0,0,0,0,0,0,0,0,0,0,0,0,0,0,0,0
ZIMMAJ,3.3489,33.3792,55.998,85.5342,676.0,1092.0,1872.0,2184.0,12.0,18.0,108.0,216.0,252.0,1.5625,5.625,11.55,14.175,318.4131,770.7954,1458.0912,1956.9012,1930.0,5076.0,9138.0,11214.0,49.0,114.0,210.0,294.0,324.0,918.0,1674.0,2130.0,21.4489,59.8098,109.0098,142.0254,-7.26,-8.64,-13.8,114.0,240.0,384.0,18.0,36.0,66.0,3.0,5.76,11.16,0,0,0,0,1,0,0,0,0,0,0,0,0,0,0,0,0,0,0,0,0,0,0,0,0,0,0,0,0,0,0,0,0,0,0,0,0,0,0,0,0,0,0,0,0,0,0,0,0,0,0,0
ZOKBOQ,3.3489,33.3792,55.998,96.1482,676.0,1092.0,1872.0,2756.0,12.0,20.0,108.0,216.0,336.0,1.5625,5.625,11.55,17.1,373.4631,903.1404,1735.4912,2441.2164,2080.0,5508.0,9866.0,13336.0,59.0,136.0,258.0,372.0,394.0,1108.0,1994.0,2748.0,24.6419,69.1576,126.429,174.914,-7.26,-8.64,-15.94,114.0,240.0,414.0,18.0,36.0,64.0,3.0,5.76,11.32,0,0,0,0,0,0,0,0,0,0,0,0,0,0,0,0,0,0,0,0,1,0,0,0,0,0,0,0,0,0,0,0,0,0,0,0,0,0,0,0,0,0,0,0,0,0,0,0,0,0,0,0
ZOYKUV,3.3489,33.3792,48.4584,56.6202,676.0,1092.0,1612.0,2184.0,10.0,12.0,96.0,156.0,168.0,1.5625,5.625,9.575,11.125,934.0563,2064.3372,3772.7028,5246.3608,4170.0,9396.0,14166.0,17632.0,157.0,328.0,610.0,872.0,938.0,2484.0,3640.0,4192.0,57.9243,149.0844,241.243,304.7772,-7.26,-8.18,-8.98,114.0,198.0,228.0,20.0,34.0,44.0,3.0,4.84,6.1,0,0,0,0,0,0,0,0,0,0,0,0,0,0,0,0,0,0,0,0,0,0,0,0,0,0,0,0,0,0,0,0,0,0,0,0,0,0,0,0,0,0,0,0,0,0,0,0,0,0,0,0
ZOYKUV01,3.3489,33.3792,48.4584,56.6202,676.0,1092.0,1612.0,2184.0,10.0,12.0,96.0,156.0,168.0,1.5625,5.625,9.575,11.125,934.0563,2064.3372,3772.7028,5246.3608,4170.0,9396.0,14166.0,17632.0,157.0,328.0,610.0,872.0,938.0,2484.0,3640.0,4192.0,57.9243,149.0844,241.243,304.7772,-7.26,-8.18,-8.98,114.0,198.0,228.0,20.0,34.0,44.0,3.0,4.84,6.1,0,0,0,0,0,0,0,0,0,0,0,0,0,0,0,0,0,0,0,0,0,0,0,0,0,0,0,0,0,0,0,0,0,0,0,0,0,0,0,0,0,0,0,0,0,0,0,0,0,0,0,0
ZUBNAO,3.3489,33.3792,46.665,62.8788,676.0,1092.0,1560.0,2184.0,10.0,14.0,96.0,168.0,180.0,1.5625,5.625,9.625,12.1,628.0977,1489.7884,2630.1372,3628.5256,3726.0,8644.0,14074.0,18316.0,101.0,232.0,402.0,568.0,634.0,1716.0,2872.0,3664.0,46.8515,122.162,205.1702,271.8908,-7.26,-7.2,-8.74,114.0,200.0,280.0,20.0,32.0,54.0,3.0,4.8,7.82,0,0,0,0,0,0,0,0,0,0,0,0,0,0,0,0,0,0,0,0,0,0,0,0,0,0,0,0,0,0,0,0,0,0,0,0,0,0,0,0,0,0,0,0,0,0,0,0,0,1,0,0
ZUBNAO01,3.3489,33.3792,46.665,62.8788,676.0,1092.0,1560.0,2184.0,10.0,14.0,96.0,168.0,180.0,1.5625,5.625,9.625,12.1,628.0977,1489.7884,2630.1372,3628.5256,3726.0,8644.0,14074.0,18316.0,101.0,232.0,402.0,568.0,634.0,1716.0,2872.0,3664.0,46.8515,122.162,205.1702,271.8908,-7.26,-7.2,-8.74,114.0,200.0,280.0,20.0,32.0,54.0,3.0,4.8,7.82,0,0,0,0,0,0,0,0,0,0,0,0,0,0,0,0,0,0,0,0,0,0,0,0,0,0,0,0,0,0,0,0,0,0,0,0,0,0,0,0,0,0,0,0,0,0,0,0,0,1,0,0
ZUBNES,3.3489,33.3792,46.665,62.8788,676.0,1092.0,1560.0,2184.0,10.0,14.0,96.0,168.0,180.0,1.5625,5.625,9.625,12.1,628.0977,1489.7884,2630.1372,3628.5256,3726.0,8644.0,14074.0,18316.0,101.0,232.0,402.0,568.0,634.0,1716.0,2872.0,3664.0,46.8515,122.162,205.1702,271.8908,-7.26,-7.2,-8.74,114.0,200.0,280.0,20.0,32.0,54.0,3.0,4.8,7.82,0,0,0,0,0,0,0,0,0,0,0,0,0,0,0,0,0,0,0,0,0,0,0,0,0,0,0,0,0,0,0,0,0,0,0,0,0,0,0,0,0,0,0,0,0,0,1,0,0,0,0,0
ZUBNIW01,3.3489,33.3792,46.665,62.8788,676.0,1092.0,1560.0,2184.0,10.0,14.0,96.0,168.0,180.0,1.5625,5.625,9.625,12.1,628.0977,1489.7884,2630.1372,3628.5256,3726.0,8644.0,14074.0,18316.0,101.0,232.0,402.0,568.0,634.0,1716.0,2872.0,3664.0,46.8515,122.162,205.1702,271.8908,-7.26,-7.2,-8.74,114.0,200.0,280.0,20.0,32.0,54.0,3.0,4.8,7.82,0,0,0,0,0,0,0,0,0,0,0,0,0,0,0,0,0,0,0,0,0,0,0,0,0,0,0,0,0,0,0,0,0,0,0,0,0,0,0,0,0,0,0,0,0,0,1,0,0,0,0,0
ZUBNOC,3.3489,33.3792,46.665,62.8788,676.0,1092.0,1560.0,2184.0,10.0,14.0,96.0,168.0,180.0,1.5625,5.625,9.625,12.1,628.0977,1489.7884,2630.1372,3628.5256,3726.0,8644.0,14074.0,18316.0,101.0,232.0,402.0,568.0,634.0,1716.0,2872.0,3664.0,46.8515,122.162,205.1702,271.8908,-7.26,-7.2,-8.74,114.0,200.0,280.0,20.0,32.0,54.0,3.0,4.8,7.82,0,0,0,0,0,0,0,0,0,0,0,0,0,0,0,0,0,0,0,0,0,0,0,0,0,0,0,0,0,0,0,0,0,0,0,0,0,0,0,0,0,0,0,0,0,0,0,0,0,0,0,0
ZUCROE,3.3489,33.3792,48.4584,56.5104,676.0,1092.0,1612.0,1664.0,10.0,12.0,96.0,156.0,192.0,1.5625,5.625,9.575,10.5,635.8209,1407.7912,2328.5596,3184.3108,3412.0,8104.0,12642.0,15800.0,97.0,212.0,346.0,476.0,558.0,1456.0,2284.0,2792.0,45.1049,111.5404,176.197,228.9588,-7.26,-8.18,-8.92,114.0,198.0,248.0,20.0,34.0,40.0,3.0,4.84,6.6,0,0,0,0,0,0,0,0,0,0,0,0,0,0,0,0,0,0,0,0,0,0,0,0,0,0,0,0,0,0,0,0,0,0,0,0,0,0,0,0,0,0,0,0,0,0,0,0,0,0,0,0
ZUCROE01,3.3489,33.3792,48.4584,56.5104,676.0,1092.0,1612.0,1664.0,10.0,12.0,96.0,156.0,192.0,1.5625,5.625,9.575,10.5,635.8209,1407.7912,2328.5596,3184.3108,3412.0,8104.0,12642.0,15800.0,97.0,212.0,346.0,476.0,558.0,1456.0,2284.0,2792.0,45.1049,111.5404,176.197,228.9588,-7.26,-8.18,-8.92,114.0,198.0,248.0,20.0,34.0,40.0,3.0,4.84,6.6,0,0,0,0,0,0,0,0,0,0,0,0,0,0,0,0,0,0,0,0,0,0,0,0,0,0,0,0,0,0,0,0,0,0,0,0,0,0,0,0,0,0,0,0,0,0,0,0,0,0,0,0
