ccdc_id,misc-dent-ax,misc-dent-eq,f-chi-0-ax,f-chi-1-ax,f-chi-2-ax,f-chi-3-ax,f-Z-0-ax,f-Z-1-ax,f-Z-2-ax,f-Z-3-ax,f-I-0-ax,f-I-1-ax,f-I-2-ax,f-I-3-ax,f-T-0-ax,f-T-1-ax,f-T-2-ax,f-T-3-ax,f-S-0-ax,f-S-1-ax,f-S-2-ax,f-S-3-ax,f-chi-0-eq,f-chi-1-eq,f-chi-2-eq,f-chi-3-eq,f-Z-0-eq,f-Z-1-eq,f-Z-2-eq,f-Z-3-eq,f-I-0-eq,f-I-1-eq,f-I-2-eq,f-I-3-eq,f-T-0-eq,f-T-1-eq,f-T-2-eq,f-T-3-eq,f-S-0-eq,f-S-1-eq,f-S-2-eq,f-S-3-eq,lc-chi-0-ax,lc-chi-1-ax,lc-chi-2-ax,lc-chi-3-ax,lc-Z-0-ax,lc-Z-1-ax,lc-Z-2-ax,lc-Z-3-ax,lc-I-1-ax,lc-I-2-ax,lc-I-3-ax,lc-T-0-ax,lc-T-1-ax,lc-T-2-ax,lc-T-3-ax,lc-S-0-ax,lc-S-1-ax,lc-S-2-ax,lc-S-3-ax,lc-chi-0-eq,lc-chi-1-eq,lc-chi-2-eq,lc-chi-3-eq,lc-Z-0-eq,lc-Z-1-eq,lc-Z-2-eq,lc-Z-3-eq,lc-I-1-eq,lc-I-2-eq,lc-I-3-eq,lc-T-0-eq,lc-T-1-eq,lc-T-2-eq,lc-T-3-eq,lc-S-0-eq,lc-S-1-eq,lc-S-2-eq,lc-S-3-eq,mc-chi-0-all,mc-chi-1-all,mc-chi-2-all,mc-chi-3-all,mc-Z-0-all,mc-Z-1-all,mc-Z-2-all,mc-Z-3-all,mc-I-2-all,mc-I-3-all,mc-T-1-all,mc-T-2-all,mc-T-3-all,mc-S-0-all,mc-S-1-all,mc-S-2-all,mc-S-3-all,f-chi-0-all,f-chi-1-all,f-chi-2-all,f-chi-3-all,f-Z-0-all,f-Z-1-all,f-Z-2-all,f-Z-3-all,f-I-0-all,f-I-1-all,f-I-2-all,f-I-3-all,f-T-0-all,f-T-1-all,f-T-2-all,f-T-3-all,f-S-0-all,f-S-1-all,f-S-2-all,f-S-3-all,D_lc-chi-1-ax,D_lc-chi-2-ax,D_lc-chi-3-ax,D_lc-Z-1-ax,D_lc-Z-2-ax,D_lc-Z-3-ax,D_lc-T-1-ax,D_lc-T-2-ax,D_lc-T-3-ax,D_lc-S-1-ax,D_lc-S-2-ax,D_lc-S-3-ax,D_lc-chi-1-eq,D_lc-chi-2-eq,D_lc-chi-3-eq,D_lc-Z-1-eq,D_lc-Z-2-eq,D_lc-Z-3-eq,D_lc-T-1-eq,D_lc-T-2-eq,D_lc-T-3-eq,D_lc-S-1-eq,D_lc-S-2-eq,D_lc-S-3-eq,D_mc-chi-1-all,D_mc-chi-2-all,D_mc-chi-3-all,D_mc-Z-1-all,D_mc-Z-2-all,D_mc-Z-3-all,D_mc-T-1-all,D_mc-T-2-all,D_mc-T-3-all,D_mc-S-1-all,D_mc-S-2-all,D_mc-S-3-all,ion_1,ion_2,ion_3,ion_4,ion_5,ion_6,ion_7,ion_8,ion_9,ion_10,ion_11,ion_12,ion_13,ion_14,ion_15,ion_16,ion_17,ion_18,ion_19,ion_20,ion_21,ion_22,ion_23,ion_24,ion_25,ion_26,ion_27,ion_28,ion_29,ion_30,ion_31,solv_1,solv_2,solv_3,solv_4,solv_5,solv_6,solv_7,solv_8,solv_9,solv_10,solv_11,solv_12,solv_13,solv_14,solv_15,solv_16,solv_17,solv_18,solv_19,solv_20,solv_21
ABISOV,4.0,2.0,241.1314,536.571,872.502,1067.7756,862.0,2052.0,2760.0,2748.0,40.0,84.0,138.0,174.0,222.0,552.0,774.0,852.0,15.3864,38.4384,56.4054,62.9958,95.3108,197.965,301.2916,355.9252,514.666667,868.0,1069.333333,916.0,15.333333,30.666667,47.333333,58.0,78.0,189.333333,259.333333,284.0,6.592667,14.63,19.8218,20.9986,9.2416,15.504,29.944,43.7456,49.0,84.0,133.0,119.0,2.0,4.0,6.0,4.0,12.0,22.0,20.0,0.5625,1.155,2.01,2.25,9.2416,11.628,20.783467,15.787733,49.0,63.0,124.833333,65.333333,1.5,2.833333,2.0,2.833333,9.333333,11.833333,10.833333,0.5625,0.86625,1.41125,0.945,3.3489,33.3792,51.3315,73.6758,676.0,1092.0,1716.0,2002.0,11.0,17.0,102.0,204.0,174.0,1.5625,5.625,10.5875,12.4875,289.2813,660.6534,1283.7858,1919.3736,2220.0,4788.0,8110.0,10574.0,47.0,104.0,194.0,300.0,298.0,840.0,1524.0,2016.0,21.3405,55.14,97.5154,141.1908,0.98,2.31,3.85,2.0,9.0,25.0,-2.0,-3.0,2.0,-0.04,0.32,1.5,0.735,1.776667,0.886667,1.5,2.0,4.666667,-1.5,1.5,0.833333,-0.03,0.243333,0.24,-7.26,-7.92,-9.15,114.0,220.0,365.0,19.0,32.0,73.0,3.0,5.28,11.26,0,0,0,0,0,0,0,0,0,0,0,0,0,0,0,0,0,0,0,0,0,0,0,0,0,0,0,0,0,0,0,0,0,0,0,0,0,0,0,0,0,0,1,0,0,0,0,0,0,0,0,0
ABISOV02,4.0,2.0,241.1314,536.571,872.502,1067.7756,862.0,2052.0,2760.0,2748.0,40.0,84.0,138.0,174.0,222.0,552.0,774.0,852.0,15.3864,38.4384,56.4054,62.9958,95.3108,197.965,301.2916,355.9252,514.666667,868.0,1069.333333,916.0,15.333333,30.666667,47.333333,58.0,78.0,189.333333,259.333333,284.0,6.592667,14.63,19.8218,20.9986,9.2416,15.504,29.944,43.7456,49.0,84.0,133.0,119.0,2.0,4.0,6.0,4.0,12.0,22.0,20.0,0.5625,1.155,2.01,2.25,9.2416,11.628,20.783467,15.787733,49.0,63.0,124.833333,65.333333,1.5,2.833333,2.0,2.833333,9.333333,11.833333,10.833333,0.5625,0.86625,1.41125,0.945,3.3489,33.3792,51.3315,73.6758,676.0,1092.0,1716.0,2002.0,11.0,17.0,102.0,204.0,174.0,1.5625,5.625,10.5875,12.4875,289.2813,660.6534,1283.7858,1919.3736,2220.0,4788.0,8110.0,10574.0,47.0,104.0,194.0,300.0,298.0,840.0,1524.0,2016.0,21.3405,55.14,97.5154,141.1908,0.98,2.31,3.85,2.0,9.0,25.0,-2.0,-3.0,2.0,-0.04,0.32,1.5,0.735,1.776667,0.886667,1.5,2.0,4.666667,-1.5,1.5,0.833333,-0.03,0.243333,0.24,-7.26,-7.92,-9.15,114.0,220.0,365.0,19.0,32.0,73.0,3.0,5.28,11.26,0,0,0,0,0,0,0,0,0,0,0,0,0,0,0,0,0,0,0,0,0,0,0,0,0,0,0,0,0,0,0,0,0,0,0,0,0,0,0,0,0,0,1,0,0,0,0,0,0,0,0,0
ABITEM,4.0,2.0,241.1314,536.571,872.502,1067.7756,862.0,2052.0,2760.0,2748.0,40.0,84.0,138.0,174.0,222.0,552.0,774.0,852.0,15.3864,38.4384,56.4054,62.9958,95.3108,197.965,301.2916,355.9252,514.666667,868.0,1069.333333,916.0,15.333333,30.666667,47.333333,58.0,78.0,189.333333,259.333333,284.0,6.592667,14.63,19.8218,20.9986,9.2416,15.504,29.944,43.7456,49.0,84.0,133.0,119.0,2.0,4.0,6.0,4.0,12.0,22.0,20.0,0.5625,1.155,2.01,2.25,9.2416,11.628,20.783467,15.787733,49.0,63.0,124.833333,65.333333,1.5,2.833333,2.0,2.833333,9.333333,11.833333,10.833333,0.5625,0.86625,1.41125,0.945,3.3489,33.3792,51.3315,73.6758,676.0,1092.0,1716.0,2002.0,11.0,17.0,102.0,204.0,174.0,1.5625,5.625,10.5875,12.4875,289.2813,660.6534,1283.7858,1919.3736,2220.0,4788.0,8110.0,10574.0,47.0,104.0,194.0,300.0,298.0,840.0,1524.0,2016.0,21.3405,55.14,97.5154,141.1908,0.98,2.31,3.85,2.0,9.0,25.0,-2.0,-3.0,2.0,-0.04,0.32,1.5,0.735,1.776667,0.886667,1.5,2.0,4.666667,-1.5,1.5,0.833333,-0.03,0.243333,0.24,-7.26,-7.92,-9.15,114.0,220.0,365.0,19.0,32.0,73.0,3.0,5.28,11.26,0,0,0,0,0,0,0,0,0,0,0,0,0,0,0,0,0,0,0,0,0,0,0,0,0,0,0,0,0,0,0,0,0,0,0,0,0,0,0,0,0,1,0,0,0,0,0,0,0,0,0,0
ABITEM01,4.0,2.0,241.1314,536.571,872.502,1067.7756,862.0,2052.0,2760.0,2748.0,40.0,84.0,138.0,174.0,222.0,552.0,774.0,852.0,15.3864,38.4384,56.4054,62.9958,95.3108,197.965,301.2916,355.9252,514.666667,868.0,1069.333333,916.0,15.333333,30.666667,47.333333,58.0,78.0,189.333333,259.333333,284.0,6.592667,14.63,19.8218,20.9986,9.2416,15.504,29.944,43.7456,49.0,84.0,133.0,119.0,2.0,4.0,6.0,4.0,12.0,22.0,20.0,0.5625,1.155,2.01,2.25,9.2416,11.628,20.783467,15.787733,49.0,63.0,124.833333,65.333333,1.5,2.833333,2.0,2.833333,9.333333,11.833333,10.833333,0.5625,0.86625,1.41125,0.945,3.3489,33.3792,51.3315,73.6758,676.0,1092.0,1716.0,2002.0,11.0,17.0,102.0,204.0,174.0,1.5625,5.625,10.5875,12.4875,289.2813,660.6534,1283.7858,1919.3736,2220.0,4788.0,8110.0,10574.0,47.0,104.0,194.0,300.0,298.0,840.0,1524.0,2016.0,21.3405,55.14,97.5154,141.1908,0.98,2.31,3.85,2.0,9.0,25.0,-2.0,-3.0,2.0,-0.04,0.32,1.5,0.735,1.776667,0.886667,1.5,2.0,4.666667,-1.5,1.5,0.833333,-0.03,0.243333,0.24,-7.26,-7.92,-9.15,114.0,220.0,365.0,19.0,32.0,73.0,3.0,5.28,11.26,0,0,0,0,0,0,0,0,0,0,0,0,0,0,0,0,0,0,0,0,0,0,0,0,0,0,0,0,0,0,0,0,0,0,0,0,0,0,0,0,0,1,0,0,0,0,0,0,0,0,0,0
ABITUC,4.0,2.0,241.1314,536.571,872.502,1067.7756,862.0,2052.0,2760.0,2748.0,40.0,84.0,138.0,174.0,222.0,552.0,774.0,852.0,15.3864,38.4384,56.4054,62.9958,95.3108,197.965,301.2916,355.9252,514.666667,868.0,1069.333333,916.0,15.333333,30.666667,47.333333,58.0,78.0,189.333333,259.333333,284.0,6.592667,14.63,19.8218,20.9986,9.2416,15.504,29.944,43.7456,49.0,84.0,133.0,119.0,2.0,4.0,6.0,4.0,12.0,22.0,20.0,0.5625,1.155,2.01,2.25,9.2416,11.628,20.783467,15.787733,49.0,63.0,124.833333,65.333333,1.5,2.833333,2.0,2.833333,9.333333,11.833333,10.833333,0.5625,0.86625,1.41125,0.945,3.3489,33.3792,51.3315,73.6758,676.0,1092.0,1716.0,2002.0,11.0,17.0,102.0,204.0,174.0,1.5625,5.625,10.5875,12.4875,289.2813,660.6534,1283.7858,1919.3736,2220.0,4788.0,8110.0,10574.0,47.0,104.0,194.0,300.0,298.0,840.0,1524.0,2016.0,21.3405,55.14,97.5154,141.1908,0.98,2.31,3.85,2.0,9.0,25.0,-2.0,-3.0,2.0,-0.04,0.32,1.5,0.735,1.776667,0.886667,1.5,2.0,4.666667,-1.5,1.5,0.833333,-0.03,0.243333,0.24,-7.26,-7.92,-9.15,114.0,220.0,365.0,19.0,32.0,73.0,3.0,5.28,11.26,0,0,0,0,0,0,0,0,0,0,0,0,0,0,0,0,0,0,0,0,0,0,0,0,0,0,0,0,0,0,0,0,0,0,0,0,0,0,1,0,0,0,0,0,0,0,0,0,0,0,0,0
ABITUC01,4.0,2.0,241.1314,536.571,872.502,1067.7756,862.0,2052.0,2760.0,2748.0,40.0,84.0,138.0,174.0,222.0,552.0,774.0,852.0,15.3864,38.4384,56.4054,62.9958,95.3108,197.965,301.2916,355.9252,514.666667,868.0,1069.333333,916.0,15.333333,30.666667,47.333333,58.0,78.0,189.333333,259.333333,284.0,6.592667,14.63,19.8218,20.9986,9.2416,15.504,29.944,43.7456,49.0,84.0,133.0,119.0,2.0,4.0,6.0,4.0,12.0,22.0,20.0,0.5625,1.155,2.01,2.25,9.2416,11.628,20.783467,15.787733,49.0,63.0,124.833333,65.333333,1.5,2.833333,2.0,2.833333,9.333333,11.833333,10.833333,0.5625,0.86625,1.41125,0.945,3.3489,33.3792,51.3315,73.6758,676.0,1092.0,1716.0,2002.0,11.0,17.0,102.0,204.0,174.0,1.5625,5.625,10.5875,12.4875,289.2813,660.6534,1283.7858,1919.3736,2220.0,4788.0,8110.0,10574.0,47.0,104.0,194.0,300.0,298.0,840.0,1524.0,2016.0,21.3405,55.14,97.5154,141.1908,0.98,2.31,3.85,2.0,9.0,25.0,-2.0,-3.0,2.0,-0.04,0.32,1.5,0.735,1.776667,0.886667,1.5,2.0,4.666667,-1.5,1.5,0.833333,-0.03,0.243333,0.24,-7.26,-7.92,-9.15,114.0,220.0,365.0,19.0,32.0,73.0,3.0,5.28,11.26,0,0,0,0,0,0,0,0,0,0,0,0,0,0,0,0,0,0,0,0,0,0,0,0,0,0,0,0,0,0,0,0,0,0,0,0,0,0,1,0,0,0,0,0,0,0,0,0,0,0,0,0
ABIVAK,4.0,2.0,241.1314,536.571,872.502,1067.7756,862.0,2052.0,2760.0,2748.0,40.0,84.0,138.0,174.0,222.0,552.0,774.0,852.0,15.3864,38.4384,56.4054,62.9958,95.3108,197.965,301.2916,355.9252,514.666667,868.0,1069.333333,916.0,15.333333,30.666667,47.333333,58.0,78.0,189.333333,259.333333,284.0,6.592667,14.63,19.8218,20.9986,9.2416,15.504,29.944,43.7456,49.0,84.0,133.0,119.0,2.0,4.0,6.0,4.0,12.0,22.0,20.0,0.5625,1.155,2.01,2.25,9.2416,11.628,20.783467,15.787733,49.0,63.0,124.833333,65.333333,1.5,2.833333,2.0,2.833333,9.333333,11.833333,10.833333,0.5625,0.86625,1.41125,0.945,3.3489,33.3792,51.3315,73.6758,676.0,1092.0,1716.0,2002.0,11.0,17.0,102.0,204.0,174.0,1.5625,5.625,10.5875,12.4875,289.2813,660.6534,1283.7858,1919.3736,2220.0,4788.0,8110.0,10574.0,47.0,104.0,194.0,300.0,298.0,840.0,1524.0,2016.0,21.3405,55.14,97.5154,141.1908,0.98,2.31,3.85,2.0,9.0,25.0,-2.0,-3.0,2.0,-0.04,0.32,1.5,0.735,1.776667,0.886667,1.5,2.0,4.666667,-1.5,1.5,0.833333,-0.03,0.243333,0.24,-7.26,-7.92,-9.15,114.0,220.0,365.0,19.0,32.0,73.0,3.0,5.28,11.26,0,0,0,0,0,0,0,0,0,0,0,0,0,0,0,0,0,0,0,0,0,0,0,0,0,0,0,0,0,0,0,0,1,0,0,0,0,0,0,0,0,0,0,0,0,0,0,0,0,0,0,0
ABIVAK01,4.0,2.0,241.1314,536.571,872.502,1067.7756,862.0,2052.0,2760.0,2748.0,40.0,84.0,138.0,174.0,222.0,552.0,774.0,852.0,15.3864,38.4384,56.4054,62.9958,95.3108,197.965,301.2916,355.9252,514.666667,868.0,1069.333333,916.0,15.333333,30.666667,47.333333,58.0,78.0,189.333333,259.333333,284.0,6.592667,14.63,19.8218,20.9986,9.2416,15.504,29.944,43.7456,49.0,84.0,133.0,119.0,2.0,4.0,6.0,4.0,12.0,22.0,20.0,0.5625,1.155,2.01,2.25,9.2416,11.628,20.783467,15.787733,49.0,63.0,124.833333,65.333333,1.5,2.833333,2.0,2.833333,9.333333,11.833333,10.833333,0.5625,0.86625,1.41125,0.945,3.3489,33.3792,51.3315,73.6758,676.0,1092.0,1716.0,2002.0,11.0,17.0,102.0,204.0,174.0,1.5625,5.625,10.5875,12.4875,289.2813,660.6534,1283.7858,1919.3736,2220.0,4788.0,8110.0,10574.0,47.0,104.0,194.0,300.0,298.0,840.0,1524.0,2016.0,21.3405,55.14,97.5154,141.1908,0.98,2.31,3.85,2.0,9.0,25.0,-2.0,-3.0,2.0,-0.04,0.32,1.5,0.735,1.776667,0.886667,1.5,2.0,4.666667,-1.5,1.5,0.833333,-0.03,0.243333,0.24,-7.26,-7.92,-9.15,114.0,220.0,365.0,19.0,32.0,73.0,3.0,5.28,11.26,0,0,0,0,0,0,0,0,0,0,0,0,0,0,0,0,0,0,0,0,0,0,0,0,0,0,0,0,0,0,0,0,1,0,0,0,0,0,0,0,0,0,0,0,0,0,0,0,0,0,0,0
ABIWAK,2.0,2.0,125.6055,275.5742,426.7394,402.2866,504.0,1154.0,1550.0,1282.0,19.0,40.0,62.0,60.0,102.0,240.0,310.0,276.0,7.9211,19.066,26.6998,24.366,125.6055,275.5742,426.7394,402.2866,504.0,1154.0,1550.0,1282.0,19.0,40.0,62.0,60.0,102.0,240.0,310.0,276.0,7.9211,19.066,26.6998,24.366,9.2416,15.504,31.4336,32.9232,49.0,84.0,140.0,147.0,2.0,4.0,4.0,4.0,12.0,19.0,17.0,0.5625,1.155,1.995,1.98,9.2416,15.504,31.4336,32.9232,49.0,84.0,140.0,147.0,2.0,4.0,4.0,4.0,12.0,19.0,17.0,0.5625,1.155,1.995,1.98,3.3489,33.3792,55.998,85.5342,676.0,1092.0,1872.0,2184.0,12.0,18.0,108.0,216.0,234.0,1.5625,5.625,11.55,14.175,380.1654,893.481,1669.4622,2159.6946,2188.0,5646.0,9864.0,12456.0,58.0,132.0,240.0,318.0,372.0,1008.0,1746.0,2322.0,25.3258,68.448,120.0744,160.443,0.98,1.82,1.33,2.0,8.0,7.0,-2.0,-1.5,-0.5,-0.04,0.34,0.36,0.98,1.82,1.33,2.0,8.0,7.0,-2.0,-1.5,-0.5,-0.04,0.34,0.36,-7.26,-8.64,-13.8,114.0,240.0,384.0,18.0,36.0,69.0,3.0,5.76,11.16,0,0,0,0,0,0,0,0,0,0,0,0,0,0,0,0,0,0,0,0,0,0,0,1,0,0,0,0,0,0,0,0,0,0,0,0,0,0,0,0,0,0,0,0,0,0,0,0,0,1,0,0
ABUFOV,3.0,3.0,244.018,561.714,913.1584,1061.9598,979.0,2388.0,3580.0,3660.0,39.0,86.0,140.0,166.0,226.0,570.0,830.0,868.0,16.5871,42.0266,64.2112,69.4182,244.018,561.714,913.1584,1061.9598,979.0,2388.0,3580.0,3660.0,39.0,86.0,140.0,166.0,226.0,570.0,830.0,868.0,16.5871,42.0266,64.2112,69.4182,9.2416,15.504,32.4976,43.0616,49.0,84.0,175.0,203.0,2.0,4.0,5.5,4.0,12.0,23.0,28.0,0.5625,1.155,2.295,2.86125,9.2416,15.504,31.504533,53.083467,49.0,84.0,170.333333,235.666667,2.0,4.0,6.5,4.0,12.0,23.666667,28.0,0.5625,1.155,2.305,3.20875,3.3489,33.3792,55.998,78.2508,676.0,1092.0,1872.0,2600.0,12.0,16.0,108.0,216.0,276.0,1.5625,5.625,11.55,15.3,491.3849,1190.1864,2215.5608,3012.6964,2634.0,6960.0,12374.0,16496.0,79.0,184.0,334.0,460.0,518.0,1428.0,2502.0,3328.0,34.7367,95.3032,168.3974,224.9964,0.98,1.47,2.555,2.0,3.0,9.5,-2.0,-3.5,-3.0,-0.04,-0.06,0.31,0.98,1.796667,2.298333,2.0,3.666667,11.833333,-2.0,-3.833333,-1.0,-0.04,-0.073333,0.596667,-7.26,-8.64,-13.48,114.0,240.0,316.0,18.0,36.0,50.0,3.0,5.76,7.76,0,0,0,0,0,0,0,0,0,0,0,0,0,0,0,0,0,0,0,0,0,0,0,0,0,0,0,0,0,0,0,0,0,0,0,0,0,0,0,0,0,0,0,0,1,0,1,0,0,0,0,0
ABUGAI,3.0,3.0,260.2005,597.159,981.0664,1163.7378,1017.0,2484.0,3712.0,3834.0,42.0,92.0,152.0,184.0,244.0,618.0,890.0,934.0,17.4538,44.352,67.934,73.958,260.2005,597.159,981.0664,1163.7378,1017.0,2484.0,3712.0,3834.0,42.0,92.0,152.0,184.0,244.0,618.0,890.0,934.0,17.4538,44.352,67.934,73.958,9.2416,15.504,32.4976,43.0616,49.0,84.0,175.0,203.0,2.0,4.0,5.5,4.0,12.0,23.0,28.0,0.5625,1.155,2.295,2.86125,9.2416,15.504,31.504533,53.083467,49.0,84.0,170.333333,235.666667,2.0,4.0,6.5,4.0,12.0,23.666667,28.0,0.5625,1.155,2.305,3.20875,3.3489,33.3792,55.998,78.2508,676.0,1092.0,1872.0,2600.0,12.0,16.0,108.0,216.0,276.0,1.5625,5.625,11.55,15.3,523.7499,1261.0764,2351.3768,3216.2524,2710.0,7152.0,12638.0,16844.0,85.0,196.0,358.0,496.0,554.0,1524.0,2622.0,3460.0,36.4701,99.954,175.843,234.076,0.98,1.47,2.555,2.0,3.0,9.5,-2.0,-3.5,-3.0,-0.04,-0.06,0.31,0.98,1.796667,2.298333,2.0,3.666667,11.833333,-2.0,-3.833333,-1.0,-0.04,-0.073333,0.596667,-7.26,-8.64,-13.48,114.0,240.0,316.0,18.0,36.0,50.0,3.0,5.76,7.76,0,0,0,0,0,0,0,0,0,0,0,0,0,0,0,0,0,0,0,0,0,0,0,0,0,0,0,0,0,0,0,0,0,0,0,1,0,0,0,0,0,0,0,0,0,0,0,0,0,0,0,0
ADIYOB,3.0,3.0,161.2955,366.0184,568.6464,611.3344,650.0,1552.0,2172.0,1828.0,25.0,54.0,84.0,94.0,138.0,342.0,476.0,424.0,10.5665,26.1046,38.1036,36.1322,161.2955,366.0184,568.6464,611.3344,650.0,1552.0,2172.0,1828.0,25.0,54.0,84.0,94.0,138.0,342.0,476.0,424.0,10.5665,26.1046,38.1036,36.1322,9.2416,16.9936,29.944,30.3696,49.0,91.0,133.0,105.0,2.0,4.0,4.0,4.0,12.0,20.0,14.0,0.5625,1.14,2.01,1.695,9.2416,16.000533,32.639467,46.866667,49.0,86.333333,165.666667,193.666667,2.0,4.0,6.0,4.0,12.0,22.666667,24.666667,0.5625,1.15,2.19,2.84,3.3489,33.3792,59.5848,72.102,676.0,1092.0,1976.0,1976.0,12.0,16.0,108.0,216.0,240.0,1.5625,5.625,11.45,13.4,325.9399,798.7952,1533.7104,2146.8152,1976.0,5288.0,9766.0,11808.0,51.0,120.0,222.0,316.0,342.0,972.0,1782.0,2316.0,22.6955,63.4592,115.9822,154.1444,0.49,2.31,2.17,1.0,9.0,13.0,-2.0,-2.0,1.0,-0.02,0.32,0.74,0.816667,1.423333,2.823333,1.666667,4.333333,14.333333,-2.0,-3.333333,-0.333333,-0.033333,0.08,0.713333,-7.26,-10.6,-10.12,114.0,236.0,340.0,18.0,36.0,56.0,3.0,5.84,9.28,0,0,0,0,0,0,0,0,0,0,0,0,0,0,0,1,0,0,0,0,0,0,0,0,0,0,0,0,0,0,0,0,0,0,0,0,0,0,0,0,0,0,0,0,0,1,0,0,0,1,0,0
ADIYUH,3.0,3.0,161.2955,366.0184,568.6464,611.3344,650.0,1552.0,2172.0,1828.0,25.0,54.0,84.0,94.0,138.0,342.0,476.0,424.0,10.5665,26.1046,38.1036,36.1322,161.2955,366.0184,568.6464,611.3344,650.0,1552.0,2172.0,1828.0,25.0,54.0,84.0,94.0,138.0,342.0,476.0,424.0,10.5665,26.1046,38.1036,36.1322,9.2416,16.9936,29.944,30.3696,49.0,91.0,133.0,105.0,2.0,4.0,4.0,4.0,12.0,20.0,14.0,0.5625,1.14,2.01,1.695,9.2416,16.000533,32.639467,46.866667,49.0,86.333333,165.666667,193.666667,2.0,4.0,6.0,4.0,12.0,22.666667,24.666667,0.5625,1.15,2.19,2.84,3.3489,33.3792,59.5848,72.102,676.0,1092.0,1976.0,1976.0,12.0,16.0,108.0,216.0,240.0,1.5625,5.625,11.45,13.4,325.9399,798.7952,1533.7104,2146.8152,1976.0,5288.0,9766.0,11808.0,51.0,120.0,222.0,316.0,342.0,972.0,1782.0,2316.0,22.6955,63.4592,115.9822,154.1444,0.49,2.31,2.17,1.0,9.0,13.0,-2.0,-2.0,1.0,-0.02,0.32,0.74,0.816667,1.423333,2.823333,1.666667,4.333333,14.333333,-2.0,-3.333333,-0.333333,-0.033333,0.08,0.713333,-7.26,-10.6,-10.12,114.0,236.0,340.0,18.0,36.0,56.0,3.0,5.84,9.28,0,0,0,0,0,0,0,0,0,0,1,0,0,0,0,0,0,0,0,0,0,0,0,0,0,0,0,0,0,0,0,0,0,0,0,0,0,0,0,0,0,0,0,0,0,0,0,0,0,0,0,0
AFANEB,3.0,3.0,193.6605,436.9084,701.8724,769.8164,726.0,1744.0,2516.0,2264.0,31.0,66.0,108.0,118.0,174.0,426.0,584.0,568.0,12.2999,30.7554,45.5972,45.905,193.6605,436.9084,701.8724,769.8164,726.0,1744.0,2516.0,2264.0,31.0,66.0,108.0,118.0,174.0,426.0,584.0,568.0,12.2999,30.7554,45.5972,45.905,9.2416,16.9936,31.008,50.4336,49.0,91.0,168.0,126.0,2.0,4.0,7.0,4.0,12.0,26.0,20.0,0.5625,1.14,2.31,2.5275,9.2416,16.000533,32.994133,53.554667,49.0,86.333333,177.333333,200.666667,2.0,4.0,7.0,4.0,12.0,24.666667,26.666667,0.5625,1.15,2.29,3.1175,3.3489,33.3792,59.5848,74.664,676.0,1092.0,1976.0,2496.0,12.0,16.0,108.0,216.0,312.0,1.5625,5.625,11.45,15.4,390.6699,940.5752,1800.1624,2468.9032,2128.0,5672.0,10454.0,13720.0,63.0,144.0,270.0,364.0,414.0,1140.0,2022.0,2772.0,26.1623,72.7608,130.9694,177.69,0.49,1.96,4.69,1.0,4.0,31.0,-2.0,-5.0,4.0,-0.02,-0.08,1.88,0.816667,1.306667,3.663333,1.666667,2.666667,20.333333,-2.0,-4.333333,0.666667,-0.033333,-0.053333,1.093333,-7.26,-10.6,-11.52,114.0,236.0,320.0,18.0,36.0,44.0,3.0,5.84,7.68,0,0,0,0,0,0,0,0,0,0,0,0,0,0,0,1,0,0,0,0,0,0,0,0,0,0,0,0,0,0,0,0,0,0,0,0,0,0,0,0,0,0,0,0,0,0,0,0,0,0,0,0
AFANEB02,3.0,3.0,193.6605,436.9084,701.8724,769.8164,726.0,1744.0,2516.0,2264.0,31.0,66.0,108.0,118.0,174.0,426.0,584.0,568.0,12.2999,30.7554,45.5972,45.905,193.6605,436.9084,701.8724,769.8164,726.0,1744.0,2516.0,2264.0,31.0,66.0,108.0,118.0,174.0,426.0,584.0,568.0,12.2999,30.7554,45.5972,45.905,9.2416,16.9936,31.008,50.4336,49.0,91.0,168.0,126.0,2.0,4.0,7.0,4.0,12.0,26.0,20.0,0.5625,1.14,2.31,2.5275,9.2416,16.000533,32.994133,53.554667,49.0,86.333333,177.333333,200.666667,2.0,4.0,7.0,4.0,12.0,24.666667,26.666667,0.5625,1.15,2.29,3.1175,3.3489,33.3792,59.5848,74.664,676.0,1092.0,1976.0,2496.0,12.0,16.0,108.0,216.0,312.0,1.5625,5.625,11.45,15.4,390.6699,940.5752,1800.1624,2468.9032,2128.0,5672.0,10454.0,13720.0,63.0,144.0,270.0,364.0,414.0,1140.0,2022.0,2772.0,26.1623,72.7608,130.9694,177.69,0.49,1.96,4.69,1.0,4.0,31.0,-2.0,-5.0,4.0,-0.02,-0.08,1.88,0.816667,1.306667,3.663333,1.666667,2.666667,20.333333,-2.0,-4.333333,0.666667,-0.033333,-0.053333,1.093333,-7.26,-10.6,-11.52,114.0,236.0,320.0,18.0,36.0,44.0,3.0,5.84,7.68,0,0,0,0,0,0,0,0,0,0,0,0,0,0,0,1,0,0,0,0,0,0,0,0,0,0,0,0,0,0,0,0,0,0,0,0,0,0,0,0,0,0,0,0,0,0,0,0,0,0,0,0
AFANIF02,3.0,3.0,193.6605,436.9084,701.8724,769.8164,726.0,1744.0,2516.0,2264.0,31.0,66.0,108.0,118.0,174.0,426.0,584.0,568.0,12.2999,30.7554,45.5972,45.905,193.6605,436.9084,701.8724,769.8164,726.0,1744.0,2516.0,2264.0,31.0,66.0,108.0,118.0,174.0,426.0,584.0,568.0,12.2999,30.7554,45.5972,45.905,9.2416,16.9936,31.008,50.4336,49.0,91.0,168.0,126.0,2.0,4.0,7.0,4.0,12.0,26.0,20.0,0.5625,1.14,2.31,2.5275,9.2416,16.000533,32.994133,53.554667,49.0,86.333333,177.333333,200.666667,2.0,4.0,7.0,4.0,12.0,24.666667,26.666667,0.5625,1.15,2.29,3.1175,3.3489,33.3792,59.5848,74.664,676.0,1092.0,1976.0,2496.0,12.0,16.0,108.0,216.0,312.0,1.5625,5.625,11.45,15.4,390.6699,940.5752,1800.1624,2468.9032,2128.0,5672.0,10454.0,13720.0,63.0,144.0,270.0,364.0,414.0,1140.0,2022.0,2772.0,26.1623,72.7608,130.9694,177.69,0.49,1.96,4.69,1.0,4.0,31.0,-2.0,-5.0,4.0,-0.02,-0.08,1.88,0.816667,1.306667,3.663333,1.666667,2.666667,20.333333,-2.0,-4.333333,0.666667,-0.033333,-0.053333,1.093333,-7.26,-10.6,-11.52,114.0,236.0,320.0,18.0,36.0,44.0,3.0,5.84,7.68,0,0,0,0,0,0,0,0,0,0,0,0,0,0,0,1,0,0,0,0,0,0,0,0,0,0,0,0,0,0,0,0,0,0,0,0,0,0,0,0,0,0,0,0,0,0,0,0,0,1,0,0
AFOYOM,4.0,2.0,241.1314,536.571,872.502,1067.7756,862.0,2052.0,2760.0,2748.0,40.0,84.0,138.0,174.0,222.0,552.0,774.0,852.0,15.3864,38.4384,56.4054,62.9958,95.2082,197.863,301.17,355.9252,1114.666667,1012.0,1237.333333,916.0,15.333333,30.666667,47.333333,58.0,78.0,189.333333,259.333333,284.0,6.796133,14.773733,19.9618,20.9986,9.2416,15.504,29.944,43.7456,49.0,84.0,133.0,119.0,2.0,4.0,6.0,4.0,12.0,22.0,20.0,0.5625,1.155,2.01,2.25,9.2416,11.628,20.722667,15.787733,49.0,63.0,208.833333,65.333333,1.5,2.833333,2.0,2.833333,9.333333,11.833333,10.833333,0.5625,0.86625,1.48125,0.945,3.3489,33.3792,51.3315,73.566,676.0,1092.0,1716.0,2938.0,11.0,17.0,102.0,204.0,174.0,1.5625,5.625,10.5875,12.8375,288.9735,660.3474,1283.421,1919.154,4020.0,5220.0,8614.0,12446.0,47.0,104.0,194.0,300.0,298.0,840.0,1524.0,2016.0,21.9509,55.5712,97.9354,141.8908,0.98,2.31,3.85,2.0,9.0,25.0,-2.0,-3.0,2.0,-0.04,0.32,1.5,0.735,1.796667,0.886667,1.5,-10.0,4.666667,-1.5,1.5,0.833333,-0.03,0.15,0.24,-7.26,-7.92,-9.09,114.0,220.0,329.0,19.0,32.0,73.0,3.0,5.28,10.98,0,0,0,0,0,0,0,0,0,0,0,0,0,0,0,0,0,0,0,0,0,0,0,0,0,0,0,0,0,0,0,0,0,0,0,1,0,0,0,0,0,0,0,0,0,0,0,0,0,0,0,0
AFOYUS,4.0,2.0,241.1314,536.571,872.502,1067.7756,862.0,2052.0,2760.0,2748.0,40.0,84.0,138.0,174.0,222.0,552.0,774.0,852.0,15.3864,38.4384,56.4054,62.9958,95.2082,197.863,301.17,355.9252,1114.666667,1012.0,1237.333333,916.0,15.333333,30.666667,47.333333,58.0,78.0,189.333333,259.333333,284.0,6.796133,14.773733,19.9618,20.9986,9.2416,15.504,29.944,43.7456,49.0,84.0,133.0,119.0,2.0,4.0,6.0,4.0,12.0,22.0,20.0,0.5625,1.155,2.01,2.25,9.2416,11.628,20.722667,15.787733,49.0,63.0,208.833333,65.333333,1.5,2.833333,2.0,2.833333,9.333333,11.833333,10.833333,0.5625,0.86625,1.48125,0.945,3.3489,33.3792,51.3315,73.566,676.0,1092.0,1716.0,2938.0,11.0,17.0,102.0,204.0,174.0,1.5625,5.625,10.5875,12.8375,288.9735,660.3474,1283.421,1919.154,4020.0,5220.0,8614.0,12446.0,47.0,104.0,194.0,300.0,298.0,840.0,1524.0,2016.0,21.9509,55.5712,97.9354,141.8908,0.98,2.31,3.85,2.0,9.0,25.0,-2.0,-3.0,2.0,-0.04,0.32,1.5,0.735,1.796667,0.886667,1.5,-10.0,4.666667,-1.5,1.5,0.833333,-0.03,0.15,0.24,-7.26,-7.92,-9.09,114.0,220.0,329.0,19.0,32.0,73.0,3.0,5.28,10.98,0,0,0,0,0,0,0,0,0,0,0,0,0,0,0,0,0,0,0,0,0,0,0,0,0,0,0,0,0,0,0,0,0,0,0,1,0,0,0,0,0,0,0,0,0,0,0,0,0,0,0,0
AFOYUS02,4.0,2.0,241.1314,536.571,872.502,1067.7756,862.0,2052.0,2760.0,2748.0,40.0,84.0,138.0,174.0,222.0,552.0,774.0,852.0,15.3864,38.4384,56.4054,62.9958,95.2082,197.863,301.17,355.9252,1114.666667,1012.0,1237.333333,916.0,15.333333,30.666667,47.333333,58.0,78.0,189.333333,259.333333,284.0,6.796133,14.773733,19.9618,20.9986,9.2416,15.504,29.944,43.7456,49.0,84.0,133.0,119.0,2.0,4.0,6.0,4.0,12.0,22.0,20.0,0.5625,1.155,2.01,2.25,9.2416,11.628,20.722667,15.787733,49.0,63.0,208.833333,65.333333,1.5,2.833333,2.0,2.833333,9.333333,11.833333,10.833333,0.5625,0.86625,1.48125,0.945,3.3489,33.3792,51.3315,73.566,676.0,1092.0,1716.0,2938.0,11.0,17.0,102.0,204.0,174.0,1.5625,5.625,10.5875,12.8375,288.9735,660.3474,1283.421,1919.154,4020.0,5220.0,8614.0,12446.0,47.0,104.0,194.0,300.0,298.0,840.0,1524.0,2016.0,21.9509,55.5712,97.9354,141.8908,0.98,2.31,3.85,2.0,9.0,25.0,-2.0,-3.0,2.0,-0.04,0.32,1.5,0.735,1.796667,0.886667,1.5,-10.0,4.666667,-1.5,1.5,0.833333,-0.03,0.15,0.24,-7.26,-7.92,-9.09,114.0,220.0,329.0,19.0,32.0,73.0,3.0,5.28,10.98,0,0,0,0,0,0,0,0,0,0,0,0,0,0,0,0,0,0,0,0,0,0,0,0,0,0,0,0,0,0,0,0,0,0,0,1,0,0,0,0,0,0,0,0,0,0,0,0,0,0,0,0
AFUJOD01,4.0,2.0,241.1314,536.571,872.502,1067.7756,862.0,2052.0,2760.0,2748.0,40.0,84.0,138.0,174.0,222.0,552.0,774.0,852.0,15.3864,38.4384,56.4054,62.9958,95.2082,197.863,301.17,355.9252,1114.666667,1012.0,1237.333333,916.0,15.333333,30.666667,47.333333,58.0,78.0,189.333333,259.333333,284.0,6.796133,14.773733,19.9618,20.9986,9.2416,15.504,29.944,43.7456,49.0,84.0,133.0,119.0,2.0,4.0,6.0,4.0,12.0,22.0,20.0,0.5625,1.155,2.01,2.25,9.2416,11.628,20.722667,15.787733,49.0,63.0,208.833333,65.333333,1.5,2.833333,2.0,2.833333,9.333333,11.833333,10.833333,0.5625,0.86625,1.48125,0.945,3.3489,33.3792,51.3315,73.566,676.0,1092.0,1716.0,2938.0,11.0,17.0,102.0,204.0,174.0,1.5625,5.625,10.5875,12.8375,288.9735,660.3474,1283.421,1919.154,4020.0,5220.0,8614.0,12446.0,47.0,104.0,194.0,300.0,298.0,840.0,1524.0,2016.0,21.9509,55.5712,97.9354,141.8908,0.98,2.31,3.85,2.0,9.0,25.0,-2.0,-3.0,2.0,-0.04,0.32,1.5,0.735,1.796667,0.886667,1.5,-10.0,4.666667,-1.5,1.5,0.833333,-0.03,0.15,0.24,-7.26,-7.92,-9.09,114.0,220.0,329.0,19.0,32.0,73.0,3.0,5.28,10.98,0,0,0,0,0,0,0,0,0,0,0,0,0,0,0,0,0,0,0,0,0,0,0,0,0,0,0,0,0,0,0,0,0,0,0,1,0,0,0,0,0,0,0,0,0,0,0,0,0,0,0,0
AJAXEP,2.0,1.5,271.082,585.888,918.9294,1064.4164,1956.0,3384.0,5588.0,5956.0,44.0,92.0,148.0,174.0,240.0,584.0,762.0,772.0,20.46,47.586,70.6182,76.3628,146.74125,307.275,467.3079,532.2082,1148.5,1830.0,2906.0,2978.0,23.5,48.0,75.0,87.0,123.0,296.0,382.0,386.0,11.3279,25.1559,36.0741,38.1814,9.2416,15.504,29.944,36.632,49.0,84.0,133.0,140.0,2.0,4.0,5.0,4.0,12.0,20.0,22.0,0.5625,1.155,2.01,2.2875,9.2416,11.628,18.8936,18.316,49.0,63.0,122.5,70.0,1.5,2.5,2.5,2.5,7.0,10.5,11.0,0.5625,0.86625,1.3875,1.14375,3.3489,33.3792,46.665,72.2118,676.0,1092.0,1560.0,2496.0,10.0,16.0,96.0,168.0,216.0,1.5625,5.625,9.625,14.025,590.3139,1295.8584,2239.8096,2986.4404,5270.0,9504.0,16214.0,20768.0,95.0,204.0,350.0,472.0,554.0,1432.0,2160.0,2728.0,46.8741,111.8736,180.4214,233.9056,0.98,2.31,3.15,2.0,9.0,15.0,-2.0,-2.0,-1.0,-0.04,0.32,0.7,0.735,1.385,1.575,1.5,0.0,7.5,-1.5,-1.0,-0.5,-0.03,0.025,0.35,-7.26,-7.2,-10.18,114.0,200.0,320.0,20.0,32.0,60.0,3.0,4.8,8.78,0,0,0,0,0,0,0,0,0,0,0,0,0,0,0,0,0,0,0,0,0,0,0,0,0,0,0,0,0,0,0,0,0,0,0,0,0,0,0,0,0,0,0,0,0,0,0,0,0,1,0,0
AKEMUY,2.0,1.5,135.0857,287.691,461.787,527.5502,434.0,984.0,1254.0,1106.0,23.0,46.0,76.0,88.0,122.0,292.0,362.0,340.0,8.1039,19.7582,27.6552,28.3116,78.66615,158.1,238.6455,263.7751,837.5,738.0,865.0,553.0,13.0,25.0,39.0,44.0,64.0,150.0,182.0,170.0,5.30245,11.3498,14.6976,14.1558,9.2416,15.504,29.944,37.0576,49.0,84.0,133.0,112.0,2.0,4.0,5.0,4.0,12.0,20.0,16.0,0.5625,1.155,2.01,1.9725,9.2416,11.628,22.192,28.5608,49.0,63.0,189.0,66.5,1.5,3.0,4.0,2.5,8.0,13.5,11.0,0.5625,0.86625,1.57875,1.4025,3.3489,33.3792,46.665,70.821,676.0,1092.0,1560.0,3172.0,10.0,16.0,96.0,180.0,216.0,1.5625,5.625,9.625,13.375,318.0135,699.1584,1325.16,1872.96,4026.0,5136.0,8050.0,12224.0,53.0,112.0,206.0,296.0,318.0,852.0,1396.0,1872.0,22.7723,56.6492,94.9154,134.2532,0.98,2.31,3.01,2.0,9.0,19.0,-2.0,-2.0,2.0,-0.04,0.32,1.12,0.735,1.82,2.765,1.5,-6.0,18.5,-2.0,-1.5,2.5,-0.03,0.145,1.13,-7.26,-7.2,-9.42,114.0,200.0,294.0,20.0,30.0,60.0,3.0,4.8,9.3,0,0,0,0,0,0,0,0,0,0,0,0,0,0,0,0,0,0,0,0,0,0,0,0,0,0,0,0,0,0,0,0,0,0,0,0,0,0,0,0,0,0,0,0,0,0,0,0,0,0,0,0
AKENAF,2.0,1.5,135.0857,287.691,461.787,527.5502,434.0,984.0,1254.0,1106.0,23.0,46.0,76.0,88.0,122.0,292.0,362.0,340.0,8.1039,19.7582,27.6552,28.3116,78.7431,158.1765,238.7367,263.7751,387.5,630.0,739.0,553.0,13.0,25.0,39.0,44.0,64.0,150.0,182.0,170.0,5.14985,11.242,14.5926,14.1558,9.2416,15.504,29.944,37.0576,49.0,84.0,133.0,112.0,2.0,4.0,5.0,4.0,12.0,20.0,16.0,0.5625,1.155,2.01,1.9725,9.2416,11.628,22.2376,28.5608,49.0,63.0,126.0,66.5,1.5,3.0,4.0,2.5,8.0,13.5,11.0,0.5625,0.86625,1.52625,1.4025,3.3489,33.3792,46.665,70.9308,676.0,1092.0,1560.0,2236.0,10.0,16.0,96.0,180.0,216.0,1.5625,5.625,9.625,13.025,318.3213,699.4644,1325.5248,1873.1796,2226.0,4704.0,7546.0,10352.0,53.0,112.0,206.0,296.0,318.0,852.0,1396.0,1872.0,22.1619,56.218,94.4954,133.5532,0.98,2.31,3.01,2.0,9.0,19.0,-2.0,-2.0,2.0,-0.04,0.32,1.12,0.735,1.805,2.765,1.5,3.0,18.5,-2.0,-1.5,2.5,-0.03,0.215,1.13,-7.26,-7.2,-9.48,114.0,200.0,330.0,20.0,30.0,60.0,3.0,4.8,9.58,0,0,0,0,0,0,0,0,0,0,0,0,0,0,0,0,0,0,0,0,0,0,0,0,0,0,0,0,0,0,0,0,0,0,0,0,0,0,0,0,0,0,0,0,0,0,0,0,0,0,0,0
AKENAF01,2.0,1.5,135.0857,287.691,461.787,527.5502,434.0,984.0,1254.0,1106.0,23.0,46.0,76.0,88.0,122.0,292.0,362.0,340.0,8.1039,19.7582,27.6552,28.3116,78.7431,158.1765,238.7367,263.7751,387.5,630.0,739.0,553.0,13.0,25.0,39.0,44.0,64.0,150.0,182.0,170.0,5.14985,11.242,14.5926,14.1558,9.2416,15.504,29.944,37.0576,49.0,84.0,133.0,112.0,2.0,4.0,5.0,4.0,12.0,20.0,16.0,0.5625,1.155,2.01,1.9725,9.2416,11.628,22.2376,28.5608,49.0,63.0,126.0,66.5,1.5,3.0,4.0,2.5,8.0,13.5,11.0,0.5625,0.86625,1.52625,1.4025,3.3489,33.3792,46.665,70.9308,676.0,1092.0,1560.0,2236.0,10.0,16.0,96.0,180.0,216.0,1.5625,5.625,9.625,13.025,318.3213,699.4644,1325.5248,1873.1796,2226.0,4704.0,7546.0,10352.0,53.0,112.0,206.0,296.0,318.0,852.0,1396.0,1872.0,22.1619,56.218,94.4954,133.5532,0.98,2.31,3.01,2.0,9.0,19.0,-2.0,-2.0,2.0,-0.04,0.32,1.12,0.735,1.805,2.765,1.5,3.0,18.5,-2.0,-1.5,2.5,-0.03,0.215,1.13,-7.26,-7.2,-9.48,114.0,200.0,330.0,20.0,30.0,60.0,3.0,4.8,9.58,0,0,0,0,0,0,0,0,0,0,0,0,0,0,0,0,0,0,0,0,0,0,0,0,0,0,0,0,0,0,0,0,0,0,0,0,0,0,0,0,0,0,0,0,0,0,0,0,0,0,0,0
APAFEH,2.0,2.0,96.2182,205.609,309.949,346.1952,322.0,712.0,874.0,756.0,16.0,32.0,50.0,58.0,82.0,196.0,244.0,224.0,5.7776,13.9228,19.0294,18.5826,96.2182,205.609,309.949,346.1952,322.0,712.0,874.0,756.0,16.0,32.0,50.0,58.0,82.0,196.0,244.0,224.0,5.7776,13.9228,19.0294,18.5826,9.2416,18.316,25.536,30.3696,49.0,70.0,94.5,105.0,2.5,3.5,4.0,6.5,15.0,18.5,17.5,0.5625,1.14375,1.57125,1.695,9.2416,18.316,25.536,30.3696,49.0,70.0,94.5,105.0,2.5,3.5,4.0,6.5,15.0,18.5,17.5,0.5625,1.14375,1.57125,1.695,3.3489,33.3792,66.1545,64.233,676.0,1092.0,1560.0,1170.0,15.0,15.0,126.0,216.0,162.0,1.5625,5.625,11.4375,9.9375,292.0035,683.5854,1339.404,2117.538,1642.0,4320.0,7212.0,8010.0,49.0,108.0,210.0,336.0,318.0,912.0,1626.0,2136.0,18.8953,53.0184,96.8382,133.9428,1.575,2.24,2.17,7.5,11.0,13.0,0.5,0.5,1.5,0.35,0.53,0.74,1.575,2.24,2.17,7.5,11.0,13.0,0.5,0.5,1.5,0.35,0.53,0.74,-7.26,-8.7,-7.65,114.0,330.0,345.0,15.0,54.0,63.0,3.0,9.6,10.8,0,0,0,0,0,0,0,0,0,0,0,0,0,0,0,0,0,0,0,1,0,0,0,0,0,0,0,0,0,0,0,0,0,0,0,0,0,0,0,0,0,0,0,0,0,0,0,0,0,1,0,0
APAFEM01,2.0,2.0,96.2182,205.609,309.949,346.1952,322.0,712.0,874.0,756.0,16.0,32.0,50.0,58.0,82.0,196.0,244.0,224.0,5.7776,13.9228,19.0294,18.5826,96.2182,205.609,309.949,346.1952,322.0,712.0,874.0,756.0,16.0,32.0,50.0,58.0,82.0,196.0,244.0,224.0,5.7776,13.9228,19.0294,18.5826,9.2416,18.316,25.536,30.3696,49.0,70.0,94.5,105.0,2.5,3.5,4.0,6.5,15.0,18.5,17.5,0.5625,1.14375,1.57125,1.695,9.2416,18.316,25.536,30.3696,49.0,70.0,94.5,105.0,2.5,3.5,4.0,6.5,15.0,18.5,17.5,0.5625,1.14375,1.57125,1.695,3.3489,33.3792,66.1545,64.233,676.0,1092.0,1560.0,1170.0,15.0,15.0,126.0,216.0,162.0,1.5625,5.625,11.4375,9.9375,292.0035,683.5854,1339.404,2117.538,1642.0,4320.0,7212.0,8010.0,49.0,108.0,210.0,336.0,318.0,912.0,1626.0,2136.0,18.8953,53.0184,96.8382,133.9428,1.575,2.24,2.17,7.5,11.0,13.0,0.5,0.5,1.5,0.35,0.53,0.74,1.575,2.24,2.17,7.5,11.0,13.0,0.5,0.5,1.5,0.35,0.53,0.74,-7.26,-8.7,-7.65,114.0,330.0,345.0,15.0,54.0,63.0,3.0,9.6,10.8,0,0,0,0,0,0,0,0,0,0,0,0,0,0,0,0,0,0,0,1,0,0,0,0,0,0,0,0,0,0,0,0,0,0,0,0,0,0,0,0,0,0,0,0,0,0,1,0,0,0,0,0
APAFEM05,2.0,2.0,96.2182,205.609,309.949,346.1952,322.0,712.0,874.0,756.0,16.0,32.0,50.0,58.0,82.0,196.0,244.0,224.0,5.7776,13.9228,19.0294,18.5826,96.2182,205.609,309.949,346.1952,322.0,712.0,874.0,756.0,16.0,32.0,50.0,58.0,82.0,196.0,244.0,224.0,5.7776,13.9228,19.0294,18.5826,9.2416,15.504,29.944,43.7456,49.0,84.0,133.0,119.0,2.0,4.0,6.0,4.0,12.0,22.0,20.0,0.5625,1.155,2.01,2.25,9.2416,20.190667,22.597333,21.452267,49.0,60.666667,68.833333,95.666667,2.833333,3.166667,2.666667,8.166667,17.0,16.166667,15.833333,0.5625,1.13625,1.27875,1.325,3.3489,33.3792,66.1545,64.233,676.0,1092.0,1560.0,1170.0,15.0,15.0,126.0,216.0,162.0,1.5625,5.625,11.4375,9.9375,292.0035,683.5854,1339.404,2117.538,1642.0,4320.0,7212.0,8010.0,49.0,108.0,210.0,336.0,318.0,912.0,1626.0,2136.0,18.8953,53.0184,96.8382,133.9428,0.98,2.31,3.85,2.0,9.0,25.0,-2.0,-3.0,2.0,-0.04,0.32,1.5,1.971667,2.193333,1.05,11.166667,12.333333,5.0,2.166667,2.833333,1.166667,0.61,0.67,0.233333,-7.26,-8.7,-7.65,114.0,330.0,345.0,15.0,54.0,63.0,3.0,9.6,10.8,0,0,0,0,0,0,0,0,0,0,0,0,0,0,0,0,0,0,0,1,0,0,0,0,0,0,0,0,0,0,0,0,0,0,0,0,0,0,0,0,0,0,0,0,0,0,1,0,0,0,0,0
ATAVAU,2.0,1.5,202.5653,472.784,758.9382,886.5252,1074.0,2330.0,3430.0,3422.0,32.0,72.0,116.0,138.0,188.0,480.0,724.0,760.0,14.7387,37.0376,57.1364,61.2162,112.4829,250.723,387.3123,443.2626,707.5,1303.0,1827.0,1711.0,17.5,38.0,59.0,69.0,97.0,244.0,363.0,380.0,8.46725,19.8817,29.3332,30.6081,9.2416,15.504,29.944,39.1856,49.0,84.0,133.0,182.0,2.0,4.0,5.0,4.0,12.0,20.0,24.0,0.5625,1.155,2.01,2.5725,9.2416,11.628,18.8936,19.5928,49.0,63.0,122.5,91.0,1.5,2.5,2.5,2.5,7.0,10.5,12.0,0.5625,0.86625,1.3875,1.28625,3.3489,33.3792,46.665,62.8788,676.0,1092.0,1560.0,2184.0,10.0,14.0,96.0,168.0,180.0,1.5625,5.625,9.625,12.1,453.2805,1069.6504,1919.8272,2575.0256,3506.0,7396.0,11898.0,14880.0,71.0,164.0,286.0,392.0,450.0,1224.0,2084.0,2608.0,35.4315,90.7768,153.4578,197.5124,0.98,2.31,2.31,2.0,9.0,9.0,-2.0,-2.0,-2.0,-0.04,0.32,0.32,0.735,1.385,1.155,1.5,0.0,4.5,-1.5,-1.0,-1.0,-0.03,0.025,0.16,-7.26,-7.2,-8.74,114.0,200.0,280.0,20.0,32.0,54.0,3.0,4.8,7.82,0,0,0,0,0,0,0,0,0,0,0,0,0,0,0,0,0,0,0,0,0,0,0,0,0,0,0,0,0,0,0,0,0,0,0,0,0,0,0,0,0,0,0,0,0,0,0,0,0,0,0,0
ATAVEY,2.0,1.5,202.5653,472.784,758.9592,885.329,1074.0,2330.0,3530.0,3592.0,32.0,72.0,116.0,138.0,188.0,480.0,720.0,750.0,14.7387,37.0376,57.3364,61.4702,112.4829,250.723,387.3228,442.6645,707.5,1303.0,1877.0,1796.0,17.5,38.0,59.0,69.0,97.0,244.0,361.0,375.0,8.46725,19.8817,29.4332,30.7351,9.2416,15.504,29.944,39.1856,49.0,84.0,133.0,182.0,2.0,4.0,5.0,4.0,12.0,20.0,24.0,0.5625,1.155,2.01,2.5725,9.2416,11.628,18.8936,19.5928,49.0,63.0,122.5,91.0,1.5,2.5,2.5,2.5,7.0,10.5,12.0,0.5625,0.86625,1.3875,1.28625,3.3489,33.3792,46.665,62.8788,676.0,1092.0,1560.0,2184.0,10.0,14.0,96.0,168.0,180.0,1.5625,5.625,9.625,12.1,453.2805,1069.6504,1919.8692,2572.6332,3506.0,7396.0,12098.0,15220.0,71.0,164.0,286.0,392.0,450.0,1224.0,2076.0,2588.0,35.4315,90.7768,153.8578,198.0204,0.98,2.31,2.31,2.0,9.0,9.0,-2.0,-2.0,-2.0,-0.04,0.32,0.32,0.735,1.385,1.155,1.5,0.0,4.5,-1.5,-1.0,-1.0,-0.03,0.025,0.16,-7.26,-7.2,-8.74,114.0,200.0,280.0,20.0,32.0,54.0,3.0,4.8,7.82,0,0,0,0,0,0,0,0,0,0,0,0,0,0,0,0,0,0,0,0,0,0,0,0,0,0,0,0,0,0,0,0,0,0,0,0,0,0,0,0,0,0,0,0,0,0,0,0,0,0,0,0
ATAVEY01,2.0,1.5,202.5653,472.784,758.9592,885.329,1074.0,2330.0,3530.0,3592.0,32.0,72.0,116.0,138.0,188.0,480.0,720.0,750.0,14.7387,37.0376,57.3364,61.4702,112.4829,250.723,387.3228,442.6645,707.5,1303.0,1877.0,1796.0,17.5,38.0,59.0,69.0,97.0,244.0,361.0,375.0,8.46725,19.8817,29.4332,30.7351,9.2416,15.504,29.944,39.1856,49.0,84.0,133.0,182.0,2.0,4.0,5.0,4.0,12.0,20.0,24.0,0.5625,1.155,2.01,2.5725,9.2416,11.628,18.8936,19.5928,49.0,63.0,122.5,91.0,1.5,2.5,2.5,2.5,7.0,10.5,12.0,0.5625,0.86625,1.3875,1.28625,3.3489,33.3792,46.665,62.8788,676.0,1092.0,1560.0,2184.0,10.0,14.0,96.0,168.0,180.0,1.5625,5.625,9.625,12.1,453.2805,1069.6504,1919.8692,2572.6332,3506.0,7396.0,12098.0,15220.0,71.0,164.0,286.0,392.0,450.0,1224.0,2076.0,2588.0,35.4315,90.7768,153.8578,198.0204,0.98,2.31,2.31,2.0,9.0,9.0,-2.0,-2.0,-2.0,-0.04,0.32,0.32,0.735,1.385,1.155,1.5,0.0,4.5,-1.5,-1.0,-1.0,-0.03,0.025,0.16,-7.26,-7.2,-8.74,114.0,200.0,280.0,20.0,32.0,54.0,3.0,4.8,7.82,0,0,0,0,0,0,0,0,0,0,0,0,0,0,0,0,0,0,0,0,0,0,0,0,0,0,0,0,0,0,0,0,0,0,0,0,0,0,0,0,0,0,0,0,0,0,0,0,0,0,0,0
AWUKEK01,3.0,3.0,240.8895,532.44,949.0384,1144.0108,834.0,1980.0,3124.0,3016.0,39.0,82.0,148.0,178.0,230.0,582.0,844.0,848.0,14.2479,36.4826,58.0492,65.7206,240.8895,532.44,949.0384,1144.0108,834.0,1980.0,3124.0,3016.0,39.0,82.0,148.0,178.0,230.0,582.0,844.0,848.0,14.2479,36.4826,58.0492,65.7206,9.2416,15.504,41.4656,70.4976,49.0,84.0,224.0,147.0,2.0,5.0,10.0,4.0,14.0,34.0,26.0,0.5625,1.155,2.8575,3.36,9.2416,15.504,34.493867,63.850133,49.0,84.0,186.666667,226.333333,2.0,4.333333,8.0,4.0,12.666667,27.333333,26.0,0.5625,1.155,2.4925,3.355,3.3489,33.3792,55.998,99.8448,676.0,1092.0,1872.0,3328.0,12.0,20.0,108.0,240.0,408.0,1.5625,5.625,11.55,19.05,485.1279,1131.6384,2287.3208,3219.9864,2344.0,6144.0,11462.0,16664.0,79.0,176.0,350.0,492.0,526.0,1460.0,2622.0,3660.0,30.0583,84.2152,156.0734,225.1012,0.98,1.56,7.21,2.0,3.0,49.0,-3.0,-7.0,7.0,-0.04,-0.06,3.02,0.98,1.826667,3.316667,2.0,3.666667,23.666667,-2.333333,-5.0,3.0,-0.04,-0.073333,1.526667,-7.26,-8.64,-17.96,114.0,240.0,392.0,18.0,32.0,52.0,3.0,5.76,9.76,0,0,0,0,0,0,0,0,0,0,0,0,0,0,0,1,0,0,0,0,0,0,0,0,0,0,0,0,0,0,0,0,0,0,0,1,0,0,0,0,0,0,0,0,0,0,0,0,0,0,0,0
BAXXAB01,4.0,2.0,215.1214,473.359,775.3,944.8776,718.0,1684.0,2164.0,2058.0,36.0,74.0,124.0,158.0,198.0,492.0,656.0,678.0,13.0148,32.5106,47.2396,50.907,86.6408,176.894333,268.890933,314.9592,466.666667,745.333333,870.666667,686.0,14.0,27.333333,42.666667,52.666667,70.0,169.333333,220.0,226.0,5.802133,12.654067,16.766533,16.969,9.2416,15.504,29.944,43.7456,49.0,84.0,133.0,119.0,2.0,4.0,6.0,4.0,12.0,22.0,20.0,0.5625,1.155,2.01,2.25,9.2416,12.565333,19.314133,13.203733,49.0,58.333333,112.0,51.333333,1.666667,2.666667,1.666667,3.666667,10.333333,11.666667,10.0,0.5625,0.8625,1.265,0.7525,3.3489,33.3792,54.717,68.3688,676.0,1092.0,1612.0,1716.0,12.0,16.0,108.0,204.0,144.0,1.5625,5.625,10.55,11.025,263.2713,597.4414,1193.3548,1842.1016,2076.0,4420.0,7306.0,9032.0,43.0,94.0,182.0,292.0,276.0,792.0,1426.0,1804.0,18.9689,49.2122,88.2746,125.952,0.98,2.31,3.85,2.0,9.0,25.0,-2.0,-3.0,2.0,-0.04,0.32,1.5,0.933333,1.753333,0.723333,3.333333,2.666667,4.333333,-0.666667,2.333333,1.666667,0.1,0.313333,0.246667,-7.26,-7.94,-8.08,114.0,250.0,350.0,18.0,38.0,72.0,3.0,6.56,11.18,0,0,0,0,0,0,0,0,0,0,0,0,0,0,0,0,0,0,0,0,0,0,0,0,0,0,0,0,0,0,0,0,0,0,0,0,0,0,0,0,0,0,0,0,0,0,0,0,0,0,0,0
BAYZEH,2.0,1.5,171.231,382.908,583.0198,651.214,1124.0,2088.0,3148.0,2606.0,28.0,60.0,92.0,106.0,152.0,372.0,510.0,506.0,12.8754,30.8308,44.8174,44.5774,96.81575,205.785,299.3531,325.607,732.5,1182.0,1686.0,1303.0,15.5,32.0,47.0,53.0,79.0,190.0,256.0,253.0,7.5356,16.7783,23.1737,22.2887,9.2416,15.504,29.944,36.632,49.0,84.0,133.0,140.0,2.0,4.0,5.0,4.0,12.0,20.0,22.0,0.5625,1.155,2.01,2.2875,9.2416,11.628,18.8936,18.316,49.0,63.0,122.5,70.0,1.5,2.5,2.5,2.5,7.0,10.5,11.0,0.5625,0.86625,1.3875,1.14375,3.3489,33.3792,46.665,72.2118,676.0,1092.0,1560.0,2496.0,10.0,16.0,96.0,168.0,216.0,1.5625,5.625,9.625,14.025,390.6119,889.8984,1567.9904,2160.0356,3606.0,6912.0,11334.0,14068.0,63.0,140.0,238.0,336.0,378.0,1008.0,1656.0,2196.0,31.7049,78.3632,128.8198,170.3348,0.98,2.31,3.15,2.0,9.0,15.0,-2.0,-2.0,-1.0,-0.04,0.32,0.7,0.735,1.385,1.575,1.5,0.0,7.5,-1.5,-1.0,-0.5,-0.03,0.025,0.35,-7.26,-7.2,-10.18,114.0,200.0,320.0,20.0,32.0,60.0,3.0,4.8,8.78,0,0,0,0,0,0,0,0,0,0,0,0,0,0,0,0,0,0,0,0,0,0,0,0,0,0,0,0,0,0,0,0,0,0,0,0,0,0,0,0,0,0,0,0,0,0,1,0,0,0,0,0
BAYZEH01,2.0,1.5,171.231,382.908,583.0198,651.214,1124.0,2088.0,3148.0,2606.0,28.0,60.0,92.0,106.0,152.0,372.0,510.0,506.0,12.8754,30.8308,44.8174,44.5774,96.81575,205.785,299.3531,325.607,732.5,1182.0,1686.0,1303.0,15.5,32.0,47.0,53.0,79.0,190.0,256.0,253.0,7.5356,16.7783,23.1737,22.2887,9.2416,15.504,29.944,36.632,49.0,84.0,133.0,140.0,2.0,4.0,5.0,4.0,12.0,20.0,22.0,0.5625,1.155,2.01,2.2875,9.2416,11.628,18.8936,18.316,49.0,63.0,122.5,70.0,1.5,2.5,2.5,2.5,7.0,10.5,11.0,0.5625,0.86625,1.3875,1.14375,3.3489,33.3792,46.665,72.2118,676.0,1092.0,1560.0,2496.0,10.0,16.0,96.0,168.0,216.0,1.5625,5.625,9.625,14.025,390.6119,889.8984,1567.9904,2160.0356,3606.0,6912.0,11334.0,14068.0,63.0,140.0,238.0,336.0,378.0,1008.0,1656.0,2196.0,31.7049,78.3632,128.8198,170.3348,0.98,2.31,3.15,2.0,9.0,15.0,-2.0,-2.0,-1.0,-0.04,0.32,0.7,0.735,1.385,1.575,1.5,0.0,7.5,-1.5,-1.0,-0.5,-0.03,0.025,0.35,-7.26,-7.2,-10.18,114.0,200.0,320.0,20.0,32.0,60.0,3.0,4.8,8.78,0,0,0,0,0,0,0,0,0,0,0,0,0,0,0,0,0,0,0,0,0,0,0,0,0,0,0,0,0,0,0,0,0,0,0,0,0,0,0,0,0,0,0,0,0,0,1,0,0,0,0,0
BOCYOK,2.0,1.5,155.7225,336.804,549.8514,555.5488,594.0,1344.0,1908.0,1804.0,24.0,50.0,82.0,84.0,132.0,318.0,434.0,416.0,9.488,23.1154,33.8826,33.8204,89.0615,182.733,282.7689,277.7744,467.5,810.0,1066.0,902.0,13.5,27.0,42.0,42.0,69.0,163.0,218.0,208.0,5.8419,12.9206,17.7063,16.9102,9.2416,15.504,31.4336,32.6496,49.0,84.0,140.0,147.0,2.0,4.0,4.0,4.0,12.0,20.0,18.0,0.5625,1.155,1.995,1.98,9.2416,11.628,19.6384,16.3248,49.0,63.0,126.0,73.5,1.5,2.5,2.0,2.5,7.0,10.5,9.0,0.5625,0.86625,1.38,0.99,3.3489,33.3792,46.665,75.7986,676.0,1092.0,1560.0,2600.0,10.0,16.0,96.0,168.0,216.0,1.5625,5.625,9.625,13.925,359.5949,797.6904,1501.6536,1975.8788,2546.0,5424.0,8854.0,12672.0,55.0,120.0,218.0,292.0,338.0,900.0,1504.0,2000.0,24.9301,62.9324,106.9502,148.6208,0.98,1.82,1.42,2.0,8.0,7.0,-2.0,-2.0,-1.0,-0.04,0.34,0.36,0.735,1.14,0.71,1.5,-0.5,3.5,-1.5,-1.0,-0.5,-0.03,0.035,0.18,-7.26,-7.2,-12.14,114.0,200.0,316.0,20.0,32.0,60.0,3.0,4.8,8.86,0,0,0,0,0,0,0,0,0,0,0,0,0,0,0,0,0,0,0,0,0,0,0,0,0,0,0,0,0,0,0,0,0,0,0,0,0,0,0,0,0,0,0,0,0,0,0,0,0,0,0,0
BOCYOK02,2.0,1.5,155.7225,336.804,549.8514,555.5488,594.0,1344.0,1908.0,1804.0,24.0,50.0,82.0,84.0,132.0,318.0,434.0,416.0,9.488,23.1154,33.8826,33.8204,89.0615,182.733,282.7689,277.7744,467.5,810.0,1066.0,902.0,13.5,27.0,42.0,42.0,69.0,163.0,218.0,208.0,5.8419,12.9206,17.7063,16.9102,9.2416,15.504,31.4336,32.6496,49.0,84.0,140.0,147.0,2.0,4.0,4.0,4.0,12.0,20.0,18.0,0.5625,1.155,1.995,1.98,9.2416,11.628,19.6384,16.3248,49.0,63.0,126.0,73.5,1.5,2.5,2.0,2.5,7.0,10.5,9.0,0.5625,0.86625,1.38,0.99,3.3489,33.3792,46.665,75.7986,676.0,1092.0,1560.0,2600.0,10.0,16.0,96.0,168.0,216.0,1.5625,5.625,9.625,13.925,359.5949,797.6904,1501.6536,1975.8788,2546.0,5424.0,8854.0,12672.0,55.0,120.0,218.0,292.0,338.0,900.0,1504.0,2000.0,24.9301,62.9324,106.9502,148.6208,0.98,1.82,1.42,2.0,8.0,7.0,-2.0,-2.0,-1.0,-0.04,0.34,0.36,0.735,1.14,0.71,1.5,-0.5,3.5,-1.5,-1.0,-0.5,-0.03,0.035,0.18,-7.26,-7.2,-12.14,114.0,200.0,316.0,20.0,32.0,60.0,3.0,4.8,8.86,0,0,0,0,0,0,0,0,0,0,0,0,0,0,0,0,0,0,0,0,0,0,0,0,0,0,0,0,0,0,0,0,0,0,0,0,0,0,0,0,0,0,0,0,0,0,0,0,0,0,0,0
BOCZEB,2.0,1.5,155.7225,336.804,549.8514,555.5488,594.0,1344.0,1908.0,1804.0,24.0,50.0,82.0,84.0,132.0,318.0,434.0,416.0,9.488,23.1154,33.8826,33.8204,88.98455,182.6565,282.6777,277.7744,917.5,918.0,1192.0,902.0,13.5,27.0,42.0,42.0,69.0,163.0,218.0,208.0,5.9945,13.0284,17.8113,16.9102,9.2416,15.504,31.4336,32.6496,49.0,84.0,140.0,147.0,2.0,4.0,4.0,4.0,12.0,20.0,18.0,0.5625,1.155,1.995,1.98,9.2416,11.628,19.5928,16.3248,49.0,63.0,189.0,73.5,1.5,2.5,2.0,2.5,7.0,10.5,9.0,0.5625,0.86625,1.4325,0.99,3.3489,33.3792,46.665,75.6888,676.0,1092.0,1560.0,3536.0,10.0,16.0,96.0,168.0,216.0,1.5625,5.625,9.625,14.275,359.2871,797.3844,1501.2888,1975.6592,4346.0,5856.0,9358.0,14544.0,55.0,120.0,218.0,292.0,338.0,900.0,1504.0,2000.0,25.5405,63.3636,107.3702,149.3208,0.98,1.82,1.42,2.0,8.0,7.0,-2.0,-2.0,-1.0,-0.04,0.34,0.36,0.735,1.155,0.71,1.5,-9.5,3.5,-1.5,-1.0,-0.5,-0.03,-0.035,0.18,-7.26,-7.2,-12.08,114.0,200.0,280.0,20.0,32.0,60.0,3.0,4.8,8.58,0,0,0,0,0,0,0,0,0,0,0,0,0,0,0,0,0,0,0,0,0,0,0,0,0,0,0,0,0,0,0,0,0,0,0,0,0,0,0,0,0,0,0,0,0,0,0,0,0,0,0,0
BOCZEB03,2.0,1.5,155.7225,336.804,549.8514,555.5488,594.0,1344.0,1908.0,1804.0,24.0,50.0,82.0,84.0,132.0,318.0,434.0,416.0,9.488,23.1154,33.8826,33.8204,88.98455,182.6565,282.6777,277.7744,917.5,918.0,1192.0,902.0,13.5,27.0,42.0,42.0,69.0,163.0,218.0,208.0,5.9945,13.0284,17.8113,16.9102,9.2416,15.504,31.4336,32.6496,49.0,84.0,140.0,147.0,2.0,4.0,4.0,4.0,12.0,20.0,18.0,0.5625,1.155,1.995,1.98,9.2416,11.628,19.5928,16.3248,49.0,63.0,189.0,73.5,1.5,2.5,2.0,2.5,7.0,10.5,9.0,0.5625,0.86625,1.4325,0.99,3.3489,33.3792,46.665,75.6888,676.0,1092.0,1560.0,3536.0,10.0,16.0,96.0,168.0,216.0,1.5625,5.625,9.625,14.275,359.2871,797.3844,1501.2888,1975.6592,4346.0,5856.0,9358.0,14544.0,55.0,120.0,218.0,292.0,338.0,900.0,1504.0,2000.0,25.5405,63.3636,107.3702,149.3208,0.98,1.82,1.42,2.0,8.0,7.0,-2.0,-2.0,-1.0,-0.04,0.34,0.36,0.735,1.155,0.71,1.5,-9.5,3.5,-1.5,-1.0,-0.5,-0.03,-0.035,0.18,-7.26,-7.2,-12.08,114.0,200.0,280.0,20.0,32.0,60.0,3.0,4.8,8.58,0,0,0,0,0,0,0,0,0,0,0,0,0,0,0,0,0,0,0,0,0,0,0,0,0,0,0,0,0,0,0,0,0,0,0,0,0,0,0,0,0,0,0,0,0,0,0,0,0,0,0,0
BUNSIN,6.0,6.0,363.0646,810.928,1434.716,1894.5888,1120.0,2740.0,3668.0,3948.0,62.0,128.0,232.0,320.0,360.0,924.0,1304.0,1532.0,21.0734,54.4864,83.9024,101.2512,363.0646,810.928,1434.716,1894.5888,1120.0,2740.0,3668.0,3948.0,62.0,128.0,232.0,320.0,360.0,924.0,1304.0,1532.0,21.0734,54.4864,83.9024,101.2512,9.2416,18.848,36.1,43.7456,49.0,87.5,122.5,119.0,2.5,5.0,6.0,6.5,19.5,29.0,26.5,0.5625,1.29375,2.1375,2.25,9.2416,21.052,49.742,52.2424,49.0,106.75,145.25,164.5,2.75,7.0,7.0,7.75,27.75,40.0,37.25,0.5625,1.513125,2.7675,2.82,3.3489,33.3792,73.383,116.571,676.0,1092.0,2236.0,1508.0,16.0,28.0,132.0,324.0,252.0,1.5625,5.625,14.4,15.95,366.4135,877.6864,1858.73,3086.79,1796.0,4924.0,9610.0,11584.0,63.0,140.0,294.0,504.0,434.0,1296.0,2514.0,3696.0,22.6359,65.7364,129.5774,201.1912,1.4,3.325,3.85,5.0,17.5,25.0,-1.0,1.5,4.5,0.15,0.9,1.5,1.435,4.9175,4.095,4.0,28.25,25.5,-2.0,5.75,6.25,0.045,1.56,1.49,-7.26,-10.82,-12.46,114.0,330.0,670.0,14.0,42.0,126.0,3.0,8.48,22.24,0,0,0,0,0,0,0,0,0,0,0,0,0,0,0,1,0,0,0,0,0,0,0,0,0,0,0,0,0,0,0,0,0,0,0,0,0,0,0,0,0,0,0,0,0,0,0,0,0,1,0,0
BUNSIN01,6.0,6.0,363.0646,810.928,1434.716,1894.5888,1120.0,2740.0,3668.0,3948.0,62.0,128.0,232.0,320.0,360.0,924.0,1304.0,1532.0,21.0734,54.4864,83.9024,101.2512,363.0646,810.928,1434.716,1894.5888,1120.0,2740.0,3668.0,3948.0,62.0,128.0,232.0,320.0,360.0,924.0,1304.0,1532.0,21.0734,54.4864,83.9024,101.2512,9.2416,18.848,36.1,43.7456,49.0,87.5,122.5,119.0,2.5,5.0,6.0,6.5,19.5,29.0,26.5,0.5625,1.29375,2.1375,2.25,9.2416,21.052,49.742,52.2424,49.0,106.75,145.25,164.5,2.75,7.0,7.0,7.75,27.75,40.0,37.25,0.5625,1.513125,2.7675,2.82,3.3489,33.3792,73.383,116.571,676.0,1092.0,2236.0,1508.0,16.0,28.0,132.0,324.0,252.0,1.5625,5.625,14.4,15.95,366.4135,877.6864,1858.73,3086.79,1796.0,4924.0,9610.0,11584.0,63.0,140.0,294.0,504.0,434.0,1296.0,2514.0,3696.0,22.6359,65.7364,129.5774,201.1912,1.4,3.325,3.85,5.0,17.5,25.0,-1.0,1.5,4.5,0.15,0.9,1.5,1.435,4.9175,4.095,4.0,28.25,25.5,-2.0,5.75,6.25,0.045,1.56,1.49,-7.26,-10.82,-12.46,114.0,330.0,670.0,14.0,42.0,126.0,3.0,8.48,22.24,0,0,0,0,0,0,0,0,0,0,0,0,0,0,0,1,0,0,0,0,0,0,0,0,0,0,0,0,0,0,0,0,0,0,0,0,0,0,0,0,0,0,0,0,0,0,0,0,0,1,0,0
CATWUS,2.0,2.0,130.8843,289.935,462.139,537.8552,564.0,1296.0,1924.0,2030.0,20.0,44.0,70.0,82.0,114.0,288.0,422.0,408.0,9.0012,22.2068,33.7734,35.8242,130.8843,289.935,462.139,537.8552,564.0,1296.0,1924.0,2030.0,20.0,44.0,70.0,82.0,114.0,288.0,422.0,408.0,9.0012,22.2068,33.7734,35.8242,9.2416,15.504,29.944,39.1856,49.0,84.0,133.0,182.0,2.0,4.0,5.0,4.0,12.0,20.0,24.0,0.5625,1.155,2.01,2.5725,9.2416,15.504,29.944,39.1856,49.0,84.0,133.0,182.0,2.0,4.0,5.0,4.0,12.0,20.0,24.0,0.5625,1.155,2.01,2.5725,3.3489,33.3792,55.998,80.154,676.0,1092.0,1872.0,2028.0,12.0,18.0,108.0,216.0,252.0,1.5625,5.625,11.55,14.325,396.0018,936.5634,1775.661,2555.64,2368.0,6072.0,10986.0,14388.0,61.0,144.0,264.0,384.0,408.0,1152.0,2088.0,2796.0,28.5661,77.8704,141.2952,195.1176,0.98,2.31,2.31,2.0,9.0,9.0,-2.0,-2.0,-2.0,-0.04,0.32,0.32,0.98,2.31,2.31,2.0,9.0,9.0,-2.0,-2.0,-2.0,-0.04,0.32,0.32,-7.26,-8.64,-10.86,114.0,240.0,390.0,18.0,36.0,66.0,3.0,5.76,11.04,0,0,0,0,0,0,0,0,0,0,0,0,0,0,0,0,0,0,0,0,0,0,0,1,0,0,0,0,0,0,0,0,0,0,0,0,0,0,0,0,0,0,0,0,0,1,0,0,0,0,0,0
CECVUD,4.0,2.0,276.8214,624.036,1021.765,1278.0386,1008.0,2436.0,3394.0,3506.0,46.0,98.0,162.0,208.0,260.0,654.0,938.0,1046.0,18.0318,45.507,68.155,77.8688,107.207467,227.12,351.045933,426.012867,563.333333,996.0,1280.666667,1168.666667,17.333333,35.333333,55.333333,69.333333,90.666667,223.333333,314.0,348.666667,7.474467,16.9862,23.738333,25.956267,9.2416,15.504,30.476,51.4976,49.0,84.0,150.5,161.0,2.0,4.0,7.0,4.0,12.0,24.0,26.0,0.5625,1.155,2.16,2.8275,9.2416,11.628,20.783467,15.787733,49.0,63.0,124.833333,65.333333,1.5,2.833333,2.0,2.833333,9.333333,11.833333,10.833333,0.5625,0.86625,1.41125,0.945,3.3489,33.3792,51.3315,74.3163,676.0,1092.0,1716.0,2132.0,11.0,17.0,102.0,204.0,186.0,1.5625,5.625,10.5875,12.9875,324.9713,748.1184,1433.0488,2130.9176,2366.0,5172.0,8744.0,11592.0,53.0,118.0,218.0,334.0,336.0,942.0,1692.0,2246.0,23.9859,62.2086,109.265,157.0638,0.98,2.135,4.34,2.0,6.5,26.0,-2.0,-4.0,1.0,-0.04,0.12,1.48,0.735,1.776667,0.886667,1.5,2.0,4.666667,-1.5,1.5,0.833333,-0.03,0.243333,0.24,-7.26,-7.92,-9.5,114.0,220.0,360.0,19.0,32.0,71.0,3.0,5.28,10.86,0,0,0,0,0,0,0,0,0,0,0,0,0,0,0,0,0,0,0,0,0,0,0,0,0,0,0,0,0,0,0,0,0,0,0,0,0,0,0,0,0,0,0,0,0,0,0,0,0,0,0,0
CERDEJ01,3.0,3.0,273.4562,615.5622,1021.2192,1224.1562,987.0,2388.0,3576.0,3844.0,45.0,96.0,162.0,192.0,258.0,648.0,942.0,1056.0,17.5077,44.622,68.8482,77.9808,273.4562,615.5622,1021.2192,1224.1562,987.0,2388.0,3576.0,3844.0,45.0,96.0,162.0,192.0,258.0,648.0,942.0,1056.0,17.5077,44.622,68.8482,77.9808,9.2416,16.9936,29.4576,59.6752,49.0,91.0,161.0,175.0,2.0,4.0,8.0,4.0,12.0,28.0,28.0,0.5625,1.14,2.37,3.09,9.2416,16.9936,29.4576,59.6752,49.0,91.0,161.0,175.0,2.0,4.0,8.0,4.0,12.0,28.0,28.0,0.5625,1.14,2.37,3.09,3.3489,33.3792,61.3782,91.4634,676.0,1092.0,2028.0,3068.0,12.0,20.0,108.0,216.0,408.0,1.5625,5.625,11.4,19.45,550.2613,1297.8828,2442.4428,3429.0568,2650.0,6960.0,12678.0,18108.0,91.0,204.0,378.0,520.0,582.0,1584.0,2754.0,3960.0,36.5779,100.494,177.3714,249.7616,0.49,2.47,4.69,1.0,5.0,31.0,-2.0,-6.0,2.0,-0.02,-0.16,1.88,0.49,2.47,4.69,1.0,5.0,31.0,-2.0,-6.0,2.0,-0.02,-0.16,1.88,-7.26,-11.58,-13.38,114.0,234.0,402.0,18.0,36.0,52.0,3.0,5.88,9.44,0,0,0,0,0,0,0,0,0,0,0,0,0,0,0,0,0,0,0,0,0,0,0,0,0,0,0,0,0,0,0,0,0,0,0,0,0,0,0,0,0,0,0,0,0,0,0,0,0,0,0,0
COLJAO,3.0,3.0,176.5553,394.754,603.4382,672.8442,930.0,1898.0,2708.0,2318.0,28.0,60.0,92.0,106.0,152.0,372.0,506.0,484.0,12.3671,29.9228,43.0876,42.4432,176.5553,394.754,603.4382,672.8442,930.0,1898.0,2708.0,2318.0,28.0,60.0,92.0,106.0,152.0,372.0,506.0,484.0,12.3671,29.9228,43.0876,42.4432,9.2416,15.504,30.6888,36.8448,49.0,84.0,136.5,126.0,2.0,4.0,5.0,4.0,12.0,20.0,19.0,0.5625,1.155,2.0025,2.13,9.2416,15.504,31.955467,37.696,49.0,84.0,208.833333,140.0,2.0,4.0,5.0,4.0,12.0,21.333333,19.666667,0.5625,1.155,2.3225,2.225,3.3489,33.3792,55.998,83.3382,676.0,1092.0,1872.0,2860.0,12.0,18.0,108.0,216.0,264.0,1.5625,5.625,11.55,15.9,356.4595,856.2664,1596.1204,2281.6064,2536.0,5980.0,10630.0,14528.0,57.0,132.0,238.0,348.0,370.0,1032.0,1838.0,2516.0,26.2967,71.0956,126.1502,174.4964,0.98,2.065,3.08,2.0,8.5,17.0,-2.0,-2.0,0.5,-0.04,0.33,0.91,0.98,1.648333,2.8,2.0,-1.833333,15.0,-2.0,-2.666667,0.166667,-0.04,-0.096667,0.783333,-7.26,-8.64,-12.6,114.0,240.0,358.0,18.0,36.0,64.0,3.0,5.76,9.78,0,0,0,0,0,0,0,0,0,0,0,0,0,0,0,1,0,0,0,0,0,0,0,0,0,0,0,0,0,0,0,0,0,0,0,0,0,0,0,0,0,0,0,0,0,0,0,0,0,1,0,0
COMQUR,2.0,1.5,251.9832,566.661,872.536,1075.4792,978.0,2328.0,3196.0,3272.0,42.0,90.0,140.0,178.0,230.0,572.0,800.0,834.0,17.545,43.3818,63.0796,70.2862,137.19185,297.6615,444.1112,537.7396,659.5,1302.0,1710.0,1636.0,22.5,47.0,71.0,89.0,118.0,290.0,401.0,417.0,9.8704,23.0538,32.3048,35.1431,9.2416,15.504,29.944,37.0576,49.0,84.0,133.0,112.0,2.0,4.0,5.0,4.0,12.0,20.0,16.0,0.5625,1.155,2.01,1.9725,9.2416,11.628,18.8936,22.9368,49.0,63.0,122.5,94.5,1.5,2.5,3.0,2.5,7.0,10.5,13.0,0.5625,0.86625,1.3875,1.425,3.3489,33.3792,46.665,62.8788,676.0,1092.0,1560.0,2184.0,10.0,14.0,96.0,168.0,180.0,1.5625,5.625,9.625,12.1,552.1163,1257.4044,2147.0228,2952.9336,3314.0,7392.0,11430.0,14580.0,91.0,200.0,334.0,472.0,534.0,1408.0,2236.0,2744.0,41.0441,103.4652,165.3442,215.6524,0.98,2.31,3.01,2.0,9.0,19.0,-2.0,-2.0,2.0,-0.04,0.32,1.12,0.735,1.385,1.575,1.5,0.0,7.5,-1.5,-1.0,-0.5,-0.03,0.025,0.35,-7.26,-7.2,-8.74,114.0,200.0,280.0,20.0,32.0,54.0,3.0,4.8,7.82,0,0,0,0,0,0,0,0,0,0,0,0,0,0,0,0,0,0,0,0,0,0,0,0,0,0,0,0,0,0,0,0,0,0,0,0,0,0,0,0,0,0,0,0,0,0,0,0,0,0,0,0
COMQUR01,2.0,1.5,251.9832,566.661,872.536,1075.4792,978.0,2328.0,3196.0,3272.0,42.0,90.0,140.0,178.0,230.0,572.0,800.0,834.0,17.545,43.3818,63.0796,70.2862,137.19185,297.6615,444.1112,537.7396,659.5,1302.0,1710.0,1636.0,22.5,47.0,71.0,89.0,118.0,290.0,401.0,417.0,9.8704,23.0538,32.3048,35.1431,9.2416,15.504,29.944,37.0576,49.0,84.0,133.0,112.0,2.0,4.0,5.0,4.0,12.0,20.0,16.0,0.5625,1.155,2.01,1.9725,9.2416,11.628,18.8936,22.9368,49.0,63.0,122.5,94.5,1.5,2.5,3.0,2.5,7.0,10.5,13.0,0.5625,0.86625,1.3875,1.425,3.3489,33.3792,46.665,62.8788,676.0,1092.0,1560.0,2184.0,10.0,14.0,96.0,168.0,180.0,1.5625,5.625,9.625,12.1,552.1163,1257.4044,2147.0228,2952.9336,3314.0,7392.0,11430.0,14580.0,91.0,200.0,334.0,472.0,534.0,1408.0,2236.0,2744.0,41.0441,103.4652,165.3442,215.6524,0.98,2.31,3.01,2.0,9.0,19.0,-2.0,-2.0,2.0,-0.04,0.32,1.12,0.735,1.385,1.575,1.5,0.0,7.5,-1.5,-1.0,-0.5,-0.03,0.025,0.35,-7.26,-7.2,-8.74,114.0,200.0,280.0,20.0,32.0,54.0,3.0,4.8,7.82,0,0,0,0,0,0,0,0,0,0,0,0,0,0,0,0,0,0,0,0,0,0,0,0,0,0,0,0,0,0,0,0,0,0,0,0,0,0,0,0,0,0,0,0,0,0,0,0,0,0,0,0
COMRAY,3.0,3.0,163.5311,368.3644,573.3384,620.0744,3458.0,2176.0,3420.0,3284.0,25.0,54.0,84.0,94.0,138.0,342.0,476.0,424.0,12.3896,27.6908,41.276,40.829,163.5311,368.3644,573.3384,620.0744,3458.0,2176.0,3420.0,3284.0,25.0,54.0,84.0,94.0,138.0,342.0,476.0,424.0,12.3896,27.6908,41.276,40.829,9.2416,16.9936,29.944,30.3696,49.0,91.0,133.0,105.0,2.0,4.0,4.0,4.0,12.0,20.0,14.0,0.5625,1.14,2.01,1.695,9.2416,16.000533,32.639467,46.866667,49.0,86.333333,165.666667,193.666667,2.0,4.0,6.0,4.0,12.0,22.666667,24.666667,0.5625,1.15,2.19,2.84,3.3489,33.3792,59.5848,72.102,676.0,1092.0,1976.0,1976.0,12.0,16.0,108.0,216.0,240.0,1.5625,5.625,11.45,13.4,330.4111,803.4872,1543.0944,2164.2952,7592.0,6536.0,12262.0,14720.0,51.0,120.0,222.0,316.0,342.0,972.0,1782.0,2316.0,26.3417,66.6316,122.327,163.538,0.49,2.31,2.17,1.0,9.0,13.0,-2.0,-2.0,1.0,-0.02,0.32,0.74,0.816667,1.423333,2.823333,1.666667,4.333333,14.333333,-2.0,-3.333333,-0.333333,-0.033333,0.08,0.713333,-7.26,-10.6,-10.12,114.0,236.0,340.0,18.0,36.0,56.0,3.0,5.84,9.28,0,0,0,0,0,0,0,0,0,0,0,0,0,0,0,0,0,0,0,0,0,0,0,1,0,0,0,0,0,0,0,0,0,0,0,0,0,0,0,0,0,0,0,0,0,0,0,0,0,0,0,0
COMREC,3.0,3.0,231.5041,523.3934,812.3244,954.3894,934.0,2204.0,3168.0,2988.0,36.0,78.0,122.0,148.0,200.0,502.0,722.0,726.0,15.2044,37.779,56.1986,59.3424,231.5041,523.3934,812.3244,954.3894,934.0,2204.0,3168.0,2988.0,36.0,78.0,122.0,148.0,200.0,502.0,722.0,726.0,15.2044,37.779,56.1986,59.3424,9.2416,16.9936,29.944,30.3696,49.0,91.0,133.0,105.0,2.0,4.0,4.0,4.0,12.0,20.0,14.0,0.5625,1.14,2.01,1.695,9.2416,16.000533,32.639467,46.866667,49.0,86.333333,165.666667,193.666667,2.0,4.0,6.0,4.0,12.0,22.666667,24.666667,0.5625,1.15,2.19,2.84,3.3489,33.3792,59.5848,72.102,676.0,1092.0,1976.0,1976.0,12.0,16.0,108.0,216.0,240.0,1.5625,5.625,11.45,13.4,466.3571,1113.5452,2021.0664,2832.9252,2544.0,6592.0,11758.0,14128.0,73.0,168.0,298.0,424.0,466.0,1292.0,2274.0,2920.0,31.9713,86.808,152.1722,200.5648,0.49,2.31,2.17,1.0,9.0,13.0,-2.0,-2.0,1.0,-0.02,0.32,0.74,0.816667,1.423333,2.823333,1.666667,4.333333,14.333333,-2.0,-3.333333,-0.333333,-0.033333,0.08,0.713333,-7.26,-10.6,-10.12,114.0,236.0,340.0,18.0,36.0,56.0,3.0,5.84,9.28,0,0,0,0,0,0,0,0,0,0,0,0,0,0,0,0,0,0,0,0,0,0,0,1,0,0,0,0,0,0,0,0,0,0,0,0,0,0,0,0,0,0,0,0,0,0,0,0,0,0,0,0
DEDNOQ,3.0,3.0,159.1946,359.7964,555.5164,578.472,662.0,1564.0,2176.0,1842.0,24.0,52.0,80.0,86.0,132.0,324.0,448.0,392.0,10.3992,25.4732,36.8728,34.355,159.1946,359.7964,555.5164,578.472,662.0,1564.0,2176.0,1842.0,24.0,52.0,80.0,86.0,132.0,324.0,448.0,392.0,10.3992,25.4732,36.8728,34.355,9.2416,16.9936,29.944,30.3696,49.0,91.0,133.0,105.0,2.0,4.0,4.0,4.0,12.0,20.0,14.0,0.5625,1.14,2.01,1.695,9.2416,16.000533,32.639467,47.859733,49.0,86.333333,165.666667,198.333333,2.0,4.0,6.0,4.0,12.0,22.666667,23.333333,0.5625,1.15,2.19,2.83,3.3489,33.3792,59.5848,72.102,676.0,1092.0,1976.0,1976.0,12.0,16.0,108.0,216.0,240.0,1.5625,5.625,11.45,13.4,321.7381,786.3512,1507.4504,2081.0904,2000.0,5312.0,9774.0,11836.0,49.0,116.0,214.0,300.0,330.0,936.0,1726.0,2248.0,22.3609,62.1964,113.5206,150.59,0.49,2.31,2.17,1.0,9.0,13.0,-2.0,-2.0,1.0,-0.02,0.32,0.74,0.816667,1.423333,2.496667,1.666667,4.333333,13.666667,-2.0,-3.333333,0.333333,-0.033333,0.08,0.726667,-7.26,-10.6,-10.12,114.0,236.0,340.0,18.0,36.0,56.0,3.0,5.84,9.28,0,0,0,0,0,0,0,0,0,0,0,0,1,0,0,0,0,0,0,0,0,0,0,0,0,0,0,0,0,0,0,0,0,0,0,0,0,0,0,0,0,0,0,0,0,0,0,0,0,0,0,0
DEVDUD,2.0,2.0,90.171,198.543,292.3348,231.3342,830.0,1368.0,1780.0,990.0,14.0,30.0,44.0,36.0,74.0,174.0,232.0,166.0,7.3108,16.7398,23.2052,15.8024,90.171,198.543,292.3348,231.3342,830.0,1368.0,1780.0,990.0,14.0,30.0,44.0,36.0,74.0,174.0,232.0,166.0,7.3108,16.7398,23.2052,15.8024,9.2416,15.504,30.0352,23.6816,49.0,84.0,203.0,98.0,2.0,4.0,3.0,4.0,12.0,18.0,12.0,0.5625,1.155,2.1975,1.4175,9.2416,15.504,30.0352,23.6816,49.0,84.0,203.0,98.0,2.0,4.0,3.0,4.0,12.0,18.0,12.0,0.5625,1.155,2.1975,1.4175,3.3489,33.3792,55.998,80.4834,676.0,1092.0,1872.0,3588.0,12.0,18.0,108.0,216.0,216.0,1.5625,5.625,11.55,16.2,273.8619,662.3874,1266.2484,1636.7358,3166.0,6288.0,10554.0,14388.0,43.0,102.0,186.0,246.0,288.0,810.0,1506.0,1926.0,23.4949,61.4694,109.5906,138.8022,0.98,2.28,1.33,2.0,-1.0,7.0,-2.0,-1.0,0.0,-0.04,0.07,0.36,0.98,2.28,1.33,2.0,-1.0,7.0,-2.0,-1.0,0.0,-0.04,0.07,0.36,-7.26,-8.64,-11.04,114.0,240.0,330.0,18.0,36.0,72.0,3.0,5.76,9.54,0,0,0,0,0,0,0,0,0,0,0,0,0,0,0,0,0,0,0,0,0,0,0,1,0,0,0,0,0,0,0,0,0,0,0,0,0,0,0,0,0,0,0,0,0,0,0,0,0,0,0,0
DIXLUR10,2.0,2.0,96.2182,205.609,309.949,346.1952,322.0,712.0,874.0,756.0,16.0,32.0,50.0,58.0,82.0,196.0,244.0,224.0,5.7776,13.9228,19.0294,18.5826,96.2182,205.609,309.949,346.1952,322.0,712.0,874.0,756.0,16.0,32.0,50.0,58.0,82.0,196.0,244.0,224.0,5.7776,13.9228,19.0294,18.5826,9.2416,15.504,29.944,43.7456,49.0,84.0,133.0,119.0,2.0,4.0,6.0,4.0,12.0,22.0,20.0,0.5625,1.155,2.01,2.25,9.2416,20.190667,22.597333,21.452267,49.0,60.666667,68.833333,95.666667,2.833333,3.166667,2.666667,8.166667,17.0,16.166667,15.833333,0.5625,1.13625,1.27875,1.325,3.3489,33.3792,66.1545,64.233,676.0,1092.0,1560.0,1170.0,15.0,15.0,126.0,216.0,162.0,1.5625,5.625,11.4375,9.9375,292.0035,683.5854,1339.404,2117.538,1642.0,4320.0,7212.0,8010.0,49.0,108.0,210.0,336.0,318.0,912.0,1626.0,2136.0,18.8953,53.0184,96.8382,133.9428,0.98,2.31,3.85,2.0,9.0,25.0,-2.0,-3.0,2.0,-0.04,0.32,1.5,1.971667,2.193333,1.05,11.166667,12.333333,5.0,2.166667,2.833333,1.166667,0.61,0.67,0.233333,-7.26,-8.7,-7.65,114.0,330.0,345.0,15.0,54.0,63.0,3.0,9.6,10.8,0,0,0,0,0,0,0,0,0,0,0,0,0,0,0,0,0,0,1,0,0,0,0,0,0,0,0,0,0,0,0,0,0,0,0,0,0,0,0,0,0,0,1,0,0,0,0,0,0,0,0,0
DOMQED,3.0,3.0,218.5939,507.923,816.5962,1002.4176,892.0,2186.0,3280.0,3450.0,35.0,78.0,126.0,158.0,204.0,522.0,778.0,826.0,15.1579,38.593,59.4454,66.3402,218.5939,507.923,816.5962,1002.4176,892.0,2186.0,3280.0,3450.0,35.0,78.0,126.0,158.0,204.0,522.0,778.0,826.0,15.1579,38.593,59.4454,66.3402,9.2416,15.504,31.2208,42.5296,49.0,84.0,154.0,185.5,2.0,4.0,5.5,4.0,12.0,22.0,25.0,0.5625,1.155,2.1525,2.71125,9.2416,15.504,31.078933,52.6224,49.0,84.0,163.333333,248.5,2.0,4.0,6.5,4.0,12.0,23.333333,31.0,0.5625,1.155,2.2575,3.36875,3.3489,33.3792,55.998,75.1764,676.0,1092.0,1872.0,2288.0,12.0,16.0,108.0,216.0,264.0,1.5625,5.625,11.55,14.35,440.5367,1082.6044,2022.4364,2887.4632,2460.0,6556.0,11774.0,15452.0,71.0,168.0,306.0,444.0,474.0,1332.0,2394.0,3220.0,31.8783,88.436,158.8658,216.9404,0.98,1.89,2.73,2.0,6.0,12.0,-2.0,-3.0,-1.5,-0.04,0.13,0.51,0.98,1.936667,2.45,2.0,4.666667,10.0,-2.0,-3.666667,-2.5,-0.04,-0.01,0.383333,-7.26,-8.64,-11.8,114.0,240.0,328.0,18.0,36.0,52.0,3.0,5.76,8.52,0,0,0,0,0,0,0,0,0,0,0,0,0,0,0,1,0,0,0,0,0,0,0,0,0,0,0,0,0,0,0,0,0,0,0,0,0,0,0,0,0,0,0,0,0,0,0,0,0,1,1,0
DOMQIH,3.0,3.0,213.7539,494.547,794.1562,955.3816,891.0,2172.0,3256.0,3400.0,34.0,76.0,122.0,150.0,198.0,504.0,744.0,780.0,15.021,38.038,58.3058,64.0758,213.7539,494.547,794.1562,955.3816,891.0,2172.0,3256.0,3400.0,34.0,76.0,122.0,150.0,198.0,504.0,744.0,780.0,15.021,38.038,58.3058,64.0758,9.2416,15.504,31.2208,39.1856,49.0,84.0,154.0,182.0,2.0,4.0,5.0,4.0,12.0,21.0,24.0,0.5625,1.155,2.1525,2.5725,9.2416,15.504,31.078933,51.507733,49.0,84.0,163.333333,247.333333,2.0,4.0,6.333333,4.0,12.0,23.0,29.333333,0.5625,1.155,2.2575,3.3225,3.3489,33.3792,55.998,75.1764,676.0,1092.0,1872.0,2288.0,12.0,16.0,108.0,216.0,252.0,1.5625,5.625,11.55,14.35,430.8567,1055.8524,1977.5564,2793.3912,2458.0,6528.0,11726.0,15352.0,69.0,164.0,298.0,428.0,462.0,1296.0,2322.0,3096.0,31.6045,87.326,156.5866,212.4116,0.98,1.89,2.31,2.0,6.0,9.0,-2.0,-2.5,-2.0,-0.04,0.13,0.32,0.98,1.936667,2.31,2.0,4.666667,9.0,-2.0,-3.5,-2.0,-0.04,-0.01,0.32,-7.26,-8.64,-11.8,114.0,240.0,328.0,18.0,36.0,54.0,3.0,5.76,8.52,0,0,0,0,0,0,0,0,0,0,0,0,0,0,0,0,0,0,0,0,0,0,0,0,0,0,0,0,0,0,0,1,0,0,0,0,0,0,0,0,0,0,0,0,0,0,0,0,0,1,0,0
DOMQON,3.0,3.0,234.7764,543.368,883.2092,1081.3156,930.0,2282.0,3452.0,3658.0,38.0,84.0,138.0,170.0,222.0,564.0,832.0,898.0,16.0246,40.9184,63.1922,71.2426,234.7764,543.368,883.2092,1081.3156,930.0,2282.0,3452.0,3658.0,38.0,84.0,138.0,170.0,222.0,564.0,832.0,898.0,16.0246,40.9184,63.1922,71.2426,9.2416,15.504,31.7528,52.5616,49.0,84.0,171.5,196.0,2.0,4.0,7.0,4.0,12.0,25.0,28.0,0.5625,1.155,2.3025,3.1275,9.2416,15.504,31.256267,55.9664,49.0,84.0,169.166667,252.0,2.0,4.0,7.0,4.0,12.0,24.333333,32.0,0.5625,1.155,2.3075,3.5075,3.3489,33.3792,55.998,76.4574,676.0,1092.0,1872.0,2548.0,12.0,16.0,108.0,216.0,300.0,1.5625,5.625,11.55,15.35,472.9017,1153.4944,2155.6624,3047.8212,2536.0,6748.0,12118.0,16388.0,77.0,180.0,330.0,468.0,510.0,1416.0,2514.0,3448.0,33.6117,93.0868,166.3594,228.7452,0.98,1.715,3.99,2.0,3.5,21.0,-2.0,-4.5,0.0,-0.04,-0.07,1.08,0.98,1.878333,2.87,2.0,3.833333,13.0,-2.0,-4.166667,-2.0,-0.04,-0.076667,0.573333,-7.26,-8.64,-12.5,114.0,240.0,318.0,18.0,36.0,46.0,3.0,5.76,7.72,0,0,0,0,0,0,0,0,0,0,0,0,0,0,0,1,0,0,0,0,0,0,0,0,0,0,0,0,0,0,0,0,0,0,0,0,0,0,0,0,0,0,0,0,0,0,0,0,0,0,0,0
DOMQUT,3.0,3.0,229.9364,529.992,860.7692,1034.2796,929.0,2268.0,3428.0,3608.0,37.0,82.0,134.0,162.0,216.0,546.0,798.0,852.0,15.8877,40.3634,62.0526,68.9782,229.9364,529.992,860.7692,1034.2796,929.0,2268.0,3428.0,3608.0,37.0,82.0,134.0,162.0,216.0,546.0,798.0,852.0,15.8877,40.3634,62.0526,68.9782,9.2416,15.504,31.7528,49.2176,49.0,84.0,171.5,192.5,2.0,4.0,6.5,4.0,12.0,24.0,27.0,0.5625,1.155,2.3025,2.98875,9.2416,15.504,31.256267,54.851733,49.0,84.0,169.166667,250.833333,2.0,4.0,6.833333,4.0,12.0,24.0,30.333333,0.5625,1.155,2.3075,3.46125,3.3489,33.3792,55.998,76.4574,676.0,1092.0,1872.0,2548.0,12.0,16.0,108.0,216.0,288.0,1.5625,5.625,11.55,15.35,463.2217,1126.7424,2110.7824,2953.7492,2534.0,6720.0,12070.0,16288.0,75.0,176.0,322.0,452.0,498.0,1380.0,2442.0,3324.0,33.3379,91.9768,164.0802,224.2164,0.98,1.715,3.57,2.0,3.5,18.0,-2.0,-4.0,-0.5,-0.04,-0.07,0.89,0.98,1.878333,2.73,2.0,3.833333,12.0,-2.0,-4.0,-1.5,-0.04,-0.076667,0.51,-7.26,-8.64,-12.5,114.0,240.0,318.0,18.0,36.0,48.0,3.0,5.76,7.72,0,0,0,0,0,0,0,0,0,0,0,0,0,0,0,0,0,0,0,0,0,0,0,0,0,0,0,0,0,0,0,1,0,0,0,0,0,0,0,0,0,0,0,0,0,0,0,0,0,0,0,0
DOMQUT01,3.0,3.0,229.9364,529.992,860.7692,1034.2796,929.0,2268.0,3428.0,3608.0,37.0,82.0,134.0,162.0,216.0,546.0,798.0,852.0,15.8877,40.3634,62.0526,68.9782,229.9364,529.992,860.7692,1034.2796,929.0,2268.0,3428.0,3608.0,37.0,82.0,134.0,162.0,216.0,546.0,798.0,852.0,15.8877,40.3634,62.0526,68.9782,9.2416,15.504,31.7528,49.2176,49.0,84.0,171.5,192.5,2.0,4.0,6.5,4.0,12.0,24.0,27.0,0.5625,1.155,2.3025,2.98875,9.2416,15.504,31.256267,54.851733,49.0,84.0,169.166667,250.833333,2.0,4.0,6.833333,4.0,12.0,24.0,30.333333,0.5625,1.155,2.3075,3.46125,3.3489,33.3792,55.998,76.4574,676.0,1092.0,1872.0,2548.0,12.0,16.0,108.0,216.0,288.0,1.5625,5.625,11.55,15.35,463.2217,1126.7424,2110.7824,2953.7492,2534.0,6720.0,12070.0,16288.0,75.0,176.0,322.0,452.0,498.0,1380.0,2442.0,3324.0,33.3379,91.9768,164.0802,224.2164,0.98,1.715,3.57,2.0,3.5,18.0,-2.0,-4.0,-0.5,-0.04,-0.07,0.89,0.98,1.878333,2.73,2.0,3.833333,12.0,-2.0,-4.0,-1.5,-0.04,-0.076667,0.51,-7.26,-8.64,-12.5,114.0,240.0,318.0,18.0,36.0,48.0,3.0,5.76,7.72,0,0,0,0,0,0,0,0,0,0,0,0,0,0,0,0,0,0,0,0,0,0,0,0,0,0,0,0,0,0,0,1,0,0,0,0,0,0,0,0,0,0,0,0,0,0,0,0,0,0,0,0
DOMQUT02,3.0,3.0,229.9364,529.992,860.7692,1034.2796,929.0,2268.0,3428.0,3608.0,37.0,82.0,134.0,162.0,216.0,546.0,798.0,852.0,15.8877,40.3634,62.0526,68.9782,229.9364,529.992,860.7692,1034.2796,929.0,2268.0,3428.0,3608.0,37.0,82.0,134.0,162.0,216.0,546.0,798.0,852.0,15.8877,40.3634,62.0526,68.9782,9.2416,15.504,31.7528,49.2176,49.0,84.0,171.5,192.5,2.0,4.0,6.5,4.0,12.0,24.0,27.0,0.5625,1.155,2.3025,2.98875,9.2416,15.504,31.256267,54.851733,49.0,84.0,169.166667,250.833333,2.0,4.0,6.833333,4.0,12.0,24.0,30.333333,0.5625,1.155,2.3075,3.46125,3.3489,33.3792,55.998,76.4574,676.0,1092.0,1872.0,2548.0,12.0,16.0,108.0,216.0,288.0,1.5625,5.625,11.55,15.35,463.2217,1126.7424,2110.7824,2953.7492,2534.0,6720.0,12070.0,16288.0,75.0,176.0,322.0,452.0,498.0,1380.0,2442.0,3324.0,33.3379,91.9768,164.0802,224.2164,0.98,1.715,3.57,2.0,3.5,18.0,-2.0,-4.0,-0.5,-0.04,-0.07,0.89,0.98,1.878333,2.73,2.0,3.833333,12.0,-2.0,-4.0,-1.5,-0.04,-0.076667,0.51,-7.26,-8.64,-12.5,114.0,240.0,318.0,18.0,36.0,48.0,3.0,5.76,7.72,0,0,0,0,0,0,0,0,0,0,0,0,0,0,0,0,0,0,0,0,0,0,0,0,0,0,0,0,0,0,0,1,0,0,0,0,0,0,0,0,0,0,0,0,0,0,0,0,0,0,0,0
DOQRAC,2.0,1.666667,112.32695,238.17,424.5045,499.7748,308.0,708.0,873.0,948.0,19.5,38.0,70.0,84.0,108.0,262.0,355.0,438.0,6.02875,14.9842,21.9438,26.5734,87.140167,179.503,309.071,346.5592,246.666667,536.0,624.0,646.0,15.0,28.666667,51.333333,58.0,80.0,189.333333,245.333333,294.0,4.738833,11.339533,15.8578,18.2706,9.2416,15.504,35.036,32.6496,49.0,84.0,87.5,73.5,2.0,5.0,4.5,5.0,19.0,24.5,16.5,0.5625,1.155,1.8375,1.53375,9.2416,12.92,25.941333,28.4544,49.0,70.0,72.333333,56.0,1.666667,3.666667,4.0,3.666667,13.333333,17.666667,12.0,0.5625,0.9625,1.4175,1.3,3.3489,33.3792,55.998,98.5455,676.0,1092.0,1872.0,1014.0,12.0,24.0,108.0,252.0,198.0,1.5625,5.625,11.55,12.6,301.536,667.4364,1394.661,2058.663,1540.0,3984.0,7212.0,8250.0,52.0,108.0,222.0,330.0,330.0,912.0,1644.0,2280.0,17.938,49.3188,91.2342,140.6718,0.98,3.675,2.94,2.0,22.5,21.0,-2.0,4.5,4.0,-0.04,1.3,1.33,0.816667,2.613333,2.8,1.666667,15.333333,20.0,-1.666667,2.0,2.666667,-0.033333,0.86,1.266667,-7.26,-8.64,-9.93,114.0,240.0,585.0,18.0,30.0,111.0,3.0,5.76,19.92,0,0,0,0,0,0,0,0,0,0,0,0,0,0,0,0,1,0,0,0,0,0,0,0,0,0,0,0,0,0,0,0,0,0,0,0,0,0,0,0,0,0,0,0,0,0,0,0,0,0,0,0
DOQRAC01,2.0,1.666667,112.32695,238.17,424.5045,499.7748,308.0,708.0,873.0,948.0,19.5,38.0,70.0,84.0,108.0,262.0,355.0,438.0,6.02875,14.9842,21.9438,26.5734,87.140167,179.503,309.071,346.5592,246.666667,536.0,624.0,646.0,15.0,28.666667,51.333333,58.0,80.0,189.333333,245.333333,294.0,4.738833,11.339533,15.8578,18.2706,9.2416,15.504,35.036,32.6496,49.0,84.0,87.5,73.5,2.0,5.0,4.5,5.0,19.0,24.5,16.5,0.5625,1.155,1.8375,1.53375,9.2416,12.92,25.941333,28.4544,49.0,70.0,72.333333,56.0,1.666667,3.666667,4.0,3.666667,13.333333,17.666667,12.0,0.5625,0.9625,1.4175,1.3,3.3489,33.3792,55.998,98.5455,676.0,1092.0,1872.0,1014.0,12.0,24.0,108.0,252.0,198.0,1.5625,5.625,11.55,12.6,301.536,667.4364,1394.661,2058.663,1540.0,3984.0,7212.0,8250.0,52.0,108.0,222.0,330.0,330.0,912.0,1644.0,2280.0,17.938,49.3188,91.2342,140.6718,0.98,3.675,2.94,2.0,22.5,21.0,-2.0,4.5,4.0,-0.04,1.3,1.33,0.816667,2.613333,2.8,1.666667,15.333333,20.0,-1.666667,2.0,2.666667,-0.033333,0.86,1.266667,-7.26,-8.64,-9.93,114.0,240.0,585.0,18.0,30.0,111.0,3.0,5.76,19.92,0,0,0,0,0,0,0,0,0,0,0,0,0,0,0,0,1,0,0,0,0,0,0,0,0,0,0,0,0,0,0,0,0,0,0,0,0,0,0,0,0,0,0,0,0,0,0,0,0,0,0,0
DUCFOW,6.0,6.0,356.7096,803.25,1396.788,1825.2372,1188.0,2916.0,4020.0,4386.0,60.0,126.0,222.0,300.0,348.0,888.0,1290.0,1578.0,21.7116,55.7634,85.5906,104.2212,356.7096,803.25,1396.788,1825.2372,1188.0,2916.0,4020.0,4386.0,60.0,126.0,222.0,300.0,348.0,888.0,1290.0,1578.0,21.7116,55.7634,85.5906,104.2212,9.2416,19.38,46.664,52.9872,49.0,105.0,150.5,168.0,2.5,6.5,7.0,6.5,24.0,36.5,32.5,0.5625,1.44375,2.70375,2.8125,9.2416,19.38,46.664,52.9872,49.0,105.0,150.5,168.0,2.5,6.5,7.0,6.5,24.0,36.5,32.5,0.5625,1.44375,2.70375,2.8125,3.3489,33.3792,69.9975,112.545,676.0,1092.0,2340.0,1482.0,15.0,27.0,126.0,324.0,234.0,1.5625,5.625,14.4375,15.4875,360.0585,870.0084,1814.031,2916.18,1864.0,5100.0,10170.0,12054.0,61.0,138.0,282.0,468.0,420.0,1248.0,2472.0,3576.0,23.2741,67.0134,131.3406,201.2112,1.225,4.41,3.85,2.5,24.0,25.0,-2.5,3.5,5.5,-0.05,1.27,1.5,1.225,4.41,3.85,2.5,24.0,25.0,-2.5,3.5,5.5,-0.05,1.27,1.5,-7.26,-10.8,-12.09,114.0,300.0,645.0,15.0,36.0,123.0,3.0,7.2,21.36,0,0,0,0,0,0,0,0,0,0,0,0,0,0,0,0,0,0,0,0,0,0,0,1,0,0,0,0,0,0,0,0,0,0,0,0,0,0,0,0,0,0,0,0,0,0,0,0,0,0,0,0
DUKJAW,2.0,1.5,216.493,501.701,803.1232,964.5292,904.0,2198.0,3274.0,3550.0,34.0,76.0,122.0,150.0,198.0,504.0,754.0,822.0,14.9906,37.9616,58.2306,65.5406,119.44675,265.1815,409.4048,482.2646,622.5,1237.0,1749.0,1775.0,18.5,40.0,62.0,75.0,102.0,256.0,378.0,411.0,8.5932,20.3437,29.8803,32.7703,9.2416,15.504,29.944,39.1856,49.0,84.0,133.0,182.0,2.0,4.0,5.0,4.0,12.0,20.0,24.0,0.5625,1.155,2.01,2.5725,9.2416,11.628,18.8936,19.5928,49.0,63.0,122.5,91.0,1.5,2.5,2.5,2.5,7.0,10.5,12.0,0.5625,0.86625,1.3875,1.28625,3.3489,33.3792,46.665,62.8788,676.0,1092.0,1560.0,2184.0,10.0,14.0,96.0,168.0,180.0,1.5625,5.625,9.625,12.1,481.1359,1127.4844,2008.1972,2731.0336,3166.0,7132.0,11586.0,15136.0,75.0,172.0,298.0,416.0,470.0,1272.0,2144.0,2732.0,35.9353,92.6248,155.6462,206.1612,0.98,2.31,2.31,2.0,9.0,9.0,-2.0,-2.0,-2.0,-0.04,0.32,0.32,0.735,1.385,1.155,1.5,0.0,4.5,-1.5,-1.0,-1.0,-0.03,0.025,0.16,-7.26,-7.2,-8.74,114.0,200.0,280.0,20.0,32.0,54.0,3.0,4.8,7.82,0,0,0,0,0,0,0,0,0,0,0,0,0,0,0,0,0,0,0,0,0,0,0,0,0,0,0,0,0,0,0,0,0,0,0,0,0,0,0,0,0,0,0,0,0,0,0,0,0,0,0,0
DUKJAW01,2.0,1.5,216.493,501.701,803.1232,964.5292,904.0,2198.0,3274.0,3550.0,34.0,76.0,122.0,150.0,198.0,504.0,754.0,822.0,14.9906,37.9616,58.2306,65.5406,119.44675,265.1815,409.4048,482.2646,622.5,1237.0,1749.0,1775.0,18.5,40.0,62.0,75.0,102.0,256.0,378.0,411.0,8.5932,20.3437,29.8803,32.7703,9.2416,15.504,29.944,39.1856,49.0,84.0,133.0,182.0,2.0,4.0,5.0,4.0,12.0,20.0,24.0,0.5625,1.155,2.01,2.5725,9.2416,11.628,18.8936,19.5928,49.0,63.0,122.5,91.0,1.5,2.5,2.5,2.5,7.0,10.5,12.0,0.5625,0.86625,1.3875,1.28625,3.3489,33.3792,46.665,62.8788,676.0,1092.0,1560.0,2184.0,10.0,14.0,96.0,168.0,180.0,1.5625,5.625,9.625,12.1,481.1359,1127.4844,2008.1972,2731.0336,3166.0,7132.0,11586.0,15136.0,75.0,172.0,298.0,416.0,470.0,1272.0,2144.0,2732.0,35.9353,92.6248,155.6462,206.1612,0.98,2.31,2.31,2.0,9.0,9.0,-2.0,-2.0,-2.0,-0.04,0.32,0.32,0.735,1.385,1.155,1.5,0.0,4.5,-1.5,-1.0,-1.0,-0.03,0.025,0.16,-7.26,-7.2,-8.74,114.0,200.0,280.0,20.0,32.0,54.0,3.0,4.8,7.82,0,0,0,0,0,0,0,0,0,0,0,0,0,0,0,0,0,0,0,0,0,0,0,0,0,0,0,0,0,0,0,0,0,0,0,0,0,0,0,0,0,0,0,0,0,0,0,0,0,0,0,0
DUKJIE,2.0,1.5,216.493,501.701,803.1232,964.1862,904.0,2198.0,3274.0,3540.0,34.0,76.0,122.0,150.0,198.0,504.0,754.0,826.0,14.9906,37.9616,58.2306,65.5566,119.44675,265.1815,409.4048,482.0931,622.5,1237.0,1749.0,1770.0,18.5,40.0,62.0,75.0,102.0,256.0,378.0,413.0,8.5932,20.3437,29.8803,32.7783,9.2416,15.504,29.944,39.1856,49.0,84.0,133.0,182.0,2.0,4.0,5.0,4.0,12.0,20.0,24.0,0.5625,1.155,2.01,2.5725,9.2416,11.628,18.8936,19.5928,49.0,63.0,122.5,91.0,1.5,2.5,2.5,2.5,7.0,10.5,12.0,0.5625,0.86625,1.3875,1.28625,3.3489,33.3792,46.665,62.8788,676.0,1092.0,1560.0,2184.0,10.0,14.0,96.0,168.0,180.0,1.5625,5.625,9.625,12.1,481.1359,1127.4844,2008.1972,2730.3476,3166.0,7132.0,11586.0,15116.0,75.0,172.0,298.0,416.0,470.0,1272.0,2144.0,2740.0,35.9353,92.6248,155.6462,206.1932,0.98,2.31,2.31,2.0,9.0,9.0,-2.0,-2.0,-2.0,-0.04,0.32,0.32,0.735,1.385,1.155,1.5,0.0,4.5,-1.5,-1.0,-1.0,-0.03,0.025,0.16,-7.26,-7.2,-8.74,114.0,200.0,280.0,20.0,32.0,54.0,3.0,4.8,7.82,0,0,0,0,0,0,0,0,0,0,0,0,0,0,0,0,0,0,0,0,0,0,0,0,0,0,0,0,0,0,0,0,0,0,0,0,0,0,0,0,0,0,0,0,0,0,0,0,0,0,0,0
DULBUK,3.0,3.0,230.5351,514.896,905.9008,1107.2372,1218.0,2364.0,3796.0,3816.0,39.0,82.0,148.0,178.0,230.0,582.0,844.0,848.0,15.2629,38.269,61.564,69.2702,230.5351,514.896,905.9008,1107.2372,1218.0,2364.0,3796.0,3816.0,39.0,82.0,148.0,178.0,230.0,582.0,844.0,848.0,15.2629,38.269,61.564,69.2702,9.2416,15.504,38.8512,70.4976,49.0,84.0,280.0,147.0,2.0,5.0,10.0,4.0,14.0,34.0,26.0,0.5625,1.155,3.075,3.36,9.2416,15.504,33.6224,60.364267,49.0,84.0,205.333333,301.0,2.0,4.333333,8.0,4.0,12.666667,27.333333,26.0,0.5625,1.155,2.565,3.645,3.3489,33.3792,55.998,93.5496,676.0,1092.0,1872.0,4160.0,12.0,20.0,108.0,240.0,408.0,1.5625,5.625,11.55,20.5,464.4191,1096.5504,2201.0456,3133.8488,3112.0,6912.0,12806.0,19928.0,79.0,176.0,350.0,492.0,526.0,1460.0,2622.0,3660.0,32.0883,87.788,163.103,235.1004,0.98,2.42,7.21,2.0,-5.0,49.0,-3.0,-7.0,7.0,-0.04,-0.35,3.02,0.98,2.113333,4.463333,2.0,1.0,13.0,-2.333333,-5.0,3.0,-0.04,-0.17,1.14,-7.26,-8.64,-14.52,114.0,240.0,360.0,18.0,32.0,52.0,3.0,5.76,8.6,0,0,0,0,0,0,0,0,0,0,0,0,0,0,0,0,0,0,0,0,0,0,0,1,0,0,0,0,0,0,0,0,0,0,0,0,0,0,0,0,0,0,0,0,0,0,0,0,0,0,0,0
DULBUK02,3.0,3.0,230.5351,514.896,905.9008,1107.2372,1218.0,2364.0,3796.0,3816.0,39.0,82.0,148.0,178.0,230.0,582.0,844.0,848.0,15.2629,38.269,61.564,69.2702,230.5351,514.896,905.9008,1107.2372,1218.0,2364.0,3796.0,3816.0,39.0,82.0,148.0,178.0,230.0,582.0,844.0,848.0,15.2629,38.269,61.564,69.2702,9.2416,15.504,38.8512,70.4976,49.0,84.0,280.0,147.0,2.0,5.0,10.0,4.0,14.0,34.0,26.0,0.5625,1.155,3.075,3.36,9.2416,15.504,33.6224,60.364267,49.0,84.0,205.333333,301.0,2.0,4.333333,8.0,4.0,12.666667,27.333333,26.0,0.5625,1.155,2.565,3.645,3.3489,33.3792,55.998,93.5496,676.0,1092.0,1872.0,4160.0,12.0,20.0,108.0,240.0,408.0,1.5625,5.625,11.55,20.5,464.4191,1096.5504,2201.0456,3133.8488,3112.0,6912.0,12806.0,19928.0,79.0,176.0,350.0,492.0,526.0,1460.0,2622.0,3660.0,32.0883,87.788,163.103,235.1004,0.98,2.42,7.21,2.0,-5.0,49.0,-3.0,-7.0,7.0,-0.04,-0.35,3.02,0.98,2.113333,4.463333,2.0,1.0,13.0,-2.333333,-5.0,3.0,-0.04,-0.17,1.14,-7.26,-8.64,-14.52,114.0,240.0,360.0,18.0,32.0,52.0,3.0,5.76,8.6,0,0,0,0,0,0,0,0,0,0,0,0,0,0,0,0,0,0,0,0,0,0,0,1,0,0,0,0,0,0,0,0,0,0,0,0,0,0,0,0,0,0,0,0,0,0,0,0,0,0,0,0
DULCIZ,3.0,3.0,230.5351,514.896,905.9008,1107.2372,1218.0,2364.0,3796.0,3816.0,39.0,82.0,148.0,178.0,230.0,582.0,844.0,848.0,15.2629,38.269,61.564,69.2702,230.5351,514.896,905.9008,1107.2372,1218.0,2364.0,3796.0,3816.0,39.0,82.0,148.0,178.0,230.0,582.0,844.0,848.0,15.2629,38.269,61.564,69.2702,9.2416,15.504,38.8512,70.4976,49.0,84.0,280.0,147.0,2.0,5.0,10.0,4.0,14.0,34.0,26.0,0.5625,1.155,3.075,3.36,9.2416,15.504,33.6224,60.364267,49.0,84.0,205.333333,301.0,2.0,4.333333,8.0,4.0,12.666667,27.333333,26.0,0.5625,1.155,2.565,3.645,3.3489,33.3792,55.998,93.5496,676.0,1092.0,1872.0,4160.0,12.0,20.0,108.0,240.0,408.0,1.5625,5.625,11.55,20.5,464.4191,1096.5504,2201.0456,3133.8488,3112.0,6912.0,12806.0,19928.0,79.0,176.0,350.0,492.0,526.0,1460.0,2622.0,3660.0,32.0883,87.788,163.103,235.1004,0.98,2.42,7.21,2.0,-5.0,49.0,-3.0,-7.0,7.0,-0.04,-0.35,3.02,0.98,2.113333,4.463333,2.0,1.0,13.0,-2.333333,-5.0,3.0,-0.04,-0.17,1.14,-7.26,-8.64,-14.52,114.0,240.0,360.0,18.0,32.0,52.0,3.0,5.76,8.6,0,0,0,0,0,0,0,0,0,0,1,0,0,0,0,0,0,0,0,0,0,0,0,0,0,0,0,0,0,0,0,0,0,0,0,1,0,0,0,0,0,0,0,0,0,0,0,0,0,0,0,0
DULCOF,3.0,3.0,230.5351,514.896,905.9008,1107.2372,1218.0,2364.0,3796.0,3816.0,39.0,82.0,148.0,178.0,230.0,582.0,844.0,848.0,15.2629,38.269,61.564,69.2702,230.5351,514.896,905.9008,1107.2372,1218.0,2364.0,3796.0,3816.0,39.0,82.0,148.0,178.0,230.0,582.0,844.0,848.0,15.2629,38.269,61.564,69.2702,9.2416,15.504,38.8512,70.4976,49.0,84.0,280.0,147.0,2.0,5.0,10.0,4.0,14.0,34.0,26.0,0.5625,1.155,3.075,3.36,9.2416,15.504,33.6224,60.364267,49.0,84.0,205.333333,301.0,2.0,4.333333,8.0,4.0,12.666667,27.333333,26.0,0.5625,1.155,2.565,3.645,3.3489,33.3792,55.998,93.5496,676.0,1092.0,1872.0,4160.0,12.0,20.0,108.0,240.0,408.0,1.5625,5.625,11.55,20.5,464.4191,1096.5504,2201.0456,3133.8488,3112.0,6912.0,12806.0,19928.0,79.0,176.0,350.0,492.0,526.0,1460.0,2622.0,3660.0,32.0883,87.788,163.103,235.1004,0.98,2.42,7.21,2.0,-5.0,49.0,-3.0,-7.0,7.0,-0.04,-0.35,3.02,0.98,2.113333,4.463333,2.0,1.0,13.0,-2.333333,-5.0,3.0,-0.04,-0.17,1.14,-7.26,-8.64,-14.52,114.0,240.0,360.0,18.0,32.0,52.0,3.0,5.76,8.6,0,0,0,0,0,0,0,0,0,0,0,0,0,0,0,0,1,0,0,0,0,0,0,0,0,0,0,0,0,0,0,0,0,0,0,0,0,0,0,0,0,0,0,0,0,0,0,0,0,0,0,0
DULDAS,3.0,3.0,165.8051,373.116,632.7988,650.7612,1066.0,1980.0,2968.0,2400.0,27.0,58.0,100.0,106.0,158.0,390.0,520.0,440.0,11.7961,28.9674,44.7528,40.839,165.8051,373.116,632.7988,650.7612,1066.0,1980.0,2968.0,2400.0,27.0,58.0,100.0,106.0,158.0,390.0,520.0,440.0,11.7961,28.9674,44.7528,40.839,9.2416,15.504,36.7232,30.3696,49.0,84.0,210.0,105.0,2.0,5.0,4.0,4.0,14.0,22.0,14.0,0.5625,1.155,2.475,1.695,9.2416,15.504,32.913067,46.988267,49.0,84.0,182.0,287.0,2.0,4.333333,6.0,4.0,12.666667,23.333333,22.0,0.5625,1.155,2.365,3.09,3.3489,33.3792,55.998,88.4256,676.0,1092.0,1872.0,3120.0,12.0,20.0,108.0,240.0,264.0,1.5625,5.625,11.55,16.5,334.9591,812.9904,1654.8416,2210.6488,2808.0,6144.0,11150.0,15016.0,55.0,128.0,254.0,348.0,382.0,1076.0,1926.0,2508.0,25.1547,69.1848,129.4806,170.238,0.98,3.12,2.17,2.0,5.0,13.0,-3.0,-1.0,1.0,-0.04,0.45,0.74,0.98,2.346667,2.783333,2.0,4.333333,1.0,-2.333333,-3.0,1.0,-0.04,0.096667,0.38,-7.26,-8.64,-11.72,114.0,240.0,400.0,18.0,32.0,76.0,3.0,5.76,11.8,0,0,0,0,0,0,0,0,0,0,0,0,0,0,0,0,0,0,0,0,0,0,0,1,0,0,0,0,0,0,0,0,0,0,0,1,0,0,0,0,0,0,0,0,0,0,0,0,0,1,0,0
DUSMAH,3.0,3.0,240.8895,532.44,949.0384,1144.0108,834.0,1980.0,3124.0,3016.0,39.0,82.0,148.0,178.0,230.0,582.0,844.0,848.0,14.2479,36.4826,58.0492,65.7206,240.8895,532.44,949.0384,1144.0108,834.0,1980.0,3124.0,3016.0,39.0,82.0,148.0,178.0,230.0,582.0,844.0,848.0,14.2479,36.4826,58.0492,65.7206,9.2416,15.504,41.4656,70.4976,49.0,84.0,224.0,147.0,2.0,5.0,10.0,4.0,14.0,34.0,26.0,0.5625,1.155,2.8575,3.36,9.2416,15.504,34.493867,63.850133,49.0,84.0,186.666667,226.333333,2.0,4.333333,8.0,4.0,12.666667,27.333333,26.0,0.5625,1.155,2.4925,3.355,3.3489,33.3792,55.998,99.8448,676.0,1092.0,1872.0,3328.0,12.0,20.0,108.0,240.0,408.0,1.5625,5.625,11.55,19.05,485.1279,1131.6384,2287.3208,3219.9864,2344.0,6144.0,11462.0,16664.0,79.0,176.0,350.0,492.0,526.0,1460.0,2622.0,3660.0,30.0583,84.2152,156.0734,225.1012,0.98,1.56,7.21,2.0,3.0,49.0,-3.0,-7.0,7.0,-0.04,-0.06,3.02,0.98,1.826667,3.316667,2.0,3.666667,23.666667,-2.333333,-5.0,3.0,-0.04,-0.073333,1.526667,-7.26,-8.64,-17.96,114.0,240.0,392.0,18.0,32.0,52.0,3.0,5.76,9.76,0,0,0,0,0,0,0,0,0,0,0,0,0,0,0,0,0,0,0,0,0,0,0,1,0,0,0,0,0,0,0,0,0,0,0,0,0,0,0,0,0,0,0,0,0,0,0,0,0,0,0,0
DUSMAH03,3.0,3.0,240.8895,532.44,949.0384,1144.0108,834.0,1980.0,3124.0,3016.0,39.0,82.0,148.0,178.0,230.0,582.0,844.0,848.0,14.2479,36.4826,58.0492,65.7206,240.8895,532.44,949.0384,1144.0108,834.0,1980.0,3124.0,3016.0,39.0,82.0,148.0,178.0,230.0,582.0,844.0,848.0,14.2479,36.4826,58.0492,65.7206,9.2416,15.504,41.4656,70.4976,49.0,84.0,224.0,147.0,2.0,5.0,10.0,4.0,14.0,34.0,26.0,0.5625,1.155,2.8575,3.36,9.2416,15.504,34.493867,63.850133,49.0,84.0,186.666667,226.333333,2.0,4.333333,8.0,4.0,12.666667,27.333333,26.0,0.5625,1.155,2.4925,3.355,3.3489,33.3792,55.998,99.8448,676.0,1092.0,1872.0,3328.0,12.0,20.0,108.0,240.0,408.0,1.5625,5.625,11.55,19.05,485.1279,1131.6384,2287.3208,3219.9864,2344.0,6144.0,11462.0,16664.0,79.0,176.0,350.0,492.0,526.0,1460.0,2622.0,3660.0,30.0583,84.2152,156.0734,225.1012,0.98,1.56,7.21,2.0,3.0,49.0,-3.0,-7.0,7.0,-0.04,-0.06,3.02,0.98,1.826667,3.316667,2.0,3.666667,23.666667,-2.333333,-5.0,3.0,-0.04,-0.073333,1.526667,-7.26,-8.64,-17.96,114.0,240.0,392.0,18.0,32.0,52.0,3.0,5.76,9.76,0,0,0,0,0,0,0,0,0,0,0,0,0,0,0,0,0,0,0,0,0,0,0,1,0,0,0,0,0,0,0,0,0,0,0,0,0,0,0,0,0,0,0,0,0,0,0,0,0,0,0,0
DUSMUB,3.0,3.0,240.8895,532.44,949.0384,1144.0108,834.0,1980.0,3124.0,3016.0,39.0,82.0,148.0,178.0,230.0,582.0,844.0,848.0,14.2479,36.4826,58.0492,65.7206,240.8895,532.44,949.0384,1144.0108,834.0,1980.0,3124.0,3016.0,39.0,82.0,148.0,178.0,230.0,582.0,844.0,848.0,14.2479,36.4826,58.0492,65.7206,9.2416,15.504,41.4656,70.4976,49.0,84.0,224.0,147.0,2.0,5.0,10.0,4.0,14.0,34.0,26.0,0.5625,1.155,2.8575,3.36,9.2416,15.504,34.493867,63.850133,49.0,84.0,186.666667,226.333333,2.0,4.333333,8.0,4.0,12.666667,27.333333,26.0,0.5625,1.155,2.4925,3.355,3.3489,33.3792,55.998,99.8448,676.0,1092.0,1872.0,3328.0,12.0,20.0,108.0,240.0,408.0,1.5625,5.625,11.55,19.05,485.1279,1131.6384,2287.3208,3219.9864,2344.0,6144.0,11462.0,16664.0,79.0,176.0,350.0,492.0,526.0,1460.0,2622.0,3660.0,30.0583,84.2152,156.0734,225.1012,0.98,1.56,7.21,2.0,3.0,49.0,-3.0,-7.0,7.0,-0.04,-0.06,3.02,0.98,1.826667,3.316667,2.0,3.666667,23.666667,-2.333333,-5.0,3.0,-0.04,-0.073333,1.526667,-7.26,-8.64,-17.96,114.0,240.0,392.0,18.0,32.0,52.0,3.0,5.76,9.76,0,0,0,0,0,0,0,0,0,0,0,0,0,0,0,0,0,0,0,0,0,0,0,1,0,0,0,0,0,0,0,0,0,0,0,1,0,0,0,0,0,0,0,0,0,0,0,0,0,0,0,0
DUWHIO,1.0,4.0,22.4005,28.662,15.6864,0.0,341.0,276.0,224.0,0.0,3.0,4.0,2.0,0.0,6.0,8.0,2.0,0.0,2.1958,2.7258,1.53,0.0,248.858,559.586,868.0394,1063.1544,980.0,2318.0,3248.0,3312.0,40.0,86.0,134.0,168.0,220.0,546.0,758.0,796.0,16.724,41.4266,60.3862,66.3488,9.2416,7.752,7.8432,0.0,49.0,42.0,112.0,0.0,1.0,1.0,0.0,1.0,2.0,1.0,0.0,0.5625,0.5775,0.765,0.0,9.2416,15.504,31.2208,45.3416,49.0,84.0,154.0,171.5,2.0,4.0,6.0,4.0,12.0,22.0,24.0,0.5625,1.155,2.1525,2.7,3.3489,33.3792,46.665,60.39,676.0,1092.0,1560.0,2314.0,10.0,13.0,96.0,168.0,186.0,1.5625,5.625,9.625,12.1125,297.0079,683.6684,1269.9902,1829.144,2338.0,5054.0,8286.0,11440.0,47.0,106.0,188.0,278.0,294.0,810.0,1402.0,1860.0,22.6781,58.1282,99.5712,139.1438,0.49,0.46,0.0,1.0,-9.0,0.0,-1.0,0.0,0.0,-0.02,-0.27,0.0,0.98,1.89,3.325,2.0,6.0,17.5,-2.0,-3.0,0.0,-0.04,0.13,0.9,-7.26,-7.2,-9.21,114.0,200.0,249.0,20.0,32.0,47.0,3.0,4.8,6.56,0,0,0,0,0,0,0,0,0,0,0,0,0,0,0,0,0,0,0,0,0,0,0,0,0,0,0,0,0,0,0,0,0,0,0,0,0,0,0,0,0,0,0,0,0,0,0,0,0,0,0,0
DUWHIO03,1.0,4.0,22.4005,28.662,15.6864,0.0,341.0,276.0,224.0,0.0,3.0,4.0,2.0,0.0,6.0,8.0,2.0,0.0,2.1958,2.7258,1.53,0.0,248.858,559.586,868.0394,1063.1544,980.0,2318.0,3248.0,3312.0,40.0,86.0,134.0,168.0,220.0,546.0,758.0,796.0,16.724,41.4266,60.3862,66.3488,9.2416,7.752,7.8432,0.0,49.0,42.0,112.0,0.0,1.0,1.0,0.0,1.0,2.0,1.0,0.0,0.5625,0.5775,0.765,0.0,9.2416,15.504,31.2208,45.3416,49.0,84.0,154.0,171.5,2.0,4.0,6.0,4.0,12.0,22.0,24.0,0.5625,1.155,2.1525,2.7,3.3489,33.3792,46.665,60.39,676.0,1092.0,1560.0,2314.0,10.0,13.0,96.0,168.0,186.0,1.5625,5.625,9.625,12.1125,297.0079,683.6684,1269.9902,1829.144,2338.0,5054.0,8286.0,11440.0,47.0,106.0,188.0,278.0,294.0,810.0,1402.0,1860.0,22.6781,58.1282,99.5712,139.1438,0.49,0.46,0.0,1.0,-9.0,0.0,-1.0,0.0,0.0,-0.02,-0.27,0.0,0.98,1.89,3.325,2.0,6.0,17.5,-2.0,-3.0,0.0,-0.04,0.13,0.9,-7.26,-7.2,-9.21,114.0,200.0,249.0,20.0,32.0,47.0,3.0,4.8,6.56,0,0,0,0,0,0,0,0,0,0,0,0,0,0,0,0,0,0,0,0,0,0,0,0,0,0,0,0,0,0,0,0,0,0,0,0,0,0,0,0,0,0,0,0,0,0,0,0,0,0,0,0
EBOTOG,4.0,2.0,241.1314,536.571,872.502,1067.7756,862.0,2052.0,2760.0,2748.0,40.0,84.0,138.0,174.0,222.0,552.0,774.0,852.0,15.3864,38.4384,56.4054,62.9958,95.3108,197.965,301.2916,355.9252,514.666667,868.0,1069.333333,916.0,15.333333,30.666667,47.333333,58.0,78.0,189.333333,259.333333,284.0,6.592667,14.63,19.8218,20.9986,9.2416,15.504,29.944,43.7456,49.0,84.0,133.0,119.0,2.0,4.0,6.0,4.0,12.0,22.0,20.0,0.5625,1.155,2.01,2.25,9.2416,11.628,20.783467,15.787733,49.0,63.0,124.833333,65.333333,1.5,2.833333,2.0,2.833333,9.333333,11.833333,10.833333,0.5625,0.86625,1.41125,0.945,3.3489,33.3792,51.3315,73.6758,676.0,1092.0,1716.0,2002.0,11.0,17.0,102.0,204.0,174.0,1.5625,5.625,10.5875,12.4875,289.2813,660.6534,1283.7858,1919.3736,2220.0,4788.0,8110.0,10574.0,47.0,104.0,194.0,300.0,298.0,840.0,1524.0,2016.0,21.3405,55.14,97.5154,141.1908,0.98,2.31,3.85,2.0,9.0,25.0,-2.0,-3.0,2.0,-0.04,0.32,1.5,0.735,1.776667,0.886667,1.5,2.0,4.666667,-1.5,1.5,0.833333,-0.03,0.243333,0.24,-7.26,-7.92,-9.15,114.0,220.0,365.0,19.0,32.0,73.0,3.0,5.28,11.26,0,0,0,0,0,0,0,0,0,0,0,0,0,0,0,0,0,0,0,0,0,0,0,0,0,0,0,0,0,0,0,1,0,0,0,0,0,0,0,0,0,0,0,0,0,0,0,0,0,0,0,0
EBOTOG01,4.0,2.0,241.1314,536.571,872.502,1067.7756,862.0,2052.0,2760.0,2748.0,40.0,84.0,138.0,174.0,222.0,552.0,774.0,852.0,15.3864,38.4384,56.4054,62.9958,95.3108,197.965,301.2916,355.9252,514.666667,868.0,1069.333333,916.0,15.333333,30.666667,47.333333,58.0,78.0,189.333333,259.333333,284.0,6.592667,14.63,19.8218,20.9986,9.2416,15.504,29.944,43.7456,49.0,84.0,133.0,119.0,2.0,4.0,6.0,4.0,12.0,22.0,20.0,0.5625,1.155,2.01,2.25,9.2416,11.628,20.783467,15.787733,49.0,63.0,124.833333,65.333333,1.5,2.833333,2.0,2.833333,9.333333,11.833333,10.833333,0.5625,0.86625,1.41125,0.945,3.3489,33.3792,51.3315,73.6758,676.0,1092.0,1716.0,2002.0,11.0,17.0,102.0,204.0,174.0,1.5625,5.625,10.5875,12.4875,289.2813,660.6534,1283.7858,1919.3736,2220.0,4788.0,8110.0,10574.0,47.0,104.0,194.0,300.0,298.0,840.0,1524.0,2016.0,21.3405,55.14,97.5154,141.1908,0.98,2.31,3.85,2.0,9.0,25.0,-2.0,-3.0,2.0,-0.04,0.32,1.5,0.735,1.776667,0.886667,1.5,2.0,4.666667,-1.5,1.5,0.833333,-0.03,0.243333,0.24,-7.26,-7.92,-9.15,114.0,220.0,365.0,19.0,32.0,73.0,3.0,5.28,11.26,0,0,0,0,0,0,0,0,0,0,0,0,0,0,0,0,0,0,0,0,0,0,0,0,0,0,0,0,0,0,0,1,0,0,0,0,0,0,0,0,0,0,0,0,0,0,0,0,0,0,0,0
EBOVAU,4.0,2.0,241.1314,536.571,872.502,1067.7756,862.0,2052.0,2760.0,2748.0,40.0,84.0,138.0,174.0,222.0,552.0,774.0,852.0,15.3864,38.4384,56.4054,62.9958,95.3108,197.965,301.2916,355.9252,514.666667,868.0,1069.333333,916.0,15.333333,30.666667,47.333333,58.0,78.0,189.333333,259.333333,284.0,6.592667,14.63,19.8218,20.9986,9.2416,15.504,29.944,43.7456,49.0,84.0,133.0,119.0,2.0,4.0,6.0,4.0,12.0,22.0,20.0,0.5625,1.155,2.01,2.25,9.2416,11.628,20.783467,15.787733,49.0,63.0,124.833333,65.333333,1.5,2.833333,2.0,2.833333,9.333333,11.833333,10.833333,0.5625,0.86625,1.41125,0.945,3.3489,33.3792,51.3315,73.6758,676.0,1092.0,1716.0,2002.0,11.0,17.0,102.0,204.0,174.0,1.5625,5.625,10.5875,12.4875,289.2813,660.6534,1283.7858,1919.3736,2220.0,4788.0,8110.0,10574.0,47.0,104.0,194.0,300.0,298.0,840.0,1524.0,2016.0,21.3405,55.14,97.5154,141.1908,0.98,2.31,3.85,2.0,9.0,25.0,-2.0,-3.0,2.0,-0.04,0.32,1.5,0.735,1.776667,0.886667,1.5,2.0,4.666667,-1.5,1.5,0.833333,-0.03,0.243333,0.24,-7.26,-7.92,-9.15,114.0,220.0,365.0,19.0,32.0,73.0,3.0,5.28,11.26,0,0,0,0,0,0,0,0,0,0,0,0,0,0,0,0,0,0,0,0,0,0,0,0,0,0,0,0,0,0,0,0,0,0,0,1,0,0,0,0,0,0,0,0,0,0,0,0,0,0,0,0
EBUQAU,6.0,6.0,325.621,718.377,1177.9806,1291.7142,1162.0,2706.0,3522.0,2970.0,52.0,108.0,180.0,210.0,288.0,708.0,948.0,936.0,19.5828,48.558,70.59,70.2726,325.621,718.377,1177.9806,1291.7142,1162.0,2706.0,3522.0,2970.0,52.0,108.0,180.0,210.0,288.0,708.0,948.0,936.0,19.5828,48.558,70.59,70.2726,9.2416,15.504,33.5008,34.4584,49.0,84.0,122.5,112.0,2.0,4.5,4.5,4.0,13.0,20.0,15.0,0.5625,1.155,1.99125,1.82625,9.2416,15.504,33.5008,34.4584,49.0,84.0,122.5,112.0,2.0,4.5,4.5,4.0,13.0,20.0,15.0,0.5625,1.155,1.99125,1.82625,3.3489,33.3792,55.998,93.0006,676.0,1092.0,1872.0,1794.0,12.0,21.0,108.0,234.0,252.0,1.5625,5.625,11.55,14.1375,328.9699,785.1354,1567.2246,2259.4818,1838.0,4890.0,8736.0,10800.0,53.0,120.0,234.0,354.0,354.0,1002.0,1806.0,2544.0,21.1453,59.808,110.565,157.5426,0.98,2.66,2.345,2.0,14.0,15.5,-2.5,-1.0,1.5,-0.04,0.72,0.94,0.98,2.66,2.345,2.0,14.0,15.5,-2.5,-1.0,1.5,-0.04,0.72,0.94,-7.26,-8.64,-12.39,114.0,240.0,477.0,18.0,33.0,84.0,3.0,5.76,14.94,0,0,0,0,0,0,0,0,0,0,0,0,0,0,0,1,0,0,0,0,0,0,0,0,0,0,0,0,0,0,0,0,0,0,0,0,0,0,0,0,0,0,0,0,0,0,0,0,0,1,0,0
EBUQAU01,6.0,6.0,325.621,718.377,1177.9806,1291.7142,1162.0,2706.0,3522.0,2970.0,52.0,108.0,180.0,210.0,288.0,708.0,948.0,936.0,19.5828,48.558,70.59,70.2726,325.621,718.377,1177.9806,1291.7142,1162.0,2706.0,3522.0,2970.0,52.0,108.0,180.0,210.0,288.0,708.0,948.0,936.0,19.5828,48.558,70.59,70.2726,9.2416,15.504,33.5008,34.4584,49.0,84.0,122.5,112.0,2.0,4.5,4.5,4.0,13.0,20.0,15.0,0.5625,1.155,1.99125,1.82625,9.2416,15.504,33.5008,34.4584,49.0,84.0,122.5,112.0,2.0,4.5,4.5,4.0,13.0,20.0,15.0,0.5625,1.155,1.99125,1.82625,3.3489,33.3792,55.998,93.0006,676.0,1092.0,1872.0,1794.0,12.0,21.0,108.0,234.0,252.0,1.5625,5.625,11.55,14.1375,328.9699,785.1354,1567.2246,2259.4818,1838.0,4890.0,8736.0,10800.0,53.0,120.0,234.0,354.0,354.0,1002.0,1806.0,2544.0,21.1453,59.808,110.565,157.5426,0.98,2.66,2.345,2.0,14.0,15.5,-2.5,-1.0,1.5,-0.04,0.72,0.94,0.98,2.66,2.345,2.0,14.0,15.5,-2.5,-1.0,1.5,-0.04,0.72,0.94,-7.26,-8.64,-12.39,114.0,240.0,477.0,18.0,33.0,84.0,3.0,5.76,14.94,0,0,0,0,0,0,0,0,0,0,0,0,0,0,0,1,0,0,0,0,0,0,0,0,0,0,0,0,0,0,0,0,0,0,0,0,0,0,0,0,0,0,0,0,0,0,0,0,0,1,0,0
ECELAA,3.0,3.0,161.2955,366.0184,568.6464,611.3344,650.0,1552.0,2172.0,1828.0,25.0,54.0,84.0,94.0,138.0,342.0,476.0,424.0,10.5665,26.1046,38.1036,36.1322,161.2955,366.0184,568.6464,611.3344,650.0,1552.0,2172.0,1828.0,25.0,54.0,84.0,94.0,138.0,342.0,476.0,424.0,10.5665,26.1046,38.1036,36.1322,9.2416,16.9936,29.944,30.3696,49.0,91.0,133.0,105.0,2.0,4.0,4.0,4.0,12.0,20.0,14.0,0.5625,1.14,2.01,1.695,9.2416,16.000533,32.639467,46.866667,49.0,86.333333,165.666667,193.666667,2.0,4.0,6.0,4.0,12.0,22.666667,24.666667,0.5625,1.15,2.19,2.84,3.3489,33.3792,59.5848,72.102,676.0,1092.0,1976.0,1976.0,12.0,16.0,108.0,216.0,240.0,1.5625,5.625,11.45,13.4,325.9399,798.7952,1533.7104,2146.8152,1976.0,5288.0,9766.0,11808.0,51.0,120.0,222.0,316.0,342.0,972.0,1782.0,2316.0,22.6955,63.4592,115.9822,154.1444,0.49,2.31,2.17,1.0,9.0,13.0,-2.0,-2.0,1.0,-0.02,0.32,0.74,0.816667,1.423333,2.823333,1.666667,4.333333,14.333333,-2.0,-3.333333,-0.333333,-0.033333,0.08,0.713333,-7.26,-10.6,-10.12,114.0,236.0,340.0,18.0,36.0,56.0,3.0,5.84,9.28,0,0,0,0,0,0,0,0,0,0,0,0,0,1,0,0,0,0,0,0,0,1,0,0,0,0,0,0,0,0,0,0,0,0,0,0,0,0,0,0,0,0,0,0,0,0,0,0,0,0,0,0
ECELEE01,3.0,3.0,161.2955,366.0184,568.6464,611.3344,650.0,1552.0,2172.0,1828.0,25.0,54.0,84.0,94.0,138.0,342.0,476.0,424.0,10.5665,26.1046,38.1036,36.1322,161.2955,366.0184,568.6464,611.3344,650.0,1552.0,2172.0,1828.0,25.0,54.0,84.0,94.0,138.0,342.0,476.0,424.0,10.5665,26.1046,38.1036,36.1322,9.2416,16.9936,29.944,30.3696,49.0,91.0,133.0,105.0,2.0,4.0,4.0,4.0,12.0,20.0,14.0,0.5625,1.14,2.01,1.695,9.2416,16.000533,32.639467,46.866667,49.0,86.333333,165.666667,193.666667,2.0,4.0,6.0,4.0,12.0,22.666667,24.666667,0.5625,1.15,2.19,2.84,3.3489,33.3792,59.5848,72.102,676.0,1092.0,1976.0,1976.0,12.0,16.0,108.0,216.0,240.0,1.5625,5.625,11.45,13.4,325.9399,798.7952,1533.7104,2146.8152,1976.0,5288.0,9766.0,11808.0,51.0,120.0,222.0,316.0,342.0,972.0,1782.0,2316.0,22.6955,63.4592,115.9822,154.1444,0.49,2.31,2.17,1.0,9.0,13.0,-2.0,-2.0,1.0,-0.02,0.32,0.74,0.816667,1.423333,2.823333,1.666667,4.333333,14.333333,-2.0,-3.333333,-0.333333,-0.033333,0.08,0.713333,-7.26,-10.6,-10.12,114.0,236.0,340.0,18.0,36.0,56.0,3.0,5.84,9.28,0,0,0,0,0,0,0,0,0,0,0,0,0,0,0,0,0,1,0,0,0,0,0,0,0,0,0,0,0,0,0,0,0,0,0,0,0,0,0,0,0,0,0,0,0,1,0,0,0,0,0,0
ECELII,3.0,3.0,193.6605,436.9084,701.8724,769.8164,726.0,1744.0,2516.0,2264.0,31.0,66.0,108.0,118.0,174.0,426.0,584.0,568.0,12.2999,30.7554,45.5972,45.905,193.6605,436.9084,701.8724,769.8164,726.0,1744.0,2516.0,2264.0,31.0,66.0,108.0,118.0,174.0,426.0,584.0,568.0,12.2999,30.7554,45.5972,45.905,9.2416,16.9936,31.008,50.4336,49.0,91.0,168.0,126.0,2.0,4.0,7.0,4.0,12.0,26.0,20.0,0.5625,1.14,2.31,2.5275,9.2416,16.000533,32.994133,53.554667,49.0,86.333333,177.333333,200.666667,2.0,4.0,7.0,4.0,12.0,24.666667,26.666667,0.5625,1.15,2.29,3.1175,3.3489,33.3792,59.5848,74.664,676.0,1092.0,1976.0,2496.0,12.0,16.0,108.0,216.0,312.0,1.5625,5.625,11.45,15.4,390.6699,940.5752,1800.1624,2468.9032,2128.0,5672.0,10454.0,13720.0,63.0,144.0,270.0,364.0,414.0,1140.0,2022.0,2772.0,26.1623,72.7608,130.9694,177.69,0.49,1.96,4.69,1.0,4.0,31.0,-2.0,-5.0,4.0,-0.02,-0.08,1.88,0.816667,1.306667,3.663333,1.666667,2.666667,20.333333,-2.0,-4.333333,0.666667,-0.033333,-0.053333,1.093333,-7.26,-10.6,-11.52,114.0,236.0,320.0,18.0,36.0,44.0,3.0,5.84,7.68,0,0,0,0,0,0,0,0,0,0,0,0,1,0,0,0,0,0,0,0,0,0,0,0,0,0,0,0,0,0,0,0,0,0,0,0,0,0,0,0,0,0,0,0,0,0,0,0,0,0,0,0
EGIPOC,3.0,3.0,1021.2691,2263.431,4150.1714,5634.5768,2830.0,7044.0,9596.0,10292.0,182.0,372.0,710.0,1006.0,1082.0,2836.0,3924.0,4272.0,57.9918,152.922,241.9878,287.6954,1021.2691,2263.431,4150.1714,5634.5768,2830.0,7044.0,9596.0,10292.0,182.0,372.0,710.0,1006.0,1082.0,2836.0,3924.0,4272.0,57.9918,152.922,241.9878,287.6954,9.2416,15.504,32.4976,46.9376,49.0,84.0,175.0,224.0,2.0,4.0,6.0,4.0,12.0,24.0,32.0,0.5625,1.155,2.295,3.15,9.2416,15.504,31.504533,54.375467,49.0,84.0,170.333333,242.666667,2.0,4.0,6.666667,4.0,12.0,24.0,30.666667,0.5625,1.155,2.305,3.305,3.3489,33.3792,55.998,78.2508,676.0,1092.0,1872.0,2600.0,12.0,16.0,108.0,216.0,288.0,1.5625,5.625,11.55,15.3,2045.8871,4593.6204,8689.5868,12157.9304,6336.0,16272.0,24406.0,29760.0,365.0,756.0,1474.0,2140.0,2230.0,5960.0,8694.0,10180.0,117.5461,317.094,523.9506,661.5508,0.98,1.47,2.8,2.0,3.0,10.0,-2.0,-4.0,-4.0,-0.04,-0.06,0.3,0.98,1.796667,2.38,2.0,3.666667,12.0,-2.0,-4.0,-2.0,-0.04,-0.073333,0.593333,-7.26,-8.64,-13.48,114.0,240.0,316.0,18.0,36.0,48.0,3.0,5.76,7.76,0,0,0,0,0,0,0,0,0,0,0,0,0,0,0,1,0,0,0,0,0,0,0,0,0,0,0,0,0,0,0,0,0,0,0,0,0,0,0,0,0,0,0,0,0,0,0,0,0,1,0,0
EMIPIZ01,3.0,3.0,159.1946,359.7964,555.5164,578.472,662.0,1564.0,2176.0,1842.0,24.0,52.0,80.0,86.0,132.0,324.0,448.0,392.0,10.3992,25.4732,36.8728,34.355,159.1946,359.7964,555.5164,578.472,662.0,1564.0,2176.0,1842.0,24.0,52.0,80.0,86.0,132.0,324.0,448.0,392.0,10.3992,25.4732,36.8728,34.355,9.2416,16.9936,29.944,30.3696,49.0,91.0,133.0,105.0,2.0,4.0,4.0,4.0,12.0,20.0,14.0,0.5625,1.14,2.01,1.695,9.2416,16.000533,32.639467,47.859733,49.0,86.333333,165.666667,198.333333,2.0,4.0,6.0,4.0,12.0,22.666667,23.333333,0.5625,1.15,2.19,2.83,3.3489,33.3792,59.5848,72.102,676.0,1092.0,1976.0,1976.0,12.0,16.0,108.0,216.0,240.0,1.5625,5.625,11.45,13.4,321.7381,786.3512,1507.4504,2081.0904,2000.0,5312.0,9774.0,11836.0,49.0,116.0,214.0,300.0,330.0,936.0,1726.0,2248.0,22.3609,62.1964,113.5206,150.59,0.49,2.31,2.17,1.0,9.0,13.0,-2.0,-2.0,1.0,-0.02,0.32,0.74,0.816667,1.423333,2.496667,1.666667,4.333333,13.666667,-2.0,-3.333333,0.333333,-0.033333,0.08,0.726667,-7.26,-10.6,-10.12,114.0,236.0,340.0,18.0,36.0,56.0,3.0,5.84,9.28,0,0,0,0,0,0,0,0,0,0,0,0,0,0,0,0,0,0,0,0,0,0,0,1,0,0,0,0,0,0,0,0,0,0,0,0,0,0,0,0,0,0,0,0,0,0,0,0,0,0,0,0
ENUBAR,6.0,6.0,325.621,718.377,1179.0096,1306.0908,1162.0,2706.0,3552.0,2988.0,52.0,108.0,180.0,210.0,288.0,708.0,948.0,936.0,19.5828,48.558,70.542,70.1862,325.621,718.377,1179.0096,1306.0908,1162.0,2706.0,3552.0,2988.0,52.0,108.0,180.0,210.0,288.0,708.0,948.0,936.0,19.5828,48.558,70.542,70.1862,9.2416,15.504,33.5008,35.2032,49.0,84.0,122.5,115.5,2.0,4.5,4.5,4.0,13.0,20.0,15.0,0.5625,1.155,1.99125,1.81875,9.2416,15.504,33.5008,35.2032,49.0,84.0,122.5,115.5,2.0,4.5,4.5,4.0,13.0,20.0,15.0,0.5625,1.155,1.99125,1.81875,3.3489,33.3792,55.998,93.0006,676.0,1092.0,1872.0,1794.0,12.0,21.0,108.0,234.0,252.0,1.5625,5.625,11.55,14.1375,328.9699,785.1354,1568.2536,2273.8584,1838.0,4890.0,8766.0,10818.0,53.0,120.0,234.0,354.0,354.0,1002.0,1806.0,2544.0,21.1453,59.808,110.517,157.4562,0.98,2.66,2.1,2.0,14.0,15.0,-2.5,-1.0,1.5,-0.04,0.72,0.95,0.98,2.66,2.1,2.0,14.0,15.0,-2.5,-1.0,1.5,-0.04,0.72,0.95,-7.26,-8.64,-12.39,114.0,240.0,477.0,18.0,33.0,84.0,3.0,5.76,14.94,0,0,0,0,0,0,0,0,0,0,0,0,0,0,0,1,0,0,0,0,0,0,0,0,0,0,0,0,0,0,0,0,0,0,0,0,0,0,0,0,0,0,0,0,0,0,0,0,0,0,0,0
ENUBAR02,6.0,6.0,325.621,718.377,1179.0096,1306.0908,1162.0,2706.0,3552.0,2988.0,52.0,108.0,180.0,210.0,288.0,708.0,948.0,936.0,19.5828,48.558,70.542,70.1862,325.621,718.377,1179.0096,1306.0908,1162.0,2706.0,3552.0,2988.0,52.0,108.0,180.0,210.0,288.0,708.0,948.0,936.0,19.5828,48.558,70.542,70.1862,9.2416,15.504,33.5008,35.2032,49.0,84.0,122.5,115.5,2.0,4.5,4.5,4.0,13.0,20.0,15.0,0.5625,1.155,1.99125,1.81875,9.2416,15.504,33.5008,35.2032,49.0,84.0,122.5,115.5,2.0,4.5,4.5,4.0,13.0,20.0,15.0,0.5625,1.155,1.99125,1.81875,3.3489,33.3792,55.998,93.0006,676.0,1092.0,1872.0,1794.0,12.0,21.0,108.0,234.0,252.0,1.5625,5.625,11.55,14.1375,328.9699,785.1354,1568.2536,2273.8584,1838.0,4890.0,8766.0,10818.0,53.0,120.0,234.0,354.0,354.0,1002.0,1806.0,2544.0,21.1453,59.808,110.517,157.4562,0.98,2.66,2.1,2.0,14.0,15.0,-2.5,-1.0,1.5,-0.04,0.72,0.95,0.98,2.66,2.1,2.0,14.0,15.0,-2.5,-1.0,1.5,-0.04,0.72,0.95,-7.26,-8.64,-12.39,114.0,240.0,477.0,18.0,33.0,84.0,3.0,5.76,14.94,0,0,0,0,0,0,0,0,0,0,0,0,0,0,0,1,0,0,0,0,0,0,0,0,0,0,0,0,0,0,0,0,0,0,0,0,0,0,0,0,0,0,0,0,0,0,0,0,0,0,0,0
ETUHIM,6.0,6.0,363.0646,810.928,1434.716,1894.5888,1120.0,2740.0,3668.0,3948.0,62.0,128.0,232.0,320.0,360.0,924.0,1304.0,1532.0,21.0734,54.4864,83.9024,101.2512,363.0646,810.928,1434.716,1894.5888,1120.0,2740.0,3668.0,3948.0,62.0,128.0,232.0,320.0,360.0,924.0,1304.0,1532.0,21.0734,54.4864,83.9024,101.2512,9.2416,18.848,36.1,43.7456,49.0,87.5,122.5,119.0,2.5,5.0,6.0,6.5,19.5,29.0,26.5,0.5625,1.29375,2.1375,2.25,9.2416,21.052,49.742,52.2424,49.0,106.75,145.25,164.5,2.75,7.0,7.0,7.75,27.75,40.0,37.25,0.5625,1.513125,2.7675,2.82,3.3489,33.3792,73.383,116.571,676.0,1092.0,2236.0,1508.0,16.0,28.0,132.0,324.0,252.0,1.5625,5.625,14.4,15.95,366.4135,877.6864,1858.73,3086.79,1796.0,4924.0,9610.0,11584.0,63.0,140.0,294.0,504.0,434.0,1296.0,2514.0,3696.0,22.6359,65.7364,129.5774,201.1912,1.4,3.325,3.85,5.0,17.5,25.0,-1.0,1.5,4.5,0.15,0.9,1.5,1.435,4.9175,4.095,4.0,28.25,25.5,-2.0,5.75,6.25,0.045,1.56,1.49,-7.26,-10.82,-12.46,114.0,330.0,670.0,14.0,42.0,126.0,3.0,8.48,22.24,0,1,0,0,0,0,0,0,0,0,0,0,0,0,0,0,0,0,0,0,0,0,0,0,0,0,0,0,0,0,0,0,0,0,0,0,0,0,0,0,0,0,0,0,0,0,0,0,0,1,0,0
ETUHIM02,6.0,6.0,363.0646,810.928,1434.716,1894.5888,1120.0,2740.0,3668.0,3948.0,62.0,128.0,232.0,320.0,360.0,924.0,1304.0,1532.0,21.0734,54.4864,83.9024,101.2512,363.0646,810.928,1434.716,1894.5888,1120.0,2740.0,3668.0,3948.0,62.0,128.0,232.0,320.0,360.0,924.0,1304.0,1532.0,21.0734,54.4864,83.9024,101.2512,9.2416,18.848,36.1,43.7456,49.0,87.5,122.5,119.0,2.5,5.0,6.0,6.5,19.5,29.0,26.5,0.5625,1.29375,2.1375,2.25,9.2416,21.052,49.742,52.2424,49.0,106.75,145.25,164.5,2.75,7.0,7.0,7.75,27.75,40.0,37.25,0.5625,1.513125,2.7675,2.82,3.3489,33.3792,73.383,116.571,676.0,1092.0,2236.0,1508.0,16.0,28.0,132.0,324.0,252.0,1.5625,5.625,14.4,15.95,366.4135,877.6864,1858.73,3086.79,1796.0,4924.0,9610.0,11584.0,63.0,140.0,294.0,504.0,434.0,1296.0,2514.0,3696.0,22.6359,65.7364,129.5774,201.1912,1.4,3.325,3.85,5.0,17.5,25.0,-1.0,1.5,4.5,0.15,0.9,1.5,1.435,4.9175,4.095,4.0,28.25,25.5,-2.0,5.75,6.25,0.045,1.56,1.49,-7.26,-10.82,-12.46,114.0,330.0,670.0,14.0,42.0,126.0,3.0,8.48,22.24,0,1,0,0,0,0,0,0,0,0,0,0,0,0,0,0,0,0,0,0,0,0,0,0,0,0,0,0,0,0,0,0,0,0,0,0,0,0,0,0,0,0,0,0,0,0,0,0,0,1,0,0
ETUJEK,6.0,6.0,363.0646,810.928,1434.716,1894.5888,1120.0,2740.0,3668.0,3948.0,62.0,128.0,232.0,320.0,360.0,924.0,1304.0,1532.0,21.0734,54.4864,83.9024,101.2512,363.0646,810.928,1434.716,1894.5888,1120.0,2740.0,3668.0,3948.0,62.0,128.0,232.0,320.0,360.0,924.0,1304.0,1532.0,21.0734,54.4864,83.9024,101.2512,9.2416,18.848,36.1,43.7456,49.0,87.5,122.5,119.0,2.5,5.0,6.0,6.5,19.5,29.0,26.5,0.5625,1.29375,2.1375,2.25,9.2416,21.052,49.742,52.2424,49.0,106.75,145.25,164.5,2.75,7.0,7.0,7.75,27.75,40.0,37.25,0.5625,1.513125,2.7675,2.82,3.3489,33.3792,73.383,116.571,676.0,1092.0,2236.0,1508.0,16.0,28.0,132.0,324.0,252.0,1.5625,5.625,14.4,15.95,366.4135,877.6864,1858.73,3086.79,1796.0,4924.0,9610.0,11584.0,63.0,140.0,294.0,504.0,434.0,1296.0,2514.0,3696.0,22.6359,65.7364,129.5774,201.1912,1.4,3.325,3.85,5.0,17.5,25.0,-1.0,1.5,4.5,0.15,0.9,1.5,1.435,4.9175,4.095,4.0,28.25,25.5,-2.0,5.75,6.25,0.045,1.56,1.49,-7.26,-10.82,-12.46,114.0,330.0,670.0,14.0,42.0,126.0,3.0,8.48,22.24,0,0,1,0,0,0,0,0,0,0,0,0,0,0,0,0,0,0,0,0,0,0,0,0,0,0,0,0,0,0,0,0,0,0,0,0,0,0,0,0,0,0,0,0,0,0,0,0,0,1,0,0
EYIJEB,6.0,6.0,325.621,718.377,1179.0096,1306.0908,1162.0,2706.0,3552.0,2988.0,52.0,108.0,180.0,210.0,288.0,708.0,948.0,936.0,19.5828,48.558,70.542,70.1862,325.621,718.377,1179.0096,1306.0908,1162.0,2706.0,3552.0,2988.0,52.0,108.0,180.0,210.0,288.0,708.0,948.0,936.0,19.5828,48.558,70.542,70.1862,9.2416,15.504,33.5008,35.2032,49.0,84.0,122.5,115.5,2.0,4.5,4.5,4.0,13.0,20.0,15.0,0.5625,1.155,1.99125,1.81875,9.2416,15.504,33.5008,35.2032,49.0,84.0,122.5,115.5,2.0,4.5,4.5,4.0,13.0,20.0,15.0,0.5625,1.155,1.99125,1.81875,3.3489,33.3792,55.998,93.0006,676.0,1092.0,1872.0,1794.0,12.0,21.0,108.0,234.0,252.0,1.5625,5.625,11.55,14.1375,328.9699,785.1354,1568.2536,2273.8584,1838.0,4890.0,8766.0,10818.0,53.0,120.0,234.0,354.0,354.0,1002.0,1806.0,2544.0,21.1453,59.808,110.517,157.4562,0.98,2.66,2.1,2.0,14.0,15.0,-2.5,-1.0,1.5,-0.04,0.72,0.95,0.98,2.66,2.1,2.0,14.0,15.0,-2.5,-1.0,1.5,-0.04,0.72,0.95,-7.26,-8.64,-12.39,114.0,240.0,477.0,18.0,33.0,84.0,3.0,5.76,14.94,0,0,0,0,0,0,0,0,0,0,0,0,0,0,0,0,0,0,0,0,0,0,0,1,0,0,0,0,0,0,0,0,0,0,0,0,0,0,0,0,0,0,0,0,0,0,0,0,0,1,0,0
FADVUC,1.0,2.0,22.4005,28.662,15.6864,0.0,341.0,276.0,224.0,0.0,3.0,4.0,2.0,0.0,6.0,8.0,2.0,0.0,2.1958,2.7258,1.53,0.0,242.3555,547.4042,863.4194,1027.3818,944.0,2258.0,3218.0,3372.0,39.0,84.0,134.0,162.0,218.0,542.0,770.0,826.0,16.1311,40.2256,59.4982,65.8762,9.2416,7.752,7.8432,0.0,49.0,42.0,112.0,0.0,1.0,1.0,0.0,1.0,2.0,1.0,0.0,0.5625,0.5775,0.765,0.0,9.2416,16.2488,27.3448,36.0544,49.0,87.5,133.0,164.5,2.0,3.5,4.5,4.0,11.0,19.0,21.0,0.5625,1.1475,1.86375,2.27625,3.3489,33.3792,48.4584,56.6202,676.0,1092.0,1612.0,2184.0,10.0,12.0,96.0,156.0,168.0,1.5625,5.625,9.575,11.125,532.8609,1218.8908,2132.3764,2874.0136,3246.0,7252.0,11578.0,14920.0,85.0,188.0,322.0,436.0,510.0,1344.0,2148.0,2652.0,38.2163,97.1528,158.0814,204.5824,0.49,0.46,0.0,1.0,-9.0,0.0,-1.0,0.0,0.0,-0.02,-0.27,0.0,0.735,1.645,1.82,1.5,5.5,8.0,-1.5,-2.5,-1.5,-0.03,0.14,0.34,-7.26,-8.18,-8.98,114.0,198.0,228.0,20.0,34.0,44.0,3.0,4.84,6.1,0,0,0,0,0,0,0,0,0,0,0,0,0,0,0,0,0,0,0,0,0,0,0,0,0,0,0,0,0,0,0,0,0,0,0,0,0,0,0,0,0,0,0,0,0,0,0,0,0,0,0,0
FEBPYC02,2.0,1.5,122.2282,268.821,406.906,466.2082,466.0,1080.0,1420.0,1318.0,20.0,42.0,64.0,76.0,106.0,258.0,344.0,330.0,8.1492,19.8506,27.8752,28.2572,72.31435,148.7415,211.2962,233.1041,403.5,678.0,822.0,659.0,11.5,23.0,33.0,38.0,56.0,133.0,173.0,165.0,5.1725,11.2882,14.7026,14.1286,9.2416,15.504,29.944,38.1216,49.0,84.0,133.0,147.0,2.0,4.0,5.0,4.0,12.0,20.0,20.0,0.5625,1.155,2.01,2.2725,9.2416,11.628,18.8936,19.0608,49.0,63.0,122.5,73.5,1.5,2.5,2.5,2.5,7.0,10.5,10.0,0.5625,0.86625,1.3875,1.13625,3.3489,33.3792,46.665,62.8788,676.0,1092.0,1560.0,2184.0,10.0,14.0,96.0,168.0,180.0,1.5625,5.625,9.625,12.1,292.6063,661.7244,1215.7628,1734.3916,2290.0,4896.0,7878.0,10672.0,47.0,104.0,182.0,268.0,286.0,780.0,1324.0,1732.0,22.2525,56.4028,94.9354,131.5944,0.98,2.31,2.66,2.0,9.0,14.0,-2.0,-2.0,0.0,-0.04,0.32,0.72,0.735,1.385,1.33,1.5,0.0,7.0,-1.5,-1.0,0.0,-0.03,0.025,0.36,-7.26,-7.2,-8.74,114.0,200.0,280.0,20.0,32.0,54.0,3.0,4.8,7.82,0,0,0,0,0,0,0,0,0,0,0,0,0,0,0,0,0,0,0,0,0,0,0,0,0,0,0,0,0,0,0,0,0,0,0,0,0,0,0,0,0,0,0,0,0,0,0,0,0,0,0,0
FEBPYC04,2.0,1.5,122.2282,268.821,406.906,466.2082,466.0,1080.0,1420.0,1318.0,20.0,42.0,64.0,76.0,106.0,258.0,344.0,330.0,8.1492,19.8506,27.8752,28.2572,72.31435,148.7415,211.2962,233.1041,403.5,678.0,822.0,659.0,11.5,23.0,33.0,38.0,56.0,133.0,173.0,165.0,5.1725,11.2882,14.7026,14.1286,9.2416,15.504,29.944,38.1216,49.0,84.0,133.0,147.0,2.0,4.0,5.0,4.0,12.0,20.0,20.0,0.5625,1.155,2.01,2.2725,9.2416,11.628,18.8936,19.0608,49.0,63.0,122.5,73.5,1.5,2.5,2.5,2.5,7.0,10.5,10.0,0.5625,0.86625,1.3875,1.13625,3.3489,33.3792,46.665,62.8788,676.0,1092.0,1560.0,2184.0,10.0,14.0,96.0,168.0,180.0,1.5625,5.625,9.625,12.1,292.6063,661.7244,1215.7628,1734.3916,2290.0,4896.0,7878.0,10672.0,47.0,104.0,182.0,268.0,286.0,780.0,1324.0,1732.0,22.2525,56.4028,94.9354,131.5944,0.98,2.31,2.66,2.0,9.0,14.0,-2.0,-2.0,0.0,-0.04,0.32,0.72,0.735,1.385,1.33,1.5,0.0,7.0,-1.5,-1.0,0.0,-0.03,0.025,0.36,-7.26,-7.2,-8.74,114.0,200.0,280.0,20.0,32.0,54.0,3.0,4.8,7.82,0,0,0,0,0,0,0,0,0,0,0,0,0,0,0,0,0,0,0,0,0,0,0,0,0,0,0,0,0,0,0,0,0,0,0,0,0,0,0,0,0,0,0,0,0,0,0,0,0,0,0,0
FEISXC01,1.0,1.0,55.1027,113.6332,152.493,98.824,224.0,472.0,510.0,88.0,8.0,16.0,22.0,16.0,38.0,86.0,98.0,32.0,3.2848,7.4552,9.1186,3.8776,55.1027,113.6332,152.493,98.824,224.0,472.0,510.0,88.0,8.0,16.0,22.0,16.0,38.0,86.0,98.0,32.0,3.2848,7.4552,9.1186,3.8776,9.2416,18.2096,22.192,13.376,49.0,98.0,91.0,14.0,2.0,3.0,2.0,4.0,10.0,14.0,4.0,0.5625,1.125,1.4325,0.555,9.2416,18.2096,22.192,13.376,49.0,98.0,91.0,14.0,2.0,3.0,2.0,4.0,10.0,14.0,4.0,0.5625,1.125,1.4325,0.555,3.3489,33.3792,65.7702,80.154,676.0,1092.0,2184.0,2028.0,12.0,18.0,108.0,180.0,252.0,1.5625,5.625,11.25,14.325,333.9651,748.5576,1323.7464,1845.828,2020.0,5016.0,8898.0,10464.0,49.0,108.0,186.0,252.0,294.0,792.0,1302.0,1620.0,21.2713,55.9812,94.0866,119.4156,0.09,1.82,1.68,0.0,8.0,12.0,-1.0,-1.0,2.0,0.0,0.34,0.76,0.09,1.82,1.68,0.0,8.0,12.0,-1.0,-1.0,2.0,0.0,0.34,0.76,-7.26,-13.98,-10.86,114.0,228.0,390.0,18.0,42.0,66.0,3.0,6.0,11.04,0,0,0,0,0,0,0,0,0,0,0,0,0,0,0,0,0,0,0,0,0,0,0,1,0,0,0,0,0,0,0,0,0,0,0,0,0,0,0,0,0,0,0,0,0,0,0,0,0,0,0,0
FEKYEA,3.0,3.0,227.8355,525.926,840.4204,987.1568,941.0,2282.0,3412.0,3338.0,36.0,80.0,128.0,154.0,208.0,528.0,770.0,766.0,15.7204,39.7172,60.4928,63.5514,227.8355,525.926,840.4204,987.1568,941.0,2282.0,3412.0,3338.0,36.0,80.0,128.0,154.0,208.0,528.0,770.0,766.0,15.7204,39.7172,60.4928,63.5514,9.2416,15.504,32.4976,42.5296,49.0,84.0,175.0,185.5,2.0,4.0,5.5,4.0,12.0,23.0,25.0,0.5625,1.155,2.295,2.71125,9.2416,15.504,31.504533,52.906133,49.0,84.0,170.333333,229.833333,2.0,4.0,6.5,4.0,12.0,23.666667,27.0,0.5625,1.155,2.305,3.15875,3.3489,33.3792,55.998,78.2508,676.0,1092.0,1872.0,2600.0,12.0,16.0,108.0,216.0,276.0,1.5625,5.625,11.55,15.3,459.0199,1118.6104,2070.0848,2863.0904,2558.0,6748.0,12038.0,15852.0,73.0,172.0,310.0,436.0,482.0,1344.0,2382.0,3112.0,33.0033,90.6844,160.9606,213.2628,0.98,1.47,2.73,2.0,3.0,12.0,-2.0,-3.5,-1.5,-0.04,-0.06,0.51,0.98,1.796667,2.356667,2.0,3.666667,12.666667,-2.0,-3.833333,-0.5,-0.04,-0.073333,0.663333,-7.26,-8.64,-13.48,114.0,240.0,316.0,18.0,36.0,50.0,3.0,5.76,7.76,0,0,0,0,0,0,0,0,0,0,0,0,0,0,0,0,0,0,0,0,0,0,0,0,0,0,0,0,0,0,0,0,0,0,0,0,0,0,0,0,0,0,0,0,0,0,0,0,0,1,0,0
FENFOW,3.0,3.0,217.237,485.1332,756.3652,939.8934,1144.0,2234.0,3280.0,3502.0,34.0,74.0,116.0,146.0,190.0,476.0,678.0,706.0,15.4082,37.1918,55.4876,62.4026,217.237,485.1332,756.3652,939.8934,1144.0,2234.0,3280.0,3502.0,34.0,74.0,116.0,146.0,190.0,476.0,678.0,706.0,15.4082,37.1918,55.4876,62.4026,9.2416,16.2488,26.6,42.5296,49.0,87.5,129.5,185.5,2.0,3.5,5.5,4.0,11.0,19.0,25.0,0.5625,1.1475,1.87125,2.71125,9.2416,15.752267,30.531733,46.461333,49.0,85.166667,159.833333,215.833333,2.0,3.833333,5.833333,4.0,11.666667,21.0,27.0,0.5625,1.1525,2.15375,2.99375,3.3489,33.3792,57.7914,64.05,676.0,1092.0,1924.0,1924.0,12.0,14.0,108.0,204.0,228.0,1.5625,5.625,11.5,12.475,437.8229,1037.0248,1905.5612,2763.9956,2964.0,6652.0,11878.0,14940.0,69.0,160.0,286.0,416.0,446.0,1236.0,2154.0,2848.0,32.3789,85.6336,150.8502,205.0752,0.735,1.89,2.73,1.5,6.0,12.0,-1.5,-2.5,-1.5,-0.03,0.13,0.51,0.898333,1.61,2.45,1.833333,4.0,10.0,-1.833333,-2.833333,-1.833333,-0.036667,0.003333,0.383333,-7.26,-9.62,-9.38,114.0,238.0,290.0,18.0,38.0,46.0,3.0,5.8,7.52,0,0,0,0,0,0,0,0,0,0,0,0,0,0,0,0,0,0,0,0,0,0,0,1,0,0,0,0,0,0,0,0,0,0,0,0,0,0,0,0,0,0,0,0,0,0,0,0,0,1,0,0
FEPICC36,2.0,2.0,96.2182,205.609,309.949,346.1952,322.0,712.0,874.0,756.0,16.0,32.0,50.0,58.0,82.0,196.0,244.0,224.0,5.7776,13.9228,19.0294,18.5826,96.2182,205.609,309.949,346.1952,322.0,712.0,874.0,756.0,16.0,32.0,50.0,58.0,82.0,196.0,244.0,224.0,5.7776,13.9228,19.0294,18.5826,9.2416,15.504,29.944,43.7456,49.0,84.0,133.0,119.0,2.0,4.0,6.0,4.0,12.0,22.0,20.0,0.5625,1.155,2.01,2.25,9.2416,20.190667,22.597333,21.452267,49.0,60.666667,68.833333,95.666667,2.833333,3.166667,2.666667,8.166667,17.0,16.166667,15.833333,0.5625,1.13625,1.27875,1.325,3.3489,33.3792,66.1545,64.233,676.0,1092.0,1560.0,1170.0,15.0,15.0,126.0,216.0,162.0,1.5625,5.625,11.4375,9.9375,292.0035,683.5854,1339.404,2117.538,1642.0,4320.0,7212.0,8010.0,49.0,108.0,210.0,336.0,318.0,912.0,1626.0,2136.0,18.8953,53.0184,96.8382,133.9428,0.98,2.31,3.85,2.0,9.0,25.0,-2.0,-3.0,2.0,-0.04,0.32,1.5,1.971667,2.193333,1.05,11.166667,12.333333,5.0,2.166667,2.833333,1.166667,0.61,0.67,0.233333,-7.26,-8.7,-7.65,114.0,330.0,345.0,15.0,54.0,63.0,3.0,9.6,10.8,0,0,0,0,0,0,0,0,0,0,0,0,0,0,0,0,0,0,0,1,0,0,0,0,0,0,0,0,0,0,0,0,0,0,0,0,0,0,0,0,0,0,1,0,0,0,0,0,0,0,0,0
FEPICC37,2.0,2.0,96.2182,205.609,309.949,346.1952,322.0,712.0,874.0,756.0,16.0,32.0,50.0,58.0,82.0,196.0,244.0,224.0,5.7776,13.9228,19.0294,18.5826,96.2182,205.609,309.949,346.1952,322.0,712.0,874.0,756.0,16.0,32.0,50.0,58.0,82.0,196.0,244.0,224.0,5.7776,13.9228,19.0294,18.5826,9.2416,15.504,29.944,43.7456,49.0,84.0,133.0,119.0,2.0,4.0,6.0,4.0,12.0,22.0,20.0,0.5625,1.155,2.01,2.25,9.2416,20.190667,22.597333,21.452267,49.0,60.666667,68.833333,95.666667,2.833333,3.166667,2.666667,8.166667,17.0,16.166667,15.833333,0.5625,1.13625,1.27875,1.325,3.3489,33.3792,66.1545,64.233,676.0,1092.0,1560.0,1170.0,15.0,15.0,126.0,216.0,162.0,1.5625,5.625,11.4375,9.9375,292.0035,683.5854,1339.404,2117.538,1642.0,4320.0,7212.0,8010.0,49.0,108.0,210.0,336.0,318.0,912.0,1626.0,2136.0,18.8953,53.0184,96.8382,133.9428,0.98,2.31,3.85,2.0,9.0,25.0,-2.0,-3.0,2.0,-0.04,0.32,1.5,1.971667,2.193333,1.05,11.166667,12.333333,5.0,2.166667,2.833333,1.166667,0.61,0.67,0.233333,-7.26,-8.7,-7.65,114.0,330.0,345.0,15.0,54.0,63.0,3.0,9.6,10.8,0,0,0,0,0,0,0,0,0,0,0,0,0,0,0,0,0,0,0,1,0,0,0,0,0,0,0,0,0,0,0,0,0,0,0,0,0,0,0,0,0,0,1,0,0,0,0,0,0,0,0,0
FETPYR,1.0,1.0,22.4005,28.662,15.6864,0.0,341.0,276.0,224.0,0.0,3.0,4.0,2.0,0.0,6.0,8.0,2.0,0.0,2.1958,2.7258,1.53,0.0,65.9541,139.128,199.54,196.746,234.0,516.0,580.0,360.0,11.0,22.0,32.0,34.0,54.0,126.0,152.0,112.0,4.2115,9.9022,12.7216,10.2902,9.2416,7.752,7.8432,0.0,49.0,42.0,112.0,0.0,1.0,1.0,0.0,1.0,2.0,1.0,0.0,0.5625,0.5775,0.765,0.0,9.2416,15.504,28.88,21.128,49.0,84.0,98.0,56.0,2.0,4.0,3.0,4.0,12.0,16.0,10.0,0.5625,1.155,1.71,1.1325,3.3489,33.3792,46.665,78.9828,676.0,1092.0,1560.0,2288.0,10.0,18.0,96.0,168.0,204.0,1.5625,5.625,9.625,13.95,311.9663,680.5944,1200.1108,1720.1496,2294.0,4800.0,7358.0,10216.0,51.0,108.0,182.0,272.0,290.0,768.0,1228.0,1632.0,22.8001,56.3104,90.0714,126.8108,0.49,0.46,0.0,1.0,-9.0,0.0,-1.0,0.0,0.0,-0.02,-0.27,0.0,0.98,2.66,2.17,2.0,14.0,13.0,-2.0,0.0,1.0,-0.04,0.72,0.74,-7.26,-7.2,-10.22,114.0,200.0,380.0,20.0,32.0,74.0,3.0,4.8,11.34,0,0,0,0,0,0,0,0,0,0,0,0,0,0,0,0,0,0,0,0,0,0,0,0,0,0,0,0,0,0,0,0,0,0,0,0,0,0,0,0,0,0,0,0,0,0,0,0,0,0,0,0
FIJTIC,2.0,1.5,182.7564,401.1362,643.2616,716.8554,642.0,1502.0,2032.0,1908.0,30.0,62.0,102.0,116.0,164.0,398.0,528.0,514.0,11.2814,27.8594,40.0826,41.6168,102.57845,214.8991,329.474,358.4277,491.5,889.0,1128.0,954.0,16.5,33.0,52.0,58.0,85.0,203.0,265.0,257.0,6.7386,15.2926,20.8063,20.8084,9.2416,15.504,32.9232,23.6816,49.0,84.0,147.0,98.0,2.0,4.0,3.0,4.0,12.0,18.0,14.0,0.5625,1.155,1.98,1.4175,9.2416,12.3728,15.5496,23.6816,49.0,66.5,119.0,98.0,1.5,2.0,3.0,2.5,6.0,9.5,13.0,0.5625,0.85875,1.24875,1.4175,3.3489,33.3792,48.4584,56.6202,676.0,1092.0,1612.0,2184.0,10.0,12.0,96.0,156.0,168.0,1.5625,5.625,9.575,11.125,413.6627,926.3548,1692.0608,2247.0024,2642.0,5740.0,9206.0,11964.0,67.0,144.0,258.0,344.0,402.0,1056.0,1660.0,2036.0,28.5169,72.4204,119.2502,156.1236,0.98,1.33,1.33,2.0,7.0,7.0,-2.0,-1.0,-1.0,-0.04,0.36,0.36,0.49,0.965,1.33,1.0,-3.0,7.0,-1.0,-1.5,-0.5,-0.02,-0.165,0.36,-7.26,-8.18,-8.98,114.0,198.0,228.0,20.0,34.0,44.0,3.0,4.84,6.1,0,0,0,0,0,0,0,0,0,0,0,0,0,0,0,0,0,0,0,0,0,0,0,0,0,0,0,0,0,0,0,0,0,0,0,0,0,0,0,0,0,0,0,0,0,0,0,0,0,0,0,0
FIWXEP,3.0,3.0,344.8362,777.4872,1267.0392,1534.2162,1279.0,3084.0,4536.0,4856.0,57.0,122.0,202.0,244.0,324.0,812.0,1170.0,1292.0,22.7985,57.5734,87.6362,99.5956,344.8362,777.4872,1267.0392,1534.2162,1279.0,3084.0,4536.0,4856.0,57.0,122.0,202.0,244.0,324.0,812.0,1170.0,1292.0,22.7985,57.5734,87.6362,99.5956,9.2416,16.9936,29.4576,59.6752,49.0,91.0,161.0,175.0,2.0,4.0,8.0,4.0,12.0,28.0,28.0,0.5625,1.14,2.37,3.09,9.2416,16.9936,29.4576,59.6752,49.0,91.0,161.0,175.0,2.0,4.0,8.0,4.0,12.0,28.0,28.0,0.5625,1.14,2.37,3.09,3.3489,33.3792,61.3782,91.4634,676.0,1092.0,2028.0,3068.0,12.0,20.0,108.0,216.0,408.0,1.5625,5.625,11.4,19.45,693.0213,1621.7328,2934.0828,4049.1768,3234.0,8352.0,14598.0,20132.0,115.0,256.0,458.0,624.0,714.0,1912.0,3210.0,4432.0,47.1595,126.3968,214.9474,292.9912,0.49,2.47,4.69,1.0,5.0,31.0,-2.0,-6.0,2.0,-0.02,-0.16,1.88,0.49,2.47,4.69,1.0,5.0,31.0,-2.0,-6.0,2.0,-0.02,-0.16,1.88,-7.26,-11.58,-13.38,114.0,234.0,402.0,18.0,36.0,52.0,3.0,5.88,9.44,0,0,0,0,0,0,0,0,0,0,0,0,0,0,0,0,0,0,0,0,0,0,0,0,0,0,0,0,0,0,0,0,0,0,0,0,0,0,0,0,0,0,0,0,0,0,0,0,0,0,0,0
FIWXIT,3.0,3.0,348.2987,770.0922,1287.8742,1608.4612,1371.0,3300.0,4638.0,4836.0,59.0,124.0,214.0,258.0,338.0,846.0,1216.0,1348.0,22.913,58.6976,90.357,102.9048,348.2987,770.0922,1287.8742,1608.4612,1371.0,3300.0,4638.0,4836.0,59.0,124.0,214.0,258.0,338.0,846.0,1216.0,1348.0,22.913,58.6976,90.357,102.9048,9.2416,16.9936,29.4576,59.6752,49.0,91.0,161.0,175.0,2.0,4.0,8.0,4.0,12.0,28.0,28.0,0.5625,1.14,2.37,3.09,9.2416,16.9936,29.4576,59.6752,49.0,91.0,161.0,175.0,2.0,4.0,8.0,4.0,12.0,28.0,28.0,0.5625,1.14,2.37,3.09,3.3489,33.3792,61.3782,91.4634,676.0,1092.0,2028.0,3068.0,12.0,20.0,108.0,216.0,408.0,1.5625,5.625,11.4,19.45,699.9463,1606.9428,2975.7528,4197.6668,3418.0,8784.0,14802.0,20092.0,119.0,260.0,482.0,652.0,742.0,1980.0,3302.0,4544.0,47.3885,128.6452,220.389,299.6096,0.49,2.47,4.69,1.0,5.0,31.0,-2.0,-6.0,2.0,-0.02,-0.16,1.88,0.49,2.47,4.69,1.0,5.0,31.0,-2.0,-6.0,2.0,-0.02,-0.16,1.88,-7.26,-11.58,-13.38,114.0,234.0,402.0,18.0,36.0,52.0,3.0,5.88,9.44,0,0,0,0,0,0,0,0,0,0,0,0,0,0,0,0,0,0,0,0,0,0,0,0,0,0,0,0,0,0,0,0,0,0,0,0,0,0,0,0,0,0,0,0,0,0,0,0,0,0,0,0
FIWXOZ,3.0,3.0,286.4612,641.5722,1049.0142,1268.0362,1059.0,2532.0,3780.0,4140.0,47.0,100.0,166.0,198.0,266.0,666.0,970.0,1102.0,18.6935,46.9936,71.8358,82.7462,286.4612,641.5722,1049.0142,1268.0362,1059.0,2532.0,3780.0,4140.0,47.0,100.0,166.0,198.0,266.0,666.0,970.0,1102.0,18.6935,46.9936,71.8358,82.7462,9.2416,16.9936,29.4576,59.6752,49.0,91.0,161.0,175.0,2.0,4.0,8.0,4.0,12.0,28.0,28.0,0.5625,1.14,2.37,3.09,9.2416,16.9936,29.4576,59.6752,49.0,91.0,161.0,175.0,2.0,4.0,8.0,4.0,12.0,28.0,28.0,0.5625,1.14,2.37,3.09,3.3489,33.3792,61.3782,91.4634,676.0,1092.0,2028.0,3068.0,12.0,20.0,108.0,216.0,408.0,1.5625,5.625,11.4,19.45,576.2713,1349.9028,2498.0328,3516.8168,2794.0,7248.0,13086.0,18700.0,95.0,212.0,386.0,532.0,598.0,1620.0,2810.0,4052.0,38.9495,105.2372,183.3466,259.2924,0.49,2.47,4.69,1.0,5.0,31.0,-2.0,-6.0,2.0,-0.02,-0.16,1.88,0.49,2.47,4.69,1.0,5.0,31.0,-2.0,-6.0,2.0,-0.02,-0.16,1.88,-7.26,-11.58,-13.38,114.0,234.0,402.0,18.0,36.0,52.0,3.0,5.88,9.44,0,0,0,0,0,0,0,0,0,0,0,0,0,0,0,0,0,0,0,0,0,0,0,0,0,0,0,0,0,0,0,0,0,0,0,0,0,0,0,0,0,0,0,0,0,0,0,0,0,0,0,0
FIWXOZ01,3.0,3.0,286.4612,641.5722,1049.0142,1268.0362,1059.0,2532.0,3780.0,4140.0,47.0,100.0,166.0,198.0,266.0,666.0,970.0,1102.0,18.6935,46.9936,71.8358,82.7462,286.4612,641.5722,1049.0142,1268.0362,1059.0,2532.0,3780.0,4140.0,47.0,100.0,166.0,198.0,266.0,666.0,970.0,1102.0,18.6935,46.9936,71.8358,82.7462,9.2416,16.9936,29.4576,59.6752,49.0,91.0,161.0,175.0,2.0,4.0,8.0,4.0,12.0,28.0,28.0,0.5625,1.14,2.37,3.09,9.2416,16.9936,29.4576,59.6752,49.0,91.0,161.0,175.0,2.0,4.0,8.0,4.0,12.0,28.0,28.0,0.5625,1.14,2.37,3.09,3.3489,33.3792,61.3782,91.4634,676.0,1092.0,2028.0,3068.0,12.0,20.0,108.0,216.0,408.0,1.5625,5.625,11.4,19.45,576.2713,1349.9028,2498.0328,3516.8168,2794.0,7248.0,13086.0,18700.0,95.0,212.0,386.0,532.0,598.0,1620.0,2810.0,4052.0,38.9495,105.2372,183.3466,259.2924,0.49,2.47,4.69,1.0,5.0,31.0,-2.0,-6.0,2.0,-0.02,-0.16,1.88,0.49,2.47,4.69,1.0,5.0,31.0,-2.0,-6.0,2.0,-0.02,-0.16,1.88,-7.26,-11.58,-13.38,114.0,234.0,402.0,18.0,36.0,52.0,3.0,5.88,9.44,0,0,0,0,0,0,0,0,0,0,0,0,0,0,0,0,0,0,0,0,0,0,0,0,0,0,0,0,0,0,0,0,0,0,0,0,0,0,0,0,0,0,0,0,0,0,0,0,0,0,0,0
FIWXOZ02,3.0,3.0,286.4612,641.5722,1049.0142,1268.0362,1059.0,2532.0,3780.0,4140.0,47.0,100.0,166.0,198.0,266.0,666.0,970.0,1102.0,18.6935,46.9936,71.8358,82.7462,286.4612,641.5722,1049.0142,1268.0362,1059.0,2532.0,3780.0,4140.0,47.0,100.0,166.0,198.0,266.0,666.0,970.0,1102.0,18.6935,46.9936,71.8358,82.7462,9.2416,16.9936,29.4576,59.6752,49.0,91.0,161.0,175.0,2.0,4.0,8.0,4.0,12.0,28.0,28.0,0.5625,1.14,2.37,3.09,9.2416,16.9936,29.4576,59.6752,49.0,91.0,161.0,175.0,2.0,4.0,8.0,4.0,12.0,28.0,28.0,0.5625,1.14,2.37,3.09,3.3489,33.3792,61.3782,91.4634,676.0,1092.0,2028.0,3068.0,12.0,20.0,108.0,216.0,408.0,1.5625,5.625,11.4,19.45,576.2713,1349.9028,2498.0328,3516.8168,2794.0,7248.0,13086.0,18700.0,95.0,212.0,386.0,532.0,598.0,1620.0,2810.0,4052.0,38.9495,105.2372,183.3466,259.2924,0.49,2.47,4.69,1.0,5.0,31.0,-2.0,-6.0,2.0,-0.02,-0.16,1.88,0.49,2.47,4.69,1.0,5.0,31.0,-2.0,-6.0,2.0,-0.02,-0.16,1.88,-7.26,-11.58,-13.38,114.0,234.0,402.0,18.0,36.0,52.0,3.0,5.88,9.44,0,0,0,0,0,0,0,0,0,0,0,0,0,0,0,0,0,0,0,0,0,0,0,0,0,0,0,0,0,0,0,0,0,0,0,0,0,0,0,0,0,0,0,0,0,0,0,0,0,0,0,0
FOSBOG,3.0,3.0,349.4255,812.0924,1295.836,1616.1144,1382.0,3404.0,5020.0,5232.0,57.0,126.0,204.0,262.0,330.0,846.0,1268.0,1384.0,24.0673,61.4334,94.5572,107.417,349.4255,812.0924,1295.836,1616.1144,1382.0,3404.0,5020.0,5232.0,57.0,126.0,204.0,262.0,330.0,846.0,1268.0,1384.0,24.0673,61.4334,94.5572,107.417,9.2416,16.9936,29.944,31.4336,49.0,91.0,133.0,140.0,2.0,4.0,4.0,4.0,12.0,20.0,18.0,0.5625,1.14,2.01,1.995,9.2416,16.000533,30.653333,47.221333,49.0,86.333333,156.333333,205.333333,2.0,4.0,6.0,4.0,12.0,22.666667,26.0,0.5625,1.15,2.21,2.94,3.3489,33.3792,59.5848,72.102,676.0,1092.0,1976.0,1976.0,12.0,16.0,108.0,216.0,240.0,1.5625,5.625,11.45,13.4,702.1999,1690.9432,2988.0896,4168.292,3440.0,8992.0,15462.0,18672.0,115.0,264.0,462.0,652.0,726.0,1980.0,3366.0,4252.0,49.6971,134.1168,228.8894,296.594,0.49,2.31,1.82,1.0,9.0,8.0,-2.0,-2.0,-1.0,-0.02,0.32,0.34,0.816667,2.076667,2.706667,1.666667,5.666667,12.666667,-2.0,-3.333333,-1.0,-0.033333,0.053333,0.58,-7.26,-10.6,-10.12,114.0,236.0,340.0,18.0,36.0,56.0,3.0,5.84,9.28,0,0,0,0,0,0,0,1,0,0,0,0,0,0,0,0,0,0,0,0,0,0,0,0,0,0,0,0,0,0,0,0,0,0,0,0,1,0,0,0,0,0,0,0,0,0,0,0,0,1,0,0
FOSCAT,3.0,3.0,349.4255,812.0924,1295.836,1616.1144,1382.0,3404.0,5020.0,5232.0,57.0,126.0,204.0,262.0,330.0,846.0,1268.0,1384.0,24.0673,61.4334,94.5572,107.417,349.4255,812.0924,1295.836,1616.1144,1382.0,3404.0,5020.0,5232.0,57.0,126.0,204.0,262.0,330.0,846.0,1268.0,1384.0,24.0673,61.4334,94.5572,107.417,9.2416,16.9936,29.944,31.4336,49.0,91.0,133.0,140.0,2.0,4.0,4.0,4.0,12.0,20.0,18.0,0.5625,1.14,2.01,1.995,9.2416,16.000533,30.653333,47.221333,49.0,86.333333,156.333333,205.333333,2.0,4.0,6.0,4.0,12.0,22.666667,26.0,0.5625,1.15,2.21,2.94,3.3489,33.3792,59.5848,72.102,676.0,1092.0,1976.0,1976.0,12.0,16.0,108.0,216.0,240.0,1.5625,5.625,11.45,13.4,702.1999,1690.9432,2988.0896,4168.292,3440.0,8992.0,15462.0,18672.0,115.0,264.0,462.0,652.0,726.0,1980.0,3366.0,4252.0,49.6971,134.1168,228.8894,296.594,0.49,2.31,1.82,1.0,9.0,8.0,-2.0,-2.0,-1.0,-0.02,0.32,0.34,0.816667,2.076667,2.706667,1.666667,5.666667,12.666667,-2.0,-3.333333,-1.0,-0.033333,0.053333,0.58,-7.26,-10.6,-10.12,114.0,236.0,340.0,18.0,36.0,56.0,3.0,5.84,9.28,0,0,0,0,0,0,0,0,0,0,0,0,0,0,0,0,0,0,0,0,0,0,0,1,0,0,0,0,0,0,0,0,0,1,0,0,0,0,0,0,0,0,0,0,0,0,0,0,0,0,0,0
FOSCEX,3.0,3.0,349.4255,812.0924,1295.836,1616.1144,1382.0,3404.0,5020.0,5232.0,57.0,126.0,204.0,262.0,330.0,846.0,1268.0,1384.0,24.0673,61.4334,94.5572,107.417,349.4255,812.0924,1295.836,1616.1144,1382.0,3404.0,5020.0,5232.0,57.0,126.0,204.0,262.0,330.0,846.0,1268.0,1384.0,24.0673,61.4334,94.5572,107.417,9.2416,16.9936,29.944,31.4336,49.0,91.0,133.0,140.0,2.0,4.0,4.0,4.0,12.0,20.0,18.0,0.5625,1.14,2.01,1.995,9.2416,16.000533,30.653333,47.221333,49.0,86.333333,156.333333,205.333333,2.0,4.0,6.0,4.0,12.0,22.666667,26.0,0.5625,1.15,2.21,2.94,3.3489,33.3792,59.5848,72.102,676.0,1092.0,1976.0,1976.0,12.0,16.0,108.0,216.0,240.0,1.5625,5.625,11.45,13.4,702.1999,1690.9432,2988.0896,4168.292,3440.0,8992.0,15462.0,18672.0,115.0,264.0,462.0,652.0,726.0,1980.0,3366.0,4252.0,49.6971,134.1168,228.8894,296.594,0.49,2.31,1.82,1.0,9.0,8.0,-2.0,-2.0,-1.0,-0.02,0.32,0.34,0.816667,2.076667,2.706667,1.666667,5.666667,12.666667,-2.0,-3.333333,-1.0,-0.033333,0.053333,0.58,-7.26,-10.6,-10.12,114.0,236.0,340.0,18.0,36.0,56.0,3.0,5.84,9.28,0,0,0,0,0,0,0,0,0,0,0,0,0,0,0,0,0,0,0,0,0,0,0,1,0,0,0,0,0,0,0,0,0,0,0,0,1,0,0,0,0,0,0,0,0,0,0,0,0,1,0,0
FOSCEX01,3.0,3.0,349.4255,812.0924,1295.836,1616.1144,1382.0,3404.0,5020.0,5232.0,57.0,126.0,204.0,262.0,330.0,846.0,1268.0,1384.0,24.0673,61.4334,94.5572,107.417,349.4255,812.0924,1295.836,1616.1144,1382.0,3404.0,5020.0,5232.0,57.0,126.0,204.0,262.0,330.0,846.0,1268.0,1384.0,24.0673,61.4334,94.5572,107.417,9.2416,16.9936,29.944,31.4336,49.0,91.0,133.0,140.0,2.0,4.0,4.0,4.0,12.0,20.0,18.0,0.5625,1.14,2.01,1.995,9.2416,16.000533,30.653333,47.221333,49.0,86.333333,156.333333,205.333333,2.0,4.0,6.0,4.0,12.0,22.666667,26.0,0.5625,1.15,2.21,2.94,3.3489,33.3792,59.5848,72.102,676.0,1092.0,1976.0,1976.0,12.0,16.0,108.0,216.0,240.0,1.5625,5.625,11.45,13.4,702.1999,1690.9432,2988.0896,4168.292,3440.0,8992.0,15462.0,18672.0,115.0,264.0,462.0,652.0,726.0,1980.0,3366.0,4252.0,49.6971,134.1168,228.8894,296.594,0.49,2.31,1.82,1.0,9.0,8.0,-2.0,-2.0,-1.0,-0.02,0.32,0.34,0.816667,2.076667,2.706667,1.666667,5.666667,12.666667,-2.0,-3.333333,-1.0,-0.033333,0.053333,0.58,-7.26,-10.6,-10.12,114.0,236.0,340.0,18.0,36.0,56.0,3.0,5.84,9.28,0,0,0,0,0,0,0,0,0,0,0,0,0,0,0,0,0,0,0,0,0,0,0,1,0,0,0,0,0,0,0,0,0,0,0,0,1,0,0,0,0,0,0,0,0,0,0,0,0,1,0,0
FOSCOH,3.0,3.0,349.4255,812.0924,1295.836,1616.1144,1382.0,3404.0,5020.0,5232.0,57.0,126.0,204.0,262.0,330.0,846.0,1268.0,1384.0,24.0673,61.4334,94.5572,107.417,349.4255,812.0924,1295.836,1616.1144,1382.0,3404.0,5020.0,5232.0,57.0,126.0,204.0,262.0,330.0,846.0,1268.0,1384.0,24.0673,61.4334,94.5572,107.417,9.2416,16.9936,29.944,31.4336,49.0,91.0,133.0,140.0,2.0,4.0,4.0,4.0,12.0,20.0,18.0,0.5625,1.14,2.01,1.995,9.2416,16.000533,30.653333,47.221333,49.0,86.333333,156.333333,205.333333,2.0,4.0,6.0,4.0,12.0,22.666667,26.0,0.5625,1.15,2.21,2.94,3.3489,33.3792,59.5848,72.102,676.0,1092.0,1976.0,1976.0,12.0,16.0,108.0,216.0,240.0,1.5625,5.625,11.45,13.4,702.1999,1690.9432,2988.0896,4168.292,3440.0,8992.0,15462.0,18672.0,115.0,264.0,462.0,652.0,726.0,1980.0,3366.0,4252.0,49.6971,134.1168,228.8894,296.594,0.49,2.31,1.82,1.0,9.0,8.0,-2.0,-2.0,-1.0,-0.02,0.32,0.34,0.816667,2.076667,2.706667,1.666667,5.666667,12.666667,-2.0,-3.333333,-1.0,-0.033333,0.053333,0.58,-7.26,-10.6,-10.12,114.0,236.0,340.0,18.0,36.0,56.0,3.0,5.84,9.28,0,0,0,0,0,0,0,0,0,0,0,0,0,0,0,1,0,0,0,0,0,0,0,0,0,0,0,0,0,0,0,0,0,0,0,0,1,0,0,0,0,0,0,0,0,0,0,0,0,1,0,0
FOYYAU,3.0,3.0,195.0385,432.0634,668.8898,740.1294,1028.0,2104.0,2870.0,2580.0,30.0,64.0,100.0,114.0,164.0,404.0,566.0,548.0,13.4921,32.1568,46.5452,46.8574,195.0385,432.0634,668.8898,740.1294,1028.0,2104.0,2870.0,2580.0,30.0,64.0,100.0,114.0,164.0,404.0,566.0,548.0,13.4921,32.1568,46.5452,46.8574,9.2416,16.9936,29.944,30.3696,49.0,91.0,133.0,105.0,2.0,4.0,4.0,4.0,12.0,20.0,14.0,0.5625,1.14,2.01,1.695,9.2416,16.000533,32.639467,46.866667,49.0,86.333333,165.666667,193.666667,2.0,4.0,6.0,4.0,12.0,22.666667,24.666667,0.5625,1.15,2.19,2.84,3.3489,33.3792,59.5848,72.102,676.0,1092.0,1976.0,1976.0,12.0,16.0,108.0,216.0,240.0,1.5625,5.625,11.45,13.4,393.4259,930.8852,1734.1972,2404.4052,2732.0,6392.0,11162.0,13312.0,61.0,140.0,254.0,356.0,394.0,1096.0,1962.0,2564.0,28.5467,75.5636,132.8654,175.5948,0.49,2.31,2.17,1.0,9.0,13.0,-2.0,-2.0,1.0,-0.02,0.32,0.74,0.816667,1.423333,2.823333,1.666667,4.333333,14.333333,-2.0,-3.333333,-0.333333,-0.033333,0.08,0.713333,-7.26,-10.6,-10.12,114.0,236.0,340.0,18.0,36.0,56.0,3.0,5.84,9.28,0,0,0,0,0,0,0,0,0,0,0,0,0,0,0,1,0,0,0,0,0,0,0,0,0,0,0,0,0,0,0,0,0,0,0,0,0,0,0,0,0,0,0,0,0,0,0,0,0,0,0,0
FOYYAU02,3.0,3.0,195.0385,432.0634,668.8898,740.1294,1028.0,2104.0,2870.0,2580.0,30.0,64.0,100.0,114.0,164.0,404.0,566.0,548.0,13.4921,32.1568,46.5452,46.8574,195.0385,432.0634,668.8898,740.1294,1028.0,2104.0,2870.0,2580.0,30.0,64.0,100.0,114.0,164.0,404.0,566.0,548.0,13.4921,32.1568,46.5452,46.8574,9.2416,16.9936,29.944,30.3696,49.0,91.0,133.0,105.0,2.0,4.0,4.0,4.0,12.0,20.0,14.0,0.5625,1.14,2.01,1.695,9.2416,16.000533,32.639467,46.866667,49.0,86.333333,165.666667,193.666667,2.0,4.0,6.0,4.0,12.0,22.666667,24.666667,0.5625,1.15,2.19,2.84,3.3489,33.3792,59.5848,72.102,676.0,1092.0,1976.0,1976.0,12.0,16.0,108.0,216.0,240.0,1.5625,5.625,11.45,13.4,393.4259,930.8852,1734.1972,2404.4052,2732.0,6392.0,11162.0,13312.0,61.0,140.0,254.0,356.0,394.0,1096.0,1962.0,2564.0,28.5467,75.5636,132.8654,175.5948,0.49,2.31,2.17,1.0,9.0,13.0,-2.0,-2.0,1.0,-0.02,0.32,0.74,0.816667,1.423333,2.823333,1.666667,4.333333,14.333333,-2.0,-3.333333,-0.333333,-0.033333,0.08,0.713333,-7.26,-10.6,-10.12,114.0,236.0,340.0,18.0,36.0,56.0,3.0,5.84,9.28,0,0,0,0,0,0,0,0,0,0,0,0,0,0,0,1,0,0,0,0,0,0,0,0,0,0,0,0,0,0,0,0,0,0,0,0,0,0,0,0,0,0,0,0,0,0,0,0,0,0,0,0
FOYYAU06,3.0,3.0,195.0385,432.0634,668.8898,740.1294,1028.0,2104.0,2870.0,2580.0,30.0,64.0,100.0,114.0,164.0,404.0,566.0,548.0,13.4921,32.1568,46.5452,46.8574,195.0385,432.0634,668.8898,740.1294,1028.0,2104.0,2870.0,2580.0,30.0,64.0,100.0,114.0,164.0,404.0,566.0,548.0,13.4921,32.1568,46.5452,46.8574,9.2416,16.9936,29.944,30.3696,49.0,91.0,133.0,105.0,2.0,4.0,4.0,4.0,12.0,20.0,14.0,0.5625,1.14,2.01,1.695,9.2416,16.000533,32.639467,46.866667,49.0,86.333333,165.666667,193.666667,2.0,4.0,6.0,4.0,12.0,22.666667,24.666667,0.5625,1.15,2.19,2.84,3.3489,33.3792,59.5848,72.102,676.0,1092.0,1976.0,1976.0,12.0,16.0,108.0,216.0,240.0,1.5625,5.625,11.45,13.4,393.4259,930.8852,1734.1972,2404.4052,2732.0,6392.0,11162.0,13312.0,61.0,140.0,254.0,356.0,394.0,1096.0,1962.0,2564.0,28.5467,75.5636,132.8654,175.5948,0.49,2.31,2.17,1.0,9.0,13.0,-2.0,-2.0,1.0,-0.02,0.32,0.74,0.816667,1.423333,2.823333,1.666667,4.333333,14.333333,-2.0,-3.333333,-0.333333,-0.033333,0.08,0.713333,-7.26,-10.6,-10.12,114.0,236.0,340.0,18.0,36.0,56.0,3.0,5.84,9.28,0,0,0,0,0,0,0,0,0,0,0,0,0,0,0,1,0,0,0,0,0,0,0,0,0,0,0,0,0,0,0,0,0,0,0,0,0,0,0,0,0,0,0,0,0,0,0,0,0,0,0,0
GAKKOS03,2.0,1.5,109.531,243.423,425.4328,381.3008,834.0,1416.0,2128.0,1642.0,18.0,38.0,68.0,64.0,106.0,258.0,328.0,224.0,7.8584,19.019,29.5992,22.997,65.96575,136.0425,220.5596,190.6504,587.5,846.0,1176.0,821.0,10.5,21.0,35.0,32.0,56.0,133.0,165.0,112.0,5.0271,10.8724,15.5646,11.4985,9.2416,15.504,36.7232,30.4608,49.0,84.0,210.0,175.0,2.0,5.0,4.0,4.0,14.0,22.0,12.0,0.5625,1.155,2.475,1.8825,9.2416,11.628,22.2832,15.2304,49.0,63.0,161.0,87.5,1.5,3.0,2.0,2.5,8.0,11.5,6.0,0.5625,0.86625,1.62,0.94125,3.3489,33.3792,46.665,79.2024,676.0,1092.0,1560.0,3328.0,10.0,18.0,96.0,192.0,204.0,1.5625,5.625,9.625,15.2,267.2119,610.9284,1252.8164,1597.224,3026.0,5568.0,9294.0,13608.0,43.0,96.0,190.0,252.0,286.0,788.0,1348.0,1640.0,21.6709,54.7396,98.3834,127.274,0.98,3.12,2.14,2.0,5.0,3.0,-3.0,-1.0,2.0,-0.04,0.45,0.49,0.735,1.79,1.07,1.5,-2.0,1.5,-2.0,-0.5,1.0,-0.03,0.09,0.245,-7.26,-7.2,-10.34,114.0,200.0,340.0,20.0,28.0,74.0,3.0,4.8,10.34,0,0,0,0,0,0,0,0,0,0,0,0,0,0,0,0,0,0,0,0,0,0,0,0,0,0,0,0,0,0,0,0,0,0,0,0,0,0,0,0,0,0,0,0,0,0,0,0,0,0,0,0
GAKKOS04,2.0,1.5,109.531,243.423,425.4328,381.3008,834.0,1416.0,2128.0,1642.0,18.0,38.0,68.0,64.0,106.0,258.0,328.0,224.0,7.8584,19.019,29.5992,22.997,65.96575,136.0425,220.5596,190.6504,587.5,846.0,1176.0,821.0,10.5,21.0,35.0,32.0,56.0,133.0,165.0,112.0,5.0271,10.8724,15.5646,11.4985,9.2416,15.504,36.7232,30.4608,49.0,84.0,210.0,175.0,2.0,5.0,4.0,4.0,14.0,22.0,12.0,0.5625,1.155,2.475,1.8825,9.2416,11.628,22.2832,15.2304,49.0,63.0,161.0,87.5,1.5,3.0,2.0,2.5,8.0,11.5,6.0,0.5625,0.86625,1.62,0.94125,3.3489,33.3792,46.665,79.2024,676.0,1092.0,1560.0,3328.0,10.0,18.0,96.0,192.0,204.0,1.5625,5.625,9.625,15.2,267.2119,610.9284,1252.8164,1597.224,3026.0,5568.0,9294.0,13608.0,43.0,96.0,190.0,252.0,286.0,788.0,1348.0,1640.0,21.6709,54.7396,98.3834,127.274,0.98,3.12,2.14,2.0,5.0,3.0,-3.0,-1.0,2.0,-0.04,0.45,0.49,0.735,1.79,1.07,1.5,-2.0,1.5,-2.0,-0.5,1.0,-0.03,0.09,0.245,-7.26,-7.2,-10.34,114.0,200.0,340.0,20.0,28.0,74.0,3.0,4.8,10.34,0,0,0,0,0,0,0,0,0,0,0,0,0,0,0,0,0,0,0,0,0,0,0,0,0,0,0,0,0,0,0,0,0,0,0,0,0,0,0,0,0,0,0,0,0,0,0,0,0,0,0,0
GAKKOS05,2.0,1.5,109.531,243.423,425.4328,381.3008,834.0,1416.0,2128.0,1642.0,18.0,38.0,68.0,64.0,106.0,258.0,328.0,224.0,7.8584,19.019,29.5992,22.997,65.96575,136.0425,220.5596,190.6504,587.5,846.0,1176.0,821.0,10.5,21.0,35.0,32.0,56.0,133.0,165.0,112.0,5.0271,10.8724,15.5646,11.4985,9.2416,15.504,36.7232,30.4608,49.0,84.0,210.0,175.0,2.0,5.0,4.0,4.0,14.0,22.0,12.0,0.5625,1.155,2.475,1.8825,9.2416,11.628,22.2832,15.2304,49.0,63.0,161.0,87.5,1.5,3.0,2.0,2.5,8.0,11.5,6.0,0.5625,0.86625,1.62,0.94125,3.3489,33.3792,46.665,79.2024,676.0,1092.0,1560.0,3328.0,10.0,18.0,96.0,192.0,204.0,1.5625,5.625,9.625,15.2,267.2119,610.9284,1252.8164,1597.224,3026.0,5568.0,9294.0,13608.0,43.0,96.0,190.0,252.0,286.0,788.0,1348.0,1640.0,21.6709,54.7396,98.3834,127.274,0.98,3.12,2.14,2.0,5.0,3.0,-3.0,-1.0,2.0,-0.04,0.45,0.49,0.735,1.79,1.07,1.5,-2.0,1.5,-2.0,-0.5,1.0,-0.03,0.09,0.245,-7.26,-7.2,-10.34,114.0,200.0,340.0,20.0,28.0,74.0,3.0,4.8,10.34,0,0,0,0,0,0,0,0,0,0,0,0,0,0,0,0,0,0,0,0,0,0,0,0,0,0,0,0,0,0,0,0,0,0,0,0,0,0,0,0,0,0,0,0,0,0,0,0,0,0,0,0
GAPSIA,3.0,3.0,161.2955,366.0184,568.6464,611.3344,650.0,1552.0,2172.0,1828.0,25.0,54.0,84.0,94.0,138.0,342.0,476.0,424.0,10.5665,26.1046,38.1036,36.1322,161.2955,366.0184,568.6464,611.3344,650.0,1552.0,2172.0,1828.0,25.0,54.0,84.0,94.0,138.0,342.0,476.0,424.0,10.5665,26.1046,38.1036,36.1322,9.2416,16.9936,29.944,30.3696,49.0,91.0,133.0,105.0,2.0,4.0,4.0,4.0,12.0,20.0,14.0,0.5625,1.14,2.01,1.695,9.2416,16.000533,32.639467,46.866667,49.0,86.333333,165.666667,193.666667,2.0,4.0,6.0,4.0,12.0,22.666667,24.666667,0.5625,1.15,2.19,2.84,3.3489,33.3792,59.5848,72.102,676.0,1092.0,1976.0,1976.0,12.0,16.0,108.0,216.0,240.0,1.5625,5.625,11.45,13.4,325.9399,798.7952,1533.7104,2146.8152,1976.0,5288.0,9766.0,11808.0,51.0,120.0,222.0,316.0,342.0,972.0,1782.0,2316.0,22.6955,63.4592,115.9822,154.1444,0.49,2.31,2.17,1.0,9.0,13.0,-2.0,-2.0,1.0,-0.02,0.32,0.74,0.816667,1.423333,2.823333,1.666667,4.333333,14.333333,-2.0,-3.333333,-0.333333,-0.033333,0.08,0.713333,-7.26,-10.6,-10.12,114.0,236.0,340.0,18.0,36.0,56.0,3.0,5.84,9.28,0,0,0,0,0,0,0,0,0,0,0,0,0,0,0,0,0,0,0,0,0,0,0,1,0,0,0,0,0,0,0,0,0,0,0,0,0,0,0,0,0,0,0,0,0,0,0,0,0,0,0,0
GAPSOG,3.0,3.0,161.2955,366.0184,568.6464,611.3344,650.0,1552.0,2172.0,1828.0,25.0,54.0,84.0,94.0,138.0,342.0,476.0,424.0,10.5665,26.1046,38.1036,36.1322,161.2955,366.0184,568.6464,611.3344,650.0,1552.0,2172.0,1828.0,25.0,54.0,84.0,94.0,138.0,342.0,476.0,424.0,10.5665,26.1046,38.1036,36.1322,9.2416,16.9936,29.944,30.3696,49.0,91.0,133.0,105.0,2.0,4.0,4.0,4.0,12.0,20.0,14.0,0.5625,1.14,2.01,1.695,9.2416,16.000533,32.639467,46.866667,49.0,86.333333,165.666667,193.666667,2.0,4.0,6.0,4.0,12.0,22.666667,24.666667,0.5625,1.15,2.19,2.84,3.3489,33.3792,59.5848,72.102,676.0,1092.0,1976.0,1976.0,12.0,16.0,108.0,216.0,240.0,1.5625,5.625,11.45,13.4,325.9399,798.7952,1533.7104,2146.8152,1976.0,5288.0,9766.0,11808.0,51.0,120.0,222.0,316.0,342.0,972.0,1782.0,2316.0,22.6955,63.4592,115.9822,154.1444,0.49,2.31,2.17,1.0,9.0,13.0,-2.0,-2.0,1.0,-0.02,0.32,0.74,0.816667,1.423333,2.823333,1.666667,4.333333,14.333333,-2.0,-3.333333,-0.333333,-0.033333,0.08,0.713333,-7.26,-10.6,-10.12,114.0,236.0,340.0,18.0,36.0,56.0,3.0,5.84,9.28,0,0,0,0,0,0,0,0,0,0,0,0,1,0,0,0,0,0,0,0,0,0,0,0,0,0,0,0,0,0,0,0,0,0,0,0,0,0,0,0,0,0,0,0,0,0,0,0,0,0,0,0
GAPSUM,3.0,3.0,278.0455,637.8484,1008.9524,1213.0464,1090.0,2656.0,3824.0,3756.0,45.0,98.0,156.0,194.0,254.0,642.0,924.0,940.0,18.7765,47.2642,70.9044,76.243,278.0455,637.8484,1008.9524,1213.0464,1090.0,2656.0,3824.0,3756.0,45.0,98.0,156.0,194.0,254.0,642.0,924.0,940.0,18.7765,47.2642,70.9044,76.243,9.2416,16.9936,31.008,45.8736,49.0,91.0,168.0,189.0,2.0,4.0,6.0,4.0,12.0,24.0,26.0,0.5625,1.14,2.31,2.85,9.2416,16.000533,32.994133,52.034667,49.0,86.333333,177.333333,221.666667,2.0,4.0,6.666667,4.0,12.0,24.0,28.666667,0.5625,1.15,2.29,3.225,3.3489,33.3792,59.5848,74.664,676.0,1092.0,1976.0,2496.0,12.0,16.0,108.0,216.0,288.0,1.5625,5.625,11.45,15.4,559.4399,1342.4552,2414.3224,3355.3632,2856.0,7496.0,13070.0,16704.0,91.0,208.0,366.0,516.0,574.0,1572.0,2694.0,3492.0,39.1155,105.7784,181.5838,238.366,0.49,1.96,3.15,1.0,4.0,15.0,-2.0,-4.0,-1.0,-0.02,-0.08,0.7,0.816667,1.306667,3.15,1.666667,2.666667,15.0,-2.0,-4.0,-1.0,-0.033333,-0.053333,0.7,-7.26,-10.6,-11.52,114.0,236.0,320.0,18.0,36.0,48.0,3.0,5.84,7.68,0,0,0,0,0,0,0,0,0,0,0,0,0,0,0,1,0,0,0,0,0,0,0,0,0,0,0,0,0,0,0,0,0,0,0,0,0,0,0,0,0,0,0,0,0,0,0,0,0,0,0,0
GAPSUM01,3.0,3.0,278.0455,637.8484,1008.9524,1213.0464,1090.0,2656.0,3824.0,3756.0,45.0,98.0,156.0,194.0,254.0,642.0,924.0,940.0,18.7765,47.2642,70.9044,76.243,278.0455,637.8484,1008.9524,1213.0464,1090.0,2656.0,3824.0,3756.0,45.0,98.0,156.0,194.0,254.0,642.0,924.0,940.0,18.7765,47.2642,70.9044,76.243,9.2416,16.9936,31.008,45.8736,49.0,91.0,168.0,189.0,2.0,4.0,6.0,4.0,12.0,24.0,26.0,0.5625,1.14,2.31,2.85,9.2416,16.000533,32.994133,52.034667,49.0,86.333333,177.333333,221.666667,2.0,4.0,6.666667,4.0,12.0,24.0,28.666667,0.5625,1.15,2.29,3.225,3.3489,33.3792,59.5848,74.664,676.0,1092.0,1976.0,2496.0,12.0,16.0,108.0,216.0,288.0,1.5625,5.625,11.45,15.4,559.4399,1342.4552,2414.3224,3355.3632,2856.0,7496.0,13070.0,16704.0,91.0,208.0,366.0,516.0,574.0,1572.0,2694.0,3492.0,39.1155,105.7784,181.5838,238.366,0.49,1.96,3.15,1.0,4.0,15.0,-2.0,-4.0,-1.0,-0.02,-0.08,0.7,0.816667,1.306667,3.15,1.666667,2.666667,15.0,-2.0,-4.0,-1.0,-0.033333,-0.053333,0.7,-7.26,-10.6,-11.52,114.0,236.0,320.0,18.0,36.0,48.0,3.0,5.84,7.68,0,0,0,0,0,0,0,0,0,0,0,0,0,0,0,1,0,0,0,0,0,0,0,0,0,0,0,0,0,0,0,0,0,0,0,0,0,0,0,0,0,0,0,0,0,0,0,0,0,0,0,0
GAPTAT,3.0,3.0,258.3905,578.6884,972.6224,1170.9084,878.0,2128.0,3104.0,3096.0,43.0,90.0,156.0,190.0,246.0,618.0,860.0,880.0,15.7667,40.057,61.1924,67.7298,258.3905,578.6884,972.6224,1170.9084,878.0,2128.0,3104.0,3096.0,43.0,90.0,156.0,190.0,246.0,618.0,860.0,880.0,15.7667,40.057,61.1924,67.7298,9.2416,16.9936,31.008,52.5616,49.0,91.0,168.0,196.0,2.0,4.0,7.0,4.0,12.0,26.0,32.0,0.5625,1.14,2.31,3.1275,9.2416,16.000533,32.994133,54.264,49.0,86.333333,177.333333,224.0,2.0,4.0,7.0,4.0,12.0,24.666667,30.666667,0.5625,1.15,2.29,3.3175,3.3489,33.3792,59.5848,74.664,676.0,1092.0,1976.0,2496.0,12.0,16.0,108.0,216.0,312.0,1.5625,5.625,11.45,15.4,520.1299,1224.1352,2341.6624,3271.0872,2432.0,6440.0,11630.0,15384.0,87.0,192.0,366.0,508.0,558.0,1524.0,2574.0,3444.0,33.0959,91.364,162.1598,221.3396,0.49,1.96,3.99,1.0,4.0,21.0,-2.0,-5.0,-2.0,-0.02,-0.08,1.08,0.816667,1.306667,3.43,1.666667,2.666667,17.0,-2.0,-4.333333,-1.333333,-0.033333,-0.053333,0.826667,-7.26,-10.6,-11.52,114.0,236.0,320.0,18.0,36.0,44.0,3.0,5.84,7.68,0,0,0,0,0,0,0,0,0,0,1,0,0,0,0,0,0,0,0,0,0,0,0,0,0,0,0,0,0,0,0,0,0,0,0,1,0,0,0,0,0,0,0,0,1,0,0,0,0,0,0,0
GAPTEX,3.0,3.0,286.3649,613.0624,1005.2648,1115.0412,1130.0,2512.0,3608.0,3588.0,43.0,90.0,148.0,166.0,238.0,578.0,752.0,724.0,17.3507,42.1514,61.8332,63.8306,286.3649,613.0624,1005.2648,1115.0412,1130.0,2512.0,3608.0,3588.0,43.0,90.0,148.0,166.0,238.0,578.0,752.0,724.0,17.3507,42.1514,61.8332,63.8306,9.2416,16.9936,31.008,51.2848,49.0,91.0,168.0,217.0,2.0,4.0,6.0,4.0,12.0,24.0,20.0,0.5625,1.14,2.31,2.79,9.2416,16.000533,32.994133,53.8384,49.0,86.333333,177.333333,231.0,2.0,4.0,6.666667,4.0,12.0,24.0,26.666667,0.5625,1.15,2.29,3.205,3.3489,33.3792,59.5848,74.664,676.0,1092.0,1976.0,2496.0,12.0,16.0,108.0,216.0,288.0,1.5625,5.625,11.45,15.4,576.0787,1292.8832,2406.9472,3159.3528,2936.0,7208.0,12638.0,16368.0,87.0,192.0,350.0,460.0,542.0,1444.0,2350.0,3036.0,36.2639,95.5528,163.4414,213.5412,0.49,1.96,1.37,1.0,4.0,11.0,-2.0,-4.0,2.0,-0.02,-0.08,0.78,0.816667,1.306667,2.556667,1.666667,2.666667,13.666667,-2.0,-4.0,0.0,-0.033333,-0.053333,0.726667,-7.26,-10.6,-11.52,114.0,236.0,320.0,18.0,36.0,48.0,3.0,5.84,7.68,0,0,0,0,0,0,0,0,0,0,0,0,0,0,0,1,0,0,0,0,0,0,0,0,0,0,0,0,0,0,0,0,0,0,0,0,0,0,0,0,0,0,0,0,0,0,0,0,0,0,0,0
GAPTIB,3.0,3.0,217.3277,479.8284,758.7844,858.7028,854.0,1944.0,2764.0,2660.0,33.0,70.0,112.0,130.0,182.0,450.0,620.0,608.0,13.3657,32.9446,48.9112,50.3286,217.3277,479.8284,758.7844,858.7028,854.0,1944.0,2764.0,2660.0,33.0,70.0,112.0,130.0,182.0,450.0,620.0,608.0,13.3657,32.9446,48.9112,50.3286,9.2416,16.9936,31.008,54.2032,49.0,91.0,168.0,175.0,2.0,4.0,7.0,4.0,12.0,26.0,22.0,0.5625,1.14,2.31,2.7975,9.2416,16.000533,32.994133,54.8112,49.0,86.333333,177.333333,217.0,2.0,4.0,7.0,4.0,12.0,24.666667,27.333333,0.5625,1.15,2.29,3.2075,3.3489,33.3792,59.5848,74.664,676.0,1092.0,1976.0,2496.0,12.0,16.0,108.0,216.0,312.0,1.5625,5.625,11.45,15.4,438.0043,1026.4152,1913.9864,2646.676,2384.0,6072.0,10950.0,14512.0,67.0,152.0,278.0,388.0,430.0,1188.0,2094.0,2860.0,28.2939,77.1392,137.5974,186.5372,0.49,1.96,3.45,1.0,4.0,24.0,-2.0,-5.0,3.0,-0.02,-0.08,1.52,0.816667,1.306667,3.25,1.666667,2.666667,18.0,-2.0,-4.333333,0.333333,-0.033333,-0.053333,0.973333,-7.26,-10.6,-11.52,114.0,236.0,320.0,18.0,36.0,44.0,3.0,5.84,7.68,0,0,0,0,0,0,0,0,0,0,0,0,0,0,0,1,0,0,0,0,0,0,0,0,0,0,0,0,0,0,0,0,0,0,0,0,0,0,0,0,0,0,0,0,0,0,0,0,0,0,0,0
GAZQUT,6.0,6.0,899.5435,2048.976,3391.4316,4439.5002,3256.0,7992.0,11550.0,13428.0,151.0,324.0,540.0,732.0,864.0,2220.0,3324.0,4032.0,59.1279,150.7044,232.0128,285.276,899.5435,2048.976,3391.4316,4439.5002,3256.0,7992.0,11550.0,13428.0,151.0,324.0,540.0,732.0,864.0,2220.0,3324.0,4032.0,59.1279,150.7044,232.0128,285.276,9.2416,15.504,33.5008,34.9904,49.0,84.0,122.5,129.5,2.0,4.5,4.5,4.0,13.0,20.0,18.0,0.5625,1.155,1.99125,1.97625,9.2416,15.504,33.5008,34.9904,49.0,84.0,122.5,129.5,2.0,4.5,4.5,4.0,13.0,20.0,18.0,0.5625,1.155,1.99125,1.97625,3.3489,33.3792,55.998,93.0006,676.0,1092.0,1872.0,1794.0,12.0,21.0,108.0,234.0,252.0,1.5625,5.625,11.55,14.1375,902.8924,2115.7344,3780.6756,5407.2678,3932.0,10176.0,16764.0,21258.0,152.0,336.0,594.0,876.0,930.0,2514.0,4182.0,5658.0,60.6904,161.9544,271.9878,372.546,0.98,2.66,2.17,2.0,14.0,13.0,-2.5,-1.0,0.0,-0.04,0.72,0.74,0.98,2.66,2.17,2.0,14.0,13.0,-2.5,-1.0,0.0,-0.04,0.72,0.74,-7.26,-8.64,-12.39,114.0,240.0,477.0,18.0,33.0,84.0,3.0,5.76,14.94,0,0,0,0,0,0,0,0,0,0,1,0,0,0,0,0,0,0,0,0,0,0,0,0,0,0,0,0,0,0,0,0,0,0,0,0,0,0,0,0,0,0,0,0,0,0,1,0,0,0,0,0
GIVZAN,3.0,3.0,161.2955,365.3324,557.69,597.7124,650.0,1532.0,2120.0,1796.0,25.0,54.0,84.0,94.0,138.0,342.0,476.0,424.0,10.5665,26.1366,38.2252,36.253,161.2955,365.3324,557.69,597.7124,650.0,1532.0,2120.0,1796.0,25.0,54.0,84.0,94.0,138.0,342.0,476.0,424.0,10.5665,26.1366,38.2252,36.253,9.2416,16.9936,29.944,30.3696,49.0,91.0,133.0,105.0,2.0,4.0,4.0,4.0,12.0,20.0,14.0,0.5625,1.14,2.01,1.695,9.2416,16.000533,30.653333,46.866667,49.0,86.333333,156.333333,193.666667,2.0,4.0,6.0,4.0,12.0,22.666667,24.666667,0.5625,1.15,2.21,2.84,3.3489,33.3792,59.5848,72.102,676.0,1092.0,1976.0,1976.0,12.0,16.0,108.0,216.0,240.0,1.5625,5.625,11.45,13.4,325.9399,797.4232,1511.7976,2131.488,1976.0,5248.0,9662.0,11800.0,51.0,120.0,222.0,316.0,342.0,972.0,1782.0,2316.0,22.6955,63.5232,116.2254,154.266,0.49,2.31,2.17,1.0,9.0,13.0,-2.0,-2.0,1.0,-0.02,0.32,0.74,0.816667,2.076667,2.823333,1.666667,5.666667,14.333333,-2.0,-3.333333,-0.333333,-0.033333,0.053333,0.713333,-7.26,-10.6,-10.12,114.0,236.0,340.0,18.0,36.0,56.0,3.0,5.84,9.28,0,0,0,0,0,0,0,0,0,0,0,0,0,0,0,0,0,0,0,0,0,0,0,0,0,0,0,1,0,0,0,0,0,0,0,0,0,0,0,0,0,0,0,0,0,0,0,0,0,1,0,0
GIVZER,3.0,3.0,161.2955,365.3324,557.69,597.7124,650.0,1532.0,2120.0,1796.0,25.0,54.0,84.0,94.0,138.0,342.0,476.0,424.0,10.5665,26.1366,38.2252,36.253,161.2955,365.3324,557.69,597.7124,650.0,1532.0,2120.0,1796.0,25.0,54.0,84.0,94.0,138.0,342.0,476.0,424.0,10.5665,26.1366,38.2252,36.253,9.2416,16.9936,29.944,30.3696,49.0,91.0,133.0,105.0,2.0,4.0,4.0,4.0,12.0,20.0,14.0,0.5625,1.14,2.01,1.695,9.2416,16.000533,30.653333,46.866667,49.0,86.333333,156.333333,193.666667,2.0,4.0,6.0,4.0,12.0,22.666667,24.666667,0.5625,1.15,2.21,2.84,3.3489,33.3792,59.5848,72.102,676.0,1092.0,1976.0,1976.0,12.0,16.0,108.0,216.0,240.0,1.5625,5.625,11.45,13.4,325.9399,797.4232,1511.7976,2131.488,1976.0,5248.0,9662.0,11800.0,51.0,120.0,222.0,316.0,342.0,972.0,1782.0,2316.0,22.6955,63.5232,116.2254,154.266,0.49,2.31,2.17,1.0,9.0,13.0,-2.0,-2.0,1.0,-0.02,0.32,0.74,0.816667,2.076667,2.823333,1.666667,5.666667,14.333333,-2.0,-3.333333,-0.333333,-0.033333,0.053333,0.713333,-7.26,-10.6,-10.12,114.0,236.0,340.0,18.0,36.0,56.0,3.0,5.84,9.28,0,0,0,0,0,0,0,0,0,0,0,0,0,0,0,0,0,0,0,0,0,0,0,0,0,0,0,1,0,0,0,0,0,0,0,0,0,0,0,0,0,0,0,0,0,0,1,0,0,1,0,0
GIVZIV,3.0,3.0,161.2955,365.3324,557.69,597.7124,650.0,1532.0,2120.0,1796.0,25.0,54.0,84.0,94.0,138.0,342.0,476.0,424.0,10.5665,26.1366,38.2252,36.253,161.2955,365.3324,557.69,597.7124,650.0,1532.0,2120.0,1796.0,25.0,54.0,84.0,94.0,138.0,342.0,476.0,424.0,10.5665,26.1366,38.2252,36.253,9.2416,16.9936,29.944,30.3696,49.0,91.0,133.0,105.0,2.0,4.0,4.0,4.0,12.0,20.0,14.0,0.5625,1.14,2.01,1.695,9.2416,16.000533,30.653333,46.866667,49.0,86.333333,156.333333,193.666667,2.0,4.0,6.0,4.0,12.0,22.666667,24.666667,0.5625,1.15,2.21,2.84,3.3489,33.3792,59.5848,72.102,676.0,1092.0,1976.0,1976.0,12.0,16.0,108.0,216.0,240.0,1.5625,5.625,11.45,13.4,325.9399,797.4232,1511.7976,2131.488,1976.0,5248.0,9662.0,11800.0,51.0,120.0,222.0,316.0,342.0,972.0,1782.0,2316.0,22.6955,63.5232,116.2254,154.266,0.49,2.31,2.17,1.0,9.0,13.0,-2.0,-2.0,1.0,-0.02,0.32,0.74,0.816667,2.076667,2.823333,1.666667,5.666667,14.333333,-2.0,-3.333333,-0.333333,-0.033333,0.053333,0.713333,-7.26,-10.6,-10.12,114.0,236.0,340.0,18.0,36.0,56.0,3.0,5.84,9.28,0,0,0,0,0,0,0,0,0,0,0,0,0,0,0,0,0,0,0,0,0,0,0,0,0,0,0,1,0,0,0,0,0,0,0,0,0,0,0,0,0,0,0,0,0,0,1,0,0,1,0,0
GOGDUB,3.0,3.0,205.5889,468.908,738.7034,911.1782,820.0,1970.0,2840.0,2972.0,33.0,72.0,114.0,144.0,186.0,468.0,674.0,724.0,13.9721,35.0356,52.3474,58.702,205.5889,468.908,738.7034,911.1782,820.0,1970.0,2840.0,2972.0,33.0,72.0,114.0,144.0,186.0,468.0,674.0,724.0,13.9721,35.0356,52.3474,58.702,9.2416,15.504,30.6888,37.3768,49.0,84.0,136.5,143.5,2.0,4.0,5.0,4.0,12.0,20.0,21.0,0.5625,1.155,2.0025,2.28,9.2416,15.504,31.894667,48.209333,49.0,84.0,162.166667,201.833333,2.0,4.0,6.333333,4.0,12.0,22.666667,28.333333,0.5625,1.155,2.1975,3.045,3.3489,33.3792,55.998,83.2284,676.0,1092.0,1872.0,2340.0,12.0,18.0,108.0,216.0,276.0,1.5625,5.625,11.55,15.275,414.5267,1004.5744,1866.6508,2758.0548,2316.0,6124.0,10894.0,14796.0,67.0,156.0,282.0,424.0,438.0,1224.0,2178.0,3052.0,29.5067,81.3212,144.6698,205.764,0.98,2.065,2.905,2.0,8.5,14.5,-2.0,-2.0,-0.5,-0.04,0.33,0.71,0.98,1.668333,3.395,2.0,4.833333,15.5,-2.0,-3.333333,-1.5,-0.04,0.07,0.69,-7.26,-8.64,-12.54,114.0,240.0,378.0,18.0,36.0,62.0,3.0,5.76,10.28,0,0,0,0,0,0,0,0,0,0,0,0,0,0,0,1,0,0,0,0,0,0,0,0,0,0,0,0,0,0,0,0,0,0,0,0,0,0,0,0,0,0,0,0,0,0,0,0,0,1,0,0
HAPDOU,4.0,2.0,478.9386,1116.033,1902.06,2429.4264,1866.0,4656.0,7152.0,8712.0,78.0,174.0,300.0,388.0,474.0,1222.0,1868.0,2276.0,32.3246,84.1918,134.6012,167.5028,174.579867,391.119,644.4776,809.8088,849.333333,1736.0,2533.333333,2904.0,28.0,60.666667,101.333333,129.333333,162.0,412.666667,624.0,758.666667,12.238733,29.881133,45.887067,55.834267,9.2416,15.504,29.944,39.1856,49.0,84.0,133.0,182.0,2.0,4.0,5.0,4.0,12.0,20.0,24.0,0.5625,1.155,2.01,2.5725,9.2416,10.336,15.5648,18.584533,49.0,56.0,130.666667,100.333333,1.333333,2.0,2.333333,2.0,5.333333,8.666667,14.0,0.5625,0.77,1.28,1.3425,3.3489,33.3792,46.665,64.1598,676.0,1092.0,1560.0,2444.0,10.0,14.0,96.0,168.0,204.0,1.5625,5.625,9.625,13.1,527.0885,1240.1154,2304.0108,3233.9636,3224.0,7392.0,12190.0,17268.0,85.0,194.0,354.0,504.0,548.0,1486.0,2512.0,3448.0,38.2787,100.8934,173.7862,244.5828,0.98,2.31,2.31,2.0,9.0,9.0,-2.0,-2.0,-2.0,-0.04,0.32,0.32,0.653333,0.96,0.98,1.333333,-4.666667,2.0,-1.333333,-1.333333,-2.333333,-0.026667,-0.206667,-0.04,-7.26,-7.2,-9.44,114.0,200.0,270.0,20.0,32.0,50.0,3.0,4.8,7.02,0,0,0,0,0,0,0,0,0,0,0,0,0,0,0,0,0,0,0,0,0,0,0,0,0,0,0,0,0,0,0,0,0,0,0,0,0,0,0,0,0,0,0,0,0,1,0,0,0,0,0,0
HAXHIY,3.0,5.0,201.43265,436.2795,700.4282,868.2169,732.5,1674.0,2177.0,2191.0,33.0,68.0,111.0,143.0,179.0,445.0,627.0,714.0,12.8321,31.1388,44.8091,51.0747,362.1355,810.543,1350.885,1705.4258,1246.0,3012.0,4086.0,4214.0,61.0,128.0,216.0,282.0,344.0,866.0,1238.0,1420.0,22.7909,57.6576,86.1824,99.8394,9.2416,15.504,36.3128,32.1784,49.0,84.0,108.5,143.5,2.0,5.0,4.0,5.0,19.0,25.0,23.5,0.5625,1.155,1.98,1.9875,9.2416,17.442,38.304,46.588,49.0,94.5,141.75,148.75,2.25,5.25,6.25,5.25,18.0,28.5,27.0,0.5625,1.299375,2.356875,2.540625,3.3489,33.3792,60.6645,98.6187,676.0,1092.0,2028.0,1664.0,13.0,23.0,114.0,264.0,228.0,1.5625,5.625,12.5125,14.6125,406.2142,939.3174,1799.4334,2743.4664,2141.0,5532.0,9880.0,12106.0,67.0,148.0,278.0,438.0,426.0,1206.0,2214.0,3070.0,27.2267,73.5276,131.5182,192.7094,0.98,3.255,1.575,2.0,19.5,7.5,-2.0,5.0,2.5,-0.04,1.11,0.35,1.1025,3.36,3.675,2.25,16.5,22.5,-2.25,0.5,2.75,-0.045,0.795,1.3,-7.26,-9.36,-11.8,114.0,260.0,534.0,17.0,34.0,100.0,3.0,6.24,17.06,0,0,0,0,0,0,0,0,0,0,1,0,0,0,0,0,0,0,0,0,0,0,0,0,0,0,0,0,0,0,0,0,0,0,0,0,0,0,0,0,0,0,0,0,0,0,1,0,0,0,0,0
HECBUO,3.0,3.0,301.7127,680.0824,1045.732,1296.2404,1218.0,2836.0,4132.0,4324.0,47.0,102.0,160.0,202.0,262.0,662.0,968.0,1028.0,19.8423,49.4854,74.3832,83.0942,301.7127,680.0824,1045.732,1296.2404,1218.0,2836.0,4132.0,4324.0,47.0,102.0,160.0,202.0,262.0,662.0,968.0,1028.0,19.8423,49.4854,74.3832,83.0942,9.2416,16.9936,29.944,31.4336,49.0,91.0,133.0,140.0,2.0,4.0,4.0,4.0,12.0,20.0,18.0,0.5625,1.14,2.01,1.995,9.2416,16.000533,30.653333,47.221333,49.0,86.333333,156.333333,205.333333,2.0,4.0,6.0,4.0,12.0,22.666667,26.0,0.5625,1.15,2.21,2.94,3.3489,33.3792,59.5848,72.102,676.0,1092.0,1976.0,1976.0,12.0,16.0,108.0,216.0,240.0,1.5625,5.625,11.45,13.4,606.7743,1426.9232,2487.8816,3528.544,3112.0,7856.0,13686.0,16856.0,95.0,216.0,374.0,532.0,590.0,1612.0,2766.0,3540.0,41.2471,110.2208,188.5414,247.9484,0.49,2.31,1.82,1.0,9.0,8.0,-2.0,-2.0,-1.0,-0.02,0.32,0.34,0.816667,2.076667,2.706667,1.666667,5.666667,12.666667,-2.0,-3.333333,-1.0,-0.033333,0.053333,0.58,-7.26,-10.6,-10.12,114.0,236.0,340.0,18.0,36.0,56.0,3.0,5.84,9.28,0,0,0,0,0,0,0,0,0,0,0,0,0,0,0,0,0,0,0,0,0,0,0,1,0,0,0,0,0,0,0,0,0,0,0,0,0,0,0,0,0,0,0,0,0,1,0,0,0,1,0,0
HECCEZ,3.0,3.0,301.7127,680.0824,1045.732,1296.2404,1218.0,2836.0,4132.0,4324.0,47.0,102.0,160.0,202.0,262.0,662.0,968.0,1028.0,19.8423,49.4854,74.3832,83.0942,301.7127,680.0824,1045.732,1296.2404,1218.0,2836.0,4132.0,4324.0,47.0,102.0,160.0,202.0,262.0,662.0,968.0,1028.0,19.8423,49.4854,74.3832,83.0942,9.2416,16.9936,29.944,31.4336,49.0,91.0,133.0,140.0,2.0,4.0,4.0,4.0,12.0,20.0,18.0,0.5625,1.14,2.01,1.995,9.2416,16.000533,30.653333,47.221333,49.0,86.333333,156.333333,205.333333,2.0,4.0,6.0,4.0,12.0,22.666667,26.0,0.5625,1.15,2.21,2.94,3.3489,33.3792,59.5848,72.102,676.0,1092.0,1976.0,1976.0,12.0,16.0,108.0,216.0,240.0,1.5625,5.625,11.45,13.4,606.7743,1426.9232,2487.8816,3528.544,3112.0,7856.0,13686.0,16856.0,95.0,216.0,374.0,532.0,590.0,1612.0,2766.0,3540.0,41.2471,110.2208,188.5414,247.9484,0.49,2.31,1.82,1.0,9.0,8.0,-2.0,-2.0,-1.0,-0.02,0.32,0.34,0.816667,2.076667,2.706667,1.666667,5.666667,12.666667,-2.0,-3.333333,-1.0,-0.033333,0.053333,0.58,-7.26,-10.6,-10.12,114.0,236.0,340.0,18.0,36.0,56.0,3.0,5.84,9.28,0,0,0,0,0,0,0,0,0,0,0,0,0,0,0,0,0,0,0,0,0,0,0,1,0,0,0,0,0,0,0,0,0,0,0,0,0,0,1,0,0,0,0,0,0,0,0,0,0,0,0,0
HECCID,3.0,3.0,301.7127,680.0824,1045.732,1296.2404,1218.0,2836.0,4132.0,4324.0,47.0,102.0,160.0,202.0,262.0,662.0,968.0,1028.0,19.8423,49.4854,74.3832,83.0942,301.7127,680.0824,1045.732,1296.2404,1218.0,2836.0,4132.0,4324.0,47.0,102.0,160.0,202.0,262.0,662.0,968.0,1028.0,19.8423,49.4854,74.3832,83.0942,9.2416,16.9936,29.944,31.4336,49.0,91.0,133.0,140.0,2.0,4.0,4.0,4.0,12.0,20.0,18.0,0.5625,1.14,2.01,1.995,9.2416,16.000533,30.653333,47.221333,49.0,86.333333,156.333333,205.333333,2.0,4.0,6.0,4.0,12.0,22.666667,26.0,0.5625,1.15,2.21,2.94,3.3489,33.3792,59.5848,72.102,676.0,1092.0,1976.0,1976.0,12.0,16.0,108.0,216.0,240.0,1.5625,5.625,11.45,13.4,606.7743,1426.9232,2487.8816,3528.544,3112.0,7856.0,13686.0,16856.0,95.0,216.0,374.0,532.0,590.0,1612.0,2766.0,3540.0,41.2471,110.2208,188.5414,247.9484,0.49,2.31,1.82,1.0,9.0,8.0,-2.0,-2.0,-1.0,-0.02,0.32,0.34,0.816667,2.076667,2.706667,1.666667,5.666667,12.666667,-2.0,-3.333333,-1.0,-0.033333,0.053333,0.58,-7.26,-10.6,-10.12,114.0,236.0,340.0,18.0,36.0,56.0,3.0,5.84,9.28,0,0,0,0,0,0,0,0,0,0,0,0,0,0,0,0,0,0,0,0,0,0,0,1,0,0,0,0,0,0,0,0,0,0,0,0,0,0,0,0,0,0,1,0,0,0,0,0,0,0,0,0
HECCOJ,3.0,3.0,161.2955,365.3324,557.69,597.7124,650.0,1532.0,2120.0,1796.0,25.0,54.0,84.0,94.0,138.0,342.0,476.0,424.0,10.5665,26.1366,38.2252,36.253,161.2955,365.3324,557.69,597.7124,650.0,1532.0,2120.0,1796.0,25.0,54.0,84.0,94.0,138.0,342.0,476.0,424.0,10.5665,26.1366,38.2252,36.253,9.2416,16.9936,29.944,30.3696,49.0,91.0,133.0,105.0,2.0,4.0,4.0,4.0,12.0,20.0,14.0,0.5625,1.14,2.01,1.695,9.2416,16.000533,30.653333,46.866667,49.0,86.333333,156.333333,193.666667,2.0,4.0,6.0,4.0,12.0,22.666667,24.666667,0.5625,1.15,2.21,2.84,3.3489,33.3792,59.5848,72.102,676.0,1092.0,1976.0,1976.0,12.0,16.0,108.0,216.0,240.0,1.5625,5.625,11.45,13.4,325.9399,797.4232,1511.7976,2131.488,1976.0,5248.0,9662.0,11800.0,51.0,120.0,222.0,316.0,342.0,972.0,1782.0,2316.0,22.6955,63.5232,116.2254,154.266,0.49,2.31,2.17,1.0,9.0,13.0,-2.0,-2.0,1.0,-0.02,0.32,0.74,0.816667,2.076667,2.823333,1.666667,5.666667,14.333333,-2.0,-3.333333,-0.333333,-0.033333,0.053333,0.713333,-7.26,-10.6,-10.12,114.0,236.0,340.0,18.0,36.0,56.0,3.0,5.84,9.28,0,0,0,0,0,0,0,0,0,0,0,0,0,0,0,0,0,0,0,0,0,0,0,1,0,0,0,0,0,0,0,0,0,0,0,0,1,0,0,0,0,0,0,0,1,0,0,0,0,0,0,0
HECCOJ01,3.0,3.0,161.2955,365.3324,557.69,597.7124,650.0,1532.0,2120.0,1796.0,25.0,54.0,84.0,94.0,138.0,342.0,476.0,424.0,10.5665,26.1366,38.2252,36.253,161.2955,365.3324,557.69,597.7124,650.0,1532.0,2120.0,1796.0,25.0,54.0,84.0,94.0,138.0,342.0,476.0,424.0,10.5665,26.1366,38.2252,36.253,9.2416,16.9936,29.944,30.3696,49.0,91.0,133.0,105.0,2.0,4.0,4.0,4.0,12.0,20.0,14.0,0.5625,1.14,2.01,1.695,9.2416,16.000533,30.653333,46.866667,49.0,86.333333,156.333333,193.666667,2.0,4.0,6.0,4.0,12.0,22.666667,24.666667,0.5625,1.15,2.21,2.84,3.3489,33.3792,59.5848,72.102,676.0,1092.0,1976.0,1976.0,12.0,16.0,108.0,216.0,240.0,1.5625,5.625,11.45,13.4,325.9399,797.4232,1511.7976,2131.488,1976.0,5248.0,9662.0,11800.0,51.0,120.0,222.0,316.0,342.0,972.0,1782.0,2316.0,22.6955,63.5232,116.2254,154.266,0.49,2.31,2.17,1.0,9.0,13.0,-2.0,-2.0,1.0,-0.02,0.32,0.74,0.816667,2.076667,2.823333,1.666667,5.666667,14.333333,-2.0,-3.333333,-0.333333,-0.033333,0.053333,0.713333,-7.26,-10.6,-10.12,114.0,236.0,340.0,18.0,36.0,56.0,3.0,5.84,9.28,0,0,0,0,0,0,0,0,0,0,0,0,0,0,0,0,0,0,0,0,0,0,0,1,0,0,0,0,0,0,0,0,0,0,0,0,1,0,0,0,0,0,0,0,1,0,0,0,0,0,0,0
HIXDOK,3.0,3.0,255.3605,588.2322,930.4282,1118.3486,1016.0,2466.0,3604.0,3566.0,41.0,90.0,144.0,178.0,234.0,594.0,868.0,888.0,17.3169,43.7842,66.3292,71.3858,255.3605,588.2322,930.4282,1118.3486,1016.0,2466.0,3604.0,3566.0,41.0,90.0,144.0,178.0,234.0,594.0,868.0,888.0,17.3169,43.7842,66.3292,71.3858,9.2416,16.2488,31.2208,38.6536,49.0,87.5,154.0,164.5,2.0,4.0,5.0,4.0,12.0,22.0,22.0,0.5625,1.1475,2.1525,2.4225,9.2416,15.752267,31.078933,50.621067,49.0,85.166667,163.333333,218.166667,2.0,4.0,6.333333,4.0,12.0,23.333333,27.333333,0.5625,1.1525,2.2575,3.0725,3.3489,33.3792,57.7914,75.1764,676.0,1092.0,1924.0,2288.0,12.0,16.0,108.0,216.0,264.0,1.5625,5.625,11.5,14.35,514.0699,1243.2228,2253.6872,3149.1172,2708.0,7116.0,12526.0,15824.0,83.0,192.0,342.0,484.0,534.0,1476.0,2574.0,3324.0,36.1963,98.8184,172.5334,226.7316,0.735,1.89,2.485,1.5,6.0,11.5,-2.0,-3.0,-1.0,-0.03,0.13,0.52,0.898333,1.936667,2.601667,1.833333,4.666667,13.166667,-2.0,-3.666667,-1.0,-0.036667,-0.01,0.653333,-7.26,-9.62,-11.8,114.0,238.0,328.0,18.0,36.0,52.0,3.0,5.8,8.52,0,0,0,0,0,0,0,0,0,0,0,0,0,0,0,1,0,0,0,0,0,0,0,0,0,0,0,0,0,0,0,0,0,0,0,0,0,0,0,0,1,0,0,0,0,0,0,0,0,0,0,0
HIXDOK01,3.0,3.0,255.3605,588.2322,930.4282,1118.3486,1016.0,2466.0,3604.0,3566.0,41.0,90.0,144.0,178.0,234.0,594.0,868.0,888.0,17.3169,43.7842,66.3292,71.3858,255.3605,588.2322,930.4282,1118.3486,1016.0,2466.0,3604.0,3566.0,41.0,90.0,144.0,178.0,234.0,594.0,868.0,888.0,17.3169,43.7842,66.3292,71.3858,9.2416,16.2488,31.2208,38.6536,49.0,87.5,154.0,164.5,2.0,4.0,5.0,4.0,12.0,22.0,22.0,0.5625,1.1475,2.1525,2.4225,9.2416,15.752267,31.078933,50.621067,49.0,85.166667,163.333333,218.166667,2.0,4.0,6.333333,4.0,12.0,23.333333,27.333333,0.5625,1.1525,2.2575,3.0725,3.3489,33.3792,57.7914,75.1764,676.0,1092.0,1924.0,2288.0,12.0,16.0,108.0,216.0,264.0,1.5625,5.625,11.5,14.35,514.0699,1243.2228,2253.6872,3149.1172,2708.0,7116.0,12526.0,15824.0,83.0,192.0,342.0,484.0,534.0,1476.0,2574.0,3324.0,36.1963,98.8184,172.5334,226.7316,0.735,1.89,2.485,1.5,6.0,11.5,-2.0,-3.0,-1.0,-0.03,0.13,0.52,0.898333,1.936667,2.601667,1.833333,4.666667,13.166667,-2.0,-3.666667,-1.0,-0.036667,-0.01,0.653333,-7.26,-9.62,-11.8,114.0,238.0,328.0,18.0,36.0,52.0,3.0,5.8,8.52,0,0,0,0,0,0,0,0,0,0,0,0,0,0,0,1,0,0,0,0,0,0,0,0,0,0,0,0,0,0,0,0,0,0,0,0,0,0,0,0,1,0,0,0,0,0,0,0,0,0,0,0
HIXFOK,6.0,6.0,678.217,1473.849,2570.592,3235.4028,2110.0,4968.0,6492.0,6822.0,115.0,234.0,420.0,546.0,654.0,1638.0,2154.0,2316.0,39.0627,99.099,148.0332,168.5742,678.217,1473.849,2570.592,3235.4028,2110.0,4968.0,6492.0,6822.0,115.0,234.0,420.0,546.0,654.0,1638.0,2154.0,2316.0,39.0627,99.099,148.0332,168.5742,9.2416,15.504,32.756,40.2192,49.0,84.0,119.0,157.5,2.0,4.5,5.0,4.0,13.0,20.0,19.0,0.5625,1.155,1.99875,2.25,9.2416,15.504,32.756,40.2192,49.0,84.0,119.0,157.5,2.0,4.5,5.0,4.0,13.0,20.0,19.0,0.5625,1.155,1.99875,2.25,3.3489,33.3792,55.998,90.3105,676.0,1092.0,1872.0,1716.0,12.0,21.0,108.0,234.0,252.0,1.5625,5.625,11.55,14.2125,681.5659,1540.6074,2959.836,4197.7902,2786.0,7152.0,11706.0,14496.0,116.0,246.0,474.0,690.0,720.0,1932.0,3012.0,3948.0,40.6252,110.349,188.0082,255.9942,0.98,2.905,1.97,2.0,14.5,12.5,-2.5,-1.0,0.5,-0.04,0.71,0.75,0.98,2.905,1.97,2.0,14.5,12.5,-2.5,-1.0,0.5,-0.04,0.71,0.75,-7.26,-8.64,-10.92,114.0,240.0,480.0,18.0,33.0,84.0,3.0,5.76,14.88,0,0,0,0,0,0,0,0,0,0,0,0,0,0,0,0,0,0,0,0,0,0,0,1,0,0,0,0,0,0,0,0,0,0,0,0,0,0,0,0,0,0,0,0,0,0,0,0,0,0,0,0
HIXFUQ,6.0,6.0,726.7645,1580.184,2770.431,3474.7008,2224.0,5256.0,7008.0,7656.0,124.0,252.0,456.0,582.0,708.0,1764.0,2316.0,2550.0,41.6628,106.0752,159.2736,184.1454,726.7645,1580.184,2770.431,3474.7008,2224.0,5256.0,7008.0,7656.0,124.0,252.0,456.0,582.0,708.0,1764.0,2316.0,2550.0,41.6628,106.0752,159.2736,184.1454,9.2416,15.504,33.288,50.2512,49.0,84.0,136.5,168.0,2.0,4.5,6.5,4.0,13.0,23.0,22.0,0.5625,1.155,2.14875,2.66625,9.2416,15.504,33.288,50.2512,49.0,84.0,136.5,168.0,2.0,4.5,6.5,4.0,13.0,23.0,22.0,0.5625,1.155,2.14875,2.66625,3.3489,33.3792,55.998,92.232,676.0,1092.0,1872.0,2106.0,12.0,21.0,108.0,234.0,306.0,1.5625,5.625,11.55,15.7125,730.1134,1646.9424,3159.675,4440.9312,2900.0,7440.0,12222.0,16110.0,125.0,264.0,510.0,726.0,774.0,2058.0,3192.0,4308.0,43.2253,117.3252,199.2486,274.5654,0.98,2.73,3.23,2.0,12.0,21.5,-2.5,-2.5,2.0,-0.04,0.51,1.32,0.98,2.73,3.23,2.0,12.0,21.5,-2.5,-2.5,2.0,-0.04,0.51,1.32,-7.26,-8.64,-11.97,114.0,240.0,465.0,18.0,33.0,75.0,3.0,5.76,13.68,0,0,0,0,0,0,0,0,0,0,0,0,0,0,0,0,0,0,0,0,0,0,0,1,0,0,0,0,0,0,0,0,0,0,0,0,0,0,0,0,0,0,0,0,0,0,0,0,0,0,0,0
HIXFUQ01,6.0,6.0,726.7645,1580.184,2770.431,3474.7008,2224.0,5256.0,7008.0,7656.0,124.0,252.0,456.0,582.0,708.0,1764.0,2316.0,2550.0,41.6628,106.0752,159.2736,184.1454,726.7645,1580.184,2770.431,3474.7008,2224.0,5256.0,7008.0,7656.0,124.0,252.0,456.0,582.0,708.0,1764.0,2316.0,2550.0,41.6628,106.0752,159.2736,184.1454,9.2416,15.504,33.288,50.2512,49.0,84.0,136.5,168.0,2.0,4.5,6.5,4.0,13.0,23.0,22.0,0.5625,1.155,2.14875,2.66625,9.2416,15.504,33.288,50.2512,49.0,84.0,136.5,168.0,2.0,4.5,6.5,4.0,13.0,23.0,22.0,0.5625,1.155,2.14875,2.66625,3.3489,33.3792,55.998,92.232,676.0,1092.0,1872.0,2106.0,12.0,21.0,108.0,234.0,306.0,1.5625,5.625,11.55,15.7125,730.1134,1646.9424,3159.675,4440.9312,2900.0,7440.0,12222.0,16110.0,125.0,264.0,510.0,726.0,774.0,2058.0,3192.0,4308.0,43.2253,117.3252,199.2486,274.5654,0.98,2.73,3.23,2.0,12.0,21.5,-2.5,-2.5,2.0,-0.04,0.51,1.32,0.98,2.73,3.23,2.0,12.0,21.5,-2.5,-2.5,2.0,-0.04,0.51,1.32,-7.26,-8.64,-11.97,114.0,240.0,465.0,18.0,33.0,75.0,3.0,5.76,13.68,0,0,0,0,0,0,0,0,0,0,0,0,0,0,0,0,0,0,0,0,0,0,0,1,0,0,0,0,0,0,0,0,0,0,0,0,0,0,0,0,0,0,0,0,0,0,0,0,0,0,0,0
HMPBFE,3.0,3.0,263.6287,586.3392,1003.6362,1132.7052,881.0,2134.0,3210.0,3270.0,44.0,92.0,162.0,174.0,254.0,620.0,870.0,990.0,16.0028,40.9544,62.8578,69.8754,263.6287,586.3392,1003.6362,1132.7052,881.0,2134.0,3210.0,3270.0,44.0,92.0,162.0,174.0,254.0,620.0,870.0,990.0,16.0028,40.9544,62.8578,69.8754,9.2416,16.9936,29.4576,59.6752,49.0,91.0,161.0,175.0,2.0,4.0,8.0,4.0,12.0,28.0,30.0,0.5625,1.14,2.37,3.09,9.2416,16.9936,29.4576,59.6752,49.0,91.0,161.0,175.0,2.0,4.0,8.0,4.0,12.0,28.0,30.0,0.5625,1.14,2.37,3.09,3.3489,33.3792,61.3782,91.4634,676.0,1092.0,2028.0,3068.0,12.0,20.0,108.0,216.0,408.0,1.5625,5.625,11.4,19.45,530.6063,1239.4368,2407.2768,3246.1548,2438.0,6452.0,11946.0,16960.0,89.0,196.0,378.0,484.0,574.0,1528.0,2610.0,3840.0,33.5681,93.1588,165.3906,233.5508,0.49,2.47,4.69,1.0,5.0,31.0,-2.0,-6.0,1.0,-0.02,-0.16,1.88,0.49,2.47,4.69,1.0,5.0,31.0,-2.0,-6.0,1.0,-0.02,-0.16,1.88,-7.26,-11.58,-13.38,114.0,234.0,402.0,18.0,36.0,52.0,3.0,5.88,9.44,0,0,0,0,0,0,0,0,0,0,0,0,0,0,0,0,0,0,0,0,0,0,0,0,0,0,0,0,0,0,0,0,0,0,0,0,0,0,0,0,0,0,0,0,0,0,0,0,0,0,0,0
HOLSIN,4.0,2.0,318.8664,719.865,1219.302,1519.5036,1086.0,2664.0,3768.0,4038.0,54.0,114.0,196.0,250.0,310.0,780.0,1128.0,1294.0,20.039,51.2666,78.1756,92.3226,121.222467,259.063,416.8916,506.5012,589.333333,1072.0,1405.333333,1346.0,20.0,40.666667,66.666667,83.333333,107.333333,265.333333,377.333333,431.333333,8.143533,18.906067,27.078533,30.7742,9.2416,15.504,31.008,59.2496,49.0,84.0,168.0,203.0,2.0,4.0,8.0,4.0,12.0,26.0,32.0,0.5625,1.155,2.31,3.405,9.2416,12.92,26.002133,13.203733,49.0,70.0,119.0,51.333333,1.666667,3.666667,1.666667,3.666667,13.333333,14.666667,10.0,0.5625,0.9625,1.5425,0.7525,3.3489,33.3792,55.998,93.8058,676.0,1092.0,1872.0,2132.0,12.0,22.0,108.0,240.0,204.0,1.5625,5.625,11.55,14.8,367.0163,843.9474,1639.9188,2488.8816,2444.0,5400.0,9430.0,12544.0,61.0,134.0,254.0,396.0,388.0,1092.0,1990.0,2732.0,25.9931,67.9682,121.2106,180.9176,0.98,1.96,4.83,2.0,4.0,27.0,-2.0,-5.0,0.0,-0.04,-0.08,1.46,0.816667,2.593333,0.723333,1.666667,8.666667,4.333333,-1.666667,4.333333,1.666667,-0.033333,0.693333,0.246667,-7.26,-8.64,-11.0,114.0,240.0,490.0,18.0,32.0,98.0,3.0,5.76,15.66,0,0,0,0,0,0,0,0,0,0,0,0,0,0,0,0,0,0,0,0,0,0,0,0,0,0,0,0,0,0,0,0,0,0,0,0,0,0,0,0,0,0,0,0,0,0,0,0,0,0,0,0
HOLSOT,4.0,2.0,364.2364,816.765,1363.672,1734.6636,1234.0,3000.0,4072.0,4218.0,62.0,130.0,220.0,290.0,350.0,884.0,1272.0,1462.0,22.9582,58.289,87.4292,101.9426,144.3626,307.479,504.626133,604.9732,486.666667,1116.0,1432.0,1434.0,24.666667,50.0,82.666667,100.666667,132.666667,324.0,441.333333,491.333333,9.178467,22.330333,31.680267,35.090867,9.2416,15.504,29.944,43.7456,49.0,84.0,133.0,119.0,2.0,4.0,6.0,4.0,12.0,22.0,20.0,0.5625,1.155,2.01,2.25,9.2416,12.92,25.2624,31.747733,49.0,70.0,79.333333,93.333333,1.666667,3.666667,4.333333,3.666667,13.333333,18.666667,18.0,0.5625,0.9625,1.5575,1.6925,3.3489,33.3792,55.998,91.8294,676.0,1092.0,1872.0,1560.0,12.0,22.0,108.0,240.0,240.0,1.5625,5.625,11.55,14.375,436.4367,989.1954,1903.1224,2780.3448,2136.0,5532.0,9510.0,11664.0,75.0,162.0,302.0,448.0,464.0,1268.0,2194.0,2996.0,29.0979,78.241,135.0158,193.0176,0.98,2.31,3.85,2.0,9.0,25.0,-2.0,-3.0,2.0,-0.04,0.32,1.5,0.816667,2.836667,2.73,1.666667,14.333333,17.0,-1.666667,1.666667,1.666667,-0.033333,0.673333,0.993333,-7.26,-8.64,-9.92,114.0,240.0,512.0,18.0,32.0,92.0,3.0,5.76,16.0,0,0,0,0,0,0,0,0,0,0,0,0,0,0,0,0,0,0,0,0,0,0,0,0,0,0,0,0,0,0,0,0,0,0,0,0,0,0,0,0,0,0,0,0,0,0,0,0,0,0,0,0
HOLSUZ,4.0,2.0,364.2364,816.765,1363.672,1734.6636,1234.0,3000.0,4072.0,4218.0,62.0,130.0,220.0,290.0,350.0,884.0,1272.0,1462.0,22.9582,58.289,87.4292,101.9426,136.3458,291.363,465.014933,578.2212,638.666667,1184.0,1506.666667,1406.0,22.666667,46.0,74.666667,96.666667,120.666667,300.0,425.333333,487.333333,9.1166,21.246867,30.163067,33.980867,9.2416,15.504,29.944,43.7456,49.0,84.0,133.0,119.0,2.0,4.0,6.0,4.0,12.0,22.0,20.0,0.5625,1.155,2.01,2.25,9.2416,12.92,26.3568,18.371733,49.0,70.0,130.666667,79.333333,1.666667,3.666667,2.333333,3.666667,13.333333,16.666667,16.0,0.5625,0.9625,1.6425,1.1375,3.3489,33.3792,55.998,93.8058,676.0,1092.0,1872.0,2132.0,12.0,22.0,108.0,240.0,204.0,1.5625,5.625,11.55,14.8,412.3863,940.8474,1784.2888,2704.0416,2592.0,5736.0,9734.0,12724.0,69.0,150.0,278.0,436.0,428.0,1196.0,2134.0,2900.0,28.9123,74.9906,130.4642,190.5376,0.98,2.31,3.85,2.0,9.0,25.0,-2.0,-3.0,2.0,-0.04,0.32,1.5,0.816667,2.476667,1.05,1.666667,7.0,5.0,-1.666667,3.666667,1.666667,-0.033333,0.56,0.233333,-7.26,-8.64,-11.0,114.0,240.0,490.0,18.0,32.0,98.0,3.0,5.76,15.66,0,0,0,0,0,0,0,0,0,0,0,0,0,0,0,0,0,0,0,0,0,0,0,0,0,0,0,0,0,0,0,0,0,0,0,0,0,0,0,0,0,0,0,0,0,0,0,0,0,0,0,0
HOLTAG,4.0,2.0,318.8664,719.865,1219.302,1519.5036,1086.0,2664.0,3768.0,4038.0,54.0,114.0,196.0,250.0,310.0,780.0,1128.0,1294.0,20.039,51.2666,78.1756,92.3226,121.119867,258.961,416.77,506.5012,1189.333333,1216.0,1573.333333,1346.0,20.0,40.666667,66.666667,83.333333,107.333333,265.333333,377.333333,431.333333,8.347,19.0498,27.218533,30.7742,9.2416,15.504,31.008,59.2496,49.0,84.0,168.0,203.0,2.0,4.0,8.0,4.0,12.0,26.0,32.0,0.5625,1.155,2.31,3.405,9.2416,12.92,25.941333,13.203733,49.0,70.0,203.0,51.333333,1.666667,3.666667,1.666667,3.666667,13.333333,14.666667,10.0,0.5625,0.9625,1.6125,0.7525,3.3489,33.3792,55.998,93.696,676.0,1092.0,1872.0,3068.0,12.0,22.0,108.0,240.0,204.0,1.5625,5.625,11.55,15.15,366.7085,843.6414,1639.554,2488.662,4244.0,5832.0,9934.0,14416.0,61.0,134.0,254.0,396.0,388.0,1092.0,1990.0,2732.0,26.6035,68.3994,121.6306,181.6176,0.98,1.96,4.83,2.0,4.0,27.0,-2.0,-5.0,0.0,-0.04,-0.08,1.46,0.816667,2.613333,0.723333,1.666667,-3.333333,4.333333,-1.666667,4.333333,1.666667,-0.033333,0.6,0.246667,-7.26,-8.64,-10.94,114.0,240.0,454.0,18.0,32.0,98.0,3.0,5.76,15.38,0,0,0,0,0,0,0,0,0,0,0,0,0,0,0,0,0,0,0,0,0,0,0,0,0,0,0,0,0,0,0,0,0,0,0,0,0,0,0,0,0,0,0,0,0,0,0,0,0,0,0,0
HOLTEK,4.0,2.0,364.2364,816.765,1363.672,1734.6636,1234.0,3000.0,4072.0,4218.0,62.0,130.0,220.0,290.0,350.0,884.0,1272.0,1462.0,22.9582,58.289,87.4292,101.9426,144.3626,307.479,504.626133,604.9732,486.666667,1116.0,1432.0,1434.0,24.666667,50.0,82.666667,100.666667,132.666667,324.0,441.333333,491.333333,9.178467,22.330333,31.680267,35.090867,9.2416,15.504,29.944,43.7456,49.0,84.0,133.0,119.0,2.0,4.0,6.0,4.0,12.0,22.0,20.0,0.5625,1.155,2.01,2.25,9.2416,12.92,25.2624,31.747733,49.0,70.0,79.333333,93.333333,1.666667,3.666667,4.333333,3.666667,13.333333,18.666667,18.0,0.5625,0.9625,1.5575,1.6925,3.3489,33.3792,55.998,91.8294,676.0,1092.0,1872.0,1560.0,12.0,22.0,108.0,240.0,240.0,1.5625,5.625,11.55,14.375,436.4367,989.1954,1903.1224,2780.3448,2136.0,5532.0,9510.0,11664.0,75.0,162.0,302.0,448.0,464.0,1268.0,2194.0,2996.0,29.0979,78.241,135.0158,193.0176,0.98,2.31,3.85,2.0,9.0,25.0,-2.0,-3.0,2.0,-0.04,0.32,1.5,0.816667,2.836667,2.73,1.666667,14.333333,17.0,-1.666667,1.666667,1.666667,-0.033333,0.673333,0.993333,-7.26,-8.64,-9.92,114.0,240.0,512.0,18.0,32.0,92.0,3.0,5.76,16.0,0,0,0,0,0,0,0,0,0,0,0,0,0,0,0,0,0,0,0,0,0,0,0,0,0,0,0,0,0,0,0,0,0,0,0,0,0,0,0,0,0,0,0,0,0,0,0,0,0,0,0,0
HOLTOU,4.0,2.0,364.2364,816.765,1363.672,1734.6636,1234.0,3000.0,4072.0,4218.0,62.0,130.0,220.0,290.0,350.0,884.0,1272.0,1462.0,22.9582,58.289,87.4292,101.9426,136.2432,291.261,464.893333,578.2212,1238.666667,1328.0,1674.666667,1406.0,22.666667,46.0,74.666667,96.666667,120.666667,300.0,425.333333,487.333333,9.320067,21.3906,30.303067,33.980867,9.2416,15.504,29.944,43.7456,49.0,84.0,133.0,119.0,2.0,4.0,6.0,4.0,12.0,22.0,20.0,0.5625,1.155,2.01,2.25,9.2416,12.92,26.296,18.371733,49.0,70.0,214.666667,79.333333,1.666667,3.666667,2.333333,3.666667,13.333333,16.666667,16.0,0.5625,0.9625,1.7125,1.1375,3.3489,33.3792,55.998,93.696,676.0,1092.0,1872.0,3068.0,12.0,22.0,108.0,240.0,204.0,1.5625,5.625,11.55,15.15,412.0785,940.5414,1783.924,2703.822,4392.0,6168.0,10238.0,14596.0,69.0,150.0,278.0,436.0,428.0,1196.0,2134.0,2900.0,29.5227,75.4218,130.8842,191.2376,0.98,2.31,3.85,2.0,9.0,25.0,-2.0,-3.0,2.0,-0.04,0.32,1.5,0.816667,2.496667,1.05,1.666667,-5.0,5.0,-1.666667,3.666667,1.666667,-0.033333,0.466667,0.233333,-7.26,-8.64,-10.94,114.0,240.0,454.0,18.0,32.0,98.0,3.0,5.76,15.38,0,0,0,0,0,0,0,0,0,0,0,0,0,0,0,0,0,0,0,0,0,0,0,0,0,0,0,0,0,0,0,0,0,0,0,0,0,0,0,0,0,0,0,0,0,0,0,0,0,0,0,0
HOLTUA,4.0,2.0,364.2364,816.765,1363.672,1734.6636,1234.0,3000.0,4072.0,4218.0,62.0,130.0,220.0,290.0,350.0,884.0,1272.0,1462.0,22.9582,58.289,87.4292,101.9426,136.3458,291.363,465.014933,578.2212,638.666667,1184.0,1506.666667,1406.0,22.666667,46.0,74.666667,96.666667,120.666667,300.0,425.333333,487.333333,9.1166,21.246867,30.163067,33.980867,9.2416,15.504,29.944,43.7456,49.0,84.0,133.0,119.0,2.0,4.0,6.0,4.0,12.0,22.0,20.0,0.5625,1.155,2.01,2.25,9.2416,12.92,26.3568,18.371733,49.0,70.0,130.666667,79.333333,1.666667,3.666667,2.333333,3.666667,13.333333,16.666667,16.0,0.5625,0.9625,1.6425,1.1375,3.3489,33.3792,55.998,93.8058,676.0,1092.0,1872.0,2132.0,12.0,22.0,108.0,240.0,204.0,1.5625,5.625,11.55,14.8,412.3863,940.8474,1784.2888,2704.0416,2592.0,5736.0,9734.0,12724.0,69.0,150.0,278.0,436.0,428.0,1196.0,2134.0,2900.0,28.9123,74.9906,130.4642,190.5376,0.98,2.31,3.85,2.0,9.0,25.0,-2.0,-3.0,2.0,-0.04,0.32,1.5,0.816667,2.476667,1.05,1.666667,7.0,5.0,-1.666667,3.666667,1.666667,-0.033333,0.56,0.233333,-7.26,-8.64,-11.0,114.0,240.0,490.0,18.0,32.0,98.0,3.0,5.76,15.66,0,0,0,0,0,0,0,0,0,0,0,0,0,0,0,0,0,0,0,0,0,0,0,0,0,0,0,0,0,0,0,0,0,0,0,0,0,0,0,0,0,0,0,0,0,0,0,0,0,0,0,0
HOMXIT,3.0,3.0,161.2955,365.3324,557.69,597.7124,650.0,1532.0,2120.0,1796.0,25.0,54.0,84.0,94.0,138.0,342.0,476.0,424.0,10.5665,26.1366,38.2252,36.253,161.2955,365.3324,557.69,597.7124,650.0,1532.0,2120.0,1796.0,25.0,54.0,84.0,94.0,138.0,342.0,476.0,424.0,10.5665,26.1366,38.2252,36.253,9.2416,16.9936,29.944,30.3696,49.0,91.0,133.0,105.0,2.0,4.0,4.0,4.0,12.0,20.0,14.0,0.5625,1.14,2.01,1.695,9.2416,16.000533,30.653333,46.866667,49.0,86.333333,156.333333,193.666667,2.0,4.0,6.0,4.0,12.0,22.666667,24.666667,0.5625,1.15,2.21,2.84,3.3489,33.3792,59.5848,72.102,676.0,1092.0,1976.0,1976.0,12.0,16.0,108.0,216.0,240.0,1.5625,5.625,11.45,13.4,325.9399,797.4232,1511.7976,2131.488,1976.0,5248.0,9662.0,11800.0,51.0,120.0,222.0,316.0,342.0,972.0,1782.0,2316.0,22.6955,63.5232,116.2254,154.266,0.49,2.31,2.17,1.0,9.0,13.0,-2.0,-2.0,1.0,-0.02,0.32,0.74,0.816667,2.076667,2.823333,1.666667,5.666667,14.333333,-2.0,-3.333333,-0.333333,-0.033333,0.053333,0.713333,-7.26,-10.6,-10.12,114.0,236.0,340.0,18.0,36.0,56.0,3.0,5.84,9.28,0,0,0,1,0,0,0,0,0,0,0,0,0,0,0,0,0,0,0,0,0,0,0,0,0,0,0,0,0,0,0,0,0,0,0,0,0,0,0,0,0,0,0,0,0,0,0,0,0,0,0,0
HOMXIT01,3.0,3.0,161.2955,365.3324,557.69,597.7124,650.0,1532.0,2120.0,1796.0,25.0,54.0,84.0,94.0,138.0,342.0,476.0,424.0,10.5665,26.1366,38.2252,36.253,161.2955,365.3324,557.69,597.7124,650.0,1532.0,2120.0,1796.0,25.0,54.0,84.0,94.0,138.0,342.0,476.0,424.0,10.5665,26.1366,38.2252,36.253,9.2416,16.9936,29.944,30.3696,49.0,91.0,133.0,105.0,2.0,4.0,4.0,4.0,12.0,20.0,14.0,0.5625,1.14,2.01,1.695,9.2416,16.000533,30.653333,46.866667,49.0,86.333333,156.333333,193.666667,2.0,4.0,6.0,4.0,12.0,22.666667,24.666667,0.5625,1.15,2.21,2.84,3.3489,33.3792,59.5848,72.102,676.0,1092.0,1976.0,1976.0,12.0,16.0,108.0,216.0,240.0,1.5625,5.625,11.45,13.4,325.9399,797.4232,1511.7976,2131.488,1976.0,5248.0,9662.0,11800.0,51.0,120.0,222.0,316.0,342.0,972.0,1782.0,2316.0,22.6955,63.5232,116.2254,154.266,0.49,2.31,2.17,1.0,9.0,13.0,-2.0,-2.0,1.0,-0.02,0.32,0.74,0.816667,2.076667,2.823333,1.666667,5.666667,14.333333,-2.0,-3.333333,-0.333333,-0.033333,0.053333,0.713333,-7.26,-10.6,-10.12,114.0,236.0,340.0,18.0,36.0,56.0,3.0,5.84,9.28,0,0,0,1,0,0,0,0,0,0,0,0,0,0,0,0,0,0,0,0,0,0,0,0,0,0,0,0,0,0,0,0,0,0,0,0,0,0,0,0,0,0,0,0,0,0,0,0,0,0,0,0
HOMXIT02,3.0,3.0,161.2955,365.3324,557.69,597.7124,650.0,1532.0,2120.0,1796.0,25.0,54.0,84.0,94.0,138.0,342.0,476.0,424.0,10.5665,26.1366,38.2252,36.253,161.2955,365.3324,557.69,597.7124,650.0,1532.0,2120.0,1796.0,25.0,54.0,84.0,94.0,138.0,342.0,476.0,424.0,10.5665,26.1366,38.2252,36.253,9.2416,16.9936,29.944,30.3696,49.0,91.0,133.0,105.0,2.0,4.0,4.0,4.0,12.0,20.0,14.0,0.5625,1.14,2.01,1.695,9.2416,16.000533,30.653333,46.866667,49.0,86.333333,156.333333,193.666667,2.0,4.0,6.0,4.0,12.0,22.666667,24.666667,0.5625,1.15,2.21,2.84,3.3489,33.3792,59.5848,72.102,676.0,1092.0,1976.0,1976.0,12.0,16.0,108.0,216.0,240.0,1.5625,5.625,11.45,13.4,325.9399,797.4232,1511.7976,2131.488,1976.0,5248.0,9662.0,11800.0,51.0,120.0,222.0,316.0,342.0,972.0,1782.0,2316.0,22.6955,63.5232,116.2254,154.266,0.49,2.31,2.17,1.0,9.0,13.0,-2.0,-2.0,1.0,-0.02,0.32,0.74,0.816667,2.076667,2.823333,1.666667,5.666667,14.333333,-2.0,-3.333333,-0.333333,-0.033333,0.053333,0.713333,-7.26,-10.6,-10.12,114.0,236.0,340.0,18.0,36.0,56.0,3.0,5.84,9.28,0,0,0,1,0,0,0,0,0,0,0,0,0,0,0,0,0,0,0,0,0,0,0,0,0,0,0,0,0,0,0,0,0,0,0,0,0,0,0,0,0,0,0,0,0,0,0,0,0,0,0,0
HOQFID,3.0,3.0,279.8112,621.4272,1068.5082,1324.7172,919.0,2220.0,3426.0,3918.0,47.0,98.0,174.0,210.0,272.0,686.0,1026.0,1224.0,16.8695,43.3438,68.4942,83.1366,279.8112,621.4272,1068.5082,1324.7172,919.0,2220.0,3426.0,3918.0,47.0,98.0,174.0,210.0,272.0,686.0,1026.0,1224.0,16.8695,43.3438,68.4942,83.1366,9.2416,16.9936,29.4576,59.6752,49.0,91.0,161.0,175.0,2.0,4.0,8.0,4.0,12.0,28.0,30.0,0.5625,1.14,2.37,3.09,9.2416,16.9936,29.4576,59.6752,49.0,91.0,161.0,175.0,2.0,4.0,8.0,4.0,12.0,28.0,30.0,0.5625,1.14,2.37,3.09,3.3489,33.3792,61.3782,91.4634,676.0,1092.0,2028.0,3068.0,12.0,20.0,108.0,216.0,408.0,1.5625,5.625,11.4,19.45,562.9713,1309.6128,2537.0208,3630.1788,2514.0,6624.0,12378.0,18256.0,95.0,208.0,402.0,556.0,610.0,1660.0,2922.0,4308.0,35.3015,97.9376,176.6634,260.0732,0.49,2.47,4.69,1.0,5.0,31.0,-2.0,-6.0,1.0,-0.02,-0.16,1.88,0.49,2.47,4.69,1.0,5.0,31.0,-2.0,-6.0,1.0,-0.02,-0.16,1.88,-7.26,-11.58,-13.38,114.0,234.0,402.0,18.0,36.0,52.0,3.0,5.88,9.44,0,0,0,0,0,0,0,0,0,0,0,0,0,0,0,0,0,0,0,0,0,0,0,0,0,0,0,0,0,0,0,0,0,0,0,0,0,0,0,0,0,0,0,0,0,0,0,0,0,0,0,0
HPZBFE,3.0,3.0,166.5337,373.6692,603.9582,652.9752,653.0,1558.0,2178.0,1812.0,26.0,56.0,90.0,102.0,146.0,368.0,528.0,486.0,10.8026,27.002,40.377,38.517,166.5337,373.6692,603.9582,652.9752,653.0,1558.0,2178.0,1812.0,26.0,56.0,90.0,102.0,146.0,368.0,528.0,486.0,10.8026,27.002,40.377,38.517,9.2416,16.9936,28.3936,38.5472,49.0,91.0,126.0,119.0,2.0,4.0,5.0,4.0,12.0,22.0,18.0,0.5625,1.14,2.07,1.9575,9.2416,16.9936,28.3936,38.5472,49.0,91.0,126.0,119.0,2.0,4.0,5.0,4.0,12.0,22.0,18.0,0.5625,1.14,2.07,1.9575,3.3489,33.3792,61.3782,87.6204,676.0,1092.0,2028.0,2288.0,12.0,20.0,108.0,216.0,300.0,1.5625,5.625,11.4,16.45,336.4163,814.0968,1607.9208,2279.0088,1982.0,5300.0,9882.0,12484.0,53.0,124.0,234.0,340.0,358.0,1024.0,1890.0,2544.0,23.1677,65.254,120.429,164.834,0.49,2.82,2.52,1.0,10.0,18.0,-2.0,-3.0,1.0,-0.02,0.24,1.14,0.49,2.82,2.52,1.0,10.0,18.0,-2.0,-3.0,1.0,-0.02,0.24,1.14,-7.26,-11.58,-11.28,114.0,234.0,432.0,18.0,36.0,70.0,3.0,5.88,11.84,0,0,0,0,0,0,0,0,0,0,0,0,0,0,0,0,0,0,0,0,0,0,0,0,0,0,0,0,0,0,0,0,0,0,0,0,0,0,0,0,0,0,0,0,0,0,0,0,0,0,0,0
IBIWUM,2.0,2.0,96.2182,205.609,309.949,346.1952,322.0,712.0,874.0,756.0,16.0,32.0,50.0,58.0,82.0,196.0,244.0,224.0,5.7776,13.9228,19.0294,18.5826,96.2182,205.609,309.949,346.1952,322.0,712.0,874.0,756.0,16.0,32.0,50.0,58.0,82.0,196.0,244.0,224.0,5.7776,13.9228,19.0294,18.5826,9.2416,18.316,25.536,30.3696,49.0,70.0,94.5,105.0,2.5,3.5,4.0,6.5,15.0,18.5,17.5,0.5625,1.14375,1.57125,1.695,9.2416,18.316,25.536,30.3696,49.0,70.0,94.5,105.0,2.5,3.5,4.0,6.5,15.0,18.5,17.5,0.5625,1.14375,1.57125,1.695,3.3489,33.3792,66.1545,64.233,676.0,1092.0,1560.0,1170.0,15.0,15.0,126.0,216.0,162.0,1.5625,5.625,11.4375,9.9375,292.0035,683.5854,1339.404,2117.538,1642.0,4320.0,7212.0,8010.0,49.0,108.0,210.0,336.0,318.0,912.0,1626.0,2136.0,18.8953,53.0184,96.8382,133.9428,1.575,2.24,2.17,7.5,11.0,13.0,0.5,0.5,1.5,0.35,0.53,0.74,1.575,2.24,2.17,7.5,11.0,13.0,0.5,0.5,1.5,0.35,0.53,0.74,-7.26,-8.7,-7.65,114.0,330.0,345.0,15.0,54.0,63.0,3.0,9.6,10.8,0,0,0,0,0,0,0,0,0,0,0,0,0,0,0,0,0,0,0,1,0,0,0,0,0,0,0,0,0,0,0,0,0,0,0,0,0,0,0,0,0,1,0,0,0,0,0,0,0,0,0,0
IBIXAT10,2.0,2.0,96.2182,205.609,309.949,346.1952,322.0,712.0,874.0,756.0,16.0,32.0,50.0,58.0,82.0,196.0,244.0,224.0,5.7776,13.9228,19.0294,18.5826,96.2182,205.609,309.949,346.1952,322.0,712.0,874.0,756.0,16.0,32.0,50.0,58.0,82.0,196.0,244.0,224.0,5.7776,13.9228,19.0294,18.5826,9.2416,15.504,29.944,43.7456,49.0,84.0,133.0,119.0,2.0,4.0,6.0,4.0,12.0,22.0,20.0,0.5625,1.155,2.01,2.25,9.2416,20.190667,22.597333,21.452267,49.0,60.666667,68.833333,95.666667,2.833333,3.166667,2.666667,8.166667,17.0,16.166667,15.833333,0.5625,1.13625,1.27875,1.325,3.3489,33.3792,66.1545,64.233,676.0,1092.0,1560.0,1170.0,15.0,15.0,126.0,216.0,162.0,1.5625,5.625,11.4375,9.9375,292.0035,683.5854,1339.404,2117.538,1642.0,4320.0,7212.0,8010.0,49.0,108.0,210.0,336.0,318.0,912.0,1626.0,2136.0,18.8953,53.0184,96.8382,133.9428,0.98,2.31,3.85,2.0,9.0,25.0,-2.0,-3.0,2.0,-0.04,0.32,1.5,1.971667,2.193333,1.05,11.166667,12.333333,5.0,2.166667,2.833333,1.166667,0.61,0.67,0.233333,-7.26,-8.7,-7.65,114.0,330.0,345.0,15.0,54.0,63.0,3.0,9.6,10.8,0,0,0,0,0,0,0,0,0,0,0,0,0,0,0,0,0,0,0,1,0,0,0,0,0,0,0,0,0,0,0,0,0,0,0,0,0,0,1,0,0,0,0,0,0,0,0,0,0,0,0,0
IBIXAT14,2.0,2.0,96.2182,205.609,309.949,346.1952,322.0,712.0,874.0,756.0,16.0,32.0,50.0,58.0,82.0,196.0,244.0,224.0,5.7776,13.9228,19.0294,18.5826,96.2182,205.609,309.949,346.1952,322.0,712.0,874.0,756.0,16.0,32.0,50.0,58.0,82.0,196.0,244.0,224.0,5.7776,13.9228,19.0294,18.5826,9.2416,15.504,29.944,43.7456,49.0,84.0,133.0,119.0,2.0,4.0,6.0,4.0,12.0,22.0,20.0,0.5625,1.155,2.01,2.25,9.2416,20.190667,22.597333,21.452267,49.0,60.666667,68.833333,95.666667,2.833333,3.166667,2.666667,8.166667,17.0,16.166667,15.833333,0.5625,1.13625,1.27875,1.325,3.3489,33.3792,66.1545,64.233,676.0,1092.0,1560.0,1170.0,15.0,15.0,126.0,216.0,162.0,1.5625,5.625,11.4375,9.9375,292.0035,683.5854,1339.404,2117.538,1642.0,4320.0,7212.0,8010.0,49.0,108.0,210.0,336.0,318.0,912.0,1626.0,2136.0,18.8953,53.0184,96.8382,133.9428,0.98,2.31,3.85,2.0,9.0,25.0,-2.0,-3.0,2.0,-0.04,0.32,1.5,1.971667,2.193333,1.05,11.166667,12.333333,5.0,2.166667,2.833333,1.166667,0.61,0.67,0.233333,-7.26,-8.7,-7.65,114.0,330.0,345.0,15.0,54.0,63.0,3.0,9.6,10.8,0,0,0,0,0,0,0,0,0,0,0,0,0,0,0,0,0,0,0,1,0,0,0,0,0,0,0,0,0,0,0,0,0,0,0,0,0,0,1,0,0,0,0,0,0,0,0,0,0,0,0,0
IBIXEX,2.0,2.0,96.2182,205.609,309.949,346.1952,322.0,712.0,874.0,756.0,16.0,32.0,50.0,58.0,82.0,196.0,244.0,224.0,5.7776,13.9228,19.0294,18.5826,96.2182,205.609,309.949,346.1952,322.0,712.0,874.0,756.0,16.0,32.0,50.0,58.0,82.0,196.0,244.0,224.0,5.7776,13.9228,19.0294,18.5826,9.2416,18.316,25.536,30.3696,49.0,70.0,94.5,105.0,2.5,3.5,4.0,6.5,15.0,18.5,17.5,0.5625,1.14375,1.57125,1.695,9.2416,18.316,25.536,30.3696,49.0,70.0,94.5,105.0,2.5,3.5,4.0,6.5,15.0,18.5,17.5,0.5625,1.14375,1.57125,1.695,3.3489,33.3792,66.1545,64.233,676.0,1092.0,1560.0,1170.0,15.0,15.0,126.0,216.0,162.0,1.5625,5.625,11.4375,9.9375,292.0035,683.5854,1339.404,2117.538,1642.0,4320.0,7212.0,8010.0,49.0,108.0,210.0,336.0,318.0,912.0,1626.0,2136.0,18.8953,53.0184,96.8382,133.9428,1.575,2.24,2.17,7.5,11.0,13.0,0.5,0.5,1.5,0.35,0.53,0.74,1.575,2.24,2.17,7.5,11.0,13.0,0.5,0.5,1.5,0.35,0.53,0.74,-7.26,-8.7,-7.65,114.0,330.0,345.0,15.0,54.0,63.0,3.0,9.6,10.8,0,0,0,0,0,0,0,0,0,0,0,0,0,0,0,0,0,0,0,1,0,0,0,0,0,0,0,0,0,0,0,0,0,0,1,0,0,0,0,0,0,0,0,0,0,0,0,0,0,0,0,0
IBIXIB,2.0,2.0,96.2182,205.609,309.949,346.1952,322.0,712.0,874.0,756.0,16.0,32.0,50.0,58.0,82.0,196.0,244.0,224.0,5.7776,13.9228,19.0294,18.5826,96.2182,205.609,309.949,346.1952,322.0,712.0,874.0,756.0,16.0,32.0,50.0,58.0,82.0,196.0,244.0,224.0,5.7776,13.9228,19.0294,18.5826,9.2416,16.91,27.74,37.0576,49.0,77.0,113.75,112.0,2.25,3.75,5.0,5.25,13.5,20.25,18.75,0.5625,1.149375,1.790625,1.9725,9.2416,19.253333,24.066667,25.910933,49.0,65.333333,81.666667,100.333333,2.666667,3.333333,3.333333,7.333333,16.0,17.333333,16.666667,0.5625,1.14,1.425,1.51,3.3489,33.3792,66.1545,64.233,676.0,1092.0,1560.0,1170.0,15.0,15.0,126.0,216.0,162.0,1.5625,5.625,11.4375,9.9375,292.0035,683.5854,1339.404,2117.538,1642.0,4320.0,7212.0,8010.0,49.0,108.0,210.0,336.0,318.0,912.0,1626.0,2136.0,18.8953,53.0184,96.8382,133.9428,1.2775,2.275,3.01,4.75,10.0,19.0,-0.75,-1.25,1.75,0.155,0.425,1.12,1.773333,2.216667,1.61,9.333333,11.666667,9.0,1.333333,1.666667,1.333333,0.48,0.6,0.486667,-7.26,-8.7,-7.65,114.0,330.0,345.0,15.0,54.0,63.0,3.0,9.6,10.8,0,0,0,0,0,0,0,0,0,0,0,0,0,0,0,0,0,0,0,1,0,0,0,0,0,0,0,0,0,0,0,0,0,0,0,0,0,1,0,0,0,0,0,0,0,0,0,0,0,0,0,0
IGEDUU,3.0,3.0,165.7667,370.7104,578.0304,630.6176,6266.0,2800.0,4668.0,5156.0,25.0,54.0,84.0,94.0,138.0,342.0,476.0,424.0,14.2127,29.277,44.4484,45.361,165.7667,370.7104,578.0304,630.6176,6266.0,2800.0,4668.0,5156.0,25.0,54.0,84.0,94.0,138.0,342.0,476.0,424.0,14.2127,29.277,44.4484,45.361,9.2416,16.9936,29.944,31.768,49.0,91.0,133.0,469.0,2.0,4.0,4.0,4.0,12.0,20.0,14.0,0.5625,1.14,2.01,2.4675,9.2416,16.000533,32.639467,47.3328,49.0,86.333333,165.666667,315.0,2.0,4.0,6.0,4.0,12.0,22.666667,24.666667,0.5625,1.15,2.19,3.0975,3.3489,33.3792,59.5848,72.102,676.0,1092.0,1976.0,1976.0,12.0,16.0,108.0,216.0,240.0,1.5625,5.625,11.45,13.4,334.8823,808.1792,1552.4784,2185.3816,13208.0,7784.0,14758.0,18464.0,51.0,120.0,222.0,316.0,342.0,972.0,1782.0,2316.0,29.9879,69.804,128.6718,172.602,0.49,2.31,1.71,1.0,9.0,-39.0,-2.0,-2.0,1.0,-0.02,0.32,-0.29,0.816667,1.423333,2.67,1.666667,4.333333,-3.0,-2.0,-3.333333,-0.333333,-0.033333,0.08,0.37,-7.26,-10.6,-10.12,114.0,236.0,340.0,18.0,36.0,56.0,3.0,5.84,9.28,0,0,0,0,0,0,0,0,0,0,0,0,0,0,0,1,0,0,0,0,0,0,0,0,0,0,0,0,0,0,0,0,0,0,0,0,1,0,0,0,0,0,0,0,0,0,0,0,0,0,0,0
ILACON,3.0,3.0,161.2955,365.3324,557.69,597.7124,650.0,1532.0,2120.0,1796.0,25.0,54.0,84.0,94.0,138.0,342.0,476.0,424.0,10.5665,26.1366,38.2252,36.253,161.2955,365.3324,557.69,597.7124,650.0,1532.0,2120.0,1796.0,25.0,54.0,84.0,94.0,138.0,342.0,476.0,424.0,10.5665,26.1366,38.2252,36.253,9.2416,16.9936,29.944,30.3696,49.0,91.0,133.0,105.0,2.0,4.0,4.0,4.0,12.0,20.0,14.0,0.5625,1.14,2.01,1.695,9.2416,16.000533,30.653333,46.866667,49.0,86.333333,156.333333,193.666667,2.0,4.0,6.0,4.0,12.0,22.666667,24.666667,0.5625,1.15,2.21,2.84,3.3489,33.3792,59.5848,72.102,676.0,1092.0,1976.0,1976.0,12.0,16.0,108.0,216.0,240.0,1.5625,5.625,11.45,13.4,325.9399,797.4232,1511.7976,2131.488,1976.0,5248.0,9662.0,11800.0,51.0,120.0,222.0,316.0,342.0,972.0,1782.0,2316.0,22.6955,63.5232,116.2254,154.266,0.49,2.31,2.17,1.0,9.0,13.0,-2.0,-2.0,1.0,-0.02,0.32,0.74,0.816667,2.076667,2.823333,1.666667,5.666667,14.333333,-2.0,-3.333333,-0.333333,-0.033333,0.053333,0.713333,-7.26,-10.6,-10.12,114.0,236.0,340.0,18.0,36.0,56.0,3.0,5.84,9.28,0,0,0,0,0,0,0,0,1,0,0,0,0,0,0,0,0,0,0,0,0,0,0,1,0,0,0,0,0,0,0,0,0,0,0,0,0,0,0,0,0,0,0,0,0,0,0,0,0,1,0,0
ILAWUP,3.0,3.0,232.6755,539.302,862.8604,1034.1928,942.0,2296.0,3436.0,3388.0,37.0,82.0,132.0,162.0,214.0,546.0,804.0,812.0,15.8573,40.2722,61.6324,65.8158,267.1941,609.6922,954.2962,1165.2166,1080.0,2566.0,3784.0,3856.0,42.0,92.0,146.0,182.0,238.0,604.0,886.0,920.0,17.8498,44.8788,68.0078,74.455,9.2416,15.504,32.4976,45.8736,49.0,84.0,175.0,189.0,2.0,4.0,6.0,4.0,12.0,24.0,26.0,0.5625,1.155,2.295,2.85,9.2416,16.000533,30.653333,48.710933,49.0,86.333333,156.333333,212.333333,2.0,4.0,6.0,4.0,12.0,22.666667,26.0,0.5625,1.15,2.21,2.925,3.3489,33.3792,57.7914,75.1764,676.0,1092.0,1924.0,2288.0,12.0,16.0,108.0,216.0,264.0,1.5625,5.625,11.5,14.35,537.7371,1286.1428,2301.4232,3242.8532,2836.0,7316.0,12886.0,16404.0,85.0,196.0,346.0,492.0,542.0,1496.0,2610.0,3388.0,37.2621,101.0076,175.8906,232.87,0.98,1.47,3.15,2.0,3.0,15.0,-2.0,-4.0,-1.0,-0.04,-0.06,0.7,0.816667,2.076667,2.216667,1.666667,5.666667,11.666667,-2.0,-3.333333,-1.0,-0.033333,0.053333,0.6,-7.26,-9.62,-11.8,114.0,238.0,328.0,18.0,36.0,52.0,3.0,5.8,8.52,0,0,0,0,0,0,0,0,0,0,0,0,0,0,0,0,0,0,0,0,0,0,0,1,0,0,0,0,0,0,0,0,0,0,0,0,1,0,0,0,0,0,0,0,0,0,0,0,0,0,0,0
IMAHIO,2.0,2.0,156.7464,350.449,628.5164,765.7388,498.0,1204.0,1664.0,1580.0,26.0,54.0,100.0,128.0,154.0,394.0,532.0,502.0,8.9098,23.1166,36.0836,38.6568,150.6345,335.054667,576.8506,692.1946,500.0,1194.666667,1640.0,1562.0,25.0,52.0,92.0,114.666667,144.0,362.666667,487.333333,468.666667,8.945167,22.803067,34.5964,36.8244,9.2416,15.504,38.1216,46.2992,49.0,84.0,147.0,161.0,2.0,5.0,6.0,4.0,14.0,24.0,24.0,0.5625,1.155,2.2725,2.535,9.2416,15.504,35.573067,46.917333,49.0,84.0,148.166667,159.833333,2.0,4.666667,6.166667,4.0,13.333333,23.666667,23.666667,0.5625,1.155,2.235,2.58625,3.3489,33.3792,55.998,100.4853,676.0,1092.0,1872.0,2366.0,12.0,22.0,108.0,240.0,318.0,1.5625,5.625,11.55,16.575,455.2524,1071.9224,2119.7958,3059.3208,2176.0,5768.0,10134.0,13660.0,76.0,168.0,330.0,490.0,498.0,1384.0,2354.0,3228.0,28.398,79.6592,143.7642,202.6182,0.98,2.66,3.01,2.0,14.0,19.0,-3.0,-2.0,0.0,-0.04,0.72,1.12,0.98,2.485,3.313333,2.0,11.5,20.333333,-2.666667,-2.5,0.5,-0.04,0.52,1.176667,-7.26,-8.64,-14.65,114.0,240.0,481.0,18.0,32.0,79.0,3.0,5.76,14.24,0,0,0,0,0,0,0,0,0,0,0,0,0,0,0,0,1,0,0,0,0,0,0,0,0,0,0,0,0,0,0,0,0,0,0,0,0,0,0,0,0,0,0,0,0,0,0,0,0,0,0,0
IMAHIO01,2.0,2.0,156.7464,350.449,628.5164,765.7388,498.0,1204.0,1664.0,1580.0,26.0,54.0,100.0,128.0,154.0,394.0,532.0,502.0,8.9098,23.1166,36.0836,38.6568,150.6345,335.054667,576.8506,692.1946,500.0,1194.666667,1640.0,1562.0,25.0,52.0,92.0,114.666667,144.0,362.666667,487.333333,468.666667,8.945167,22.803067,34.5964,36.8244,9.2416,15.504,38.1216,46.2992,49.0,84.0,147.0,161.0,2.0,5.0,6.0,4.0,14.0,24.0,24.0,0.5625,1.155,2.2725,2.535,9.2416,15.504,35.573067,46.917333,49.0,84.0,148.166667,159.833333,2.0,4.666667,6.166667,4.0,13.333333,23.666667,23.666667,0.5625,1.155,2.235,2.58625,3.3489,33.3792,55.998,100.4853,676.0,1092.0,1872.0,2366.0,12.0,22.0,108.0,240.0,318.0,1.5625,5.625,11.55,16.575,455.2524,1071.9224,2119.7958,3059.3208,2176.0,5768.0,10134.0,13660.0,76.0,168.0,330.0,490.0,498.0,1384.0,2354.0,3228.0,28.398,79.6592,143.7642,202.6182,0.98,2.66,3.01,2.0,14.0,19.0,-3.0,-2.0,0.0,-0.04,0.72,1.12,0.98,2.485,3.313333,2.0,11.5,20.333333,-2.666667,-2.5,0.5,-0.04,0.52,1.176667,-7.26,-8.64,-14.65,114.0,240.0,481.0,18.0,32.0,79.0,3.0,5.76,14.24,0,0,0,0,0,0,0,0,0,0,0,0,0,0,0,0,1,0,0,0,0,0,0,0,0,0,0,0,0,0,0,0,0,0,0,0,0,0,0,0,0,0,0,0,0,0,0,0,0,0,0,0
IQIJAT,4.0,3.0,221.4764,481.037,813.718,1033.6892,650.0,1508.0,1912.0,1940.0,38.0,76.0,134.0,178.0,210.0,528.0,706.0,764.0,12.3766,31.2336,46.1914,52.769,201.678,444.2987,715.5297,871.6112,693.0,1610.0,2151.0,2186.0,33.0,68.0,113.0,143.0,181.0,451.0,613.0,644.0,12.1177,30.125,44.0631,48.5231,9.2416,18.316,25.536,32.4368,49.0,70.0,94.5,87.5,2.5,3.5,4.5,6.5,15.0,20.0,19.0,0.5625,1.14375,1.57125,1.69125,9.2416,19.2204,34.8004,38.494,49.0,89.25,122.5,148.75,2.5,4.75,5.0,6.5,19.0,26.75,27.75,0.5625,1.29,2.064375,2.26875,3.3489,33.3792,68.3322,86.5407,676.0,1092.0,1846.0,1586.0,15.0,20.0,126.0,246.0,228.0,1.5625,5.625,12.4125,13.225,406.7049,955.3558,1844.9718,2890.4414,2062.0,5404.0,9464.0,11646.0,67.0,148.0,286.0,456.0,434.0,1236.0,2202.0,3042.0,25.7979,71.5,129.8262,186.4812,1.575,2.24,3.01,7.5,11.0,19.0,0.5,0.0,2.5,0.35,0.53,1.12,1.2775,2.9925,2.5375,4.75,15.75,13.75,-0.75,2.0,1.75,0.155,0.81,0.725,-7.26,-9.89,-10.69,114.0,319.0,459.0,15.0,49.0,82.0,3.0,8.82,14.42,0,0,0,0,0,0,0,0,0,0,0,0,0,0,0,0,0,0,0,0,0,0,0,1,0,0,0,0,0,0,0,0,0,0,0,0,0,0,0,0,0,0,0,0,0,0,0,0,0,0,0,0
IQIJAT02,4.0,3.0,221.4764,481.037,813.718,1033.6892,650.0,1508.0,1912.0,1940.0,38.0,76.0,134.0,178.0,210.0,528.0,706.0,764.0,12.3766,31.2336,46.1914,52.769,201.678,444.2987,715.5297,871.6112,693.0,1610.0,2151.0,2186.0,33.0,68.0,113.0,143.0,181.0,451.0,613.0,644.0,12.1177,30.125,44.0631,48.5231,9.2416,18.316,25.536,32.4368,49.0,70.0,94.5,87.5,2.5,3.5,4.5,6.5,15.0,20.0,19.0,0.5625,1.14375,1.57125,1.69125,9.2416,19.2204,34.8004,38.494,49.0,89.25,122.5,148.75,2.5,4.75,5.0,6.5,19.0,26.75,27.75,0.5625,1.29,2.064375,2.26875,3.3489,33.3792,68.3322,86.5407,676.0,1092.0,1846.0,1586.0,15.0,20.0,126.0,246.0,228.0,1.5625,5.625,12.4125,13.225,406.7049,955.3558,1844.9718,2890.4414,2062.0,5404.0,9464.0,11646.0,67.0,148.0,286.0,456.0,434.0,1236.0,2202.0,3042.0,25.7979,71.5,129.8262,186.4812,1.575,2.24,3.01,7.5,11.0,19.0,0.5,0.0,2.5,0.35,0.53,1.12,1.2775,2.9925,2.5375,4.75,15.75,13.75,-0.75,2.0,1.75,0.155,0.81,0.725,-7.26,-9.89,-10.69,114.0,319.0,459.0,15.0,49.0,82.0,3.0,8.82,14.42,0,0,0,0,0,0,0,0,0,0,0,0,0,0,0,0,0,0,0,0,0,0,0,1,0,0,0,0,0,0,0,0,0,0,0,0,0,0,0,0,0,0,0,0,0,0,0,0,0,0,0,0
ISULAJ,6.0,6.0,325.621,719.8176,1170.072,1298.1822,1162.0,2712.0,3510.0,2976.0,52.0,108.0,180.0,210.0,288.0,708.0,948.0,936.0,19.5828,48.5604,70.632,70.2282,325.621,719.8176,1170.072,1298.1822,1162.0,2712.0,3510.0,2976.0,52.0,108.0,180.0,210.0,288.0,708.0,948.0,936.0,19.5828,48.5604,70.632,70.2282,9.2416,16.2488,32.756,34.4584,49.0,87.5,119.0,112.0,2.0,4.5,4.5,4.0,13.0,20.0,15.0,0.5625,1.1475,1.99875,1.82625,9.2416,16.2488,32.756,34.4584,49.0,87.5,119.0,112.0,2.0,4.5,4.5,4.0,13.0,20.0,15.0,0.5625,1.1475,1.99875,1.82625,3.3489,33.3792,58.6881,90.3105,676.0,1092.0,1950.0,1716.0,12.0,21.0,108.0,234.0,252.0,1.5625,5.625,11.475,14.2125,328.9699,786.576,1564.6962,2305.2576,1838.0,4896.0,8880.0,10860.0,53.0,120.0,234.0,354.0,354.0,1002.0,1806.0,2544.0,21.1453,59.8104,110.457,157.1982,0.735,2.905,2.345,1.5,14.5,15.5,-2.5,-1.0,1.5,-0.03,0.71,0.94,0.735,2.905,2.345,1.5,14.5,15.5,-2.5,-1.0,1.5,-0.03,0.71,0.94,-7.26,-10.11,-10.92,114.0,237.0,480.0,18.0,33.0,84.0,3.0,5.82,14.88,0,0,0,0,0,0,0,0,0,0,0,0,0,0,0,0,0,0,0,0,0,0,0,1,0,0,0,0,0,0,0,0,0,0,0,0,0,0,0,0,0,0,0,0,0,0,0,0,0,1,0,0
ITINOP,3.0,3.0,301.7127,680.0824,1045.732,1296.2404,1218.0,2836.0,4132.0,4324.0,47.0,102.0,160.0,202.0,262.0,662.0,968.0,1028.0,19.8423,49.4854,74.3832,83.0942,301.7127,680.0824,1045.732,1296.2404,1218.0,2836.0,4132.0,4324.0,47.0,102.0,160.0,202.0,262.0,662.0,968.0,1028.0,19.8423,49.4854,74.3832,83.0942,9.2416,16.9936,29.944,31.4336,49.0,91.0,133.0,140.0,2.0,4.0,4.0,4.0,12.0,20.0,18.0,0.5625,1.14,2.01,1.995,9.2416,16.000533,30.653333,47.221333,49.0,86.333333,156.333333,205.333333,2.0,4.0,6.0,4.0,12.0,22.666667,26.0,0.5625,1.15,2.21,2.94,3.3489,33.3792,59.5848,72.102,676.0,1092.0,1976.0,1976.0,12.0,16.0,108.0,216.0,240.0,1.5625,5.625,11.45,13.4,606.7743,1426.9232,2487.8816,3528.544,3112.0,7856.0,13686.0,16856.0,95.0,216.0,374.0,532.0,590.0,1612.0,2766.0,3540.0,41.2471,110.2208,188.5414,247.9484,0.49,2.31,1.82,1.0,9.0,8.0,-2.0,-2.0,-1.0,-0.02,0.32,0.34,0.816667,2.076667,2.706667,1.666667,5.666667,12.666667,-2.0,-3.333333,-1.0,-0.033333,0.053333,0.58,-7.26,-10.6,-10.12,114.0,236.0,340.0,18.0,36.0,56.0,3.0,5.84,9.28,0,0,0,0,0,0,0,0,0,0,0,0,0,0,0,0,0,0,0,0,0,0,0,1,0,0,0,0,0,0,0,0,0,0,0,0,1,0,0,0,0,0,0,0,0,0,0,0,0,1,0,0
ITINOP03,3.0,3.0,301.7127,680.0824,1045.732,1296.2404,1218.0,2836.0,4132.0,4324.0,47.0,102.0,160.0,202.0,262.0,662.0,968.0,1028.0,19.8423,49.4854,74.3832,83.0942,301.7127,680.0824,1045.732,1296.2404,1218.0,2836.0,4132.0,4324.0,47.0,102.0,160.0,202.0,262.0,662.0,968.0,1028.0,19.8423,49.4854,74.3832,83.0942,9.2416,16.9936,29.944,31.4336,49.0,91.0,133.0,140.0,2.0,4.0,4.0,4.0,12.0,20.0,18.0,0.5625,1.14,2.01,1.995,9.2416,16.000533,30.653333,47.221333,49.0,86.333333,156.333333,205.333333,2.0,4.0,6.0,4.0,12.0,22.666667,26.0,0.5625,1.15,2.21,2.94,3.3489,33.3792,59.5848,72.102,676.0,1092.0,1976.0,1976.0,12.0,16.0,108.0,216.0,240.0,1.5625,5.625,11.45,13.4,606.7743,1426.9232,2487.8816,3528.544,3112.0,7856.0,13686.0,16856.0,95.0,216.0,374.0,532.0,590.0,1612.0,2766.0,3540.0,41.2471,110.2208,188.5414,247.9484,0.49,2.31,1.82,1.0,9.0,8.0,-2.0,-2.0,-1.0,-0.02,0.32,0.34,0.816667,2.076667,2.706667,1.666667,5.666667,12.666667,-2.0,-3.333333,-1.0,-0.033333,0.053333,0.58,-7.26,-10.6,-10.12,114.0,236.0,340.0,18.0,36.0,56.0,3.0,5.84,9.28,0,0,0,0,0,0,0,0,0,0,0,0,0,0,0,0,0,0,0,0,0,0,0,1,0,0,0,0,0,0,0,0,0,0,0,0,1,0,0,0,0,0,0,0,0,0,0,0,0,1,0,0
IYUFOX,3.0,3.0,189.3116,422.9234,663.3724,728.5324,752.0,1748.0,2458.0,2224.0,29.0,62.0,98.0,112.0,160.0,396.0,554.0,530.0,11.9661,29.5246,43.5234,43.6012,189.3116,422.9234,663.3724,728.5324,752.0,1748.0,2458.0,2224.0,29.0,62.0,98.0,112.0,160.0,396.0,554.0,530.0,11.9661,29.5246,43.5234,43.6012,9.2416,16.9936,29.944,30.3696,49.0,91.0,133.0,105.0,2.0,4.0,4.0,4.0,12.0,20.0,14.0,0.5625,1.14,2.01,1.695,9.2416,16.000533,32.639467,46.866667,49.0,86.333333,165.666667,193.666667,2.0,4.0,6.0,4.0,12.0,22.666667,24.666667,0.5625,1.15,2.19,2.84,3.3489,33.3792,59.5848,72.102,676.0,1092.0,1976.0,1976.0,12.0,16.0,108.0,216.0,240.0,1.5625,5.625,11.45,13.4,381.9721,912.6052,1723.1624,2381.2112,2180.0,5680.0,10338.0,12600.0,59.0,136.0,250.0,352.0,386.0,1080.0,1938.0,2528.0,25.4947,70.2992,126.8218,169.0824,0.49,2.31,2.17,1.0,9.0,13.0,-2.0,-2.0,1.0,-0.02,0.32,0.74,0.816667,1.423333,2.823333,1.666667,4.333333,14.333333,-2.0,-3.333333,-0.333333,-0.033333,0.08,0.713333,-7.26,-10.6,-10.12,114.0,236.0,340.0,18.0,36.0,56.0,3.0,5.84,9.28,0,0,0,0,0,0,0,0,0,0,0,0,0,0,0,1,0,0,0,0,0,0,0,0,0,0,0,0,0,0,0,0,0,0,0,0,0,0,0,0,0,0,0,0,0,0,0,0,0,0,0,0
IYUFOX01,3.0,3.0,189.3116,422.9234,663.3724,728.5324,752.0,1748.0,2458.0,2224.0,29.0,62.0,98.0,112.0,160.0,396.0,554.0,530.0,11.9661,29.5246,43.5234,43.6012,189.3116,422.9234,663.3724,728.5324,752.0,1748.0,2458.0,2224.0,29.0,62.0,98.0,112.0,160.0,396.0,554.0,530.0,11.9661,29.5246,43.5234,43.6012,9.2416,16.9936,29.944,30.3696,49.0,91.0,133.0,105.0,2.0,4.0,4.0,4.0,12.0,20.0,14.0,0.5625,1.14,2.01,1.695,9.2416,16.000533,32.639467,46.866667,49.0,86.333333,165.666667,193.666667,2.0,4.0,6.0,4.0,12.0,22.666667,24.666667,0.5625,1.15,2.19,2.84,3.3489,33.3792,59.5848,72.102,676.0,1092.0,1976.0,1976.0,12.0,16.0,108.0,216.0,240.0,1.5625,5.625,11.45,13.4,381.9721,912.6052,1723.1624,2381.2112,2180.0,5680.0,10338.0,12600.0,59.0,136.0,250.0,352.0,386.0,1080.0,1938.0,2528.0,25.4947,70.2992,126.8218,169.0824,0.49,2.31,2.17,1.0,9.0,13.0,-2.0,-2.0,1.0,-0.02,0.32,0.74,0.816667,1.423333,2.823333,1.666667,4.333333,14.333333,-2.0,-3.333333,-0.333333,-0.033333,0.08,0.713333,-7.26,-10.6,-10.12,114.0,236.0,340.0,18.0,36.0,56.0,3.0,5.84,9.28,0,0,0,0,0,0,0,0,0,0,0,0,0,0,0,1,0,0,0,0,0,0,0,0,0,0,0,0,0,0,0,0,0,0,0,0,0,0,0,0,0,0,0,0,0,0,0,0,0,0,0,0
IZADEU,3.0,3.0,240.8895,532.44,949.0384,1144.0108,834.0,1980.0,3124.0,3016.0,39.0,82.0,148.0,178.0,230.0,582.0,844.0,848.0,14.2479,36.4826,58.0492,65.7206,240.8895,532.44,949.0384,1144.0108,834.0,1980.0,3124.0,3016.0,39.0,82.0,148.0,178.0,230.0,582.0,844.0,848.0,14.2479,36.4826,58.0492,65.7206,9.2416,15.504,41.4656,70.4976,49.0,84.0,224.0,147.0,2.0,5.0,10.0,4.0,14.0,34.0,26.0,0.5625,1.155,2.8575,3.36,9.2416,15.504,34.493867,63.850133,49.0,84.0,186.666667,226.333333,2.0,4.333333,8.0,4.0,12.666667,27.333333,26.0,0.5625,1.155,2.4925,3.355,3.3489,33.3792,55.998,99.8448,676.0,1092.0,1872.0,3328.0,12.0,20.0,108.0,240.0,408.0,1.5625,5.625,11.55,19.05,485.1279,1131.6384,2287.3208,3219.9864,2344.0,6144.0,11462.0,16664.0,79.0,176.0,350.0,492.0,526.0,1460.0,2622.0,3660.0,30.0583,84.2152,156.0734,225.1012,0.98,1.56,7.21,2.0,3.0,49.0,-3.0,-7.0,7.0,-0.04,-0.06,3.02,0.98,1.826667,3.316667,2.0,3.666667,23.666667,-2.333333,-5.0,3.0,-0.04,-0.073333,1.526667,-7.26,-8.64,-17.96,114.0,240.0,392.0,18.0,32.0,52.0,3.0,5.76,9.76,0,0,0,0,0,0,0,0,0,0,0,0,0,0,0,1,0,0,0,0,0,0,0,0,0,0,0,0,0,0,0,0,0,0,0,0,0,0,0,0,0,0,0,0,0,0,0,0,0,0,0,0
IZADEU01,3.0,3.0,240.8895,532.44,949.0384,1144.0108,834.0,1980.0,3124.0,3016.0,39.0,82.0,148.0,178.0,230.0,582.0,844.0,848.0,14.2479,36.4826,58.0492,65.7206,240.8895,532.44,949.0384,1144.0108,834.0,1980.0,3124.0,3016.0,39.0,82.0,148.0,178.0,230.0,582.0,844.0,848.0,14.2479,36.4826,58.0492,65.7206,9.2416,15.504,41.4656,70.4976,49.0,84.0,224.0,147.0,2.0,5.0,10.0,4.0,14.0,34.0,26.0,0.5625,1.155,2.8575,3.36,9.2416,15.504,34.493867,63.850133,49.0,84.0,186.666667,226.333333,2.0,4.333333,8.0,4.0,12.666667,27.333333,26.0,0.5625,1.155,2.4925,3.355,3.3489,33.3792,55.998,99.8448,676.0,1092.0,1872.0,3328.0,12.0,20.0,108.0,240.0,408.0,1.5625,5.625,11.55,19.05,485.1279,1131.6384,2287.3208,3219.9864,2344.0,6144.0,11462.0,16664.0,79.0,176.0,350.0,492.0,526.0,1460.0,2622.0,3660.0,30.0583,84.2152,156.0734,225.1012,0.98,1.56,7.21,2.0,3.0,49.0,-3.0,-7.0,7.0,-0.04,-0.06,3.02,0.98,1.826667,3.316667,2.0,3.666667,23.666667,-2.333333,-5.0,3.0,-0.04,-0.073333,1.526667,-7.26,-8.64,-17.96,114.0,240.0,392.0,18.0,32.0,52.0,3.0,5.76,9.76,0,0,0,0,0,0,0,0,0,0,0,0,0,0,0,1,0,0,0,0,0,0,0,0,0,0,0,0,0,0,0,0,0,0,0,0,0,0,0,0,0,0,0,0,0,0,0,0,0,0,0,0
IZADOE,3.0,3.0,240.8895,532.44,949.0384,1144.0108,834.0,1980.0,3124.0,3016.0,39.0,82.0,148.0,178.0,230.0,582.0,844.0,848.0,14.2479,36.4826,58.0492,65.7206,240.8895,532.44,949.0384,1144.0108,834.0,1980.0,3124.0,3016.0,39.0,82.0,148.0,178.0,230.0,582.0,844.0,848.0,14.2479,36.4826,58.0492,65.7206,9.2416,15.504,41.4656,70.4976,49.0,84.0,224.0,147.0,2.0,5.0,10.0,4.0,14.0,34.0,26.0,0.5625,1.155,2.8575,3.36,9.2416,15.504,34.493867,63.850133,49.0,84.0,186.666667,226.333333,2.0,4.333333,8.0,4.0,12.666667,27.333333,26.0,0.5625,1.155,2.4925,3.355,3.3489,33.3792,55.998,99.8448,676.0,1092.0,1872.0,3328.0,12.0,20.0,108.0,240.0,408.0,1.5625,5.625,11.55,19.05,485.1279,1131.6384,2287.3208,3219.9864,2344.0,6144.0,11462.0,16664.0,79.0,176.0,350.0,492.0,526.0,1460.0,2622.0,3660.0,30.0583,84.2152,156.0734,225.1012,0.98,1.56,7.21,2.0,3.0,49.0,-3.0,-7.0,7.0,-0.04,-0.06,3.02,0.98,1.826667,3.316667,2.0,3.666667,23.666667,-2.333333,-5.0,3.0,-0.04,-0.073333,1.526667,-7.26,-8.64,-17.96,114.0,240.0,392.0,18.0,32.0,52.0,3.0,5.76,9.76,0,0,0,0,0,0,0,0,0,0,1,0,0,0,0,0,0,0,0,0,0,0,0,0,0,0,0,0,0,0,0,0,0,0,0,1,0,0,0,0,0,0,0,0,1,0,0,0,0,0,0,0
IZADUK,3.0,3.0,240.8895,532.44,949.0384,1144.0108,834.0,1980.0,3124.0,3016.0,39.0,82.0,148.0,178.0,230.0,582.0,844.0,848.0,14.2479,36.4826,58.0492,65.7206,240.8895,532.44,949.0384,1144.0108,834.0,1980.0,3124.0,3016.0,39.0,82.0,148.0,178.0,230.0,582.0,844.0,848.0,14.2479,36.4826,58.0492,65.7206,9.2416,15.504,41.4656,70.4976,49.0,84.0,224.0,147.0,2.0,5.0,10.0,4.0,14.0,34.0,26.0,0.5625,1.155,2.8575,3.36,9.2416,15.504,34.493867,63.850133,49.0,84.0,186.666667,226.333333,2.0,4.333333,8.0,4.0,12.666667,27.333333,26.0,0.5625,1.155,2.4925,3.355,3.3489,33.3792,55.998,99.8448,676.0,1092.0,1872.0,3328.0,12.0,20.0,108.0,240.0,408.0,1.5625,5.625,11.55,19.05,485.1279,1131.6384,2287.3208,3219.9864,2344.0,6144.0,11462.0,16664.0,79.0,176.0,350.0,492.0,526.0,1460.0,2622.0,3660.0,30.0583,84.2152,156.0734,225.1012,0.98,1.56,7.21,2.0,3.0,49.0,-3.0,-7.0,7.0,-0.04,-0.06,3.02,0.98,1.826667,3.316667,2.0,3.666667,23.666667,-2.333333,-5.0,3.0,-0.04,-0.073333,1.526667,-7.26,-8.64,-17.96,114.0,240.0,392.0,18.0,32.0,52.0,3.0,5.76,9.76,0,0,0,0,0,0,0,0,0,0,0,0,0,0,0,0,1,0,0,0,0,0,0,0,0,0,0,0,0,0,0,0,0,0,0,0,0,0,0,0,0,0,0,0,0,0,0,0,0,0,0,0
IZADUK01,3.0,3.0,240.8895,532.44,949.0384,1144.0108,834.0,1980.0,3124.0,3016.0,39.0,82.0,148.0,178.0,230.0,582.0,844.0,848.0,14.2479,36.4826,58.0492,65.7206,240.8895,532.44,949.0384,1144.0108,834.0,1980.0,3124.0,3016.0,39.0,82.0,148.0,178.0,230.0,582.0,844.0,848.0,14.2479,36.4826,58.0492,65.7206,9.2416,15.504,41.4656,70.4976,49.0,84.0,224.0,147.0,2.0,5.0,10.0,4.0,14.0,34.0,26.0,0.5625,1.155,2.8575,3.36,9.2416,15.504,34.493867,63.850133,49.0,84.0,186.666667,226.333333,2.0,4.333333,8.0,4.0,12.666667,27.333333,26.0,0.5625,1.155,2.4925,3.355,3.3489,33.3792,55.998,99.8448,676.0,1092.0,1872.0,3328.0,12.0,20.0,108.0,240.0,408.0,1.5625,5.625,11.55,19.05,485.1279,1131.6384,2287.3208,3219.9864,2344.0,6144.0,11462.0,16664.0,79.0,176.0,350.0,492.0,526.0,1460.0,2622.0,3660.0,30.0583,84.2152,156.0734,225.1012,0.98,1.56,7.21,2.0,3.0,49.0,-3.0,-7.0,7.0,-0.04,-0.06,3.02,0.98,1.826667,3.316667,2.0,3.666667,23.666667,-2.333333,-5.0,3.0,-0.04,-0.073333,1.526667,-7.26,-8.64,-17.96,114.0,240.0,392.0,18.0,32.0,52.0,3.0,5.76,9.76,0,0,0,0,0,0,0,0,0,0,0,0,0,0,0,0,1,0,0,0,0,0,0,0,0,0,0,0,0,0,0,0,0,0,0,0,0,0,0,0,0,0,0,0,0,0,0,0,0,0,0,0
IZAFEW,3.0,3.0,176.1595,390.66,675.9364,685.1268,682.0,1596.0,2296.0,1920.0,27.0,58.0,100.0,106.0,158.0,390.0,520.0,440.0,10.7811,27.181,41.238,38.2174,176.1595,390.66,675.9364,685.1268,682.0,1596.0,2296.0,1920.0,27.0,58.0,100.0,106.0,158.0,390.0,520.0,440.0,10.7811,27.181,41.238,38.2174,9.2416,15.504,39.3376,30.3696,49.0,84.0,154.0,105.0,2.0,5.0,4.0,4.0,14.0,22.0,14.0,0.5625,1.155,2.2575,1.695,9.2416,15.504,33.784533,50.474133,49.0,84.0,163.333333,212.333333,2.0,4.333333,6.0,4.0,12.666667,23.333333,22.0,0.5625,1.155,2.2925,2.8,3.3489,33.3792,55.998,94.7208,676.0,1092.0,1872.0,2288.0,12.0,20.0,108.0,240.0,264.0,1.5625,5.625,11.55,15.05,355.6679,848.0784,1741.1168,2291.9704,2040.0,5376.0,9806.0,12392.0,55.0,128.0,254.0,348.0,382.0,1076.0,1926.0,2508.0,23.1247,65.612,122.451,162.0948,0.98,2.26,2.17,2.0,13.0,13.0,-3.0,-1.0,1.0,-0.04,0.74,0.74,0.98,2.06,1.636667,2.0,7.0,11.666667,-2.333333,-3.0,1.0,-0.04,0.193333,0.766667,-7.26,-8.64,-15.16,114.0,240.0,432.0,18.0,32.0,76.0,3.0,5.76,12.96,0,0,0,0,0,0,0,0,0,0,0,0,0,0,0,0,0,0,0,0,0,0,0,1,0,0,0,0,0,0,0,0,0,0,0,0,0,0,0,0,0,0,0,0,0,0,0,0,0,0,0,0
IZAFEW03,3.0,3.0,176.1595,390.66,675.9364,685.1268,682.0,1596.0,2296.0,1920.0,27.0,58.0,100.0,106.0,158.0,390.0,520.0,440.0,10.7811,27.181,41.238,38.2174,176.1595,390.66,675.9364,685.1268,682.0,1596.0,2296.0,1920.0,27.0,58.0,100.0,106.0,158.0,390.0,520.0,440.0,10.7811,27.181,41.238,38.2174,9.2416,15.504,39.3376,30.3696,49.0,84.0,154.0,105.0,2.0,5.0,4.0,4.0,14.0,22.0,14.0,0.5625,1.155,2.2575,1.695,9.2416,15.504,33.784533,50.474133,49.0,84.0,163.333333,212.333333,2.0,4.333333,6.0,4.0,12.666667,23.333333,22.0,0.5625,1.155,2.2925,2.8,3.3489,33.3792,55.998,94.7208,676.0,1092.0,1872.0,2288.0,12.0,20.0,108.0,240.0,264.0,1.5625,5.625,11.55,15.05,355.6679,848.0784,1741.1168,2291.9704,2040.0,5376.0,9806.0,12392.0,55.0,128.0,254.0,348.0,382.0,1076.0,1926.0,2508.0,23.1247,65.612,122.451,162.0948,0.98,2.26,2.17,2.0,13.0,13.0,-3.0,-1.0,1.0,-0.04,0.74,0.74,0.98,2.06,1.636667,2.0,7.0,11.666667,-2.333333,-3.0,1.0,-0.04,0.193333,0.766667,-7.26,-8.64,-15.16,114.0,240.0,432.0,18.0,32.0,76.0,3.0,5.76,12.96,0,0,0,0,0,0,0,0,0,0,0,0,0,0,0,0,0,0,0,0,0,0,0,1,0,0,0,0,0,0,0,0,0,0,0,0,0,0,0,0,0,0,0,0,0,0,0,0,0,0,0,0
IZAFIA,3.0,3.0,176.1595,390.66,675.9364,685.1268,682.0,1596.0,2296.0,1920.0,27.0,58.0,100.0,106.0,158.0,390.0,520.0,440.0,10.7811,27.181,41.238,38.2174,176.1595,390.66,675.9364,685.1268,682.0,1596.0,2296.0,1920.0,27.0,58.0,100.0,106.0,158.0,390.0,520.0,440.0,10.7811,27.181,41.238,38.2174,9.2416,15.504,39.3376,30.3696,49.0,84.0,154.0,105.0,2.0,5.0,4.0,4.0,14.0,22.0,14.0,0.5625,1.155,2.2575,1.695,9.2416,15.504,33.784533,50.474133,49.0,84.0,163.333333,212.333333,2.0,4.333333,6.0,4.0,12.666667,23.333333,22.0,0.5625,1.155,2.2925,2.8,3.3489,33.3792,55.998,94.7208,676.0,1092.0,1872.0,2288.0,12.0,20.0,108.0,240.0,264.0,1.5625,5.625,11.55,15.05,355.6679,848.0784,1741.1168,2291.9704,2040.0,5376.0,9806.0,12392.0,55.0,128.0,254.0,348.0,382.0,1076.0,1926.0,2508.0,23.1247,65.612,122.451,162.0948,0.98,2.26,2.17,2.0,13.0,13.0,-3.0,-1.0,1.0,-0.04,0.74,0.74,0.98,2.06,1.636667,2.0,7.0,11.666667,-2.333333,-3.0,1.0,-0.04,0.193333,0.766667,-7.26,-8.64,-15.16,114.0,240.0,432.0,18.0,32.0,76.0,3.0,5.76,12.96,0,0,0,0,0,0,0,0,0,0,0,0,0,0,0,1,0,0,0,0,0,0,0,0,0,0,0,0,0,0,0,0,0,0,0,0,0,0,0,0,0,0,0,0,0,0,0,0,0,0,0,0
IZAFOG,3.0,3.0,176.1595,390.66,675.9364,685.1268,682.0,1596.0,2296.0,1920.0,27.0,58.0,100.0,106.0,158.0,390.0,520.0,440.0,10.7811,27.181,41.238,38.2174,176.1595,390.66,675.9364,685.1268,682.0,1596.0,2296.0,1920.0,27.0,58.0,100.0,106.0,158.0,390.0,520.0,440.0,10.7811,27.181,41.238,38.2174,9.2416,15.504,39.3376,30.3696,49.0,84.0,154.0,105.0,2.0,5.0,4.0,4.0,14.0,22.0,14.0,0.5625,1.155,2.2575,1.695,9.2416,15.504,33.784533,50.474133,49.0,84.0,163.333333,212.333333,2.0,4.333333,6.0,4.0,12.666667,23.333333,22.0,0.5625,1.155,2.2925,2.8,3.3489,33.3792,55.998,94.7208,676.0,1092.0,1872.0,2288.0,12.0,20.0,108.0,240.0,264.0,1.5625,5.625,11.55,15.05,355.6679,848.0784,1741.1168,2291.9704,2040.0,5376.0,9806.0,12392.0,55.0,128.0,254.0,348.0,382.0,1076.0,1926.0,2508.0,23.1247,65.612,122.451,162.0948,0.98,2.26,2.17,2.0,13.0,13.0,-3.0,-1.0,1.0,-0.04,0.74,0.74,0.98,2.06,1.636667,2.0,7.0,11.666667,-2.333333,-3.0,1.0,-0.04,0.193333,0.766667,-7.26,-8.64,-15.16,114.0,240.0,432.0,18.0,32.0,76.0,3.0,5.76,12.96,0,0,0,0,0,0,0,0,0,0,1,0,0,0,0,0,0,0,0,0,0,0,0,0,0,0,0,0,0,0,0,0,0,0,0,1,0,0,0,0,0,0,0,0,0,0,0,0,0,0,0,0
IZAFOG01,3.0,3.0,176.1595,390.66,675.9364,685.1268,682.0,1596.0,2296.0,1920.0,27.0,58.0,100.0,106.0,158.0,390.0,520.0,440.0,10.7811,27.181,41.238,38.2174,176.1595,390.66,675.9364,685.1268,682.0,1596.0,2296.0,1920.0,27.0,58.0,100.0,106.0,158.0,390.0,520.0,440.0,10.7811,27.181,41.238,38.2174,9.2416,15.504,39.3376,30.3696,49.0,84.0,154.0,105.0,2.0,5.0,4.0,4.0,14.0,22.0,14.0,0.5625,1.155,2.2575,1.695,9.2416,15.504,33.784533,50.474133,49.0,84.0,163.333333,212.333333,2.0,4.333333,6.0,4.0,12.666667,23.333333,22.0,0.5625,1.155,2.2925,2.8,3.3489,33.3792,55.998,94.7208,676.0,1092.0,1872.0,2288.0,12.0,20.0,108.0,240.0,264.0,1.5625,5.625,11.55,15.05,355.6679,848.0784,1741.1168,2291.9704,2040.0,5376.0,9806.0,12392.0,55.0,128.0,254.0,348.0,382.0,1076.0,1926.0,2508.0,23.1247,65.612,122.451,162.0948,0.98,2.26,2.17,2.0,13.0,13.0,-3.0,-1.0,1.0,-0.04,0.74,0.74,0.98,2.06,1.636667,2.0,7.0,11.666667,-2.333333,-3.0,1.0,-0.04,0.193333,0.766667,-7.26,-8.64,-15.16,114.0,240.0,432.0,18.0,32.0,76.0,3.0,5.76,12.96,0,0,0,0,0,0,0,0,0,0,1,0,0,0,0,0,0,0,0,0,0,0,0,0,0,0,0,0,0,0,0,0,0,0,0,1,0,0,0,0,0,0,0,0,0,0,0,0,0,0,0,0
IZAGAT,3.0,3.0,176.1595,390.66,675.9364,685.1268,682.0,1596.0,2296.0,1920.0,27.0,58.0,100.0,106.0,158.0,390.0,520.0,440.0,10.7811,27.181,41.238,38.2174,176.1595,390.66,675.9364,685.1268,682.0,1596.0,2296.0,1920.0,27.0,58.0,100.0,106.0,158.0,390.0,520.0,440.0,10.7811,27.181,41.238,38.2174,9.2416,15.504,39.3376,30.3696,49.0,84.0,154.0,105.0,2.0,5.0,4.0,4.0,14.0,22.0,14.0,0.5625,1.155,2.2575,1.695,9.2416,15.504,33.784533,50.474133,49.0,84.0,163.333333,212.333333,2.0,4.333333,6.0,4.0,12.666667,23.333333,22.0,0.5625,1.155,2.2925,2.8,3.3489,33.3792,55.998,94.7208,676.0,1092.0,1872.0,2288.0,12.0,20.0,108.0,240.0,264.0,1.5625,5.625,11.55,15.05,355.6679,848.0784,1741.1168,2291.9704,2040.0,5376.0,9806.0,12392.0,55.0,128.0,254.0,348.0,382.0,1076.0,1926.0,2508.0,23.1247,65.612,122.451,162.0948,0.98,2.26,2.17,2.0,13.0,13.0,-3.0,-1.0,1.0,-0.04,0.74,0.74,0.98,2.06,1.636667,2.0,7.0,11.666667,-2.333333,-3.0,1.0,-0.04,0.193333,0.766667,-7.26,-8.64,-15.16,114.0,240.0,432.0,18.0,32.0,76.0,3.0,5.76,12.96,0,0,0,0,0,0,0,0,0,0,0,0,0,0,0,0,1,0,0,0,0,0,0,0,0,0,0,0,0,0,0,0,0,0,0,0,0,0,0,0,0,0,0,0,0,0,0,0,0,0,0,0
IZAGAT02,3.0,3.0,176.1595,390.66,675.9364,685.1268,682.0,1596.0,2296.0,1920.0,27.0,58.0,100.0,106.0,158.0,390.0,520.0,440.0,10.7811,27.181,41.238,38.2174,176.1595,390.66,675.9364,685.1268,682.0,1596.0,2296.0,1920.0,27.0,58.0,100.0,106.0,158.0,390.0,520.0,440.0,10.7811,27.181,41.238,38.2174,9.2416,15.504,39.3376,30.3696,49.0,84.0,154.0,105.0,2.0,5.0,4.0,4.0,14.0,22.0,14.0,0.5625,1.155,2.2575,1.695,9.2416,15.504,33.784533,50.474133,49.0,84.0,163.333333,212.333333,2.0,4.333333,6.0,4.0,12.666667,23.333333,22.0,0.5625,1.155,2.2925,2.8,3.3489,33.3792,55.998,94.7208,676.0,1092.0,1872.0,2288.0,12.0,20.0,108.0,240.0,264.0,1.5625,5.625,11.55,15.05,355.6679,848.0784,1741.1168,2291.9704,2040.0,5376.0,9806.0,12392.0,55.0,128.0,254.0,348.0,382.0,1076.0,1926.0,2508.0,23.1247,65.612,122.451,162.0948,0.98,2.26,2.17,2.0,13.0,13.0,-3.0,-1.0,1.0,-0.04,0.74,0.74,0.98,2.06,1.636667,2.0,7.0,11.666667,-2.333333,-3.0,1.0,-0.04,0.193333,0.766667,-7.26,-8.64,-15.16,114.0,240.0,432.0,18.0,32.0,76.0,3.0,5.76,12.96,0,0,0,0,0,0,0,0,0,0,0,0,0,0,0,0,1,0,0,0,0,0,0,0,0,0,0,0,0,0,0,0,0,0,0,0,0,0,0,0,0,0,0,0,0,0,0,0,0,0,0,0
JAFBOI01,3.0,3.0,191.5596,430.6864,688.7424,736.954,738.0,1756.0,2520.0,2278.0,30.0,64.0,104.0,110.0,168.0,408.0,556.0,536.0,12.1326,30.124,44.3664,44.1278,191.5596,430.6864,688.7424,736.954,738.0,1756.0,2520.0,2278.0,30.0,64.0,104.0,110.0,168.0,408.0,556.0,536.0,12.1326,30.124,44.3664,44.1278,9.2416,16.9936,31.008,50.4336,49.0,91.0,168.0,126.0,2.0,4.0,7.0,4.0,12.0,26.0,20.0,0.5625,1.14,2.31,2.5275,9.2416,16.000533,32.994133,54.547733,49.0,86.333333,177.333333,205.333333,2.0,4.0,7.0,4.0,12.0,24.666667,25.333333,0.5625,1.15,2.29,3.1075,3.3489,33.3792,59.5848,74.664,676.0,1092.0,1976.0,2496.0,12.0,16.0,108.0,216.0,312.0,1.5625,5.625,11.45,15.4,386.4681,928.1312,1773.9024,2403.1784,2152.0,5696.0,10462.0,13748.0,61.0,140.0,262.0,348.0,402.0,1104.0,1966.0,2704.0,25.8277,71.498,128.5078,174.1356,0.49,1.96,4.69,1.0,4.0,31.0,-2.0,-5.0,4.0,-0.02,-0.08,1.88,0.816667,1.306667,3.336667,1.666667,2.666667,19.666667,-2.0,-4.333333,1.333333,-0.033333,-0.053333,1.106667,-7.26,-10.6,-11.52,114.0,236.0,320.0,18.0,36.0,44.0,3.0,5.84,7.68,0,0,0,0,0,0,0,0,0,0,0,0,0,0,0,1,0,0,0,0,0,0,0,0,0,0,0,0,0,0,0,0,0,0,0,0,0,0,0,0,0,0,0,0,0,0,0,0,0,0,0,0
JAFBOI03,3.0,3.0,191.5596,430.6864,688.7424,736.954,738.0,1756.0,2520.0,2278.0,30.0,64.0,104.0,110.0,168.0,408.0,556.0,536.0,12.1326,30.124,44.3664,44.1278,191.5596,430.6864,688.7424,736.954,738.0,1756.0,2520.0,2278.0,30.0,64.0,104.0,110.0,168.0,408.0,556.0,536.0,12.1326,30.124,44.3664,44.1278,9.2416,16.9936,31.008,50.4336,49.0,91.0,168.0,126.0,2.0,4.0,7.0,4.0,12.0,26.0,20.0,0.5625,1.14,2.31,2.5275,9.2416,16.000533,32.994133,54.547733,49.0,86.333333,177.333333,205.333333,2.0,4.0,7.0,4.0,12.0,24.666667,25.333333,0.5625,1.15,2.29,3.1075,3.3489,33.3792,59.5848,74.664,676.0,1092.0,1976.0,2496.0,12.0,16.0,108.0,216.0,312.0,1.5625,5.625,11.45,15.4,386.4681,928.1312,1773.9024,2403.1784,2152.0,5696.0,10462.0,13748.0,61.0,140.0,262.0,348.0,402.0,1104.0,1966.0,2704.0,25.8277,71.498,128.5078,174.1356,0.49,1.96,4.69,1.0,4.0,31.0,-2.0,-5.0,4.0,-0.02,-0.08,1.88,0.816667,1.306667,3.336667,1.666667,2.666667,19.666667,-2.0,-4.333333,1.333333,-0.033333,-0.053333,1.106667,-7.26,-10.6,-11.52,114.0,236.0,320.0,18.0,36.0,44.0,3.0,5.84,7.68,0,0,0,0,0,0,0,0,0,0,0,0,0,0,0,1,0,0,0,0,0,0,0,0,0,0,0,0,0,0,0,0,0,0,0,0,0,0,0,0,0,0,0,0,0,0,0,0,0,0,0,0
JAFBUO01,3.0,3.0,191.5596,430.6864,688.7424,736.954,738.0,1756.0,2520.0,2278.0,30.0,64.0,104.0,110.0,168.0,408.0,556.0,536.0,12.1326,30.124,44.3664,44.1278,191.5596,430.6864,688.7424,736.954,738.0,1756.0,2520.0,2278.0,30.0,64.0,104.0,110.0,168.0,408.0,556.0,536.0,12.1326,30.124,44.3664,44.1278,9.2416,16.9936,31.008,50.4336,49.0,91.0,168.0,126.0,2.0,4.0,7.0,4.0,12.0,26.0,20.0,0.5625,1.14,2.31,2.5275,9.2416,16.000533,32.994133,54.547733,49.0,86.333333,177.333333,205.333333,2.0,4.0,7.0,4.0,12.0,24.666667,25.333333,0.5625,1.15,2.29,3.1075,3.3489,33.3792,59.5848,74.664,676.0,1092.0,1976.0,2496.0,12.0,16.0,108.0,216.0,312.0,1.5625,5.625,11.45,15.4,386.4681,928.1312,1773.9024,2403.1784,2152.0,5696.0,10462.0,13748.0,61.0,140.0,262.0,348.0,402.0,1104.0,1966.0,2704.0,25.8277,71.498,128.5078,174.1356,0.49,1.96,4.69,1.0,4.0,31.0,-2.0,-5.0,4.0,-0.02,-0.08,1.88,0.816667,1.306667,3.336667,1.666667,2.666667,19.666667,-2.0,-4.333333,1.333333,-0.033333,-0.053333,1.106667,-7.26,-10.6,-11.52,114.0,236.0,320.0,18.0,36.0,44.0,3.0,5.84,7.68,0,0,0,0,0,0,0,0,0,0,0,0,0,0,0,0,0,0,0,0,0,0,0,1,0,0,0,0,0,0,0,0,0,0,0,0,0,0,0,0,0,0,0,0,0,0,0,0,0,0,0,0
JAFBUO03,3.0,3.0,191.5596,430.6864,688.7424,736.954,738.0,1756.0,2520.0,2278.0,30.0,64.0,104.0,110.0,168.0,408.0,556.0,536.0,12.1326,30.124,44.3664,44.1278,191.5596,430.6864,688.7424,736.954,738.0,1756.0,2520.0,2278.0,30.0,64.0,104.0,110.0,168.0,408.0,556.0,536.0,12.1326,30.124,44.3664,44.1278,9.2416,16.9936,31.008,50.4336,49.0,91.0,168.0,126.0,2.0,4.0,7.0,4.0,12.0,26.0,20.0,0.5625,1.14,2.31,2.5275,9.2416,16.000533,32.994133,54.547733,49.0,86.333333,177.333333,205.333333,2.0,4.0,7.0,4.0,12.0,24.666667,25.333333,0.5625,1.15,2.29,3.1075,3.3489,33.3792,59.5848,74.664,676.0,1092.0,1976.0,2496.0,12.0,16.0,108.0,216.0,312.0,1.5625,5.625,11.45,15.4,386.4681,928.1312,1773.9024,2403.1784,2152.0,5696.0,10462.0,13748.0,61.0,140.0,262.0,348.0,402.0,1104.0,1966.0,2704.0,25.8277,71.498,128.5078,174.1356,0.49,1.96,4.69,1.0,4.0,31.0,-2.0,-5.0,4.0,-0.02,-0.08,1.88,0.816667,1.306667,3.336667,1.666667,2.666667,19.666667,-2.0,-4.333333,1.333333,-0.033333,-0.053333,1.106667,-7.26,-10.6,-11.52,114.0,236.0,320.0,18.0,36.0,44.0,3.0,5.84,7.68,0,0,0,0,0,0,0,0,0,0,0,0,0,0,0,0,0,0,0,0,0,0,0,1,0,0,0,0,0,0,0,0,0,0,0,0,0,0,0,0,0,0,0,0,0,0,0,0,0,0,0,0
JAFCEZ,3.0,3.0,159.1946,359.7964,555.5164,578.472,662.0,1564.0,2176.0,1842.0,24.0,52.0,80.0,86.0,132.0,324.0,448.0,392.0,10.3992,25.4732,36.8728,34.355,159.1946,359.7964,555.5164,578.472,662.0,1564.0,2176.0,1842.0,24.0,52.0,80.0,86.0,132.0,324.0,448.0,392.0,10.3992,25.4732,36.8728,34.355,9.2416,16.9936,29.944,30.3696,49.0,91.0,133.0,105.0,2.0,4.0,4.0,4.0,12.0,20.0,14.0,0.5625,1.14,2.01,1.695,9.2416,16.000533,32.639467,47.859733,49.0,86.333333,165.666667,198.333333,2.0,4.0,6.0,4.0,12.0,22.666667,23.333333,0.5625,1.15,2.19,2.83,3.3489,33.3792,59.5848,72.102,676.0,1092.0,1976.0,1976.0,12.0,16.0,108.0,216.0,240.0,1.5625,5.625,11.45,13.4,321.7381,786.3512,1507.4504,2081.0904,2000.0,5312.0,9774.0,11836.0,49.0,116.0,214.0,300.0,330.0,936.0,1726.0,2248.0,22.3609,62.1964,113.5206,150.59,0.49,2.31,2.17,1.0,9.0,13.0,-2.0,-2.0,1.0,-0.02,0.32,0.74,0.816667,1.423333,2.496667,1.666667,4.333333,13.666667,-2.0,-3.333333,0.333333,-0.033333,0.08,0.726667,-7.26,-10.6,-10.12,114.0,236.0,340.0,18.0,36.0,56.0,3.0,5.84,9.28,0,0,0,0,0,0,0,0,0,0,0,0,0,0,0,1,0,0,0,0,0,0,0,0,0,0,0,0,0,0,0,0,0,0,0,0,0,0,0,0,0,0,0,0,0,1,0,0,0,0,0,0
JAFCEZ01,3.0,3.0,159.1946,359.7964,555.5164,578.472,662.0,1564.0,2176.0,1842.0,24.0,52.0,80.0,86.0,132.0,324.0,448.0,392.0,10.3992,25.4732,36.8728,34.355,159.1946,359.7964,555.5164,578.472,662.0,1564.0,2176.0,1842.0,24.0,52.0,80.0,86.0,132.0,324.0,448.0,392.0,10.3992,25.4732,36.8728,34.355,9.2416,16.9936,29.944,30.3696,49.0,91.0,133.0,105.0,2.0,4.0,4.0,4.0,12.0,20.0,14.0,0.5625,1.14,2.01,1.695,9.2416,16.000533,32.639467,47.859733,49.0,86.333333,165.666667,198.333333,2.0,4.0,6.0,4.0,12.0,22.666667,23.333333,0.5625,1.15,2.19,2.83,3.3489,33.3792,59.5848,72.102,676.0,1092.0,1976.0,1976.0,12.0,16.0,108.0,216.0,240.0,1.5625,5.625,11.45,13.4,321.7381,786.3512,1507.4504,2081.0904,2000.0,5312.0,9774.0,11836.0,49.0,116.0,214.0,300.0,330.0,936.0,1726.0,2248.0,22.3609,62.1964,113.5206,150.59,0.49,2.31,2.17,1.0,9.0,13.0,-2.0,-2.0,1.0,-0.02,0.32,0.74,0.816667,1.423333,2.496667,1.666667,4.333333,13.666667,-2.0,-3.333333,0.333333,-0.033333,0.08,0.726667,-7.26,-10.6,-10.12,114.0,236.0,340.0,18.0,36.0,56.0,3.0,5.84,9.28,0,0,0,0,0,0,0,0,0,0,0,0,0,0,0,1,0,0,0,0,0,0,0,0,0,0,0,0,0,0,0,0,0,0,0,0,0,0,0,0,0,0,0,0,0,1,0,0,0,0,0,0
JANSAS,1.0,1.0,101.6964,217.7316,346.3596,341.837,348.0,786.0,948.0,608.0,16.0,32.0,54.0,58.0,86.0,208.0,256.0,204.0,5.7168,13.77,19.0838,16.4322,101.6964,217.7316,346.3596,341.837,348.0,786.0,948.0,608.0,16.0,32.0,54.0,58.0,86.0,208.0,256.0,204.0,5.7168,13.77,19.0838,16.4322,9.2416,16.9936,25.1712,7.752,49.0,91.0,105.0,42.0,2.0,3.0,1.0,4.0,10.0,12.0,8.0,0.5625,1.14,1.4025,0.5775,9.2416,16.9936,25.1712,7.752,49.0,91.0,105.0,42.0,2.0,3.0,1.0,4.0,10.0,12.0,8.0,0.5625,1.14,1.4025,0.5775,3.3489,33.3792,61.3782,90.9144,676.0,1092.0,2028.0,2340.0,12.0,18.0,108.0,180.0,216.0,1.5625,5.625,11.4,14.025,613.5273,1373.148,2478.162,3252.4668,2764.0,6900.0,11214.0,13788.0,97.0,204.0,378.0,504.0,582.0,1524.0,2238.0,2604.0,35.8633,93.87,154.1778,195.0432,0.49,0.84,0.49,1.0,6.0,1.0,-1.0,0.0,-2.0,-0.02,0.38,-0.02,0.49,0.84,0.49,1.0,6.0,1.0,-1.0,0.0,-2.0,-0.02,0.38,-0.02,-7.26,-11.58,-16.74,114.0,234.0,378.0,18.0,42.0,72.0,3.0,5.88,11.28,0,0,0,0,0,0,0,0,0,0,0,0,0,0,0,1,0,0,0,0,0,0,0,0,0,0,0,0,0,0,0,0,0,0,0,0,0,0,0,0,0,0,0,0,0,0,0,0,0,0,0,0
JANSAS06,1.0,1.0,101.6964,217.7316,346.3596,341.837,348.0,786.0,948.0,608.0,16.0,32.0,54.0,58.0,86.0,208.0,256.0,204.0,5.7168,13.77,19.0838,16.4322,101.6964,217.7316,346.3596,341.837,348.0,786.0,948.0,608.0,16.0,32.0,54.0,58.0,86.0,208.0,256.0,204.0,5.7168,13.77,19.0838,16.4322,9.2416,16.9936,25.1712,7.752,49.0,91.0,105.0,42.0,2.0,3.0,1.0,4.0,10.0,12.0,8.0,0.5625,1.14,1.4025,0.5775,9.2416,16.9936,25.1712,7.752,49.0,91.0,105.0,42.0,2.0,3.0,1.0,4.0,10.0,12.0,8.0,0.5625,1.14,1.4025,0.5775,3.3489,33.3792,61.3782,90.9144,676.0,1092.0,2028.0,2340.0,12.0,18.0,108.0,180.0,216.0,1.5625,5.625,11.4,14.025,613.5273,1373.148,2478.162,3252.4668,2764.0,6900.0,11214.0,13788.0,97.0,204.0,378.0,504.0,582.0,1524.0,2238.0,2604.0,35.8633,93.87,154.1778,195.0432,0.49,0.84,0.49,1.0,6.0,1.0,-1.0,0.0,-2.0,-0.02,0.38,-0.02,0.49,0.84,0.49,1.0,6.0,1.0,-1.0,0.0,-2.0,-0.02,0.38,-0.02,-7.26,-11.58,-16.74,114.0,234.0,378.0,18.0,42.0,72.0,3.0,5.88,11.28,0,0,0,0,0,0,0,0,0,0,0,0,0,0,0,1,0,0,0,0,0,0,0,0,0,0,0,0,0,0,0,0,0,0,0,0,0,0,0,0,0,0,0,0,0,0,0,0,0,0,0,0
JAQQIB,3.0,5.0,153.32675,333.2155,565.5377,729.791,629.5,1261.0,1638.0,1655.0,25.5,52.0,90.0,121.0,142.0,359.0,509.0,611.0,9.5515,23.1157,34.1363,40.4033,284.253,637.769,1115.389,1459.582,918.0,2246.0,3052.0,3310.0,48.0,100.0,178.0,242.0,278.0,710.0,1016.0,1222.0,16.9072,43.5056,66.7426,80.8066,9.2416,15.504,35.6136,31.1144,49.0,84.0,140.0,108.5,2.0,5.0,4.0,5.0,19.0,26.0,22.5,0.5625,1.155,2.08125,1.6875,9.2416,19.114,41.382,48.7388,49.0,96.25,136.5,145.25,2.5,5.75,6.5,6.5,21.75,32.75,28.75,0.5625,1.36875,2.420625,2.5275,3.3489,33.3792,64.6905,95.8554,676.0,1092.0,2054.0,1508.0,14.0,23.0,120.0,282.0,186.0,1.5625,5.625,12.975,13.45,310.0024,733.1894,1537.7044,2478.4768,1935.0,4706.0,8854.0,10526.0,52.0,116.0,238.0,398.0,354.0,1052.0,2050.0,2828.0,20.6655,57.4814,111.0976,168.3816,0.98,3.485,1.925,2.0,15.0,12.5,-2.0,5.0,4.5,-0.04,0.975,0.75,1.3125,3.8675,3.7275,3.75,20.75,24.75,-1.75,2.5,5.25,0.05,1.085,1.505,-7.26,-9.73,-10.29,114.0,285.0,540.0,16.0,37.0,107.0,3.0,7.12,17.99,0,0,0,0,0,0,0,0,0,0,1,0,0,0,0,0,0,0,0,0,0,0,0,0,0,0,0,0,0,0,0,0,0,0,0,0,0,0,0,0,0,0,0,0,0,0,0,0,0,0,0,0
JAQVIG,3.0,3.0,167.798,375.7012,574.1544,626.6736,686.0,1600.0,2208.0,2022.0,26.0,56.0,86.0,98.0,142.0,348.0,476.0,456.0,11.1594,27.3364,39.3818,39.2094,167.798,375.7012,574.1544,626.6736,686.0,1600.0,2208.0,2022.0,26.0,56.0,86.0,98.0,142.0,348.0,476.0,456.0,11.1594,27.3364,39.3818,39.2094,9.2416,15.504,31.4336,30.9016,49.0,84.0,140.0,122.5,2.0,4.0,4.0,4.0,12.0,19.0,16.0,0.5625,1.155,1.995,1.845,9.2416,15.504,31.149867,48.037067,49.0,84.0,158.666667,204.166667,2.0,4.0,6.0,4.0,12.0,22.333333,24.0,0.5625,1.155,2.205,2.88,3.3489,33.3792,55.998,75.6888,676.0,1092.0,1872.0,2080.0,12.0,16.0,108.0,216.0,228.0,1.5625,5.625,11.55,13.3,338.9449,818.1608,1537.5528,2137.0,2048.0,5384.0,9630.0,12180.0,53.0,124.0,226.0,324.0,350.0,984.0,1778.0,2360.0,23.8813,65.9228,118.7386,160.5788,0.98,1.82,1.995,2.0,8.0,10.5,-2.0,-1.5,0.0,-0.04,0.34,0.54,0.98,1.913333,2.438333,2.0,5.333333,12.833333,-2.0,-3.166667,0.0,-0.04,0.06,0.66,-7.26,-8.64,-12.08,114.0,240.0,336.0,18.0,36.0,58.0,3.0,5.76,9.36,0,0,0,0,0,0,0,0,0,0,0,0,0,0,0,1,0,0,0,0,0,0,0,0,0,0,0,0,0,0,0,0,0,0,0,0,0,0,0,0,0,0,0,0,0,0,0,0,0,1,0,0
JAQVOM,3.0,3.0,183.9805,411.4892,647.2354,705.9146,724.0,1706.0,2386.0,2240.0,29.0,62.0,98.0,110.0,160.0,390.0,530.0,522.0,12.0261,29.6458,43.0842,44.0958,183.9805,411.4892,647.2354,705.9146,724.0,1706.0,2386.0,2240.0,29.0,62.0,98.0,110.0,160.0,390.0,530.0,522.0,12.0261,29.6458,43.0842,44.0958,9.2416,15.504,31.4336,31.4336,49.0,84.0,140.0,140.0,2.0,4.0,4.0,4.0,12.0,19.0,19.0,0.5625,1.155,1.995,1.995,9.2416,15.504,31.149867,48.2144,49.0,84.0,158.666667,210.0,2.0,4.0,6.0,4.0,12.0,22.333333,25.0,0.5625,1.155,2.205,2.93,3.3489,33.3792,55.998,75.6888,676.0,1092.0,1872.0,2080.0,12.0,16.0,108.0,216.0,228.0,1.5625,5.625,11.55,13.3,371.3099,889.7368,1683.7148,2295.482,2124.0,5596.0,9986.0,12616.0,59.0,136.0,250.0,348.0,386.0,1068.0,1886.0,2504.0,25.6147,70.5416,126.1434,170.3516,0.98,1.82,1.82,2.0,8.0,8.0,-2.0,-1.5,-1.5,-0.04,0.34,0.34,0.98,1.913333,2.38,2.0,5.333333,12.0,-2.0,-3.166667,-0.5,-0.04,0.06,0.593333,-7.26,-8.64,-12.08,114.0,240.0,336.0,18.0,36.0,58.0,3.0,5.76,9.36,0,0,0,0,0,0,0,0,0,0,0,0,0,0,0,1,0,0,0,0,0,0,0,0,0,0,0,0,0,0,0,0,0,0,0,0,0,0,0,0,0,0,0,0,0,0,0,0,0,0,0,0
JAQVUS,3.0,3.0,183.9805,411.1462,641.1104,712.3826,724.0,1696.0,2390.0,2246.0,29.0,62.0,98.0,110.0,160.0,390.0,530.0,522.0,12.0261,29.6618,43.1126,44.0514,183.9805,411.1462,641.1104,712.3826,724.0,1696.0,2390.0,2246.0,29.0,62.0,98.0,110.0,160.0,390.0,530.0,522.0,12.0261,29.6618,43.1126,44.0514,9.2416,15.504,31.9656,40.9336,49.0,84.0,157.5,133.0,2.0,4.0,5.5,4.0,12.0,22.0,19.0,0.5625,1.155,2.145,2.26125,9.2416,15.504,31.3272,51.381067,49.0,84.0,164.5,207.666667,2.0,4.0,6.5,4.0,12.0,23.333333,25.0,0.5625,1.155,2.255,3.01875,3.3489,33.3792,55.998,76.9698,676.0,1092.0,1872.0,2340.0,12.0,16.0,108.0,216.0,264.0,1.5625,5.625,11.55,14.3,371.3099,889.0508,1671.4648,2310.98,2124.0,5576.0,9994.0,13148.0,59.0,136.0,250.0,348.0,386.0,1068.0,1898.0,2576.0,25.6147,70.5736,126.2002,172.2628,0.98,1.645,3.255,2.0,5.5,19.5,-2.0,-3.0,1.5,-0.04,0.14,1.11,0.98,1.855,2.858333,2.0,4.5,15.833333,-2.0,-3.666667,0.5,-0.04,-0.006667,0.85,-7.26,-8.64,-12.78,114.0,240.0,326.0,18.0,36.0,52.0,3.0,5.76,8.56,0,0,0,0,0,0,0,0,0,0,0,0,0,0,0,1,0,0,0,0,0,0,0,0,0,0,0,0,0,0,0,0,0,0,0,0,0,0,0,0,0,0,0,0,0,0,0,0,0,1,0,0
JAQWAZ,3.0,3.0,200.163,446.9342,714.1914,791.8686,762.0,1802.0,2568.0,2514.0,32.0,68.0,110.0,122.0,178.0,432.0,584.0,606.0,12.8928,31.9712,46.815,49.2578,200.163,446.9342,714.1914,791.8686,762.0,1802.0,2568.0,2514.0,32.0,68.0,110.0,122.0,178.0,432.0,584.0,606.0,12.8928,31.9712,46.815,49.2578,9.2416,15.504,31.9656,41.4656,49.0,84.0,157.5,150.5,2.0,4.0,5.5,4.0,12.0,22.0,22.0,0.5625,1.155,2.145,2.41125,9.2416,15.504,31.3272,51.5584,49.0,84.0,164.5,213.5,2.0,4.0,6.5,4.0,12.0,23.333333,26.0,0.5625,1.155,2.255,3.06875,3.3489,33.3792,55.998,76.9698,676.0,1092.0,1872.0,2340.0,12.0,16.0,108.0,216.0,264.0,1.5625,5.625,11.55,14.3,403.6749,960.6268,1817.6268,2469.952,2200.0,5788.0,10350.0,13684.0,65.0,148.0,274.0,372.0,422.0,1152.0,2006.0,2756.0,27.3481,75.1924,133.605,182.6756,0.98,1.645,3.08,2.0,5.5,17.0,-2.0,-3.0,0.0,-0.04,0.14,0.91,0.98,1.855,2.8,2.0,4.5,15.0,-2.0,-3.666667,0.0,-0.04,-0.006667,0.783333,-7.26,-8.64,-12.78,114.0,240.0,326.0,18.0,36.0,52.0,3.0,5.76,8.56,0,0,0,0,0,0,0,1,0,0,0,0,0,0,0,0,0,0,0,0,0,0,0,0,0,0,0,0,0,0,0,0,0,0,0,0,0,0,0,0,0,0,0,0,0,0,0,0,0,1,0,0
JIQDAP,6.0,6.0,325.621,719.8176,1170.072,1298.1822,1162.0,2712.0,3510.0,2976.0,52.0,108.0,180.0,210.0,288.0,708.0,948.0,936.0,19.5828,48.5604,70.632,70.2282,325.621,719.8176,1170.072,1298.1822,1162.0,2712.0,3510.0,2976.0,52.0,108.0,180.0,210.0,288.0,708.0,948.0,936.0,19.5828,48.5604,70.632,70.2282,9.2416,16.2488,32.756,34.4584,49.0,87.5,119.0,112.0,2.0,4.5,4.5,4.0,13.0,20.0,15.0,0.5625,1.1475,1.99875,1.82625,9.2416,16.2488,32.756,34.4584,49.0,87.5,119.0,112.0,2.0,4.5,4.5,4.0,13.0,20.0,15.0,0.5625,1.1475,1.99875,1.82625,3.3489,33.3792,58.6881,90.3105,676.0,1092.0,1950.0,1716.0,12.0,21.0,108.0,234.0,252.0,1.5625,5.625,11.475,14.2125,328.9699,786.576,1564.6962,2305.2576,1838.0,4896.0,8880.0,10860.0,53.0,120.0,234.0,354.0,354.0,1002.0,1806.0,2544.0,21.1453,59.8104,110.457,157.1982,0.735,2.905,2.345,1.5,14.5,15.5,-2.5,-1.0,1.5,-0.03,0.71,0.94,0.735,2.905,2.345,1.5,14.5,15.5,-2.5,-1.0,1.5,-0.03,0.71,0.94,-7.26,-10.11,-10.92,114.0,237.0,480.0,18.0,33.0,84.0,3.0,5.82,14.88,0,0,0,0,0,0,0,0,0,0,0,0,0,0,0,1,0,0,0,0,0,0,0,0,0,0,0,0,0,0,0,0,0,0,0,0,0,0,0,0,0,0,0,0,0,0,0,0,0,1,0,0
JIQDET,6.0,6.0,325.621,719.8176,1170.072,1298.1822,1162.0,2712.0,3510.0,2976.0,52.0,108.0,180.0,210.0,288.0,708.0,948.0,936.0,19.5828,48.5604,70.632,70.2282,325.621,719.8176,1170.072,1298.1822,1162.0,2712.0,3510.0,2976.0,52.0,108.0,180.0,210.0,288.0,708.0,948.0,936.0,19.5828,48.5604,70.632,70.2282,9.2416,16.2488,32.756,34.4584,49.0,87.5,119.0,112.0,2.0,4.5,4.5,4.0,13.0,20.0,15.0,0.5625,1.1475,1.99875,1.82625,9.2416,16.2488,32.756,34.4584,49.0,87.5,119.0,112.0,2.0,4.5,4.5,4.0,13.0,20.0,15.0,0.5625,1.1475,1.99875,1.82625,3.3489,33.3792,58.6881,90.3105,676.0,1092.0,1950.0,1716.0,12.0,21.0,108.0,234.0,252.0,1.5625,5.625,11.475,14.2125,328.9699,786.576,1564.6962,2305.2576,1838.0,4896.0,8880.0,10860.0,53.0,120.0,234.0,354.0,354.0,1002.0,1806.0,2544.0,21.1453,59.8104,110.457,157.1982,0.735,2.905,2.345,1.5,14.5,15.5,-2.5,-1.0,1.5,-0.03,0.71,0.94,0.735,2.905,2.345,1.5,14.5,15.5,-2.5,-1.0,1.5,-0.03,0.71,0.94,-7.26,-10.11,-10.92,114.0,237.0,480.0,18.0,33.0,84.0,3.0,5.82,14.88,0,0,0,0,0,0,0,0,0,0,0,0,0,0,1,0,0,0,0,0,0,0,0,0,0,0,0,0,0,0,0,0,0,0,0,0,0,0,0,0,0,0,0,0,0,1,0,0,0,0,0,0
JIQDET04,6.0,6.0,325.621,719.8176,1170.072,1298.1822,1162.0,2712.0,3510.0,2976.0,52.0,108.0,180.0,210.0,288.0,708.0,948.0,936.0,19.5828,48.5604,70.632,70.2282,325.621,719.8176,1170.072,1298.1822,1162.0,2712.0,3510.0,2976.0,52.0,108.0,180.0,210.0,288.0,708.0,948.0,936.0,19.5828,48.5604,70.632,70.2282,9.2416,16.2488,32.756,34.4584,49.0,87.5,119.0,112.0,2.0,4.5,4.5,4.0,13.0,20.0,15.0,0.5625,1.1475,1.99875,1.82625,9.2416,16.2488,32.756,34.4584,49.0,87.5,119.0,112.0,2.0,4.5,4.5,4.0,13.0,20.0,15.0,0.5625,1.1475,1.99875,1.82625,3.3489,33.3792,58.6881,90.3105,676.0,1092.0,1950.0,1716.0,12.0,21.0,108.0,234.0,252.0,1.5625,5.625,11.475,14.2125,328.9699,786.576,1564.6962,2305.2576,1838.0,4896.0,8880.0,10860.0,53.0,120.0,234.0,354.0,354.0,1002.0,1806.0,2544.0,21.1453,59.8104,110.457,157.1982,0.735,2.905,2.345,1.5,14.5,15.5,-2.5,-1.0,1.5,-0.03,0.71,0.94,0.735,2.905,2.345,1.5,14.5,15.5,-2.5,-1.0,1.5,-0.03,0.71,0.94,-7.26,-10.11,-10.92,114.0,237.0,480.0,18.0,33.0,84.0,3.0,5.82,14.88,0,0,0,0,0,0,0,0,0,0,0,0,0,0,1,0,0,0,0,0,0,0,0,0,0,0,0,0,0,0,0,0,0,0,0,0,0,0,0,0,0,0,0,0,0,1,0,0,0,0,0,0
JOJQEE,3.0,3.0,295.2523,670.344,1054.235,1333.2384,1138.0,2748.0,3902.0,4170.0,49.0,106.0,168.0,218.0,274.0,690.0,988.0,1080.0,20.2969,50.9586,75.8456,86.7246,295.2523,670.344,1054.235,1333.2384,1138.0,2748.0,3902.0,4170.0,49.0,106.0,168.0,218.0,274.0,690.0,988.0,1080.0,20.2969,50.9586,75.8456,86.7246,9.2416,15.504,30.476,45.8736,49.0,84.0,150.5,189.0,2.0,4.0,6.0,4.0,12.0,22.0,26.0,0.5625,1.155,2.16,2.85,9.2416,15.504,30.830667,52.034667,49.0,84.0,162.166667,221.666667,2.0,4.0,6.666667,4.0,12.0,23.333333,28.666667,0.5625,1.155,2.26,3.225,3.3489,33.3792,55.998,73.383,676.0,1092.0,1872.0,2236.0,12.0,16.0,108.0,216.0,264.0,1.5625,5.625,11.55,14.4,593.8535,1407.4464,2497.714,3545.518,2952.0,7680.0,13018.0,16788.0,99.0,224.0,390.0,564.0,614.0,1668.0,2814.0,3724.0,42.1563,113.1672,191.6662,257.8092,0.98,2.135,3.15,2.0,6.5,15.0,-2.0,-3.0,-1.0,-0.04,0.12,0.7,0.98,2.018333,3.15,2.0,4.833333,15.0,-2.0,-3.666667,-1.0,-0.04,-0.013333,0.7,-7.26,-8.64,-10.82,114.0,240.0,330.0,18.0,36.0,52.0,3.0,5.76,8.48,0,0,0,0,0,0,0,0,0,0,1,0,0,0,0,0,0,0,0,0,0,0,0,0,0,0,0,0,0,0,0,0,0,0,0,0,1,0,0,0,0,0,0,0,0,0,0,0,0,0,0,0
JUVGUC,1.0,1.0,101.6964,217.7316,346.3596,341.837,348.0,786.0,948.0,608.0,16.0,32.0,54.0,58.0,86.0,208.0,256.0,204.0,5.7168,13.77,19.0838,16.4322,101.6964,217.7316,346.3596,341.837,348.0,786.0,948.0,608.0,16.0,32.0,54.0,58.0,86.0,208.0,256.0,204.0,5.7168,13.77,19.0838,16.4322,9.2416,16.9936,25.1712,7.752,49.0,91.0,105.0,42.0,2.0,3.0,1.0,4.0,10.0,12.0,8.0,0.5625,1.14,1.4025,0.5775,9.2416,16.9936,25.1712,7.752,49.0,91.0,105.0,42.0,2.0,3.0,1.0,4.0,10.0,12.0,8.0,0.5625,1.14,1.4025,0.5775,3.3489,33.3792,61.3782,90.9144,676.0,1092.0,2028.0,2340.0,12.0,18.0,108.0,180.0,216.0,1.5625,5.625,11.4,14.025,613.5273,1373.148,2478.162,3252.4668,2764.0,6900.0,11214.0,13788.0,97.0,204.0,378.0,504.0,582.0,1524.0,2238.0,2604.0,35.8633,93.87,154.1778,195.0432,0.49,0.84,0.49,1.0,6.0,1.0,-1.0,0.0,-2.0,-0.02,0.38,-0.02,0.49,0.84,0.49,1.0,6.0,1.0,-1.0,0.0,-2.0,-0.02,0.38,-0.02,-7.26,-11.58,-16.74,114.0,234.0,378.0,18.0,42.0,72.0,3.0,5.88,11.28,0,0,0,0,0,0,0,0,0,0,0,0,0,0,0,0,0,0,0,0,0,0,0,1,0,0,0,0,0,0,0,0,0,0,0,0,0,0,0,0,0,0,0,0,0,0,0,0,0,0,0,0
JUVHEN,1.0,1.0,69.3314,146.8416,210.8866,142.768,272.0,594.0,694.0,286.0,10.0,20.0,30.0,22.0,50.0,112.0,130.0,78.0,3.9834,9.1192,11.6222,7.3642,69.3314,146.8416,210.8866,142.768,272.0,594.0,694.0,286.0,10.0,20.0,30.0,22.0,50.0,112.0,130.0,78.0,3.9834,9.1192,11.6222,7.3642,9.2416,16.9936,25.1712,7.752,49.0,91.0,105.0,42.0,2.0,3.0,1.0,4.0,10.0,12.0,8.0,0.5625,1.14,1.4025,0.5775,9.2416,16.9936,25.1712,7.752,49.0,91.0,105.0,42.0,2.0,3.0,1.0,4.0,10.0,12.0,8.0,0.5625,1.14,1.4025,0.5775,3.3489,33.3792,61.3782,90.9144,676.0,1092.0,2028.0,2340.0,12.0,18.0,108.0,180.0,216.0,1.5625,5.625,11.4,14.025,419.3373,947.808,1665.324,2058.0528,2308.0,5748.0,9690.0,11856.0,61.0,132.0,234.0,288.0,366.0,948.0,1482.0,1848.0,25.4629,65.9652,109.4082,140.6352,0.49,0.84,0.49,1.0,6.0,1.0,-1.0,0.0,-2.0,-0.02,0.38,-0.02,0.49,0.84,0.49,1.0,6.0,1.0,-1.0,0.0,-2.0,-0.02,0.38,-0.02,-7.26,-11.58,-16.74,114.0,234.0,378.0,18.0,42.0,72.0,3.0,5.88,11.28,0,0,0,0,0,0,0,0,0,0,0,0,0,0,0,0,0,0,0,0,0,0,0,1,0,0,0,0,0,0,0,0,0,0,0,0,0,0,0,0,0,0,0,0,0,0,0,0,0,0,0,0
JUVHIR01,1.0,1.0,69.3314,146.8416,210.8866,142.768,272.0,594.0,694.0,286.0,10.0,20.0,30.0,22.0,50.0,112.0,130.0,78.0,3.9834,9.1192,11.6222,7.3642,69.3314,146.8416,210.8866,142.768,272.0,594.0,694.0,286.0,10.0,20.0,30.0,22.0,50.0,112.0,130.0,78.0,3.9834,9.1192,11.6222,7.3642,9.2416,16.9936,25.1712,7.752,49.0,91.0,105.0,42.0,2.0,3.0,1.0,4.0,10.0,12.0,8.0,0.5625,1.14,1.4025,0.5775,9.2416,16.9936,25.1712,7.752,49.0,91.0,105.0,42.0,2.0,3.0,1.0,4.0,10.0,12.0,8.0,0.5625,1.14,1.4025,0.5775,3.3489,33.3792,61.3782,90.9144,676.0,1092.0,2028.0,2340.0,12.0,18.0,108.0,180.0,216.0,1.5625,5.625,11.4,14.025,419.3373,947.808,1665.324,2058.0528,2308.0,5748.0,9690.0,11856.0,61.0,132.0,234.0,288.0,366.0,948.0,1482.0,1848.0,25.4629,65.9652,109.4082,140.6352,0.49,0.84,0.49,1.0,6.0,1.0,-1.0,0.0,-2.0,-0.02,0.38,-0.02,0.49,0.84,0.49,1.0,6.0,1.0,-1.0,0.0,-2.0,-0.02,0.38,-0.02,-7.26,-11.58,-16.74,114.0,234.0,378.0,18.0,42.0,72.0,3.0,5.88,11.28,0,0,0,0,0,0,0,0,0,0,0,0,0,0,0,1,0,0,0,0,0,0,0,0,0,0,0,0,0,0,0,0,0,0,0,0,0,0,0,0,0,0,0,0,0,0,0,0,0,0,0,0
JUVHIR03,1.0,1.0,69.3314,146.8416,210.8866,142.768,272.0,594.0,694.0,286.0,10.0,20.0,30.0,22.0,50.0,112.0,130.0,78.0,3.9834,9.1192,11.6222,7.3642,69.3314,146.8416,210.8866,142.768,272.0,594.0,694.0,286.0,10.0,20.0,30.0,22.0,50.0,112.0,130.0,78.0,3.9834,9.1192,11.6222,7.3642,9.2416,16.9936,25.1712,7.752,49.0,91.0,105.0,42.0,2.0,3.0,1.0,4.0,10.0,12.0,8.0,0.5625,1.14,1.4025,0.5775,9.2416,16.9936,25.1712,7.752,49.0,91.0,105.0,42.0,2.0,3.0,1.0,4.0,10.0,12.0,8.0,0.5625,1.14,1.4025,0.5775,3.3489,33.3792,61.3782,90.9144,676.0,1092.0,2028.0,2340.0,12.0,18.0,108.0,180.0,216.0,1.5625,5.625,11.4,14.025,419.3373,947.808,1665.324,2058.0528,2308.0,5748.0,9690.0,11856.0,61.0,132.0,234.0,288.0,366.0,948.0,1482.0,1848.0,25.4629,65.9652,109.4082,140.6352,0.49,0.84,0.49,1.0,6.0,1.0,-1.0,0.0,-2.0,-0.02,0.38,-0.02,0.49,0.84,0.49,1.0,6.0,1.0,-1.0,0.0,-2.0,-0.02,0.38,-0.02,-7.26,-11.58,-16.74,114.0,234.0,378.0,18.0,42.0,72.0,3.0,5.88,11.28,0,0,0,0,0,0,0,0,0,0,0,0,0,0,0,1,0,0,0,0,0,0,0,0,0,0,0,0,0,0,0,0,0,0,0,0,0,0,0,0,0,0,0,0,0,0,0,0,0,0,0,0
KABYER,2.0,2.0,154.5932,339.711,539.446,615.3242,542.0,1272.0,1744.0,1862.0,26.0,54.0,88.0,100.0,142.0,342.0,464.0,510.0,9.8826,24.5014,35.4008,39.3508,154.5932,339.711,539.446,615.3242,542.0,1272.0,1744.0,1862.0,26.0,54.0,88.0,100.0,142.0,342.0,464.0,510.0,9.8826,24.5014,35.4008,39.3508,9.2416,15.504,29.944,39.1856,49.0,84.0,133.0,182.0,2.0,4.0,5.0,4.0,12.0,20.0,26.0,0.5625,1.155,2.01,2.5725,9.2416,15.504,29.944,39.1856,49.0,84.0,133.0,182.0,2.0,4.0,5.0,4.0,12.0,20.0,26.0,0.5625,1.155,2.01,2.5725,3.3489,33.3792,55.998,80.154,676.0,1092.0,1872.0,2028.0,12.0,18.0,108.0,216.0,252.0,1.5625,5.625,11.55,14.325,467.1285,1085.8914,2007.582,2788.047,2302.0,6000.0,10446.0,13884.0,79.0,174.0,318.0,438.0,492.0,1314.0,2214.0,3114.0,31.2103,84.7542,146.1774,205.6974,0.98,2.31,2.31,2.0,9.0,9.0,-2.0,-2.0,-3.0,-0.04,0.32,0.32,0.98,2.31,2.31,2.0,9.0,9.0,-2.0,-2.0,-3.0,-0.04,0.32,0.32,-7.26,-8.64,-10.86,114.0,240.0,390.0,18.0,36.0,66.0,3.0,5.76,11.04,0,0,0,0,0,0,0,0,0,0,0,0,0,0,0,0,0,0,0,0,0,0,0,1,0,0,0,0,0,0,0,0,0,0,0,0,0,0,0,0,0,0,0,0,0,0,0,0,0,0,0,0
KALWUR,3.0,3.0,193.6605,436.2224,690.916,759.2744,726.0,1724.0,2464.0,2252.0,31.0,66.0,108.0,118.0,174.0,426.0,596.0,580.0,12.2999,30.7874,45.7188,46.6178,193.6605,436.2224,690.916,759.2744,726.0,1724.0,2464.0,2252.0,31.0,66.0,108.0,118.0,174.0,426.0,596.0,580.0,12.2999,30.7874,45.7188,46.6178,9.2416,16.9936,29.944,31.4336,49.0,91.0,133.0,140.0,2.0,4.0,4.0,4.0,12.0,20.0,20.0,0.5625,1.14,2.01,1.995,9.2416,16.000533,30.653333,47.221333,49.0,86.333333,156.333333,205.333333,2.0,4.0,6.0,4.0,12.0,22.666667,26.666667,0.5625,1.15,2.21,2.94,3.3489,33.3792,59.5848,72.102,676.0,1092.0,1976.0,1976.0,12.0,16.0,108.0,216.0,240.0,1.5625,5.625,11.45,13.4,390.6699,939.2032,1778.2496,2454.612,2128.0,5632.0,10350.0,12712.0,63.0,144.0,270.0,364.0,414.0,1140.0,2022.0,2652.0,26.1623,72.8248,131.2126,174.9956,0.49,2.31,1.82,1.0,9.0,8.0,-2.0,-2.0,-2.0,-0.02,0.32,0.34,0.816667,2.076667,2.706667,1.666667,5.666667,12.666667,-2.0,-3.333333,-1.333333,-0.033333,0.053333,0.58,-7.26,-10.6,-10.12,114.0,236.0,340.0,18.0,36.0,56.0,3.0,5.84,9.28,0,0,0,0,0,0,0,0,0,0,0,0,0,0,0,1,0,0,0,0,0,0,0,0,0,0,0,0,0,0,0,0,0,0,0,0,0,0,0,0,0,0,0,0,0,0,0,0,0,1,0,0
KALXAY,3.0,3.0,193.6605,436.2224,690.916,759.2744,726.0,1724.0,2464.0,2252.0,31.0,66.0,108.0,118.0,174.0,426.0,596.0,580.0,12.2999,30.7874,45.7188,46.6178,193.6605,436.2224,690.916,759.2744,726.0,1724.0,2464.0,2252.0,31.0,66.0,108.0,118.0,174.0,426.0,596.0,580.0,12.2999,30.7874,45.7188,46.6178,9.2416,16.9936,29.944,31.4336,49.0,91.0,133.0,140.0,2.0,4.0,4.0,4.0,12.0,20.0,20.0,0.5625,1.14,2.01,1.995,9.2416,16.000533,30.653333,47.221333,49.0,86.333333,156.333333,205.333333,2.0,4.0,6.0,4.0,12.0,22.666667,26.666667,0.5625,1.15,2.21,2.94,3.3489,33.3792,59.5848,72.102,676.0,1092.0,1976.0,1976.0,12.0,16.0,108.0,216.0,240.0,1.5625,5.625,11.45,13.4,390.6699,939.2032,1778.2496,2454.612,2128.0,5632.0,10350.0,12712.0,63.0,144.0,270.0,364.0,414.0,1140.0,2022.0,2652.0,26.1623,72.8248,131.2126,174.9956,0.49,2.31,1.82,1.0,9.0,8.0,-2.0,-2.0,-2.0,-0.02,0.32,0.34,0.816667,2.076667,2.706667,1.666667,5.666667,12.666667,-2.0,-3.333333,-1.333333,-0.033333,0.053333,0.58,-7.26,-10.6,-10.12,114.0,236.0,340.0,18.0,36.0,56.0,3.0,5.84,9.28,0,0,0,0,0,0,0,0,0,0,0,0,0,0,0,1,0,0,0,0,0,0,0,0,0,0,0,0,0,0,0,0,0,0,0,0,0,0,0,0,0,0,0,0,0,0,0,0,0,0,0,0
KALXAY01,3.0,3.0,193.6605,436.2224,690.916,759.2744,726.0,1724.0,2464.0,2252.0,31.0,66.0,108.0,118.0,174.0,426.0,596.0,580.0,12.2999,30.7874,45.7188,46.6178,193.6605,436.2224,690.916,759.2744,726.0,1724.0,2464.0,2252.0,31.0,66.0,108.0,118.0,174.0,426.0,596.0,580.0,12.2999,30.7874,45.7188,46.6178,9.2416,16.9936,29.944,31.4336,49.0,91.0,133.0,140.0,2.0,4.0,4.0,4.0,12.0,20.0,20.0,0.5625,1.14,2.01,1.995,9.2416,16.000533,30.653333,47.221333,49.0,86.333333,156.333333,205.333333,2.0,4.0,6.0,4.0,12.0,22.666667,26.666667,0.5625,1.15,2.21,2.94,3.3489,33.3792,59.5848,72.102,676.0,1092.0,1976.0,1976.0,12.0,16.0,108.0,216.0,240.0,1.5625,5.625,11.45,13.4,390.6699,939.2032,1778.2496,2454.612,2128.0,5632.0,10350.0,12712.0,63.0,144.0,270.0,364.0,414.0,1140.0,2022.0,2652.0,26.1623,72.8248,131.2126,174.9956,0.49,2.31,1.82,1.0,9.0,8.0,-2.0,-2.0,-2.0,-0.02,0.32,0.34,0.816667,2.076667,2.706667,1.666667,5.666667,12.666667,-2.0,-3.333333,-1.333333,-0.033333,0.053333,0.58,-7.26,-10.6,-10.12,114.0,236.0,340.0,18.0,36.0,56.0,3.0,5.84,9.28,0,0,0,0,0,0,0,0,0,0,0,0,0,0,0,1,0,0,0,0,0,0,0,0,0,0,0,0,0,0,0,0,0,0,0,0,0,0,0,0,0,0,0,0,0,0,0,0,0,0,0,0
KEKVIF,2.0,1.5,135.2332,307.836,484.936,583.6942,538.0,1296.0,1852.0,1936.0,22.0,48.0,76.0,94.0,124.0,312.0,452.0,476.0,9.335,23.408,34.99,38.5774,78.81685,168.249,250.3112,291.8471,439.5,786.0,1038.0,968.0,12.5,26.0,39.0,47.0,65.0,160.0,227.0,238.0,5.7654,13.0669,18.26,19.2887,9.2416,15.504,29.944,39.1856,49.0,84.0,133.0,182.0,2.0,4.0,5.0,4.0,12.0,20.0,24.0,0.5625,1.155,2.01,2.5725,9.2416,11.628,18.8936,19.5928,49.0,63.0,122.5,91.0,1.5,2.5,2.5,2.5,7.0,10.5,12.0,0.5625,0.86625,1.3875,1.28625,3.3489,33.3792,46.665,62.8788,676.0,1092.0,1560.0,2184.0,10.0,14.0,96.0,168.0,180.0,1.5625,5.625,9.625,12.1,318.6163,739.7544,1371.8228,1969.3636,2434.0,5328.0,8742.0,11908.0,51.0,116.0,206.0,304.0,322.0,888.0,1540.0,2040.0,24.6241,63.5176,109.165,152.2348,0.98,2.31,2.31,2.0,9.0,9.0,-2.0,-2.0,-2.0,-0.04,0.32,0.32,0.735,1.385,1.155,1.5,0.0,4.5,-1.5,-1.0,-1.0,-0.03,0.025,0.16,-7.26,-7.2,-8.74,114.0,200.0,280.0,20.0,32.0,54.0,3.0,4.8,7.82,0,0,0,0,0,0,0,0,0,0,0,0,0,0,0,0,0,0,0,0,0,0,0,0,0,0,0,0,0,0,0,0,0,0,0,0,0,0,0,0,0,0,0,0,0,0,0,0,0,0,0,0
KEKVIF01,2.0,1.5,135.2332,307.836,484.936,583.6942,538.0,1296.0,1852.0,1936.0,22.0,48.0,76.0,94.0,124.0,312.0,452.0,476.0,9.335,23.408,34.99,38.5774,78.81685,168.249,250.3112,291.8471,439.5,786.0,1038.0,968.0,12.5,26.0,39.0,47.0,65.0,160.0,227.0,238.0,5.7654,13.0669,18.26,19.2887,9.2416,15.504,29.944,39.1856,49.0,84.0,133.0,182.0,2.0,4.0,5.0,4.0,12.0,20.0,24.0,0.5625,1.155,2.01,2.5725,9.2416,11.628,18.8936,19.5928,49.0,63.0,122.5,91.0,1.5,2.5,2.5,2.5,7.0,10.5,12.0,0.5625,0.86625,1.3875,1.28625,3.3489,33.3792,46.665,62.8788,676.0,1092.0,1560.0,2184.0,10.0,14.0,96.0,168.0,180.0,1.5625,5.625,9.625,12.1,318.6163,739.7544,1371.8228,1969.3636,2434.0,5328.0,8742.0,11908.0,51.0,116.0,206.0,304.0,322.0,888.0,1540.0,2040.0,24.6241,63.5176,109.165,152.2348,0.98,2.31,2.31,2.0,9.0,9.0,-2.0,-2.0,-2.0,-0.04,0.32,0.32,0.735,1.385,1.155,1.5,0.0,4.5,-1.5,-1.0,-1.0,-0.03,0.025,0.16,-7.26,-7.2,-8.74,114.0,200.0,280.0,20.0,32.0,54.0,3.0,4.8,7.82,0,0,0,0,0,0,0,0,0,0,0,0,0,0,0,0,0,0,0,0,0,0,0,0,0,0,0,0,0,0,0,0,0,0,0,0,0,0,0,0,0,0,0,0,0,0,0,0,0,0,0,0
KEZPEK,6.0,6.0,360.0346,804.321,1338.098,1676.188,1258.0,3024.0,4100.0,4210.0,60.0,126.0,212.0,274.0,338.0,848.0,1204.0,1378.0,22.6236,57.0262,84.9356,97.7362,360.0346,804.321,1338.098,1676.188,1258.0,3024.0,4100.0,4210.0,60.0,126.0,212.0,274.0,338.0,848.0,1204.0,1378.0,22.6236,57.0262,84.9356,97.7362,9.2416,19.38,46.664,50.1752,49.0,105.0,150.5,182.0,2.5,6.5,6.5,6.5,24.0,35.0,32.5,0.5625,1.44375,2.70375,2.82375,9.2416,17.442,38.304,46.9604,49.0,94.5,141.75,150.5,2.25,5.25,6.25,5.25,18.0,28.5,26.25,0.5625,1.299375,2.356875,2.536875,3.3489,33.3792,65.331,101.748,676.0,1092.0,2184.0,1664.0,14.0,24.0,120.0,288.0,240.0,1.5625,5.625,13.475,15.1,363.3835,871.0794,1746.008,2717.508,1934.0,5208.0,9938.0,12088.0,61.0,138.0,270.0,432.0,408.0,1184.0,2264.0,3208.0,24.1861,68.2762,128.7606,191.6112,1.225,4.41,3.255,2.5,24.0,19.5,-2.5,4.0,4.0,-0.05,1.27,1.11,1.1025,3.36,3.5525,2.25,16.5,22.25,-2.25,0.5,3.0,-0.045,0.795,1.305,-7.26,-10.08,-11.68,114.0,280.0,560.0,16.0,36.0,104.0,3.0,6.72,17.92,0,0,0,0,0,0,0,0,0,0,0,0,0,0,0,0,0,0,0,0,0,0,0,1,0,0,0,0,0,0,0,0,0,0,0,0,0,0,0,0,0,0,0,0,0,0,0,0,0,0,0,0
KEZPIO,6.0,6.0,360.0346,804.321,1338.098,1676.188,1258.0,3024.0,4100.0,4210.0,60.0,126.0,212.0,274.0,338.0,848.0,1204.0,1378.0,22.6236,57.0262,84.9356,97.7362,360.0346,804.321,1338.098,1676.188,1258.0,3024.0,4100.0,4210.0,60.0,126.0,212.0,274.0,338.0,848.0,1204.0,1378.0,22.6236,57.0262,84.9356,97.7362,9.2416,19.38,46.664,50.1752,49.0,105.0,150.5,182.0,2.5,6.5,6.5,6.5,24.0,35.0,32.5,0.5625,1.44375,2.70375,2.82375,9.2416,17.442,38.304,46.9604,49.0,94.5,141.75,150.5,2.25,5.25,6.25,5.25,18.0,28.5,26.25,0.5625,1.299375,2.356875,2.536875,3.3489,33.3792,65.331,101.748,676.0,1092.0,2184.0,1664.0,14.0,24.0,120.0,288.0,240.0,1.5625,5.625,13.475,15.1,363.3835,871.0794,1746.008,2717.508,1934.0,5208.0,9938.0,12088.0,61.0,138.0,270.0,432.0,408.0,1184.0,2264.0,3208.0,24.1861,68.2762,128.7606,191.6112,1.225,4.41,3.255,2.5,24.0,19.5,-2.5,4.0,4.0,-0.05,1.27,1.11,1.1025,3.36,3.5525,2.25,16.5,22.25,-2.25,0.5,3.0,-0.045,0.795,1.305,-7.26,-10.08,-11.68,114.0,280.0,560.0,16.0,36.0,104.0,3.0,6.72,17.92,0,0,0,0,0,0,0,0,0,0,0,0,0,0,0,0,0,0,0,0,0,0,0,1,0,0,0,0,0,0,0,0,0,0,0,0,0,0,0,0,0,0,0,0,0,0,0,0,0,1,0,0
KEZPIO01,6.0,6.0,360.0346,804.321,1338.098,1676.188,1258.0,3024.0,4100.0,4210.0,60.0,126.0,212.0,274.0,338.0,848.0,1204.0,1378.0,22.6236,57.0262,84.9356,97.7362,360.0346,804.321,1338.098,1676.188,1258.0,3024.0,4100.0,4210.0,60.0,126.0,212.0,274.0,338.0,848.0,1204.0,1378.0,22.6236,57.0262,84.9356,97.7362,9.2416,19.38,46.664,50.1752,49.0,105.0,150.5,182.0,2.5,6.5,6.5,6.5,24.0,35.0,32.5,0.5625,1.44375,2.70375,2.82375,9.2416,17.442,38.304,46.9604,49.0,94.5,141.75,150.5,2.25,5.25,6.25,5.25,18.0,28.5,26.25,0.5625,1.299375,2.356875,2.536875,3.3489,33.3792,65.331,101.748,676.0,1092.0,2184.0,1664.0,14.0,24.0,120.0,288.0,240.0,1.5625,5.625,13.475,15.1,363.3835,871.0794,1746.008,2717.508,1934.0,5208.0,9938.0,12088.0,61.0,138.0,270.0,432.0,408.0,1184.0,2264.0,3208.0,24.1861,68.2762,128.7606,191.6112,1.225,4.41,3.255,2.5,24.0,19.5,-2.5,4.0,4.0,-0.05,1.27,1.11,1.1025,3.36,3.5525,2.25,16.5,22.25,-2.25,0.5,3.0,-0.045,0.795,1.305,-7.26,-10.08,-11.68,114.0,280.0,560.0,16.0,36.0,104.0,3.0,6.72,17.92,0,0,0,0,0,0,0,0,0,0,0,0,0,0,0,0,0,0,0,0,0,0,0,1,0,0,0,0,0,0,0,0,0,0,0,0,0,0,0,0,0,0,0,0,0,0,0,0,0,1,0,0
KIFLOD,6.0,6.0,385.7496,873.069,1590.608,2166.536,1194.0,3000.0,4184.0,4814.0,66.0,138.0,256.0,362.0,394.0,1024.0,1508.0,1918.0,22.533,59.1514,93.7232,119.825,385.7496,873.069,1590.608,2166.536,1194.0,3000.0,4184.0,4814.0,66.0,138.0,256.0,362.0,394.0,1024.0,1508.0,1918.0,22.533,59.1514,93.7232,119.825,9.2416,19.38,46.664,55.0544,49.0,105.0,150.5,150.5,2.5,6.5,7.5,6.5,24.0,38.0,34.0,0.5625,1.44375,2.70375,2.80875,9.2416,21.318,55.024,57.8968,49.0,115.5,159.25,180.25,2.75,7.75,7.75,7.75,30.0,44.5,41.0,0.5625,1.588125,3.050625,3.099375,3.3489,33.3792,74.664,132.675,676.0,1092.0,2496.0,1612.0,16.0,32.0,132.0,360.0,276.0,1.5625,5.625,15.4,17.8,389.0985,939.8274,2017.184,3362.734,1870.0,5184.0,10646.0,13092.0,67.0,150.0,318.0,548.0,468.0,1408.0,2814.0,4272.0,24.0955,70.4014,141.3982,226.03,1.225,4.41,4.69,2.5,24.0,31.0,-2.5,3.0,6.5,-0.05,1.27,1.88,1.3475,5.46,4.515,2.75,31.5,28.5,-2.75,6.5,7.25,-0.055,1.745,1.68,-7.26,-11.52,-13.94,114.0,320.0,770.0,14.0,36.0,146.0,3.0,7.68,25.76,0,0,0,0,0,0,0,0,0,1,0,0,0,0,0,0,0,0,0,0,0,0,0,0,0,0,0,0,0,0,0,0,0,0,0,0,0,0,0,0,0,0,0,0,0,0,0,0,0,0,0,0
KIFLUJ,6.0,6.0,385.7496,873.069,1590.608,2166.536,1194.0,3000.0,4184.0,4814.0,66.0,138.0,256.0,362.0,394.0,1024.0,1508.0,1918.0,22.533,59.1514,93.7232,119.825,385.7496,873.069,1590.608,2166.536,1194.0,3000.0,4184.0,4814.0,66.0,138.0,256.0,362.0,394.0,1024.0,1508.0,1918.0,22.533,59.1514,93.7232,119.825,9.2416,19.38,46.664,55.0544,49.0,105.0,150.5,150.5,2.5,6.5,7.5,6.5,24.0,38.0,34.0,0.5625,1.44375,2.70375,2.80875,9.2416,21.318,55.024,57.8968,49.0,115.5,159.25,180.25,2.75,7.75,7.75,7.75,30.0,44.5,41.0,0.5625,1.588125,3.050625,3.099375,3.3489,33.3792,74.664,132.675,676.0,1092.0,2496.0,1612.0,16.0,32.0,132.0,360.0,276.0,1.5625,5.625,15.4,17.8,389.0985,939.8274,2017.184,3362.734,1870.0,5184.0,10646.0,13092.0,67.0,150.0,318.0,548.0,468.0,1408.0,2814.0,4272.0,24.0955,70.4014,141.3982,226.03,1.225,4.41,4.69,2.5,24.0,31.0,-2.5,3.0,6.5,-0.05,1.27,1.88,1.3475,5.46,4.515,2.75,31.5,28.5,-2.75,6.5,7.25,-0.055,1.745,1.68,-7.26,-11.52,-13.94,114.0,320.0,770.0,14.0,36.0,146.0,3.0,7.68,25.76,0,0,0,0,0,0,0,0,0,0,0,0,0,0,0,0,0,0,0,1,0,0,0,0,0,0,0,0,0,0,0,0,0,0,0,0,0,0,0,0,0,0,0,0,0,0,0,0,0,1,0,0
KIFMAQ,6.0,6.0,385.7496,873.069,1590.608,2166.536,1194.0,3000.0,4184.0,4814.0,66.0,138.0,256.0,362.0,394.0,1024.0,1508.0,1918.0,22.533,59.1514,93.7232,119.825,385.7496,873.069,1590.608,2166.536,1194.0,3000.0,4184.0,4814.0,66.0,138.0,256.0,362.0,394.0,1024.0,1508.0,1918.0,22.533,59.1514,93.7232,119.825,9.2416,19.38,46.664,55.0544,49.0,105.0,150.5,150.5,2.5,6.5,7.5,6.5,24.0,38.0,34.0,0.5625,1.44375,2.70375,2.80875,9.2416,21.318,55.024,57.8968,49.0,115.5,159.25,180.25,2.75,7.75,7.75,7.75,30.0,44.5,41.0,0.5625,1.588125,3.050625,3.099375,3.3489,33.3792,74.664,132.675,676.0,1092.0,2496.0,1612.0,16.0,32.0,132.0,360.0,276.0,1.5625,5.625,15.4,17.8,389.0985,939.8274,2017.184,3362.734,1870.0,5184.0,10646.0,13092.0,67.0,150.0,318.0,548.0,468.0,1408.0,2814.0,4272.0,24.0955,70.4014,141.3982,226.03,1.225,4.41,4.69,2.5,24.0,31.0,-2.5,3.0,6.5,-0.05,1.27,1.88,1.3475,5.46,4.515,2.75,31.5,28.5,-2.75,6.5,7.25,-0.055,1.745,1.68,-7.26,-11.52,-13.94,114.0,320.0,770.0,14.0,36.0,146.0,3.0,7.68,25.76,0,0,0,0,0,0,0,0,0,0,0,0,0,0,0,1,0,0,0,0,0,0,0,0,0,0,0,0,0,0,0,0,0,0,0,0,0,0,0,0,0,0,0,0,0,0,0,0,0,0,0,0
KIFMAQ01,6.0,6.0,385.7496,873.069,1590.608,2166.536,1194.0,3000.0,4184.0,4814.0,66.0,138.0,256.0,362.0,394.0,1024.0,1508.0,1918.0,22.533,59.1514,93.7232,119.825,385.7496,873.069,1590.608,2166.536,1194.0,3000.0,4184.0,4814.0,66.0,138.0,256.0,362.0,394.0,1024.0,1508.0,1918.0,22.533,59.1514,93.7232,119.825,9.2416,19.38,46.664,55.0544,49.0,105.0,150.5,150.5,2.5,6.5,7.5,6.5,24.0,38.0,34.0,0.5625,1.44375,2.70375,2.80875,9.2416,21.318,55.024,57.8968,49.0,115.5,159.25,180.25,2.75,7.75,7.75,7.75,30.0,44.5,41.0,0.5625,1.588125,3.050625,3.099375,3.3489,33.3792,74.664,132.675,676.0,1092.0,2496.0,1612.0,16.0,32.0,132.0,360.0,276.0,1.5625,5.625,15.4,17.8,389.0985,939.8274,2017.184,3362.734,1870.0,5184.0,10646.0,13092.0,67.0,150.0,318.0,548.0,468.0,1408.0,2814.0,4272.0,24.0955,70.4014,141.3982,226.03,1.225,4.41,4.69,2.5,24.0,31.0,-2.5,3.0,6.5,-0.05,1.27,1.88,1.3475,5.46,4.515,2.75,31.5,28.5,-2.75,6.5,7.25,-0.055,1.745,1.68,-7.26,-11.52,-13.94,114.0,320.0,770.0,14.0,36.0,146.0,3.0,7.68,25.76,0,0,0,0,0,0,0,0,0,0,0,0,0,0,0,1,0,0,0,0,0,0,0,0,0,0,0,0,0,0,0,0,0,0,0,0,0,0,0,0,0,0,0,0,0,0,0,0,0,0,0,0
KOKKUR,3.0,3.0,186.0814,417.7112,660.357,765.0754,712.0,1694.0,2328.0,2140.0,30.0,64.0,102.0,122.0,166.0,412.0,570.0,564.0,12.1934,30.2772,44.3054,45.7378,186.0814,417.7112,660.357,765.0754,712.0,1694.0,2328.0,2140.0,30.0,64.0,102.0,122.0,166.0,412.0,570.0,564.0,12.1934,30.2772,44.3054,45.7378,9.2416,15.504,29.944,40.9336,49.0,84.0,133.0,133.0,2.0,4.0,5.5,4.0,12.0,21.0,20.0,0.5625,1.155,2.01,2.26125,9.2416,16.497067,30.653333,47.976267,49.0,88.666667,156.333333,151.666667,2.0,4.0,6.5,4.0,12.0,24.333333,22.666667,0.5625,1.145,2.21,2.63875,3.3489,33.3792,57.7914,81.435,676.0,1092.0,1924.0,2288.0,12.0,18.0,108.0,216.0,288.0,1.5625,5.625,11.5,15.325,375.5117,902.1808,1713.5448,2486.096,2100.0,5572.0,9974.0,13140.0,61.0,140.0,258.0,380.0,398.0,1112.0,1978.0,2736.0,25.9493,71.8044,128.4858,179.6956,0.98,2.31,3.255,2.0,9.0,19.5,-2.0,-2.5,1.0,-0.04,0.32,1.11,0.653333,2.076667,3.978333,1.333333,5.666667,23.833333,-2.0,-4.166667,1.666667,-0.026667,0.053333,1.356667,-7.26,-9.62,-11.56,114.0,238.0,380.0,18.0,36.0,60.0,3.0,5.8,10.24,0,0,0,0,0,0,0,0,0,0,0,0,0,0,0,0,0,0,0,0,0,0,0,1,0,0,0,0,0,0,0,0,0,0,0,0,0,0,0,0,0,0,0,0,0,0,0,1,0,0,0,0
KOKKUR02,3.0,3.0,186.0814,417.7112,660.357,765.0754,712.0,1694.0,2328.0,2140.0,30.0,64.0,102.0,122.0,166.0,412.0,570.0,564.0,12.1934,30.2772,44.3054,45.7378,186.0814,417.7112,660.357,765.0754,712.0,1694.0,2328.0,2140.0,30.0,64.0,102.0,122.0,166.0,412.0,570.0,564.0,12.1934,30.2772,44.3054,45.7378,9.2416,15.504,29.944,40.9336,49.0,84.0,133.0,133.0,2.0,4.0,5.5,4.0,12.0,21.0,20.0,0.5625,1.155,2.01,2.26125,9.2416,16.497067,30.653333,47.976267,49.0,88.666667,156.333333,151.666667,2.0,4.0,6.5,4.0,12.0,24.333333,22.666667,0.5625,1.145,2.21,2.63875,3.3489,33.3792,57.7914,81.435,676.0,1092.0,1924.0,2288.0,12.0,18.0,108.0,216.0,288.0,1.5625,5.625,11.5,15.325,375.5117,902.1808,1713.5448,2486.096,2100.0,5572.0,9974.0,13140.0,61.0,140.0,258.0,380.0,398.0,1112.0,1978.0,2736.0,25.9493,71.8044,128.4858,179.6956,0.98,2.31,3.255,2.0,9.0,19.5,-2.0,-2.5,1.0,-0.04,0.32,1.11,0.653333,2.076667,3.978333,1.333333,5.666667,23.833333,-2.0,-4.166667,1.666667,-0.026667,0.053333,1.356667,-7.26,-9.62,-11.56,114.0,238.0,380.0,18.0,36.0,60.0,3.0,5.8,10.24,0,0,0,0,0,0,0,0,0,0,0,0,0,0,0,0,0,0,0,0,0,0,0,1,0,0,0,0,0,0,0,0,0,0,0,0,0,0,0,0,0,0,0,0,0,0,0,1,0,0,0,0
KUHRUC,1.0,4.0,22.4005,28.662,15.6864,0.0,341.0,276.0,224.0,0.0,3.0,4.0,2.0,0.0,6.0,8.0,2.0,0.0,2.1958,2.7258,1.53,0.0,295.3046,661.855,1046.9808,1269.8022,1106.0,2620.0,3720.0,3834.0,48.0,102.0,164.0,200.0,266.0,654.0,908.0,982.0,19.1568,47.7566,70.1156,78.96,9.2416,7.752,7.8432,0.0,49.0,42.0,112.0,0.0,1.0,1.0,0.0,1.0,2.0,1.0,0.0,0.5625,0.5775,0.765,0.0,9.2416,15.504,31.9656,44.5968,49.0,84.0,157.5,168.0,2.0,4.0,6.0,4.0,12.0,22.0,26.0,0.5625,1.155,2.145,2.7075,3.3489,33.3792,46.665,65.9532,676.0,1092.0,1560.0,2496.0,10.0,14.0,96.0,168.0,204.0,1.5625,5.625,9.625,13.05,343.4545,785.9374,1448.9316,2065.4014,2464.0,5356.0,8758.0,12424.0,55.0,122.0,218.0,314.0,340.0,918.0,1552.0,2106.0,25.1109,64.4582,109.3006,154.755,0.49,0.46,0.0,1.0,-9.0,0.0,-1.0,0.0,0.0,-0.02,-0.27,0.0,0.98,1.645,3.57,2.0,5.5,18.0,-2.0,-3.0,-1.0,-0.04,0.14,0.89,-7.26,-7.2,-10.42,114.0,200.0,268.0,20.0,32.0,50.0,3.0,4.8,7.06,0,0,0,0,0,0,0,0,0,0,0,0,0,0,0,0,0,0,0,0,0,0,0,0,0,0,0,0,0,0,0,0,0,0,0,0,0,0,0,0,0,0,0,0,0,0,0,0,0,0,0,0
KULTAO04,2.0,1.5,267.7776,570.602,975.7596,1127.8582,1170.0,2570.0,4200.0,4390.0,38.0,84.0,138.0,170.0,222.0,564.0,842.0,948.0,17.1262,42.4892,66.9982,76.0086,145.08905,299.632,495.723,563.9291,755.5,1423.0,2212.0,2195.0,20.5,44.0,70.0,85.0,114.0,286.0,422.0,474.0,9.661,22.6075,34.2641,38.0043,9.2416,15.504,29.944,39.1856,49.0,84.0,133.0,182.0,2.0,4.0,5.0,4.0,12.0,20.0,24.0,0.5625,1.155,2.01,2.5725,9.2416,11.628,18.8936,19.5928,49.0,63.0,122.5,91.0,1.5,2.5,2.5,2.5,7.0,10.5,12.0,0.5625,0.86625,1.3875,1.28625,3.3489,33.3792,46.665,62.8788,676.0,1092.0,1560.0,2184.0,10.0,14.0,96.0,168.0,180.0,1.5625,5.625,9.625,12.1,583.7051,1265.2864,2353.47,3057.6916,3698.0,7876.0,13438.0,16816.0,83.0,188.0,330.0,456.0,518.0,1392.0,2320.0,2984.0,40.2065,101.68,173.1814,227.0972,0.98,2.31,2.31,2.0,9.0,9.0,-2.0,-2.0,-2.0,-0.04,0.32,0.32,0.735,1.385,1.155,1.5,0.0,4.5,-1.5,-1.0,-1.0,-0.03,0.025,0.16,-7.26,-7.2,-8.74,114.0,200.0,280.0,20.0,32.0,54.0,3.0,4.8,7.82,0,0,0,0,0,0,0,0,0,0,0,0,0,0,0,0,0,0,0,0,0,0,0,0,0,0,0,0,0,0,0,0,0,0,0,0,0,0,0,0,0,0,0,0,0,0,0,0,0,0,0,0
KULTAO05,2.0,1.5,267.7776,570.602,975.7596,1127.8582,1170.0,2570.0,4200.0,4390.0,38.0,84.0,138.0,170.0,222.0,564.0,842.0,948.0,17.1262,42.4892,66.9982,76.0086,145.08905,299.632,495.723,563.9291,755.5,1423.0,2212.0,2195.0,20.5,44.0,70.0,85.0,114.0,286.0,422.0,474.0,9.661,22.6075,34.2641,38.0043,9.2416,15.504,29.944,39.1856,49.0,84.0,133.0,182.0,2.0,4.0,5.0,4.0,12.0,20.0,24.0,0.5625,1.155,2.01,2.5725,9.2416,11.628,18.8936,19.5928,49.0,63.0,122.5,91.0,1.5,2.5,2.5,2.5,7.0,10.5,12.0,0.5625,0.86625,1.3875,1.28625,3.3489,33.3792,46.665,62.8788,676.0,1092.0,1560.0,2184.0,10.0,14.0,96.0,168.0,180.0,1.5625,5.625,9.625,12.1,583.7051,1265.2864,2353.47,3057.6916,3698.0,7876.0,13438.0,16816.0,83.0,188.0,330.0,456.0,518.0,1392.0,2320.0,2984.0,40.2065,101.68,173.1814,227.0972,0.98,2.31,2.31,2.0,9.0,9.0,-2.0,-2.0,-2.0,-0.04,0.32,0.32,0.735,1.385,1.155,1.5,0.0,4.5,-1.5,-1.0,-1.0,-0.03,0.025,0.16,-7.26,-7.2,-8.74,114.0,200.0,280.0,20.0,32.0,54.0,3.0,4.8,7.82,0,0,0,0,0,0,0,0,0,0,0,0,0,0,0,0,0,0,0,0,0,0,0,0,0,0,0,0,0,0,0,0,0,0,0,0,0,0,0,0,0,0,0,0,0,0,0,0,0,0,0,0
LAGJEK01,1.0,1.0,69.3314,146.8416,210.8866,142.768,272.0,594.0,694.0,286.0,10.0,20.0,30.0,22.0,50.0,112.0,130.0,78.0,3.9834,9.1192,11.6222,7.3642,69.3314,146.8416,210.8866,142.768,272.0,594.0,694.0,286.0,10.0,20.0,30.0,22.0,50.0,112.0,130.0,78.0,3.9834,9.1192,11.6222,7.3642,9.2416,16.9936,25.1712,7.752,49.0,91.0,105.0,42.0,2.0,3.0,1.0,4.0,10.0,12.0,8.0,0.5625,1.14,1.4025,0.5775,9.2416,16.9936,25.1712,7.752,49.0,91.0,105.0,42.0,2.0,3.0,1.0,4.0,10.0,12.0,8.0,0.5625,1.14,1.4025,0.5775,3.3489,33.3792,61.3782,90.9144,676.0,1092.0,2028.0,2340.0,12.0,18.0,108.0,180.0,216.0,1.5625,5.625,11.4,14.025,419.3373,947.808,1665.324,2058.0528,2308.0,5748.0,9690.0,11856.0,61.0,132.0,234.0,288.0,366.0,948.0,1482.0,1848.0,25.4629,65.9652,109.4082,140.6352,0.49,0.84,0.49,1.0,6.0,1.0,-1.0,0.0,-2.0,-0.02,0.38,-0.02,0.49,0.84,0.49,1.0,6.0,1.0,-1.0,0.0,-2.0,-0.02,0.38,-0.02,-7.26,-11.58,-16.74,114.0,234.0,378.0,18.0,42.0,72.0,3.0,5.88,11.28,0,0,0,0,0,0,0,1,0,0,0,0,0,0,0,0,0,0,0,0,0,0,0,0,0,0,0,0,0,0,0,0,0,0,0,0,0,0,0,0,0,0,0,0,0,0,0,0,0,0,0,0
LAGJEK02,1.0,1.0,69.3314,146.8416,210.8866,142.768,272.0,594.0,694.0,286.0,10.0,20.0,30.0,22.0,50.0,112.0,130.0,78.0,3.9834,9.1192,11.6222,7.3642,69.3314,146.8416,210.8866,142.768,272.0,594.0,694.0,286.0,10.0,20.0,30.0,22.0,50.0,112.0,130.0,78.0,3.9834,9.1192,11.6222,7.3642,9.2416,16.9936,25.1712,7.752,49.0,91.0,105.0,42.0,2.0,3.0,1.0,4.0,10.0,12.0,8.0,0.5625,1.14,1.4025,0.5775,9.2416,16.9936,25.1712,7.752,49.0,91.0,105.0,42.0,2.0,3.0,1.0,4.0,10.0,12.0,8.0,0.5625,1.14,1.4025,0.5775,3.3489,33.3792,61.3782,90.9144,676.0,1092.0,2028.0,2340.0,12.0,18.0,108.0,180.0,216.0,1.5625,5.625,11.4,14.025,419.3373,947.808,1665.324,2058.0528,2308.0,5748.0,9690.0,11856.0,61.0,132.0,234.0,288.0,366.0,948.0,1482.0,1848.0,25.4629,65.9652,109.4082,140.6352,0.49,0.84,0.49,1.0,6.0,1.0,-1.0,0.0,-2.0,-0.02,0.38,-0.02,0.49,0.84,0.49,1.0,6.0,1.0,-1.0,0.0,-2.0,-0.02,0.38,-0.02,-7.26,-11.58,-16.74,114.0,234.0,378.0,18.0,42.0,72.0,3.0,5.88,11.28,0,0,0,0,0,0,0,1,0,0,0,0,0,0,0,0,0,0,0,0,0,0,0,0,0,0,0,0,0,0,0,0,0,0,0,0,0,0,0,0,0,0,0,0,0,0,0,0,0,0,0,0
LAQYIM,3.0,3.0,161.2955,365.3324,557.69,597.7124,650.0,1532.0,2120.0,1796.0,25.0,54.0,84.0,94.0,138.0,342.0,476.0,424.0,10.5665,26.1366,38.2252,36.253,161.2955,365.3324,557.69,597.7124,650.0,1532.0,2120.0,1796.0,25.0,54.0,84.0,94.0,138.0,342.0,476.0,424.0,10.5665,26.1366,38.2252,36.253,9.2416,16.9936,29.944,30.3696,49.0,91.0,133.0,105.0,2.0,4.0,4.0,4.0,12.0,20.0,14.0,0.5625,1.14,2.01,1.695,9.2416,16.000533,30.653333,46.866667,49.0,86.333333,156.333333,193.666667,2.0,4.0,6.0,4.0,12.0,22.666667,24.666667,0.5625,1.15,2.21,2.84,3.3489,33.3792,59.5848,72.102,676.0,1092.0,1976.0,1976.0,12.0,16.0,108.0,216.0,240.0,1.5625,5.625,11.45,13.4,325.9399,797.4232,1511.7976,2131.488,1976.0,5248.0,9662.0,11800.0,51.0,120.0,222.0,316.0,342.0,972.0,1782.0,2316.0,22.6955,63.5232,116.2254,154.266,0.49,2.31,2.17,1.0,9.0,13.0,-2.0,-2.0,1.0,-0.02,0.32,0.74,0.816667,2.076667,2.823333,1.666667,5.666667,14.333333,-2.0,-3.333333,-0.333333,-0.033333,0.053333,0.713333,-7.26,-10.6,-10.12,114.0,236.0,340.0,18.0,36.0,56.0,3.0,5.84,9.28,0,0,0,0,0,0,0,0,0,0,0,0,0,0,0,0,0,0,0,0,0,0,0,0,0,0,0,0,1,0,0,0,0,0,0,0,0,0,0,0,0,0,0,0,0,0,0,0,0,1,0,0
LARZAF,3.0,3.0,157.0937,352.8884,534.0368,517.6768,674.0,1556.0,2156.0,1768.0,23.0,50.0,76.0,78.0,126.0,306.0,416.0,364.0,10.2319,24.8738,35.7348,32.1946,157.0937,352.8884,534.0368,517.6768,674.0,1556.0,2156.0,1768.0,23.0,50.0,76.0,78.0,126.0,306.0,416.0,364.0,10.2319,24.8738,35.7348,32.1946,9.2416,15.504,32.9232,23.6816,49.0,84.0,147.0,98.0,2.0,4.0,3.0,4.0,12.0,18.0,12.0,0.5625,1.155,1.98,1.4175,9.2416,15.504,31.6464,46.623467,49.0,84.0,161.0,200.666667,2.0,4.0,5.666667,4.0,12.0,22.0,21.333333,0.5625,1.155,2.2,2.7275,3.3489,33.3792,55.998,79.2756,676.0,1092.0,1872.0,2184.0,12.0,16.0,108.0,216.0,216.0,1.5625,5.625,11.55,13.2,317.5363,772.5352,1457.3176,1926.18,2024.0,5296.0,9526.0,11880.0,47.0,112.0,206.0,284.0,318.0,900.0,1654.0,2132.0,22.0263,60.9976,111.4446,146.3492,0.98,1.33,1.33,2.0,7.0,7.0,-2.0,-1.0,0.0,-0.04,0.36,0.36,0.98,1.75,1.89,2.0,5.0,11.0,-2.0,-3.0,0.666667,-0.04,0.066667,0.613333,-7.26,-8.64,-14.04,114.0,240.0,332.0,18.0,36.0,60.0,3.0,5.76,9.44,0,0,0,0,0,0,0,0,0,0,0,0,0,0,1,0,0,0,0,0,0,0,0,0,0,0,0,0,0,0,0,0,0,0,0,0,0,0,0,0,0,0,0,0,0,0,0,0,0,1,0,0
LAYQUY,2.0,1.5,113.6248,252.2302,378.615,397.2292,442.0,1024.0,1350.0,1078.0,18.0,38.0,58.0,64.0,96.0,234.0,314.0,268.0,7.389,18.0194,25.4734,23.2716,68.01265,140.4461,197.1507,198.6146,391.5,650.0,787.0,539.0,10.5,21.0,30.0,32.0,51.0,121.0,158.0,134.0,4.7924,10.3726,13.5017,11.6358,9.2416,16.9936,29.944,30.3696,49.0,91.0,133.0,105.0,2.0,4.0,4.0,4.0,12.0,20.0,14.0,0.5625,1.14,2.01,1.695,9.2416,11.628,18.8936,19.0608,49.0,63.0,122.5,73.5,1.5,2.5,2.5,2.5,7.0,10.5,10.0,0.5625,0.86625,1.3875,1.13625,3.3489,33.3792,48.4584,62.8788,676.0,1092.0,1612.0,2184.0,10.0,14.0,96.0,168.0,180.0,1.5625,5.625,9.575,12.1,275.3995,628.5428,1162.7676,1626.2256,2242.0,4784.0,7842.0,10332.0,43.0,96.0,170.0,244.0,266.0,732.0,1264.0,1596.0,20.7321,52.7404,90.0318,121.3232,0.49,2.31,2.17,1.0,9.0,13.0,-2.0,-2.0,1.0,-0.02,0.32,0.74,0.735,1.385,1.33,1.5,0.0,7.0,-1.5,-1.0,0.0,-0.03,0.025,0.36,-7.26,-8.18,-8.74,114.0,198.0,280.0,20.0,32.0,54.0,3.0,4.84,7.82,0,0,0,0,0,0,0,0,0,0,0,0,0,0,0,0,0,0,0,0,0,0,0,0,0,0,0,0,0,0,0,0,0,0,0,0,0,0,0,0,0,0,0,0,0,0,1,0,0,1,0,0
LAYRAF,2.0,1.5,113.6248,251.75,381.5942,400.2084,442.0,1022.0,1364.0,1092.0,18.0,38.0,58.0,64.0,96.0,234.0,314.0,268.0,7.389,18.0186,25.4434,23.2416,68.01265,140.206,198.6403,200.1042,391.5,649.0,794.0,546.0,10.5,21.0,30.0,32.0,51.0,121.0,158.0,134.0,4.7924,10.3722,13.4867,11.6208,9.2416,15.504,31.4336,30.3696,49.0,84.0,140.0,105.0,2.0,4.0,4.0,4.0,12.0,20.0,14.0,0.5625,1.155,1.995,1.695,9.2416,11.628,18.8936,19.8056,49.0,63.0,122.5,77.0,1.5,2.5,2.5,2.5,7.0,10.5,10.0,0.5625,0.86625,1.3875,1.12875,3.3489,33.3792,46.665,64.6722,676.0,1092.0,1560.0,2236.0,10.0,14.0,96.0,168.0,180.0,1.5625,5.625,9.625,12.05,275.3995,627.5824,1165.1392,1605.9788,2242.0,4780.0,7766.0,10324.0,43.0,96.0,170.0,244.0,266.0,732.0,1264.0,1596.0,20.7321,52.7388,90.0718,121.4632,0.98,1.82,2.17,2.0,8.0,13.0,-2.0,-2.0,1.0,-0.04,0.34,0.74,0.735,1.385,1.085,1.5,0.0,6.5,-1.5,-1.0,0.0,-0.03,0.025,0.37,-7.26,-7.2,-9.72,114.0,200.0,278.0,20.0,32.0,54.0,3.0,4.8,7.86,0,0,0,0,0,0,0,0,0,0,0,0,0,0,0,0,0,0,0,0,0,0,0,0,0,0,0,0,0,0,0,0,0,0,0,0,0,0,0,0,0,0,0,0,0,0,1,0,0,0,0,0
LAYREJ01,2.0,1.5,113.6248,252.2302,378.615,397.2292,442.0,1024.0,1350.0,1078.0,18.0,38.0,58.0,64.0,96.0,234.0,314.0,268.0,7.389,18.0194,25.4734,23.2716,68.01265,140.4461,197.1507,198.6146,391.5,650.0,787.0,539.0,10.5,21.0,30.0,32.0,51.0,121.0,158.0,134.0,4.7924,10.3726,13.5017,11.6358,9.2416,16.2488,29.944,34.2456,49.0,87.5,133.0,126.0,2.0,4.0,4.5,4.0,12.0,20.0,17.0,0.5625,1.1475,2.01,1.98375,9.2416,12.0004,18.8936,17.1228,49.0,64.75,122.5,63.0,1.5,2.5,2.25,2.5,7.0,10.5,8.5,0.5625,0.8625,1.3875,0.991875,3.3489,33.3792,48.4584,62.8788,676.0,1092.0,1612.0,2184.0,10.0,14.0,96.0,168.0,180.0,1.5625,5.625,9.575,12.1,275.3995,628.5428,1162.7676,1626.2256,2242.0,4784.0,7842.0,10332.0,43.0,96.0,170.0,244.0,266.0,732.0,1264.0,1596.0,20.7321,52.7404,90.0318,121.3232,0.735,2.31,2.415,1.5,9.0,13.5,-2.0,-2.0,0.5,-0.03,0.32,0.73,0.6125,1.385,1.2075,1.25,0.0,6.75,-1.5,-1.0,0.25,-0.025,0.025,0.365,-7.26,-8.18,-8.74,114.0,198.0,280.0,20.0,32.0,54.0,3.0,4.84,7.82,0,0,0,0,0,0,0,0,0,0,0,0,0,0,0,0,0,0,0,0,0,0,0,0,0,0,0,0,0,0,0,0,0,0,0,0,0,0,0,0,0,0,0,0,0,0,0,0,0,1,0,0
LINRAC,3.0,5.0,192.268,419.6025,683.2857,852.7129,793.5,1644.0,2155.0,2107.0,32.0,66.0,109.0,141.0,175.0,437.0,620.0,710.0,12.49335,30.1917,43.8562,49.9197,362.1355,810.543,1350.885,1705.4258,1246.0,3012.0,4086.0,4214.0,61.0,128.0,216.0,282.0,344.0,866.0,1238.0,1420.0,22.7909,57.6576,86.1824,99.8394,9.2416,15.504,35.6136,28.3024,49.0,84.0,140.0,122.5,2.0,5.0,3.5,5.0,19.0,24.5,22.5,0.5625,1.155,2.08125,1.69875,9.2416,17.442,38.304,46.588,49.0,94.5,141.75,148.75,2.25,5.25,6.25,5.25,18.0,28.5,27.0,0.5625,1.299375,2.356875,2.540625,3.3489,33.3792,60.6645,97.7769,676.0,1092.0,2028.0,1898.0,13.0,23.0,114.0,264.0,222.0,1.5625,5.625,12.5125,14.95,387.8849,905.9634,1765.1484,2710.7748,2263.0,5472.0,9836.0,12406.0,65.0,144.0,274.0,434.0,418.0,1190.0,2198.0,3046.0,26.5492,71.6334,129.6124,191.0744,0.98,3.485,1.33,2.0,15.0,7.0,-2.0,5.5,3.0,-0.04,0.975,0.36,1.1025,3.36,3.675,2.25,16.5,22.5,-2.25,0.5,2.75,-0.045,0.795,1.3,-7.26,-9.36,-11.34,114.0,260.0,525.0,17.0,34.0,101.0,3.0,6.24,16.79,0,0,0,0,0,0,0,0,0,0,1,0,0,0,0,0,0,0,0,0,0,0,0,0,0,0,0,0,0,0,0,0,0,0,0,0,0,0,0,0,0,0,0,0,0,0,0,0,0,0,0,0
LOQPAI,2.0,1.5,212.0914,479.757,750.748,915.8136,856.0,2040.0,2908.0,3108.0,34.0,74.0,116.0,144.0,190.0,474.0,668.0,702.0,14.565,36.2362,53.5316,59.2808,117.24595,254.2095,383.2172,457.9068,598.5,1158.0,1566.0,1554.0,18.5,39.0,59.0,72.0,98.0,241.0,335.0,351.0,8.3804,19.481,27.5308,29.6404,9.2416,15.504,30.476,47.1504,49.0,84.0,150.5,210.0,2.0,4.0,6.0,4.0,12.0,22.0,27.0,0.5625,1.155,2.16,2.9925,9.2416,11.628,19.1596,23.5752,49.0,63.0,131.25,105.0,1.5,2.5,3.0,2.5,7.0,11.5,13.5,0.5625,0.86625,1.4625,1.49625,3.3489,33.3792,46.665,64.1598,676.0,1092.0,1560.0,2444.0,10.0,14.0,96.0,168.0,204.0,1.5625,5.625,9.625,13.1,472.3327,1083.5964,1903.4468,2636.1644,3070.0,6816.0,10854.0,14772.0,75.0,168.0,286.0,404.0,454.0,1212.0,1980.0,2552.0,35.0841,89.174,146.2482,195.6416,0.98,2.135,2.73,2.0,6.5,12.0,-2.0,-3.0,-1.5,-0.04,0.12,0.51,0.735,1.2975,1.365,1.5,-1.25,6.0,-1.5,-1.5,-0.75,-0.03,-0.075,0.255,-7.26,-7.2,-9.44,114.0,200.0,270.0,20.0,32.0,50.0,3.0,4.8,7.02,0,0,0,0,0,0,0,0,0,0,0,0,0,0,0,0,0,0,0,0,0,0,0,0,0,0,0,0,0,0,0,0,0,0,0,0,1,0,0,0,0,0,0,0,0,0,0,0,0,0,0,0
LUWSUS,4.0,2.0,241.1314,536.571,872.502,1067.7756,862.0,2052.0,2760.0,2748.0,40.0,84.0,138.0,174.0,222.0,552.0,774.0,852.0,15.3864,38.4384,56.4054,62.9958,95.3108,197.965,301.2916,355.9252,514.666667,868.0,1069.333333,916.0,15.333333,30.666667,47.333333,58.0,78.0,189.333333,259.333333,284.0,6.592667,14.63,19.8218,20.9986,9.2416,15.504,29.944,43.7456,49.0,84.0,133.0,119.0,2.0,4.0,6.0,4.0,12.0,22.0,20.0,0.5625,1.155,2.01,2.25,9.2416,11.628,20.783467,15.787733,49.0,63.0,124.833333,65.333333,1.5,2.833333,2.0,2.833333,9.333333,11.833333,10.833333,0.5625,0.86625,1.41125,0.945,3.3489,33.3792,51.3315,73.6758,676.0,1092.0,1716.0,2002.0,11.0,17.0,102.0,204.0,174.0,1.5625,5.625,10.5875,12.4875,289.2813,660.6534,1283.7858,1919.3736,2220.0,4788.0,8110.0,10574.0,47.0,104.0,194.0,300.0,298.0,840.0,1524.0,2016.0,21.3405,55.14,97.5154,141.1908,0.98,2.31,3.85,2.0,9.0,25.0,-2.0,-3.0,2.0,-0.04,0.32,1.5,0.735,1.776667,0.886667,1.5,2.0,4.666667,-1.5,1.5,0.833333,-0.03,0.243333,0.24,-7.26,-7.92,-9.15,114.0,220.0,365.0,19.0,32.0,73.0,3.0,5.28,11.26,0,0,0,0,0,0,0,0,0,0,0,0,0,0,0,0,0,0,0,0,0,0,0,0,0,0,0,0,0,0,0,0,0,0,0,0,0,0,0,0,0,0,0,0,0,0,0,0,0,0,0,0
LUWSUS01,4.0,2.0,241.1314,536.571,872.502,1067.7756,862.0,2052.0,2760.0,2748.0,40.0,84.0,138.0,174.0,222.0,552.0,774.0,852.0,15.3864,38.4384,56.4054,62.9958,95.3108,197.965,301.2916,355.9252,514.666667,868.0,1069.333333,916.0,15.333333,30.666667,47.333333,58.0,78.0,189.333333,259.333333,284.0,6.592667,14.63,19.8218,20.9986,9.2416,15.504,29.944,43.7456,49.0,84.0,133.0,119.0,2.0,4.0,6.0,4.0,12.0,22.0,20.0,0.5625,1.155,2.01,2.25,9.2416,11.628,20.783467,15.787733,49.0,63.0,124.833333,65.333333,1.5,2.833333,2.0,2.833333,9.333333,11.833333,10.833333,0.5625,0.86625,1.41125,0.945,3.3489,33.3792,51.3315,73.6758,676.0,1092.0,1716.0,2002.0,11.0,17.0,102.0,204.0,174.0,1.5625,5.625,10.5875,12.4875,289.2813,660.6534,1283.7858,1919.3736,2220.0,4788.0,8110.0,10574.0,47.0,104.0,194.0,300.0,298.0,840.0,1524.0,2016.0,21.3405,55.14,97.5154,141.1908,0.98,2.31,3.85,2.0,9.0,25.0,-2.0,-3.0,2.0,-0.04,0.32,1.5,0.735,1.776667,0.886667,1.5,2.0,4.666667,-1.5,1.5,0.833333,-0.03,0.243333,0.24,-7.26,-7.92,-9.15,114.0,220.0,365.0,19.0,32.0,73.0,3.0,5.28,11.26,0,0,0,0,0,0,0,0,0,0,0,0,0,0,0,0,0,0,0,0,0,0,0,0,0,0,0,0,0,0,0,0,0,0,0,0,0,0,0,0,0,0,0,0,0,0,0,0,0,0,0,0
LUWSUS02,4.0,2.0,241.1314,536.571,872.502,1067.7756,862.0,2052.0,2760.0,2748.0,40.0,84.0,138.0,174.0,222.0,552.0,774.0,852.0,15.3864,38.4384,56.4054,62.9958,95.3108,197.965,301.2916,355.9252,514.666667,868.0,1069.333333,916.0,15.333333,30.666667,47.333333,58.0,78.0,189.333333,259.333333,284.0,6.592667,14.63,19.8218,20.9986,9.2416,15.504,29.944,43.7456,49.0,84.0,133.0,119.0,2.0,4.0,6.0,4.0,12.0,22.0,20.0,0.5625,1.155,2.01,2.25,9.2416,11.628,20.783467,15.787733,49.0,63.0,124.833333,65.333333,1.5,2.833333,2.0,2.833333,9.333333,11.833333,10.833333,0.5625,0.86625,1.41125,0.945,3.3489,33.3792,51.3315,73.6758,676.0,1092.0,1716.0,2002.0,11.0,17.0,102.0,204.0,174.0,1.5625,5.625,10.5875,12.4875,289.2813,660.6534,1283.7858,1919.3736,2220.0,4788.0,8110.0,10574.0,47.0,104.0,194.0,300.0,298.0,840.0,1524.0,2016.0,21.3405,55.14,97.5154,141.1908,0.98,2.31,3.85,2.0,9.0,25.0,-2.0,-3.0,2.0,-0.04,0.32,1.5,0.735,1.776667,0.886667,1.5,2.0,4.666667,-1.5,1.5,0.833333,-0.03,0.243333,0.24,-7.26,-7.92,-9.15,114.0,220.0,365.0,19.0,32.0,73.0,3.0,5.28,11.26,0,0,0,0,0,0,0,0,0,0,0,0,0,0,0,0,0,0,0,0,0,0,0,0,0,0,0,0,0,0,0,0,0,0,0,0,0,0,0,0,0,0,0,0,0,0,0,0,0,0,0,0
LUWSUS03,4.0,2.0,241.1314,536.571,872.502,1067.7756,862.0,2052.0,2760.0,2748.0,40.0,84.0,138.0,174.0,222.0,552.0,774.0,852.0,15.3864,38.4384,56.4054,62.9958,95.3108,197.965,301.2916,355.9252,514.666667,868.0,1069.333333,916.0,15.333333,30.666667,47.333333,58.0,78.0,189.333333,259.333333,284.0,6.592667,14.63,19.8218,20.9986,9.2416,15.504,29.944,43.7456,49.0,84.0,133.0,119.0,2.0,4.0,6.0,4.0,12.0,22.0,20.0,0.5625,1.155,2.01,2.25,9.2416,11.628,20.783467,15.787733,49.0,63.0,124.833333,65.333333,1.5,2.833333,2.0,2.833333,9.333333,11.833333,10.833333,0.5625,0.86625,1.41125,0.945,3.3489,33.3792,51.3315,73.6758,676.0,1092.0,1716.0,2002.0,11.0,17.0,102.0,204.0,174.0,1.5625,5.625,10.5875,12.4875,289.2813,660.6534,1283.7858,1919.3736,2220.0,4788.0,8110.0,10574.0,47.0,104.0,194.0,300.0,298.0,840.0,1524.0,2016.0,21.3405,55.14,97.5154,141.1908,0.98,2.31,3.85,2.0,9.0,25.0,-2.0,-3.0,2.0,-0.04,0.32,1.5,0.735,1.776667,0.886667,1.5,2.0,4.666667,-1.5,1.5,0.833333,-0.03,0.243333,0.24,-7.26,-7.92,-9.15,114.0,220.0,365.0,19.0,32.0,73.0,3.0,5.28,11.26,0,0,0,0,0,0,0,0,0,0,0,0,0,0,0,0,0,0,0,0,0,0,0,0,0,0,0,0,0,0,0,0,0,0,0,0,0,0,0,0,0,0,0,0,0,0,0,0,0,0,0,0
LUWSUS04,4.0,2.0,241.1314,536.571,872.502,1067.7756,862.0,2052.0,2760.0,2748.0,40.0,84.0,138.0,174.0,222.0,552.0,774.0,852.0,15.3864,38.4384,56.4054,62.9958,95.3108,197.965,301.2916,355.9252,514.666667,868.0,1069.333333,916.0,15.333333,30.666667,47.333333,58.0,78.0,189.333333,259.333333,284.0,6.592667,14.63,19.8218,20.9986,9.2416,15.504,29.944,43.7456,49.0,84.0,133.0,119.0,2.0,4.0,6.0,4.0,12.0,22.0,20.0,0.5625,1.155,2.01,2.25,9.2416,11.628,20.783467,15.787733,49.0,63.0,124.833333,65.333333,1.5,2.833333,2.0,2.833333,9.333333,11.833333,10.833333,0.5625,0.86625,1.41125,0.945,3.3489,33.3792,51.3315,73.6758,676.0,1092.0,1716.0,2002.0,11.0,17.0,102.0,204.0,174.0,1.5625,5.625,10.5875,12.4875,289.2813,660.6534,1283.7858,1919.3736,2220.0,4788.0,8110.0,10574.0,47.0,104.0,194.0,300.0,298.0,840.0,1524.0,2016.0,21.3405,55.14,97.5154,141.1908,0.98,2.31,3.85,2.0,9.0,25.0,-2.0,-3.0,2.0,-0.04,0.32,1.5,0.735,1.776667,0.886667,1.5,2.0,4.666667,-1.5,1.5,0.833333,-0.03,0.243333,0.24,-7.26,-7.92,-9.15,114.0,220.0,365.0,19.0,32.0,73.0,3.0,5.28,11.26,0,0,0,0,0,0,0,0,0,0,0,0,0,0,0,0,0,0,0,0,0,0,0,0,0,0,0,0,0,0,0,0,0,0,0,0,0,0,0,0,0,0,0,0,0,0,0,0,0,0,0,0
LUWSUS05,4.0,2.0,241.1314,536.571,872.502,1067.7756,862.0,2052.0,2760.0,2748.0,40.0,84.0,138.0,174.0,222.0,552.0,774.0,852.0,15.3864,38.4384,56.4054,62.9958,95.3108,197.965,301.2916,355.9252,514.666667,868.0,1069.333333,916.0,15.333333,30.666667,47.333333,58.0,78.0,189.333333,259.333333,284.0,6.592667,14.63,19.8218,20.9986,9.2416,15.504,29.944,43.7456,49.0,84.0,133.0,119.0,2.0,4.0,6.0,4.0,12.0,22.0,20.0,0.5625,1.155,2.01,2.25,9.2416,11.628,20.783467,15.787733,49.0,63.0,124.833333,65.333333,1.5,2.833333,2.0,2.833333,9.333333,11.833333,10.833333,0.5625,0.86625,1.41125,0.945,3.3489,33.3792,51.3315,73.6758,676.0,1092.0,1716.0,2002.0,11.0,17.0,102.0,204.0,174.0,1.5625,5.625,10.5875,12.4875,289.2813,660.6534,1283.7858,1919.3736,2220.0,4788.0,8110.0,10574.0,47.0,104.0,194.0,300.0,298.0,840.0,1524.0,2016.0,21.3405,55.14,97.5154,141.1908,0.98,2.31,3.85,2.0,9.0,25.0,-2.0,-3.0,2.0,-0.04,0.32,1.5,0.735,1.776667,0.886667,1.5,2.0,4.666667,-1.5,1.5,0.833333,-0.03,0.243333,0.24,-7.26,-7.92,-9.15,114.0,220.0,365.0,19.0,32.0,73.0,3.0,5.28,11.26,0,0,0,0,0,0,0,0,0,0,0,0,0,0,0,0,0,0,0,0,0,0,0,0,0,0,0,0,0,0,0,0,0,0,0,0,0,0,0,0,0,0,0,0,0,0,0,0,0,0,0,0
LUWSUS06,4.0,2.0,241.1314,536.571,872.502,1067.7756,862.0,2052.0,2760.0,2748.0,40.0,84.0,138.0,174.0,222.0,552.0,774.0,852.0,15.3864,38.4384,56.4054,62.9958,95.3108,197.965,301.2916,355.9252,514.666667,868.0,1069.333333,916.0,15.333333,30.666667,47.333333,58.0,78.0,189.333333,259.333333,284.0,6.592667,14.63,19.8218,20.9986,9.2416,15.504,29.944,43.7456,49.0,84.0,133.0,119.0,2.0,4.0,6.0,4.0,12.0,22.0,20.0,0.5625,1.155,2.01,2.25,9.2416,11.628,20.783467,15.787733,49.0,63.0,124.833333,65.333333,1.5,2.833333,2.0,2.833333,9.333333,11.833333,10.833333,0.5625,0.86625,1.41125,0.945,3.3489,33.3792,51.3315,73.6758,676.0,1092.0,1716.0,2002.0,11.0,17.0,102.0,204.0,174.0,1.5625,5.625,10.5875,12.4875,289.2813,660.6534,1283.7858,1919.3736,2220.0,4788.0,8110.0,10574.0,47.0,104.0,194.0,300.0,298.0,840.0,1524.0,2016.0,21.3405,55.14,97.5154,141.1908,0.98,2.31,3.85,2.0,9.0,25.0,-2.0,-3.0,2.0,-0.04,0.32,1.5,0.735,1.776667,0.886667,1.5,2.0,4.666667,-1.5,1.5,0.833333,-0.03,0.243333,0.24,-7.26,-7.92,-9.15,114.0,220.0,365.0,19.0,32.0,73.0,3.0,5.28,11.26,0,0,0,0,0,0,0,0,0,0,0,0,0,0,0,0,0,0,0,0,0,0,0,0,0,0,0,0,0,0,0,0,0,0,0,0,0,0,0,0,0,0,0,0,0,0,0,0,0,0,0,0
LUWSUS07,4.0,2.0,241.1314,536.571,872.502,1067.7756,862.0,2052.0,2760.0,2748.0,40.0,84.0,138.0,174.0,222.0,552.0,774.0,852.0,15.3864,38.4384,56.4054,62.9958,95.3108,197.965,301.2916,355.9252,514.666667,868.0,1069.333333,916.0,15.333333,30.666667,47.333333,58.0,78.0,189.333333,259.333333,284.0,6.592667,14.63,19.8218,20.9986,9.2416,15.504,29.944,43.7456,49.0,84.0,133.0,119.0,2.0,4.0,6.0,4.0,12.0,22.0,20.0,0.5625,1.155,2.01,2.25,9.2416,11.628,20.783467,15.787733,49.0,63.0,124.833333,65.333333,1.5,2.833333,2.0,2.833333,9.333333,11.833333,10.833333,0.5625,0.86625,1.41125,0.945,3.3489,33.3792,51.3315,73.6758,676.0,1092.0,1716.0,2002.0,11.0,17.0,102.0,204.0,174.0,1.5625,5.625,10.5875,12.4875,289.2813,660.6534,1283.7858,1919.3736,2220.0,4788.0,8110.0,10574.0,47.0,104.0,194.0,300.0,298.0,840.0,1524.0,2016.0,21.3405,55.14,97.5154,141.1908,0.98,2.31,3.85,2.0,9.0,25.0,-2.0,-3.0,2.0,-0.04,0.32,1.5,0.735,1.776667,0.886667,1.5,2.0,4.666667,-1.5,1.5,0.833333,-0.03,0.243333,0.24,-7.26,-7.92,-9.15,114.0,220.0,365.0,19.0,32.0,73.0,3.0,5.28,11.26,0,0,0,0,0,0,0,0,0,0,0,0,0,0,0,0,0,0,0,0,0,0,0,0,0,0,0,0,0,0,0,0,0,0,0,0,0,0,0,0,0,0,0,0,0,0,0,0,0,0,0,0
LUWSUS09,4.0,2.0,241.1314,536.571,872.502,1067.7756,862.0,2052.0,2760.0,2748.0,40.0,84.0,138.0,174.0,222.0,552.0,774.0,852.0,15.3864,38.4384,56.4054,62.9958,95.3108,197.965,301.2916,355.9252,514.666667,868.0,1069.333333,916.0,15.333333,30.666667,47.333333,58.0,78.0,189.333333,259.333333,284.0,6.592667,14.63,19.8218,20.9986,9.2416,15.504,29.944,43.7456,49.0,84.0,133.0,119.0,2.0,4.0,6.0,4.0,12.0,22.0,20.0,0.5625,1.155,2.01,2.25,9.2416,11.628,20.783467,15.787733,49.0,63.0,124.833333,65.333333,1.5,2.833333,2.0,2.833333,9.333333,11.833333,10.833333,0.5625,0.86625,1.41125,0.945,3.3489,33.3792,51.3315,73.6758,676.0,1092.0,1716.0,2002.0,11.0,17.0,102.0,204.0,174.0,1.5625,5.625,10.5875,12.4875,289.2813,660.6534,1283.7858,1919.3736,2220.0,4788.0,8110.0,10574.0,47.0,104.0,194.0,300.0,298.0,840.0,1524.0,2016.0,21.3405,55.14,97.5154,141.1908,0.98,2.31,3.85,2.0,9.0,25.0,-2.0,-3.0,2.0,-0.04,0.32,1.5,0.735,1.776667,0.886667,1.5,2.0,4.666667,-1.5,1.5,0.833333,-0.03,0.243333,0.24,-7.26,-7.92,-9.15,114.0,220.0,365.0,19.0,32.0,73.0,3.0,5.28,11.26,0,0,0,0,0,0,0,0,0,0,0,0,0,0,0,0,0,0,0,0,0,0,0,0,0,0,0,0,0,0,0,0,0,0,0,0,0,0,0,0,0,0,0,0,0,0,0,0,0,0,0,0
LUWTED,4.0,2.0,241.1314,536.571,872.502,1067.7756,862.0,2052.0,2760.0,2748.0,40.0,84.0,138.0,174.0,222.0,552.0,774.0,852.0,15.3864,38.4384,56.4054,62.9958,95.3108,197.965,301.2916,355.9252,514.666667,868.0,1069.333333,916.0,15.333333,30.666667,47.333333,58.0,78.0,189.333333,259.333333,284.0,6.592667,14.63,19.8218,20.9986,9.2416,15.504,29.944,43.7456,49.0,84.0,133.0,119.0,2.0,4.0,6.0,4.0,12.0,22.0,20.0,0.5625,1.155,2.01,2.25,9.2416,11.628,20.783467,15.787733,49.0,63.0,124.833333,65.333333,1.5,2.833333,2.0,2.833333,9.333333,11.833333,10.833333,0.5625,0.86625,1.41125,0.945,3.3489,33.3792,51.3315,73.6758,676.0,1092.0,1716.0,2002.0,11.0,17.0,102.0,204.0,174.0,1.5625,5.625,10.5875,12.4875,289.2813,660.6534,1283.7858,1919.3736,2220.0,4788.0,8110.0,10574.0,47.0,104.0,194.0,300.0,298.0,840.0,1524.0,2016.0,21.3405,55.14,97.5154,141.1908,0.98,2.31,3.85,2.0,9.0,25.0,-2.0,-3.0,2.0,-0.04,0.32,1.5,0.735,1.776667,0.886667,1.5,2.0,4.666667,-1.5,1.5,0.833333,-0.03,0.243333,0.24,-7.26,-7.92,-9.15,114.0,220.0,365.0,19.0,32.0,73.0,3.0,5.28,11.26,0,0,0,0,0,0,0,0,0,0,0,0,0,0,0,0,0,0,0,0,0,0,0,0,0,0,0,0,0,0,0,0,0,0,0,0,0,0,0,0,0,0,0,0,0,0,1,0,0,0,0,0
LUWTED01,4.0,2.0,241.1314,536.571,872.502,1067.7756,862.0,2052.0,2760.0,2748.0,40.0,84.0,138.0,174.0,222.0,552.0,774.0,852.0,15.3864,38.4384,56.4054,62.9958,95.3108,197.965,301.2916,355.9252,514.666667,868.0,1069.333333,916.0,15.333333,30.666667,47.333333,58.0,78.0,189.333333,259.333333,284.0,6.592667,14.63,19.8218,20.9986,9.2416,15.504,29.944,43.7456,49.0,84.0,133.0,119.0,2.0,4.0,6.0,4.0,12.0,22.0,20.0,0.5625,1.155,2.01,2.25,9.2416,11.628,20.783467,15.787733,49.0,63.0,124.833333,65.333333,1.5,2.833333,2.0,2.833333,9.333333,11.833333,10.833333,0.5625,0.86625,1.41125,0.945,3.3489,33.3792,51.3315,73.6758,676.0,1092.0,1716.0,2002.0,11.0,17.0,102.0,204.0,174.0,1.5625,5.625,10.5875,12.4875,289.2813,660.6534,1283.7858,1919.3736,2220.0,4788.0,8110.0,10574.0,47.0,104.0,194.0,300.0,298.0,840.0,1524.0,2016.0,21.3405,55.14,97.5154,141.1908,0.98,2.31,3.85,2.0,9.0,25.0,-2.0,-3.0,2.0,-0.04,0.32,1.5,0.735,1.776667,0.886667,1.5,2.0,4.666667,-1.5,1.5,0.833333,-0.03,0.243333,0.24,-7.26,-7.92,-9.15,114.0,220.0,365.0,19.0,32.0,73.0,3.0,5.28,11.26,0,0,0,0,0,0,0,0,0,0,0,0,0,0,0,0,0,0,0,0,0,0,0,0,0,0,0,0,0,0,0,0,0,0,0,0,0,0,0,0,0,0,0,0,0,0,1,0,0,0,0,0
LUWTED02,4.0,2.0,241.1314,536.571,872.502,1067.7756,862.0,2052.0,2760.0,2748.0,40.0,84.0,138.0,174.0,222.0,552.0,774.0,852.0,15.3864,38.4384,56.4054,62.9958,95.3108,197.965,301.2916,355.9252,514.666667,868.0,1069.333333,916.0,15.333333,30.666667,47.333333,58.0,78.0,189.333333,259.333333,284.0,6.592667,14.63,19.8218,20.9986,9.2416,15.504,29.944,43.7456,49.0,84.0,133.0,119.0,2.0,4.0,6.0,4.0,12.0,22.0,20.0,0.5625,1.155,2.01,2.25,9.2416,11.628,20.783467,15.787733,49.0,63.0,124.833333,65.333333,1.5,2.833333,2.0,2.833333,9.333333,11.833333,10.833333,0.5625,0.86625,1.41125,0.945,3.3489,33.3792,51.3315,73.6758,676.0,1092.0,1716.0,2002.0,11.0,17.0,102.0,204.0,174.0,1.5625,5.625,10.5875,12.4875,289.2813,660.6534,1283.7858,1919.3736,2220.0,4788.0,8110.0,10574.0,47.0,104.0,194.0,300.0,298.0,840.0,1524.0,2016.0,21.3405,55.14,97.5154,141.1908,0.98,2.31,3.85,2.0,9.0,25.0,-2.0,-3.0,2.0,-0.04,0.32,1.5,0.735,1.776667,0.886667,1.5,2.0,4.666667,-1.5,1.5,0.833333,-0.03,0.243333,0.24,-7.26,-7.92,-9.15,114.0,220.0,365.0,19.0,32.0,73.0,3.0,5.28,11.26,0,0,0,0,0,0,0,0,0,0,0,0,0,0,0,0,0,0,0,0,0,0,0,0,0,0,0,0,0,0,0,0,0,0,0,0,0,0,0,0,0,0,0,0,0,0,1,0,0,0,0,0
LUXMOH,3.0,3.0,161.2955,366.0184,568.6464,611.3344,650.0,1552.0,2172.0,1828.0,25.0,54.0,84.0,94.0,138.0,342.0,476.0,424.0,10.5665,26.1046,38.1036,36.1322,161.2955,366.0184,568.6464,611.3344,650.0,1552.0,2172.0,1828.0,25.0,54.0,84.0,94.0,138.0,342.0,476.0,424.0,10.5665,26.1046,38.1036,36.1322,9.2416,16.9936,29.944,30.3696,49.0,91.0,133.0,105.0,2.0,4.0,4.0,4.0,12.0,20.0,14.0,0.5625,1.14,2.01,1.695,9.2416,16.000533,32.639467,46.866667,49.0,86.333333,165.666667,193.666667,2.0,4.0,6.0,4.0,12.0,22.666667,24.666667,0.5625,1.15,2.19,2.84,3.3489,33.3792,59.5848,72.102,676.0,1092.0,1976.0,1976.0,12.0,16.0,108.0,216.0,240.0,1.5625,5.625,11.45,13.4,325.9399,798.7952,1533.7104,2146.8152,1976.0,5288.0,9766.0,11808.0,51.0,120.0,222.0,316.0,342.0,972.0,1782.0,2316.0,22.6955,63.4592,115.9822,154.1444,0.49,2.31,2.17,1.0,9.0,13.0,-2.0,-2.0,1.0,-0.02,0.32,0.74,0.816667,1.423333,2.823333,1.666667,4.333333,14.333333,-2.0,-3.333333,-0.333333,-0.033333,0.08,0.713333,-7.26,-10.6,-10.12,114.0,236.0,340.0,18.0,36.0,56.0,3.0,5.84,9.28,1,0,0,0,0,0,0,0,0,0,0,0,0,0,0,0,0,0,0,0,0,0,0,0,0,0,0,0,0,0,0,0,0,0,0,0,0,0,0,0,0,0,0,0,0,1,0,0,0,0,0,0
LUXMOH01,3.0,3.0,161.2955,366.0184,568.6464,611.3344,650.0,1552.0,2172.0,1828.0,25.0,54.0,84.0,94.0,138.0,342.0,476.0,424.0,10.5665,26.1046,38.1036,36.1322,161.2955,366.0184,568.6464,611.3344,650.0,1552.0,2172.0,1828.0,25.0,54.0,84.0,94.0,138.0,342.0,476.0,424.0,10.5665,26.1046,38.1036,36.1322,9.2416,16.9936,29.944,30.3696,49.0,91.0,133.0,105.0,2.0,4.0,4.0,4.0,12.0,20.0,14.0,0.5625,1.14,2.01,1.695,9.2416,16.000533,32.639467,46.866667,49.0,86.333333,165.666667,193.666667,2.0,4.0,6.0,4.0,12.0,22.666667,24.666667,0.5625,1.15,2.19,2.84,3.3489,33.3792,59.5848,72.102,676.0,1092.0,1976.0,1976.0,12.0,16.0,108.0,216.0,240.0,1.5625,5.625,11.45,13.4,325.9399,798.7952,1533.7104,2146.8152,1976.0,5288.0,9766.0,11808.0,51.0,120.0,222.0,316.0,342.0,972.0,1782.0,2316.0,22.6955,63.4592,115.9822,154.1444,0.49,2.31,2.17,1.0,9.0,13.0,-2.0,-2.0,1.0,-0.02,0.32,0.74,0.816667,1.423333,2.823333,1.666667,4.333333,14.333333,-2.0,-3.333333,-0.333333,-0.033333,0.08,0.713333,-7.26,-10.6,-10.12,114.0,236.0,340.0,18.0,36.0,56.0,3.0,5.84,9.28,1,0,0,0,0,0,0,0,0,0,0,0,0,0,0,0,0,0,0,0,0,0,0,0,0,0,0,0,0,0,0,0,0,0,0,0,0,0,0,0,0,0,0,0,0,1,0,0,0,0,0,0
MALJEP,3.0,3.0,227.1443,511.5732,826.0722,995.1732,3681.0,2724.0,4308.0,4646.0,36.0,78.0,126.0,156.0,204.0,522.0,780.0,840.0,16.7307,39.232,60.7802,68.0184,227.1443,511.5732,826.0722,995.1732,3681.0,2724.0,4308.0,4646.0,36.0,78.0,126.0,156.0,204.0,522.0,780.0,840.0,16.7307,39.232,60.7802,68.0184,9.2416,16.9936,28.3936,39.6112,49.0,91.0,126.0,154.0,2.0,4.0,5.0,4.0,12.0,22.0,22.0,0.5625,1.14,2.07,2.2575,9.2416,16.9936,28.3936,39.6112,49.0,91.0,126.0,154.0,2.0,4.0,5.0,4.0,12.0,22.0,22.0,0.5625,1.14,2.07,2.2575,3.3489,33.3792,61.3782,87.6204,676.0,1092.0,2028.0,2288.0,12.0,20.0,108.0,216.0,300.0,1.5625,5.625,11.4,16.45,457.6375,1089.9048,2052.1488,2963.4048,8038.0,7632.0,14142.0,18152.0,73.0,168.0,306.0,448.0,474.0,1332.0,2394.0,3276.0,35.0239,89.714,161.2354,223.8368,0.49,2.82,2.17,1.0,10.0,13.0,-2.0,-3.0,-1.0,-0.02,0.24,0.74,0.49,2.82,2.17,1.0,10.0,13.0,-2.0,-3.0,-1.0,-0.02,0.24,0.74,-7.26,-11.58,-11.28,114.0,234.0,432.0,18.0,36.0,70.0,3.0,5.88,11.84,0,0,0,0,0,0,0,0,0,0,0,0,0,0,0,0,0,0,0,0,0,0,0,0,0,0,0,0,0,0,0,0,0,0,0,0,0,0,0,0,0,0,0,0,0,0,0,0,0,0,0,0
MALJIT,3.0,3.0,275.6918,617.9082,1025.9112,1232.8962,3795.0,3012.0,4824.0,5300.0,45.0,96.0,162.0,192.0,258.0,648.0,942.0,1056.0,19.3308,46.2082,72.0206,82.6776,275.6918,617.9082,1025.9112,1232.8962,3795.0,3012.0,4824.0,5300.0,45.0,96.0,162.0,192.0,258.0,648.0,942.0,1056.0,19.3308,46.2082,72.0206,82.6776,9.2416,16.9936,29.4576,59.6752,49.0,91.0,161.0,175.0,2.0,4.0,8.0,4.0,12.0,28.0,28.0,0.5625,1.14,2.37,3.09,9.2416,16.9936,29.4576,59.6752,49.0,91.0,161.0,175.0,2.0,4.0,8.0,4.0,12.0,28.0,28.0,0.5625,1.14,2.37,3.09,3.3489,33.3792,61.3782,91.4634,676.0,1092.0,2028.0,3068.0,12.0,20.0,108.0,216.0,408.0,1.5625,5.625,11.4,19.45,554.7325,1302.5748,2451.8268,3446.5368,8266.0,8208.0,15174.0,21020.0,91.0,204.0,378.0,520.0,582.0,1584.0,2754.0,3960.0,40.2241,103.6664,183.7162,259.1552,0.49,2.47,4.69,1.0,5.0,31.0,-2.0,-6.0,2.0,-0.02,-0.16,1.88,0.49,2.47,4.69,1.0,5.0,31.0,-2.0,-6.0,2.0,-0.02,-0.16,1.88,-7.26,-11.58,-13.38,114.0,234.0,402.0,18.0,36.0,52.0,3.0,5.88,9.44,0,0,0,0,0,0,0,0,0,0,0,0,0,0,0,0,0,0,0,0,0,0,0,0,0,0,0,0,0,0,0,0,0,0,0,0,0,0,0,0,0,0,0,0,0,0,0,0,0,0,0,0
MALJIT01,3.0,3.0,275.6918,617.9082,1025.9112,1232.8962,3795.0,3012.0,4824.0,5300.0,45.0,96.0,162.0,192.0,258.0,648.0,942.0,1056.0,19.3308,46.2082,72.0206,82.6776,275.6918,617.9082,1025.9112,1232.8962,3795.0,3012.0,4824.0,5300.0,45.0,96.0,162.0,192.0,258.0,648.0,942.0,1056.0,19.3308,46.2082,72.0206,82.6776,9.2416,16.9936,29.4576,59.6752,49.0,91.0,161.0,175.0,2.0,4.0,8.0,4.0,12.0,28.0,28.0,0.5625,1.14,2.37,3.09,9.2416,16.9936,29.4576,59.6752,49.0,91.0,161.0,175.0,2.0,4.0,8.0,4.0,12.0,28.0,28.0,0.5625,1.14,2.37,3.09,3.3489,33.3792,61.3782,91.4634,676.0,1092.0,2028.0,3068.0,12.0,20.0,108.0,216.0,408.0,1.5625,5.625,11.4,19.45,554.7325,1302.5748,2451.8268,3446.5368,8266.0,8208.0,15174.0,21020.0,91.0,204.0,378.0,520.0,582.0,1584.0,2754.0,3960.0,40.2241,103.6664,183.7162,259.1552,0.49,2.47,4.69,1.0,5.0,31.0,-2.0,-6.0,2.0,-0.02,-0.16,1.88,0.49,2.47,4.69,1.0,5.0,31.0,-2.0,-6.0,2.0,-0.02,-0.16,1.88,-7.26,-11.58,-13.38,114.0,234.0,402.0,18.0,36.0,52.0,3.0,5.88,9.44,0,0,0,0,0,0,0,0,0,0,0,0,0,0,0,0,0,0,0,0,0,0,0,0,0,0,0,0,0,0,0,0,0,0,0,0,0,0,0,0,0,0,0,0,0,0,0,0,0,0,0,0
MALJIT03,3.0,3.0,275.6918,617.9082,1025.9112,1232.8962,3795.0,3012.0,4824.0,5300.0,45.0,96.0,162.0,192.0,258.0,648.0,942.0,1056.0,19.3308,46.2082,72.0206,82.6776,275.6918,617.9082,1025.9112,1232.8962,3795.0,3012.0,4824.0,5300.0,45.0,96.0,162.0,192.0,258.0,648.0,942.0,1056.0,19.3308,46.2082,72.0206,82.6776,9.2416,16.9936,29.4576,59.6752,49.0,91.0,161.0,175.0,2.0,4.0,8.0,4.0,12.0,28.0,28.0,0.5625,1.14,2.37,3.09,9.2416,16.9936,29.4576,59.6752,49.0,91.0,161.0,175.0,2.0,4.0,8.0,4.0,12.0,28.0,28.0,0.5625,1.14,2.37,3.09,3.3489,33.3792,61.3782,91.4634,676.0,1092.0,2028.0,3068.0,12.0,20.0,108.0,216.0,408.0,1.5625,5.625,11.4,19.45,554.7325,1302.5748,2451.8268,3446.5368,8266.0,8208.0,15174.0,21020.0,91.0,204.0,378.0,520.0,582.0,1584.0,2754.0,3960.0,40.2241,103.6664,183.7162,259.1552,0.49,2.47,4.69,1.0,5.0,31.0,-2.0,-6.0,2.0,-0.02,-0.16,1.88,0.49,2.47,4.69,1.0,5.0,31.0,-2.0,-6.0,2.0,-0.02,-0.16,1.88,-7.26,-11.58,-13.38,114.0,234.0,402.0,18.0,36.0,52.0,3.0,5.88,9.44,0,0,0,0,0,0,0,0,0,0,0,0,0,0,0,0,0,0,0,0,0,0,0,0,0,0,0,0,0,0,0,0,0,0,0,0,0,0,0,0,0,0,0,0,0,0,0,0,0,0,0,0
MALJOZ,3.0,3.0,275.6918,617.9082,1025.9112,1232.8962,3795.0,3012.0,4824.0,5300.0,45.0,96.0,162.0,192.0,258.0,648.0,942.0,1056.0,19.3308,46.2082,72.0206,82.6776,275.6918,617.9082,1025.9112,1232.8962,3795.0,3012.0,4824.0,5300.0,45.0,96.0,162.0,192.0,258.0,648.0,942.0,1056.0,19.3308,46.2082,72.0206,82.6776,9.2416,16.9936,29.4576,59.6752,49.0,91.0,161.0,175.0,2.0,4.0,8.0,4.0,12.0,28.0,28.0,0.5625,1.14,2.37,3.09,9.2416,16.9936,29.4576,59.6752,49.0,91.0,161.0,175.0,2.0,4.0,8.0,4.0,12.0,28.0,28.0,0.5625,1.14,2.37,3.09,3.3489,33.3792,61.3782,91.4634,676.0,1092.0,2028.0,3068.0,12.0,20.0,108.0,216.0,408.0,1.5625,5.625,11.4,19.45,554.7325,1302.5748,2451.8268,3446.5368,8266.0,8208.0,15174.0,21020.0,91.0,204.0,378.0,520.0,582.0,1584.0,2754.0,3960.0,40.2241,103.6664,183.7162,259.1552,0.49,2.47,4.69,1.0,5.0,31.0,-2.0,-6.0,2.0,-0.02,-0.16,1.88,0.49,2.47,4.69,1.0,5.0,31.0,-2.0,-6.0,2.0,-0.02,-0.16,1.88,-7.26,-11.58,-13.38,114.0,234.0,402.0,18.0,36.0,52.0,3.0,5.88,9.44,0,0,0,0,0,0,0,0,0,0,0,0,0,0,0,0,0,0,0,0,0,0,0,0,0,0,0,0,0,0,0,0,1,0,0,0,0,0,0,0,0,0,0,0,0,0,0,0,0,0,0,0
MALJOZ01,3.0,3.0,275.6918,617.9082,1025.9112,1232.8962,3795.0,3012.0,4824.0,5300.0,45.0,96.0,162.0,192.0,258.0,648.0,942.0,1056.0,19.3308,46.2082,72.0206,82.6776,275.6918,617.9082,1025.9112,1232.8962,3795.0,3012.0,4824.0,5300.0,45.0,96.0,162.0,192.0,258.0,648.0,942.0,1056.0,19.3308,46.2082,72.0206,82.6776,9.2416,16.9936,29.4576,59.6752,49.0,91.0,161.0,175.0,2.0,4.0,8.0,4.0,12.0,28.0,28.0,0.5625,1.14,2.37,3.09,9.2416,16.9936,29.4576,59.6752,49.0,91.0,161.0,175.0,2.0,4.0,8.0,4.0,12.0,28.0,28.0,0.5625,1.14,2.37,3.09,3.3489,33.3792,61.3782,91.4634,676.0,1092.0,2028.0,3068.0,12.0,20.0,108.0,216.0,408.0,1.5625,5.625,11.4,19.45,554.7325,1302.5748,2451.8268,3446.5368,8266.0,8208.0,15174.0,21020.0,91.0,204.0,378.0,520.0,582.0,1584.0,2754.0,3960.0,40.2241,103.6664,183.7162,259.1552,0.49,2.47,4.69,1.0,5.0,31.0,-2.0,-6.0,2.0,-0.02,-0.16,1.88,0.49,2.47,4.69,1.0,5.0,31.0,-2.0,-6.0,2.0,-0.02,-0.16,1.88,-7.26,-11.58,-13.38,114.0,234.0,402.0,18.0,36.0,52.0,3.0,5.88,9.44,0,0,0,0,0,0,0,0,0,0,0,0,0,0,0,0,0,0,0,0,0,0,0,0,0,0,0,0,0,0,0,0,1,0,0,0,0,0,0,0,0,0,0,0,0,0,0,0,0,0,0,0
MEGDEH,3.0,3.0,312.2695,681.36,1089.48,1245.4244,1126.0,2604.0,3576.0,3860.0,51.0,106.0,172.0,194.0,278.0,662.0,872.0,976.0,19.5387,48.2482,69.2972,77.8094,312.2695,681.36,1089.48,1245.4244,1126.0,2604.0,3576.0,3860.0,51.0,106.0,172.0,194.0,278.0,662.0,872.0,976.0,19.5387,48.2482,69.2972,77.8094,9.2416,15.504,31.008,65.9376,49.0,84.0,168.0,210.0,2.0,4.0,9.0,4.0,12.0,26.0,32.0,0.5625,1.155,2.31,3.6825,9.2416,15.504,31.008,58.722667,49.0,84.0,168.0,228.666667,2.0,4.0,7.666667,4.0,12.0,24.666667,33.333333,0.5625,1.155,2.31,3.5025,3.3489,33.3792,55.998,74.664,676.0,1092.0,1872.0,2496.0,12.0,16.0,108.0,216.0,312.0,1.5625,5.625,11.55,15.4,627.8879,1429.4784,2568.204,3372.452,2928.0,7392.0,12366.0,16688.0,103.0,224.0,398.0,516.0,622.0,1612.0,2598.0,3644.0,40.6399,107.7464,178.5694,241.9788,0.98,1.96,5.67,2.0,4.0,33.0,-2.0,-5.0,2.0,-0.04,-0.08,1.84,0.98,1.96,3.99,2.0,4.0,21.0,-2.0,-4.333333,-1.333333,-0.04,-0.08,1.08,-7.26,-8.64,-11.52,114.0,240.0,320.0,18.0,36.0,44.0,3.0,5.76,7.68,0,0,0,0,0,0,0,0,0,0,1,0,0,0,0,0,0,0,0,0,0,0,0,0,0,0,0,0,0,0,0,0,0,0,0,0,0,0,0,0,0,0,0,0,0,0,0,0,0,1,0,0
MELLOF,6.0,6.0,366.3896,811.999,1376.026,1745.5396,1190.0,2848.0,3748.0,3772.0,62.0,128.0,222.0,294.0,350.0,884.0,1218.0,1344.0,21.9854,55.7492,83.2474,94.7662,366.3896,811.999,1376.026,1745.5396,1190.0,2848.0,3748.0,3772.0,62.0,128.0,222.0,294.0,350.0,884.0,1218.0,1344.0,21.9854,55.7492,83.2474,94.7662,9.2416,18.848,36.1,40.9336,49.0,87.5,122.5,133.0,2.5,5.0,5.5,6.5,19.5,27.5,26.5,0.5625,1.29375,2.1375,2.26125,9.2416,19.114,41.382,46.2156,49.0,96.25,136.5,147.0,2.5,5.75,6.25,6.5,21.75,32.0,31.0,0.5625,1.36875,2.420625,2.544375,3.3489,33.3792,68.7165,105.774,676.0,1092.0,2080.0,1690.0,15.0,25.0,126.0,288.0,258.0,1.5625,5.625,13.4375,15.5625,369.7385,878.7574,1790.707,2888.118,1866.0,5032.0,9378.0,11618.0,63.0,140.0,282.0,468.0,422.0,1232.0,2304.0,3328.0,23.5479,66.9992,126.9974,191.5912,1.4,3.325,3.255,5.0,17.5,19.5,-1.0,2.0,3.0,0.15,0.9,1.11,1.3125,3.8675,3.7975,3.75,20.75,22.75,-1.75,2.75,3.75,0.05,1.085,1.295,-7.26,-10.1,-12.05,114.0,310.0,585.0,15.0,42.0,107.0,3.0,8.0,18.8,0,0,0,0,0,0,0,0,0,0,0,0,0,0,0,1,0,0,0,0,0,0,0,0,0,0,0,0,0,0,0,0,0,0,0,0,0,0,0,0,0,0,0,0,0,0,0,0,0,0,0,0
MELLOF01,6.0,6.0,366.3896,811.999,1376.026,1745.5396,1190.0,2848.0,3748.0,3772.0,62.0,128.0,222.0,294.0,350.0,884.0,1218.0,1344.0,21.9854,55.7492,83.2474,94.7662,366.3896,811.999,1376.026,1745.5396,1190.0,2848.0,3748.0,3772.0,62.0,128.0,222.0,294.0,350.0,884.0,1218.0,1344.0,21.9854,55.7492,83.2474,94.7662,9.2416,18.848,36.1,40.9336,49.0,87.5,122.5,133.0,2.5,5.0,5.5,6.5,19.5,27.5,26.5,0.5625,1.29375,2.1375,2.26125,9.2416,19.114,41.382,46.2156,49.0,96.25,136.5,147.0,2.5,5.75,6.25,6.5,21.75,32.0,31.0,0.5625,1.36875,2.420625,2.544375,3.3489,33.3792,68.7165,105.774,676.0,1092.0,2080.0,1690.0,15.0,25.0,126.0,288.0,258.0,1.5625,5.625,13.4375,15.5625,369.7385,878.7574,1790.707,2888.118,1866.0,5032.0,9378.0,11618.0,63.0,140.0,282.0,468.0,422.0,1232.0,2304.0,3328.0,23.5479,66.9992,126.9974,191.5912,1.4,3.325,3.255,5.0,17.5,19.5,-1.0,2.0,3.0,0.15,0.9,1.11,1.3125,3.8675,3.7975,3.75,20.75,22.75,-1.75,2.75,3.75,0.05,1.085,1.295,-7.26,-10.1,-12.05,114.0,310.0,585.0,15.0,42.0,107.0,3.0,8.0,18.8,0,0,0,0,0,0,0,0,0,0,0,0,0,0,0,1,0,0,0,0,0,0,0,0,0,0,0,0,0,0,0,0,0,0,0,0,0,0,0,0,0,0,0,0,0,0,0,0,0,0,0,0
MELLOF02,6.0,6.0,366.3896,811.999,1376.026,1745.5396,1190.0,2848.0,3748.0,3772.0,62.0,128.0,222.0,294.0,350.0,884.0,1218.0,1344.0,21.9854,55.7492,83.2474,94.7662,366.3896,811.999,1376.026,1745.5396,1190.0,2848.0,3748.0,3772.0,62.0,128.0,222.0,294.0,350.0,884.0,1218.0,1344.0,21.9854,55.7492,83.2474,94.7662,9.2416,18.848,36.1,40.9336,49.0,87.5,122.5,133.0,2.5,5.0,5.5,6.5,19.5,27.5,26.5,0.5625,1.29375,2.1375,2.26125,9.2416,19.114,41.382,46.2156,49.0,96.25,136.5,147.0,2.5,5.75,6.25,6.5,21.75,32.0,31.0,0.5625,1.36875,2.420625,2.544375,3.3489,33.3792,68.7165,105.774,676.0,1092.0,2080.0,1690.0,15.0,25.0,126.0,288.0,258.0,1.5625,5.625,13.4375,15.5625,369.7385,878.7574,1790.707,2888.118,1866.0,5032.0,9378.0,11618.0,63.0,140.0,282.0,468.0,422.0,1232.0,2304.0,3328.0,23.5479,66.9992,126.9974,191.5912,1.4,3.325,3.255,5.0,17.5,19.5,-1.0,2.0,3.0,0.15,0.9,1.11,1.3125,3.8675,3.7975,3.75,20.75,22.75,-1.75,2.75,3.75,0.05,1.085,1.295,-7.26,-10.1,-12.05,114.0,310.0,585.0,15.0,42.0,107.0,3.0,8.0,18.8,0,0,0,0,0,0,0,0,0,0,0,0,0,0,0,1,0,0,0,0,0,0,0,0,0,0,0,0,0,0,0,0,0,0,0,0,0,0,0,0,0,0,0,0,0,0,0,0,0,0,0,0
MEQVEM,3.0,3.0,178.8101,399.126,632.9688,656.3044,1138.0,2124.0,3164.0,2464.0,29.0,62.0,100.0,102.0,162.0,390.0,520.0,504.0,12.9819,31.339,46.2524,44.0922,178.8101,399.126,632.9688,656.3044,1138.0,2124.0,3164.0,2464.0,29.0,62.0,100.0,102.0,162.0,390.0,520.0,504.0,12.9819,31.339,46.2524,44.0922,9.2416,15.504,31.0992,43.7456,49.0,84.0,238.0,119.0,2.0,4.0,6.0,4.0,12.0,24.0,18.0,0.5625,1.155,2.4975,2.25,9.2416,15.504,31.0384,51.325333,49.0,84.0,191.333333,198.333333,2.0,4.0,6.666667,4.0,12.0,24.0,26.0,0.5625,1.155,2.3725,3.025,3.3489,33.3792,55.998,74.8836,676.0,1092.0,1872.0,3536.0,12.0,16.0,108.0,216.0,288.0,1.5625,5.625,11.55,16.65,360.9691,865.0104,1655.1816,2194.6512,2952.0,6432.0,11542.0,15976.0,59.0,136.0,254.0,332.0,390.0,1068.0,1886.0,2588.0,27.5263,73.928,132.4798,177.0444,0.98,1.93,3.85,2.0,-6.0,25.0,-2.0,-4.0,3.0,-0.04,-0.33,1.5,0.98,1.95,3.383333,2.0,0.666667,18.333333,-2.0,-4.0,0.333333,-0.04,-0.163333,0.966667,-7.26,-8.64,-11.64,114.0,240.0,280.0,18.0,36.0,48.0,3.0,5.76,6.68,0,0,0,0,0,0,0,0,0,0,0,0,0,0,0,1,0,0,0,0,0,0,0,0,0,0,0,0,0,0,0,0,0,0,0,0,0,0,0,0,0,0,0,0,0,0,0,0,0,1,0,0
MEQVEM02,3.0,3.0,178.8101,399.126,632.9688,656.3044,1138.0,2124.0,3164.0,2464.0,29.0,62.0,100.0,102.0,162.0,390.0,520.0,504.0,12.9819,31.339,46.2524,44.0922,178.8101,399.126,632.9688,656.3044,1138.0,2124.0,3164.0,2464.0,29.0,62.0,100.0,102.0,162.0,390.0,520.0,504.0,12.9819,31.339,46.2524,44.0922,9.2416,15.504,31.0992,43.7456,49.0,84.0,238.0,119.0,2.0,4.0,6.0,4.0,12.0,24.0,18.0,0.5625,1.155,2.4975,2.25,9.2416,15.504,31.0384,51.325333,49.0,84.0,191.333333,198.333333,2.0,4.0,6.666667,4.0,12.0,24.0,26.0,0.5625,1.155,2.3725,3.025,3.3489,33.3792,55.998,74.8836,676.0,1092.0,1872.0,3536.0,12.0,16.0,108.0,216.0,288.0,1.5625,5.625,11.55,16.65,360.9691,865.0104,1655.1816,2194.6512,2952.0,6432.0,11542.0,15976.0,59.0,136.0,254.0,332.0,390.0,1068.0,1886.0,2588.0,27.5263,73.928,132.4798,177.0444,0.98,1.93,3.85,2.0,-6.0,25.0,-2.0,-4.0,3.0,-0.04,-0.33,1.5,0.98,1.95,3.383333,2.0,0.666667,18.333333,-2.0,-4.0,0.333333,-0.04,-0.163333,0.966667,-7.26,-8.64,-11.64,114.0,240.0,280.0,18.0,36.0,48.0,3.0,5.76,6.68,0,0,0,0,0,0,0,0,0,0,0,0,0,0,0,1,0,0,0,0,0,0,0,0,0,0,0,0,0,0,0,0,0,0,0,0,0,0,0,0,0,0,0,0,0,0,0,0,0,1,0,0
MEQXIS,3.0,3.0,178.8101,399.126,632.9688,656.3044,1138.0,2124.0,3164.0,2464.0,29.0,62.0,100.0,102.0,162.0,390.0,520.0,504.0,12.9819,31.339,46.2524,44.0922,178.8101,399.126,632.9688,656.3044,1138.0,2124.0,3164.0,2464.0,29.0,62.0,100.0,102.0,162.0,390.0,520.0,504.0,12.9819,31.339,46.2524,44.0922,9.2416,15.504,31.0992,43.7456,49.0,84.0,238.0,119.0,2.0,4.0,6.0,4.0,12.0,24.0,18.0,0.5625,1.155,2.4975,2.25,9.2416,15.504,31.0384,51.325333,49.0,84.0,191.333333,198.333333,2.0,4.0,6.666667,4.0,12.0,24.0,26.0,0.5625,1.155,2.3725,3.025,3.3489,33.3792,55.998,74.8836,676.0,1092.0,1872.0,3536.0,12.0,16.0,108.0,216.0,288.0,1.5625,5.625,11.55,16.65,360.9691,865.0104,1655.1816,2194.6512,2952.0,6432.0,11542.0,15976.0,59.0,136.0,254.0,332.0,390.0,1068.0,1886.0,2588.0,27.5263,73.928,132.4798,177.0444,0.98,1.93,3.85,2.0,-6.0,25.0,-2.0,-4.0,3.0,-0.04,-0.33,1.5,0.98,1.95,3.383333,2.0,0.666667,18.333333,-2.0,-4.0,0.333333,-0.04,-0.163333,0.966667,-7.26,-8.64,-11.64,114.0,240.0,280.0,18.0,36.0,48.0,3.0,5.76,6.68,0,0,0,0,0,0,0,0,0,0,0,0,0,0,0,1,0,0,0,0,0,0,0,0,0,0,0,0,0,0,0,0,0,0,0,0,0,0,0,0,0,0,0,0,0,0,0,0,0,0,0,0
MEQXIS01,3.0,3.0,178.8101,399.126,632.9688,656.3044,1138.0,2124.0,3164.0,2464.0,29.0,62.0,100.0,102.0,162.0,390.0,520.0,504.0,12.9819,31.339,46.2524,44.0922,178.8101,399.126,632.9688,656.3044,1138.0,2124.0,3164.0,2464.0,29.0,62.0,100.0,102.0,162.0,390.0,520.0,504.0,12.9819,31.339,46.2524,44.0922,9.2416,15.504,31.0992,43.7456,49.0,84.0,238.0,119.0,2.0,4.0,6.0,4.0,12.0,24.0,18.0,0.5625,1.155,2.4975,2.25,9.2416,15.504,31.0384,51.325333,49.0,84.0,191.333333,198.333333,2.0,4.0,6.666667,4.0,12.0,24.0,26.0,0.5625,1.155,2.3725,3.025,3.3489,33.3792,55.998,74.8836,676.0,1092.0,1872.0,3536.0,12.0,16.0,108.0,216.0,288.0,1.5625,5.625,11.55,16.65,360.9691,865.0104,1655.1816,2194.6512,2952.0,6432.0,11542.0,15976.0,59.0,136.0,254.0,332.0,390.0,1068.0,1886.0,2588.0,27.5263,73.928,132.4798,177.0444,0.98,1.93,3.85,2.0,-6.0,25.0,-2.0,-4.0,3.0,-0.04,-0.33,1.5,0.98,1.95,3.383333,2.0,0.666667,18.333333,-2.0,-4.0,0.333333,-0.04,-0.163333,0.966667,-7.26,-8.64,-11.64,114.0,240.0,280.0,18.0,36.0,48.0,3.0,5.76,6.68,0,0,0,0,0,0,0,0,0,0,0,0,0,0,0,1,0,0,0,0,0,0,0,0,0,0,0,0,0,0,0,0,0,0,0,0,0,0,0,0,0,0,0,0,0,0,0,0,0,0,0,0
MIFRIF,4.0,2.0,225.4126,483.151,794.884,981.3576,1294.0,2068.0,2932.0,2954.0,36.0,74.0,124.0,158.0,198.0,492.0,656.0,678.0,14.7012,34.4202,51.0588,56.5614,90.0712,180.158333,275.418933,327.1192,658.666667,873.333333,1126.666667,984.666667,14.0,27.333333,42.666667,52.666667,70.0,169.333333,220.0,226.0,6.364267,13.2906,18.0396,18.8538,9.2416,15.504,29.944,43.7456,49.0,84.0,133.0,119.0,2.0,4.0,6.0,4.0,12.0,22.0,20.0,0.5625,1.155,2.01,2.25,9.2416,12.565333,19.314133,13.203733,49.0,58.333333,112.0,51.333333,1.666667,2.666667,1.666667,3.666667,10.333333,11.666667,10.0,0.5625,0.8625,1.265,0.7525,3.3489,33.3792,54.717,68.3688,676.0,1092.0,1612.0,1716.0,12.0,16.0,108.0,204.0,144.0,1.5625,5.625,10.55,11.025,273.5625,607.2334,1212.9388,1878.5816,2652.0,4804.0,8074.0,9928.0,43.0,94.0,182.0,292.0,276.0,792.0,1426.0,1804.0,20.6553,51.1218,92.0938,131.6064,0.98,2.31,3.85,2.0,9.0,25.0,-2.0,-3.0,2.0,-0.04,0.32,1.5,0.933333,1.753333,0.723333,3.333333,2.666667,4.333333,-0.666667,2.333333,1.666667,0.1,0.313333,0.246667,-7.26,-7.94,-8.08,114.0,250.0,350.0,18.0,38.0,72.0,3.0,6.56,11.18,0,0,0,0,0,0,0,0,0,0,0,0,0,0,0,0,0,0,0,0,0,0,0,0,0,0,0,0,0,0,0,0,0,0,0,0,0,0,0,0,0,0,0,0,0,0,0,0,0,0,0,0
MIFROL,4.0,2.0,225.4126,483.151,794.884,981.3576,1294.0,2068.0,2932.0,2954.0,36.0,74.0,124.0,158.0,198.0,492.0,656.0,678.0,14.7012,34.4202,51.0588,56.5614,89.9686,180.056333,275.297333,327.1192,1258.666667,1017.333333,1294.666667,984.666667,14.0,27.333333,42.666667,52.666667,70.0,169.333333,220.0,226.0,6.567733,13.434333,18.1796,18.8538,9.2416,15.504,29.944,43.7456,49.0,84.0,133.0,119.0,2.0,4.0,6.0,4.0,12.0,22.0,20.0,0.5625,1.155,2.01,2.25,9.2416,12.565333,19.253333,13.203733,49.0,58.333333,196.0,51.333333,1.666667,2.666667,1.666667,3.666667,10.333333,11.666667,10.0,0.5625,0.8625,1.335,0.7525,3.3489,33.3792,54.717,68.259,676.0,1092.0,1612.0,2652.0,12.0,16.0,108.0,204.0,144.0,1.5625,5.625,10.55,11.375,273.2547,606.9274,1212.574,1878.362,4452.0,5236.0,8578.0,11800.0,43.0,94.0,182.0,292.0,276.0,792.0,1426.0,1804.0,21.2657,51.553,92.5138,132.3064,0.98,2.31,3.85,2.0,9.0,25.0,-2.0,-3.0,2.0,-0.04,0.32,1.5,0.933333,1.773333,0.723333,3.333333,-9.333333,4.333333,-0.666667,2.333333,1.666667,0.1,0.22,0.246667,-7.26,-7.94,-8.02,114.0,250.0,314.0,18.0,38.0,72.0,3.0,6.56,10.9,0,0,0,0,0,0,0,0,0,0,0,0,0,0,0,0,0,0,0,0,0,0,0,0,0,0,0,0,0,0,0,0,0,0,0,0,0,0,0,0,0,0,0,0,0,0,0,0,0,0,0,0
MIFROL01,4.0,2.0,225.4126,483.151,794.884,981.3576,1294.0,2068.0,2932.0,2954.0,36.0,74.0,124.0,158.0,198.0,492.0,656.0,678.0,14.7012,34.4202,51.0588,56.5614,89.9686,180.056333,275.297333,327.1192,1258.666667,1017.333333,1294.666667,984.666667,14.0,27.333333,42.666667,52.666667,70.0,169.333333,220.0,226.0,6.567733,13.434333,18.1796,18.8538,9.2416,15.504,29.944,43.7456,49.0,84.0,133.0,119.0,2.0,4.0,6.0,4.0,12.0,22.0,20.0,0.5625,1.155,2.01,2.25,9.2416,12.565333,19.253333,13.203733,49.0,58.333333,196.0,51.333333,1.666667,2.666667,1.666667,3.666667,10.333333,11.666667,10.0,0.5625,0.8625,1.335,0.7525,3.3489,33.3792,54.717,68.259,676.0,1092.0,1612.0,2652.0,12.0,16.0,108.0,204.0,144.0,1.5625,5.625,10.55,11.375,273.2547,606.9274,1212.574,1878.362,4452.0,5236.0,8578.0,11800.0,43.0,94.0,182.0,292.0,276.0,792.0,1426.0,1804.0,21.2657,51.553,92.5138,132.3064,0.98,2.31,3.85,2.0,9.0,25.0,-2.0,-3.0,2.0,-0.04,0.32,1.5,0.933333,1.773333,0.723333,3.333333,-9.333333,4.333333,-0.666667,2.333333,1.666667,0.1,0.22,0.246667,-7.26,-7.94,-8.02,114.0,250.0,314.0,18.0,38.0,72.0,3.0,6.56,10.9,0,0,0,0,0,0,0,0,0,0,0,0,0,0,0,0,0,0,0,0,0,0,0,0,0,0,0,0,0,0,0,0,0,0,0,0,0,0,0,0,0,0,0,0,0,0,0,0,0,0,0,0
MIFSAY,4.0,2.0,225.4126,483.151,794.884,981.3576,1294.0,2068.0,2932.0,2954.0,36.0,74.0,124.0,158.0,198.0,492.0,656.0,678.0,14.7012,34.4202,51.0588,56.5614,98.088,196.274333,315.030133,353.8712,506.666667,805.333333,1052.0,1012.666667,16.0,31.333333,50.666667,56.666667,82.0,193.333333,236.0,230.0,6.426133,14.374067,19.5568,19.9638,9.2416,15.504,29.944,43.7456,49.0,84.0,133.0,119.0,2.0,4.0,6.0,4.0,12.0,22.0,20.0,0.5625,1.155,2.01,2.25,9.2416,12.565333,18.219733,26.579733,49.0,58.333333,60.666667,65.333333,1.666667,2.666667,3.666667,3.666667,10.333333,13.666667,12.0,0.5625,0.8625,1.18,1.3075,3.3489,33.3792,54.717,66.3924,676.0,1092.0,1612.0,1144.0,12.0,16.0,108.0,204.0,180.0,1.5625,5.625,10.55,10.6,297.6129,655.5814,1331.7724,1954.8848,2196.0,4600.0,7850.0,8868.0,49.0,106.0,206.0,304.0,312.0,864.0,1486.0,1900.0,20.8409,54.3722,96.6454,134.0864,0.98,2.31,3.85,2.0,9.0,25.0,-2.0,-3.0,2.0,-0.04,0.32,1.5,0.933333,2.113333,2.403333,3.333333,10.0,16.333333,-0.666667,0.333333,1.666667,0.1,0.426667,1.006667,-7.26,-7.94,-7.0,114.0,250.0,372.0,18.0,38.0,66.0,3.0,6.56,11.52,0,0,0,0,0,0,0,0,0,0,0,0,0,0,0,0,0,0,0,0,0,0,0,0,0,0,0,0,0,0,0,0,0,0,0,0,0,0,0,0,0,0,0,0,0,0,0,0,0,0,0,0
MIFSEC,4.0,2.0,225.4126,483.151,794.884,981.3576,1294.0,2068.0,2932.0,2954.0,36.0,74.0,124.0,158.0,198.0,492.0,656.0,678.0,14.7012,34.4202,51.0588,56.5614,98.088,196.274333,315.030133,353.8712,506.666667,805.333333,1052.0,1012.666667,16.0,31.333333,50.666667,56.666667,82.0,193.333333,236.0,230.0,6.426133,14.374067,19.5568,19.9638,9.2416,15.504,29.944,43.7456,49.0,84.0,133.0,119.0,2.0,4.0,6.0,4.0,12.0,22.0,20.0,0.5625,1.155,2.01,2.25,9.2416,12.565333,18.219733,26.579733,49.0,58.333333,60.666667,65.333333,1.666667,2.666667,3.666667,3.666667,10.333333,13.666667,12.0,0.5625,0.8625,1.18,1.3075,3.3489,33.3792,54.717,66.3924,676.0,1092.0,1612.0,1144.0,12.0,16.0,108.0,204.0,180.0,1.5625,5.625,10.55,10.6,297.6129,655.5814,1331.7724,1954.8848,2196.0,4600.0,7850.0,8868.0,49.0,106.0,206.0,304.0,312.0,864.0,1486.0,1900.0,20.8409,54.3722,96.6454,134.0864,0.98,2.31,3.85,2.0,9.0,25.0,-2.0,-3.0,2.0,-0.04,0.32,1.5,0.933333,2.113333,2.403333,3.333333,10.0,16.333333,-0.666667,0.333333,1.666667,0.1,0.426667,1.006667,-7.26,-7.94,-7.0,114.0,250.0,372.0,18.0,38.0,66.0,3.0,6.56,11.52,0,0,0,0,0,0,0,0,0,0,0,0,0,0,0,0,0,0,0,0,0,0,0,0,0,0,0,0,0,0,0,0,0,0,0,0,0,0,0,0,0,0,0,0,0,0,0,0,0,0,0,0
MIWJUZ,1.0,4.0,22.4005,28.662,15.6864,0.0,341.0,276.0,224.0,0.0,3.0,4.0,2.0,0.0,6.0,8.0,2.0,0.0,2.1958,2.7258,1.53,0.0,267.1414,599.097,956.768,1194.6434,1006.0,2400.0,3344.0,3440.0,44.0,94.0,152.0,194.0,246.0,616.0,856.0,914.0,17.758,44.3982,65.66,73.3114,9.2416,7.752,7.8432,0.0,49.0,42.0,112.0,0.0,1.0,1.0,0.0,1.0,2.0,1.0,0.0,0.5625,0.5775,0.765,0.0,9.2416,15.504,30.476,48.6856,49.0,84.0,150.5,175.0,2.0,4.0,6.5,4.0,12.0,23.0,26.0,0.5625,1.155,2.16,2.83875,3.3489,33.3792,46.665,64.1598,676.0,1092.0,1560.0,2444.0,10.0,14.0,96.0,168.0,216.0,1.5625,5.625,9.625,13.1,315.2913,723.1794,1358.7188,1999.1806,2364.0,5136.0,8382.0,11996.0,51.0,114.0,206.0,310.0,320.0,880.0,1504.0,2082.0,23.7121,61.0998,104.845,150.3914,0.49,0.46,0.0,1.0,-9.0,0.0,-1.0,0.0,0.0,-0.02,-0.27,0.0,0.98,2.135,3.745,2.0,6.5,20.5,-2.0,-3.5,0.0,-0.04,0.12,1.09,-7.26,-7.2,-9.44,114.0,200.0,270.0,20.0,32.0,48.0,3.0,4.8,7.02,0,0,0,0,0,0,0,0,0,0,0,0,0,0,0,0,0,0,0,0,0,0,0,0,0,0,0,0,0,0,0,0,0,0,0,0,0,0,0,0,0,0,0,0,0,0,0,0,0,0,0,0
MOFRAA,3.0,3.0,265.9696,597.8856,1020.7416,1156.1142,892.0,2178.0,3288.0,3378.0,44.0,92.0,162.0,174.0,254.0,620.0,870.0,990.0,15.8732,40.5352,62.1282,68.7666,265.9696,597.8856,1020.7416,1156.1142,892.0,2178.0,3288.0,3378.0,44.0,92.0,162.0,174.0,254.0,620.0,870.0,990.0,15.8732,40.5352,62.1282,68.7666,9.2416,16.9936,31.008,59.6752,49.0,91.0,168.0,175.0,2.0,4.0,8.0,4.0,12.0,28.0,30.0,0.5625,1.14,2.31,3.09,9.2416,16.9936,31.008,59.6752,49.0,91.0,168.0,175.0,2.0,4.0,8.0,4.0,12.0,28.0,30.0,0.5625,1.14,2.31,3.09,3.3489,33.3792,61.3782,93.33,676.0,1092.0,2028.0,3120.0,12.0,20.0,108.0,216.0,408.0,1.5625,5.625,11.4,19.25,535.2881,1262.5296,2441.4876,3296.706,2460.0,6540.0,12102.0,17280.0,89.0,196.0,378.0,484.0,574.0,1528.0,2610.0,3840.0,33.3089,92.3204,163.9314,230.9332,0.49,1.96,4.69,1.0,4.0,31.0,-2.0,-6.0,1.0,-0.02,-0.08,1.88,0.49,1.96,4.69,1.0,4.0,31.0,-2.0,-6.0,1.0,-0.02,-0.08,1.88,-7.26,-11.58,-14.4,114.0,234.0,400.0,18.0,36.0,52.0,3.0,5.88,9.6,0,0,0,0,0,0,0,0,0,0,0,0,0,0,0,0,0,0,0,0,0,1,0,0,0,0,0,0,0,0,0,0,0,0,0,0,0,0,0,0,0,0,0,0,0,0,0,0,0,0,0,0
MOFREE,3.0,3.0,265.9696,597.8856,1020.7416,1156.1142,892.0,2178.0,3288.0,3378.0,44.0,92.0,162.0,174.0,254.0,620.0,870.0,990.0,15.8732,40.5352,62.1282,68.7666,265.9696,597.8856,1020.7416,1156.1142,892.0,2178.0,3288.0,3378.0,44.0,92.0,162.0,174.0,254.0,620.0,870.0,990.0,15.8732,40.5352,62.1282,68.7666,9.2416,16.9936,31.008,59.6752,49.0,91.0,168.0,175.0,2.0,4.0,8.0,4.0,12.0,28.0,30.0,0.5625,1.14,2.31,3.09,9.2416,16.9936,31.008,59.6752,49.0,91.0,168.0,175.0,2.0,4.0,8.0,4.0,12.0,28.0,30.0,0.5625,1.14,2.31,3.09,3.3489,33.3792,61.3782,93.33,676.0,1092.0,2028.0,3120.0,12.0,20.0,108.0,216.0,408.0,1.5625,5.625,11.4,19.25,535.2881,1262.5296,2441.4876,3296.706,2460.0,6540.0,12102.0,17280.0,89.0,196.0,378.0,484.0,574.0,1528.0,2610.0,3840.0,33.3089,92.3204,163.9314,230.9332,0.49,1.96,4.69,1.0,4.0,31.0,-2.0,-6.0,1.0,-0.02,-0.08,1.88,0.49,1.96,4.69,1.0,4.0,31.0,-2.0,-6.0,1.0,-0.02,-0.08,1.88,-7.26,-11.58,-14.4,114.0,234.0,400.0,18.0,36.0,52.0,3.0,5.88,9.6,0,0,0,0,0,0,0,0,0,0,0,0,0,0,0,0,0,0,0,0,0,1,0,0,0,0,0,0,0,0,0,0,1,0,0,0,0,0,0,0,0,0,0,0,0,0,0,0,0,0,0,0
NAVYEP,6.0,6.0,374.1685,824.712,1378.8486,1547.8122,1276.0,2994.0,4068.0,3612.0,61.0,126.0,216.0,246.0,342.0,834.0,1110.0,1152.0,22.1829,55.5342,81.7824,84.8466,374.1685,824.712,1378.8486,1547.8122,1276.0,2994.0,4068.0,3612.0,61.0,126.0,216.0,246.0,342.0,834.0,1110.0,1152.0,22.1829,55.5342,81.7824,84.8466,9.2416,15.504,34.0328,44.4904,49.0,84.0,140.0,122.5,2.0,4.5,6.0,4.0,13.0,23.0,18.0,0.5625,1.155,2.14125,2.2425,9.2416,15.504,34.0328,44.4904,49.0,84.0,140.0,122.5,2.0,4.5,6.0,4.0,13.0,23.0,18.0,0.5625,1.155,2.14125,2.2425,3.3489,33.3792,55.998,94.9221,676.0,1092.0,1872.0,2184.0,12.0,21.0,108.0,234.0,306.0,1.5625,5.625,11.55,15.6375,377.5174,891.4704,1768.0926,2519.4228,1952.0,5178.0,9282.0,12222.0,62.0,138.0,270.0,390.0,408.0,1128.0,1986.0,2886.0,23.7454,66.7842,121.7574,175.1166,0.98,2.485,3.605,2.0,11.5,24.5,-2.5,-2.5,3.0,-0.04,0.52,1.51,0.98,2.485,3.605,2.0,11.5,24.5,-2.5,-2.5,3.0,-0.04,0.52,1.51,-7.26,-8.64,-13.44,114.0,240.0,462.0,18.0,33.0,75.0,3.0,5.76,13.74,0,0,0,0,0,0,0,0,0,0,0,0,0,1,0,0,0,0,0,1,0,0,0,0,0,0,0,0,0,0,0,0,0,0,0,0,0,0,0,0,0,0,0,0,0,0,0,0,0,0,0,0
NAVYEP01,6.0,6.0,374.1685,824.712,1378.8486,1547.8122,1276.0,2994.0,4068.0,3612.0,61.0,126.0,216.0,246.0,342.0,834.0,1110.0,1152.0,22.1829,55.5342,81.7824,84.8466,374.1685,824.712,1378.8486,1547.8122,1276.0,2994.0,4068.0,3612.0,61.0,126.0,216.0,246.0,342.0,834.0,1110.0,1152.0,22.1829,55.5342,81.7824,84.8466,9.2416,15.504,34.0328,44.4904,49.0,84.0,140.0,122.5,2.0,4.5,6.0,4.0,13.0,23.0,18.0,0.5625,1.155,2.14125,2.2425,9.2416,15.504,34.0328,44.4904,49.0,84.0,140.0,122.5,2.0,4.5,6.0,4.0,13.0,23.0,18.0,0.5625,1.155,2.14125,2.2425,3.3489,33.3792,55.998,94.9221,676.0,1092.0,1872.0,2184.0,12.0,21.0,108.0,234.0,306.0,1.5625,5.625,11.55,15.6375,377.5174,891.4704,1768.0926,2519.4228,1952.0,5178.0,9282.0,12222.0,62.0,138.0,270.0,390.0,408.0,1128.0,1986.0,2886.0,23.7454,66.7842,121.7574,175.1166,0.98,2.485,3.605,2.0,11.5,24.5,-2.5,-2.5,3.0,-0.04,0.52,1.51,0.98,2.485,3.605,2.0,11.5,24.5,-2.5,-2.5,3.0,-0.04,0.52,1.51,-7.26,-8.64,-13.44,114.0,240.0,462.0,18.0,33.0,75.0,3.0,5.76,13.74,0,0,0,0,0,0,0,0,0,0,0,0,0,1,0,0,0,0,0,1,0,0,0,0,0,0,0,0,0,0,0,0,0,0,0,0,0,0,0,0,0,0,0,0,0,0,0,0,0,0,0,0
NEFSIA01,4.0,2.0,215.1214,473.359,775.545,954.6076,718.0,1684.0,2214.0,2218.0,36.0,74.0,124.0,158.0,198.0,492.0,674.0,738.0,13.0148,32.5106,47.5596,53.323,86.6408,176.894333,268.9726,318.202533,466.666667,745.333333,887.333333,739.333333,14.0,27.333333,42.666667,52.666667,70.0,169.333333,226.0,246.0,5.802133,12.654067,16.8732,17.774333,9.2416,15.504,29.944,43.7456,49.0,84.0,133.0,119.0,2.0,4.0,6.0,4.0,12.0,22.0,20.0,0.5625,1.155,2.01,2.25,9.2416,12.565333,19.314133,13.203733,49.0,58.333333,112.0,51.333333,1.666667,2.666667,1.666667,3.666667,10.333333,11.666667,10.0,0.5625,0.8625,1.265,0.7525,3.3489,33.3792,54.717,68.3688,676.0,1092.0,1612.0,1716.0,12.0,16.0,108.0,204.0,144.0,1.5625,5.625,10.55,11.025,263.2713,597.4414,1193.5998,1851.8316,2076.0,4420.0,7356.0,9192.0,43.0,94.0,182.0,292.0,276.0,792.0,1444.0,1864.0,18.9689,49.2122,88.5946,128.368,0.98,2.31,3.85,2.0,9.0,25.0,-2.0,-3.0,2.0,-0.04,0.32,1.5,0.933333,1.753333,0.723333,3.333333,2.666667,4.333333,-0.666667,2.333333,1.666667,0.1,0.313333,0.246667,-7.26,-7.94,-8.08,114.0,250.0,350.0,18.0,38.0,72.0,3.0,6.56,11.18,0,0,0,0,0,0,0,0,0,0,0,0,0,0,0,0,0,0,0,0,0,0,0,0,0,0,0,0,0,0,0,0,0,0,0,0,0,0,0,0,0,0,0,0,0,0,0,0,0,0,0,0
NEFSIA02,4.0,2.0,215.1214,473.359,775.545,954.6076,718.0,1684.0,2214.0,2218.0,36.0,74.0,124.0,158.0,198.0,492.0,674.0,738.0,13.0148,32.5106,47.5596,53.323,86.6408,176.894333,268.9726,318.202533,466.666667,745.333333,887.333333,739.333333,14.0,27.333333,42.666667,52.666667,70.0,169.333333,226.0,246.0,5.802133,12.654067,16.8732,17.774333,9.2416,15.504,29.944,43.7456,49.0,84.0,133.0,119.0,2.0,4.0,6.0,4.0,12.0,22.0,20.0,0.5625,1.155,2.01,2.25,9.2416,12.565333,19.314133,13.203733,49.0,58.333333,112.0,51.333333,1.666667,2.666667,1.666667,3.666667,10.333333,11.666667,10.0,0.5625,0.8625,1.265,0.7525,3.3489,33.3792,54.717,68.3688,676.0,1092.0,1612.0,1716.0,12.0,16.0,108.0,204.0,144.0,1.5625,5.625,10.55,11.025,263.2713,597.4414,1193.5998,1851.8316,2076.0,4420.0,7356.0,9192.0,43.0,94.0,182.0,292.0,276.0,792.0,1444.0,1864.0,18.9689,49.2122,88.5946,128.368,0.98,2.31,3.85,2.0,9.0,25.0,-2.0,-3.0,2.0,-0.04,0.32,1.5,0.933333,1.753333,0.723333,3.333333,2.666667,4.333333,-0.666667,2.333333,1.666667,0.1,0.313333,0.246667,-7.26,-7.94,-8.08,114.0,250.0,350.0,18.0,38.0,72.0,3.0,6.56,11.18,0,0,0,0,0,0,0,0,0,0,0,0,0,0,0,0,0,0,0,0,0,0,0,0,0,0,0,0,0,0,0,0,0,0,0,0,0,0,0,0,0,0,0,0,0,0,0,0,0,0,0,0
NEFVID,1.0,1.0,101.6964,217.7316,346.3596,341.837,348.0,786.0,948.0,608.0,16.0,32.0,54.0,58.0,86.0,208.0,256.0,204.0,5.7168,13.77,19.0838,16.4322,101.6964,217.7316,346.3596,341.837,348.0,786.0,948.0,608.0,16.0,32.0,54.0,58.0,86.0,208.0,256.0,204.0,5.7168,13.77,19.0838,16.4322,9.2416,16.9936,25.1712,7.752,49.0,91.0,105.0,42.0,2.0,3.0,1.0,4.0,10.0,12.0,8.0,0.5625,1.14,1.4025,0.5775,9.2416,16.9936,25.1712,7.752,49.0,91.0,105.0,42.0,2.0,3.0,1.0,4.0,10.0,12.0,8.0,0.5625,1.14,1.4025,0.5775,3.3489,33.3792,61.3782,90.9144,676.0,1092.0,2028.0,2340.0,12.0,18.0,108.0,180.0,216.0,1.5625,5.625,11.4,14.025,613.5273,1373.148,2478.162,3252.4668,2764.0,6900.0,11214.0,13788.0,97.0,204.0,378.0,504.0,582.0,1524.0,2238.0,2604.0,35.8633,93.87,154.1778,195.0432,0.49,0.84,0.49,1.0,6.0,1.0,-1.0,0.0,-2.0,-0.02,0.38,-0.02,0.49,0.84,0.49,1.0,6.0,1.0,-1.0,0.0,-2.0,-0.02,0.38,-0.02,-7.26,-11.58,-16.74,114.0,234.0,378.0,18.0,42.0,72.0,3.0,5.88,11.28,0,0,0,0,0,0,0,0,0,0,1,0,0,0,0,0,0,0,0,0,0,0,0,0,0,0,0,0,0,0,0,0,0,0,0,0,0,0,0,0,0,0,0,0,0,0,0,0,0,0,0,0
NEMSAZ,3.0,3.0,161.2955,365.3324,557.69,597.7124,650.0,1532.0,2120.0,1796.0,25.0,54.0,84.0,94.0,138.0,342.0,476.0,424.0,10.5665,26.1366,38.2252,36.253,161.2955,365.3324,557.69,597.7124,650.0,1532.0,2120.0,1796.0,25.0,54.0,84.0,94.0,138.0,342.0,476.0,424.0,10.5665,26.1366,38.2252,36.253,9.2416,16.9936,29.944,30.3696,49.0,91.0,133.0,105.0,2.0,4.0,4.0,4.0,12.0,20.0,14.0,0.5625,1.14,2.01,1.695,9.2416,16.000533,30.653333,46.866667,49.0,86.333333,156.333333,193.666667,2.0,4.0,6.0,4.0,12.0,22.666667,24.666667,0.5625,1.15,2.21,2.84,3.3489,33.3792,59.5848,72.102,676.0,1092.0,1976.0,1976.0,12.0,16.0,108.0,216.0,240.0,1.5625,5.625,11.45,13.4,325.9399,797.4232,1511.7976,2131.488,1976.0,5248.0,9662.0,11800.0,51.0,120.0,222.0,316.0,342.0,972.0,1782.0,2316.0,22.6955,63.5232,116.2254,154.266,0.49,2.31,2.17,1.0,9.0,13.0,-2.0,-2.0,1.0,-0.02,0.32,0.74,0.816667,2.076667,2.823333,1.666667,5.666667,14.333333,-2.0,-3.333333,-0.333333,-0.033333,0.053333,0.713333,-7.26,-10.6,-10.12,114.0,236.0,340.0,18.0,36.0,56.0,3.0,5.84,9.28,0,0,0,0,0,1,0,0,0,0,0,0,0,0,0,0,0,0,0,0,0,0,0,0,0,0,0,0,0,0,0,0,0,0,0,0,0,0,0,0,0,0,0,0,0,0,0,0,0,1,0,0
NEMSED,3.0,3.0,161.2955,365.3324,557.69,597.7124,650.0,1532.0,2120.0,1796.0,25.0,54.0,84.0,94.0,138.0,342.0,476.0,424.0,10.5665,26.1366,38.2252,36.253,161.2955,365.3324,557.69,597.7124,650.0,1532.0,2120.0,1796.0,25.0,54.0,84.0,94.0,138.0,342.0,476.0,424.0,10.5665,26.1366,38.2252,36.253,9.2416,16.9936,29.944,30.3696,49.0,91.0,133.0,105.0,2.0,4.0,4.0,4.0,12.0,20.0,14.0,0.5625,1.14,2.01,1.695,9.2416,16.000533,30.653333,46.866667,49.0,86.333333,156.333333,193.666667,2.0,4.0,6.0,4.0,12.0,22.666667,24.666667,0.5625,1.15,2.21,2.84,3.3489,33.3792,59.5848,72.102,676.0,1092.0,1976.0,1976.0,12.0,16.0,108.0,216.0,240.0,1.5625,5.625,11.45,13.4,325.9399,797.4232,1511.7976,2131.488,1976.0,5248.0,9662.0,11800.0,51.0,120.0,222.0,316.0,342.0,972.0,1782.0,2316.0,22.6955,63.5232,116.2254,154.266,0.49,2.31,2.17,1.0,9.0,13.0,-2.0,-2.0,1.0,-0.02,0.32,0.74,0.816667,2.076667,2.823333,1.666667,5.666667,14.333333,-2.0,-3.333333,-0.333333,-0.033333,0.053333,0.713333,-7.26,-10.6,-10.12,114.0,236.0,340.0,18.0,36.0,56.0,3.0,5.84,9.28,0,0,0,0,0,0,1,0,0,0,0,0,0,0,0,0,0,0,0,0,0,0,0,0,0,0,0,0,0,0,0,0,0,0,0,0,0,0,0,0,0,0,0,0,0,0,0,0,0,0,0,0
NERDIA,3.0,3.0,161.2955,365.3324,557.69,597.7124,650.0,1532.0,2120.0,1796.0,25.0,54.0,84.0,94.0,138.0,342.0,476.0,424.0,10.5665,26.1366,38.2252,36.253,161.2955,365.3324,557.69,597.7124,650.0,1532.0,2120.0,1796.0,25.0,54.0,84.0,94.0,138.0,342.0,476.0,424.0,10.5665,26.1366,38.2252,36.253,9.2416,16.9936,29.944,30.3696,49.0,91.0,133.0,105.0,2.0,4.0,4.0,4.0,12.0,20.0,14.0,0.5625,1.14,2.01,1.695,9.2416,16.000533,30.653333,46.866667,49.0,86.333333,156.333333,193.666667,2.0,4.0,6.0,4.0,12.0,22.666667,24.666667,0.5625,1.15,2.21,2.84,3.3489,33.3792,59.5848,72.102,676.0,1092.0,1976.0,1976.0,12.0,16.0,108.0,216.0,240.0,1.5625,5.625,11.45,13.4,325.9399,797.4232,1511.7976,2131.488,1976.0,5248.0,9662.0,11800.0,51.0,120.0,222.0,316.0,342.0,972.0,1782.0,2316.0,22.6955,63.5232,116.2254,154.266,0.49,2.31,2.17,1.0,9.0,13.0,-2.0,-2.0,1.0,-0.02,0.32,0.74,0.816667,2.076667,2.823333,1.666667,5.666667,14.333333,-2.0,-3.333333,-0.333333,-0.033333,0.053333,0.713333,-7.26,-10.6,-10.12,114.0,236.0,340.0,18.0,36.0,56.0,3.0,5.84,9.28,0,0,0,0,0,0,0,0,0,0,0,0,0,0,0,0,0,0,0,0,0,0,0,0,0,0,0,0,0,0,1,0,0,0,0,0,0,0,0,0,0,0,0,0,0,0,0,0,0,0,0,0
NERDIA01,3.0,3.0,161.2955,365.3324,557.69,597.7124,650.0,1532.0,2120.0,1796.0,25.0,54.0,84.0,94.0,138.0,342.0,476.0,424.0,10.5665,26.1366,38.2252,36.253,161.2955,365.3324,557.69,597.7124,650.0,1532.0,2120.0,1796.0,25.0,54.0,84.0,94.0,138.0,342.0,476.0,424.0,10.5665,26.1366,38.2252,36.253,9.2416,16.9936,29.944,30.3696,49.0,91.0,133.0,105.0,2.0,4.0,4.0,4.0,12.0,20.0,14.0,0.5625,1.14,2.01,1.695,9.2416,16.000533,30.653333,46.866667,49.0,86.333333,156.333333,193.666667,2.0,4.0,6.0,4.0,12.0,22.666667,24.666667,0.5625,1.15,2.21,2.84,3.3489,33.3792,59.5848,72.102,676.0,1092.0,1976.0,1976.0,12.0,16.0,108.0,216.0,240.0,1.5625,5.625,11.45,13.4,325.9399,797.4232,1511.7976,2131.488,1976.0,5248.0,9662.0,11800.0,51.0,120.0,222.0,316.0,342.0,972.0,1782.0,2316.0,22.6955,63.5232,116.2254,154.266,0.49,2.31,2.17,1.0,9.0,13.0,-2.0,-2.0,1.0,-0.02,0.32,0.74,0.816667,2.076667,2.823333,1.666667,5.666667,14.333333,-2.0,-3.333333,-0.333333,-0.033333,0.053333,0.713333,-7.26,-10.6,-10.12,114.0,236.0,340.0,18.0,36.0,56.0,3.0,5.84,9.28,0,0,0,0,0,0,0,0,0,0,0,0,0,0,0,0,0,0,0,0,0,0,0,0,0,0,0,0,0,0,1,0,0,0,0,0,0,0,0,0,0,0,0,0,0,0,0,0,0,0,0,0
NESVOX,3.0,3.0,189.3116,422.9234,663.3724,728.5324,752.0,1748.0,2458.0,2224.0,29.0,62.0,98.0,112.0,160.0,396.0,554.0,530.0,11.9661,29.5246,43.5234,43.6012,189.3116,422.9234,663.3724,728.5324,752.0,1748.0,2458.0,2224.0,29.0,62.0,98.0,112.0,160.0,396.0,554.0,530.0,11.9661,29.5246,43.5234,43.6012,9.2416,16.9936,29.944,30.3696,49.0,91.0,133.0,105.0,2.0,4.0,4.0,4.0,12.0,20.0,14.0,0.5625,1.14,2.01,1.695,9.2416,16.000533,32.639467,46.866667,49.0,86.333333,165.666667,193.666667,2.0,4.0,6.0,4.0,12.0,22.666667,24.666667,0.5625,1.15,2.19,2.84,3.3489,33.3792,59.5848,72.102,676.0,1092.0,1976.0,1976.0,12.0,16.0,108.0,216.0,240.0,1.5625,5.625,11.45,13.4,381.9721,912.6052,1723.1624,2381.2112,2180.0,5680.0,10338.0,12600.0,59.0,136.0,250.0,352.0,386.0,1080.0,1938.0,2528.0,25.4947,70.2992,126.8218,169.0824,0.49,2.31,2.17,1.0,9.0,13.0,-2.0,-2.0,1.0,-0.02,0.32,0.74,0.816667,1.423333,2.823333,1.666667,4.333333,14.333333,-2.0,-3.333333,-0.333333,-0.033333,0.08,0.713333,-7.26,-10.6,-10.12,114.0,236.0,340.0,18.0,36.0,56.0,3.0,5.84,9.28,0,0,0,0,0,0,0,0,0,0,0,0,0,0,0,0,0,0,0,0,0,0,0,1,0,0,0,0,0,0,0,0,0,0,0,0,0,0,0,0,0,0,0,0,0,0,0,0,0,0,0,0
NESVOX02,3.0,3.0,189.3116,422.9234,663.3724,728.5324,752.0,1748.0,2458.0,2224.0,29.0,62.0,98.0,112.0,160.0,396.0,554.0,530.0,11.9661,29.5246,43.5234,43.6012,189.3116,422.9234,663.3724,728.5324,752.0,1748.0,2458.0,2224.0,29.0,62.0,98.0,112.0,160.0,396.0,554.0,530.0,11.9661,29.5246,43.5234,43.6012,9.2416,16.9936,29.944,30.3696,49.0,91.0,133.0,105.0,2.0,4.0,4.0,4.0,12.0,20.0,14.0,0.5625,1.14,2.01,1.695,9.2416,16.000533,32.639467,46.866667,49.0,86.333333,165.666667,193.666667,2.0,4.0,6.0,4.0,12.0,22.666667,24.666667,0.5625,1.15,2.19,2.84,3.3489,33.3792,59.5848,72.102,676.0,1092.0,1976.0,1976.0,12.0,16.0,108.0,216.0,240.0,1.5625,5.625,11.45,13.4,381.9721,912.6052,1723.1624,2381.2112,2180.0,5680.0,10338.0,12600.0,59.0,136.0,250.0,352.0,386.0,1080.0,1938.0,2528.0,25.4947,70.2992,126.8218,169.0824,0.49,2.31,2.17,1.0,9.0,13.0,-2.0,-2.0,1.0,-0.02,0.32,0.74,0.816667,1.423333,2.823333,1.666667,4.333333,14.333333,-2.0,-3.333333,-0.333333,-0.033333,0.08,0.713333,-7.26,-10.6,-10.12,114.0,236.0,340.0,18.0,36.0,56.0,3.0,5.84,9.28,0,0,0,0,0,0,0,0,0,0,0,0,0,0,0,0,0,0,0,0,0,0,0,1,0,0,0,0,0,0,0,0,0,0,0,0,0,0,0,0,0,0,0,0,0,0,0,0,0,0,0,0
NESVUD,3.0,3.0,193.6605,436.9084,701.1864,760.6464,726.0,1744.0,2496.0,2292.0,31.0,66.0,108.0,118.0,174.0,426.0,596.0,580.0,12.2999,30.7554,45.6292,46.5538,193.6605,436.9084,701.1864,760.6464,726.0,1744.0,2496.0,2292.0,31.0,66.0,108.0,118.0,174.0,426.0,596.0,580.0,12.2999,30.7554,45.6292,46.5538,9.2416,16.9936,29.944,31.4336,49.0,91.0,133.0,140.0,2.0,4.0,4.0,4.0,12.0,20.0,20.0,0.5625,1.14,2.01,1.995,9.2416,16.000533,32.639467,47.221333,49.0,86.333333,165.666667,205.333333,2.0,4.0,6.0,4.0,12.0,22.666667,26.666667,0.5625,1.15,2.19,2.94,3.3489,33.3792,59.5848,72.102,676.0,1092.0,1976.0,1976.0,12.0,16.0,108.0,216.0,240.0,1.5625,5.625,11.45,13.4,390.6699,940.5752,1798.7904,2445.4392,2128.0,5672.0,10414.0,12736.0,63.0,144.0,270.0,364.0,414.0,1140.0,2022.0,2652.0,26.1623,72.7608,131.0334,174.9876,0.49,2.31,1.82,1.0,9.0,8.0,-2.0,-2.0,-2.0,-0.02,0.32,0.34,0.816667,1.423333,2.706667,1.666667,4.333333,12.666667,-2.0,-3.333333,-1.333333,-0.033333,0.08,0.58,-7.26,-10.6,-10.12,114.0,236.0,340.0,18.0,36.0,56.0,3.0,5.84,9.28,0,0,0,0,0,0,0,0,0,0,0,0,0,0,0,0,0,0,0,0,0,0,0,1,0,0,0,0,0,0,0,0,0,0,0,0,0,0,0,0,0,0,0,0,0,0,0,0,0,0,0,0
NESVUD01,3.0,3.0,193.6605,436.9084,701.1864,760.6464,726.0,1744.0,2496.0,2292.0,31.0,66.0,108.0,118.0,174.0,426.0,596.0,580.0,12.2999,30.7554,45.6292,46.5538,193.6605,436.9084,701.1864,760.6464,726.0,1744.0,2496.0,2292.0,31.0,66.0,108.0,118.0,174.0,426.0,596.0,580.0,12.2999,30.7554,45.6292,46.5538,9.2416,16.9936,29.944,31.4336,49.0,91.0,133.0,140.0,2.0,4.0,4.0,4.0,12.0,20.0,20.0,0.5625,1.14,2.01,1.995,9.2416,16.000533,32.639467,47.221333,49.0,86.333333,165.666667,205.333333,2.0,4.0,6.0,4.0,12.0,22.666667,26.666667,0.5625,1.15,2.19,2.94,3.3489,33.3792,59.5848,72.102,676.0,1092.0,1976.0,1976.0,12.0,16.0,108.0,216.0,240.0,1.5625,5.625,11.45,13.4,390.6699,940.5752,1798.7904,2445.4392,2128.0,5672.0,10414.0,12736.0,63.0,144.0,270.0,364.0,414.0,1140.0,2022.0,2652.0,26.1623,72.7608,131.0334,174.9876,0.49,2.31,1.82,1.0,9.0,8.0,-2.0,-2.0,-2.0,-0.02,0.32,0.34,0.816667,1.423333,2.706667,1.666667,4.333333,12.666667,-2.0,-3.333333,-1.333333,-0.033333,0.08,0.58,-7.26,-10.6,-10.12,114.0,236.0,340.0,18.0,36.0,56.0,3.0,5.84,9.28,0,0,0,0,0,0,0,0,0,0,0,0,0,0,0,0,0,0,0,0,0,0,0,1,0,0,0,0,0,0,0,0,0,0,0,0,0,0,0,0,0,0,0,0,0,0,0,0,0,0,0,0
NESWAK,3.0,3.0,193.6605,436.9084,701.1864,760.6464,726.0,1744.0,2496.0,2292.0,31.0,66.0,108.0,118.0,174.0,426.0,596.0,580.0,12.2999,30.7554,45.6292,46.5538,193.6605,436.9084,701.1864,760.6464,726.0,1744.0,2496.0,2292.0,31.0,66.0,108.0,118.0,174.0,426.0,596.0,580.0,12.2999,30.7554,45.6292,46.5538,9.2416,16.9936,29.944,31.4336,49.0,91.0,133.0,140.0,2.0,4.0,4.0,4.0,12.0,20.0,20.0,0.5625,1.14,2.01,1.995,9.2416,16.000533,32.639467,47.221333,49.0,86.333333,165.666667,205.333333,2.0,4.0,6.0,4.0,12.0,22.666667,26.666667,0.5625,1.15,2.19,2.94,3.3489,33.3792,59.5848,72.102,676.0,1092.0,1976.0,1976.0,12.0,16.0,108.0,216.0,240.0,1.5625,5.625,11.45,13.4,390.6699,940.5752,1798.7904,2445.4392,2128.0,5672.0,10414.0,12736.0,63.0,144.0,270.0,364.0,414.0,1140.0,2022.0,2652.0,26.1623,72.7608,131.0334,174.9876,0.49,2.31,1.82,1.0,9.0,8.0,-2.0,-2.0,-2.0,-0.02,0.32,0.34,0.816667,1.423333,2.706667,1.666667,4.333333,12.666667,-2.0,-3.333333,-1.333333,-0.033333,0.08,0.58,-7.26,-10.6,-10.12,114.0,236.0,340.0,18.0,36.0,56.0,3.0,5.84,9.28,0,0,0,0,0,0,0,0,0,0,0,0,0,0,0,1,0,0,0,0,0,0,0,0,0,0,0,0,0,0,0,0,0,0,0,0,0,0,0,0,0,0,0,0,0,0,0,0,0,1,0,0
NETBUJ,3.0,3.0,232.6755,539.302,862.8604,1034.1928,942.0,2296.0,3436.0,3388.0,37.0,82.0,132.0,162.0,214.0,546.0,804.0,812.0,15.8573,40.2722,61.6324,65.8158,232.6755,539.302,862.8604,1034.1928,942.0,2296.0,3436.0,3388.0,37.0,82.0,132.0,162.0,214.0,546.0,804.0,812.0,15.8573,40.2722,61.6324,65.8158,9.2416,15.504,32.4976,45.8736,49.0,84.0,175.0,189.0,2.0,4.0,6.0,4.0,12.0,24.0,26.0,0.5625,1.155,2.295,2.85,9.2416,15.504,31.504533,54.0208,49.0,84.0,170.333333,231.0,2.0,4.0,6.666667,4.0,12.0,24.0,28.666667,0.5625,1.155,2.305,3.205,3.3489,33.3792,55.998,78.2508,676.0,1092.0,1872.0,2600.0,12.0,16.0,108.0,216.0,288.0,1.5625,5.625,11.55,15.3,468.6999,1145.3624,2114.9648,2957.1624,2560.0,6776.0,12086.0,15952.0,75.0,176.0,318.0,452.0,494.0,1380.0,2454.0,3236.0,33.2771,91.7944,163.2398,217.7916,0.98,1.47,3.15,2.0,3.0,15.0,-2.0,-4.0,-1.0,-0.04,-0.06,0.7,0.98,1.796667,2.496667,2.0,3.666667,13.666667,-2.0,-4.0,-1.0,-0.04,-0.073333,0.726667,-7.26,-8.64,-13.48,114.0,240.0,316.0,18.0,36.0,48.0,3.0,5.76,7.76,0,0,0,0,0,0,0,0,0,0,0,0,0,0,0,0,0,0,0,0,0,0,0,1,0,0,0,0,0,0,0,0,0,0,0,0,0,0,0,0,0,0,0,0,0,0,0,0,0,1,0,0
NICSEA,2.0,2.0,143.7945,304.5822,457.6384,507.2222,606.0,1302.0,1828.0,1646.0,21.0,44.0,66.0,76.0,110.0,268.0,366.0,344.0,9.0477,21.408,30.5286,30.642,143.7945,304.5822,457.6384,507.2222,606.0,1302.0,1828.0,1646.0,21.0,44.0,66.0,76.0,110.0,268.0,366.0,344.0,9.0477,21.408,30.5286,30.642,9.2416,16.2488,30.6888,34.2456,49.0,87.5,136.5,126.0,2.0,4.0,4.5,4.0,12.0,20.0,17.0,0.5625,1.1475,2.0025,1.98375,9.2416,16.2488,30.6888,34.2456,49.0,87.5,136.5,126.0,2.0,4.0,4.5,4.0,12.0,20.0,17.0,0.5625,1.1475,2.0025,1.98375,3.3489,33.3792,58.6881,80.154,676.0,1092.0,1950.0,2028.0,12.0,18.0,108.0,216.0,252.0,1.5625,5.625,11.475,14.325,434.7324,980.505,1767.5394,2499.4914,2494.0,6090.0,10854.0,13404.0,64.0,144.0,252.0,366.0,396.0,1092.0,1920.0,2562.0,28.7056,75.474,131.4108,179.211,0.735,2.065,2.415,1.5,8.5,13.5,-2.0,-2.0,0.5,-0.03,0.33,0.73,0.735,2.065,2.415,1.5,8.5,13.5,-2.0,-2.0,0.5,-0.03,0.33,0.73,-7.26,-10.11,-10.86,114.0,237.0,390.0,18.0,36.0,66.0,3.0,5.82,11.04,0,0,0,0,0,0,0,0,0,0,0,0,0,0,0,0,0,0,0,0,0,0,0,1,0,0,0,0,0,0,0,0,0,0,0,0,0,0,0,0,0,0,1,0,0,0,0,0,0,1,0,0
NIGXUY01,1.0,1.0,117.8789,253.1766,414.1696,448.025,386.0,882.0,1120.0,806.0,19.0,38.0,66.0,76.0,104.0,256.0,340.0,306.0,6.5835,16.0954,23.1426,22.7524,117.8789,253.1766,414.1696,448.025,386.0,882.0,1120.0,806.0,19.0,38.0,66.0,76.0,104.0,256.0,340.0,306.0,6.5835,16.0954,23.1426,22.7524,9.2416,16.9936,25.1712,7.752,49.0,91.0,105.0,42.0,2.0,3.0,1.0,4.0,10.0,12.0,8.0,0.5625,1.14,1.4025,0.5775,9.2416,16.9936,25.1712,7.752,49.0,91.0,105.0,42.0,2.0,3.0,1.0,4.0,10.0,12.0,8.0,0.5625,1.14,1.4025,0.5775,3.3489,33.3792,61.3782,90.9144,676.0,1092.0,2028.0,2340.0,12.0,18.0,108.0,180.0,216.0,1.5625,5.625,11.4,14.025,710.6223,1585.818,2885.022,3889.5948,2992.0,7476.0,12246.0,14976.0,115.0,240.0,450.0,612.0,690.0,1812.0,2742.0,3216.0,41.0635,107.8224,178.5306,232.9644,0.49,0.84,0.49,1.0,6.0,1.0,-1.0,0.0,-2.0,-0.02,0.38,-0.02,0.49,0.84,0.49,1.0,6.0,1.0,-1.0,0.0,-2.0,-0.02,0.38,-0.02,-7.26,-11.58,-16.74,114.0,234.0,378.0,18.0,42.0,72.0,3.0,5.88,11.28,0,0,0,0,0,0,0,0,0,0,0,0,1,0,0,0,0,0,0,0,0,0,0,0,0,0,0,0,0,0,0,0,0,0,0,0,0,0,0,0,0,0,0,0,0,0,0,0,0,0,0,0
NIGXUY02,1.0,1.0,117.8789,253.1766,414.1696,448.025,386.0,882.0,1120.0,806.0,19.0,38.0,66.0,76.0,104.0,256.0,340.0,306.0,6.5835,16.0954,23.1426,22.7524,117.8789,253.1766,414.1696,448.025,386.0,882.0,1120.0,806.0,19.0,38.0,66.0,76.0,104.0,256.0,340.0,306.0,6.5835,16.0954,23.1426,22.7524,9.2416,16.9936,25.1712,7.752,49.0,91.0,105.0,42.0,2.0,3.0,1.0,4.0,10.0,12.0,8.0,0.5625,1.14,1.4025,0.5775,9.2416,16.9936,25.1712,7.752,49.0,91.0,105.0,42.0,2.0,3.0,1.0,4.0,10.0,12.0,8.0,0.5625,1.14,1.4025,0.5775,3.3489,33.3792,61.3782,90.9144,676.0,1092.0,2028.0,2340.0,12.0,18.0,108.0,180.0,216.0,1.5625,5.625,11.4,14.025,710.6223,1585.818,2885.022,3889.5948,2992.0,7476.0,12246.0,14976.0,115.0,240.0,450.0,612.0,690.0,1812.0,2742.0,3216.0,41.0635,107.8224,178.5306,232.9644,0.49,0.84,0.49,1.0,6.0,1.0,-1.0,0.0,-2.0,-0.02,0.38,-0.02,0.49,0.84,0.49,1.0,6.0,1.0,-1.0,0.0,-2.0,-0.02,0.38,-0.02,-7.26,-11.58,-16.74,114.0,234.0,378.0,18.0,42.0,72.0,3.0,5.88,11.28,0,0,0,0,0,0,0,0,0,0,0,0,1,0,0,0,0,0,0,0,0,0,0,0,0,0,0,0,0,0,0,0,0,0,0,0,0,0,0,0,0,0,0,0,0,0,0,0,0,0,0,0
NIQFUP,6.0,6.0,399.9787,875.925,1454.784,1741.8132,1348.0,3168.0,4236.0,4320.0,67.0,138.0,234.0,282.0,372.0,906.0,1200.0,1338.0,24.4635,61.0302,89.0778,99.8922,399.9787,875.925,1454.784,1741.8132,1348.0,3168.0,4236.0,4320.0,67.0,138.0,234.0,282.0,372.0,906.0,1200.0,1338.0,24.4635,61.0302,89.0778,99.8922,9.2416,15.504,33.288,48.3664,49.0,84.0,136.5,143.5,2.0,4.5,6.5,4.0,13.0,23.0,21.0,0.5625,1.155,2.14875,2.53125,9.2416,15.504,33.288,48.3664,49.0,84.0,136.5,143.5,2.0,4.5,6.5,4.0,13.0,23.0,21.0,0.5625,1.155,2.14875,2.53125,3.3489,33.3792,55.998,92.232,676.0,1092.0,1872.0,2106.0,12.0,21.0,108.0,234.0,306.0,1.5625,5.625,11.55,15.7125,403.3276,942.6834,1844.028,2708.0436,2024.0,5352.0,9450.0,12774.0,68.0,150.0,288.0,426.0,438.0,1200.0,2076.0,3090.0,26.026,72.2802,129.0528,190.3122,0.98,2.73,3.85,2.0,12.0,25.0,-2.5,-2.5,2.5,-0.04,0.51,1.5,0.98,2.73,3.85,2.0,12.0,25.0,-2.5,-2.5,2.5,-0.04,0.51,1.5,-7.26,-8.64,-11.97,114.0,240.0,465.0,18.0,33.0,75.0,3.0,5.76,13.68,0,0,0,0,0,0,0,0,0,0,0,0,0,0,0,0,0,0,0,0,0,0,0,1,0,0,0,0,0,0,0,0,0,0,0,0,0,0,0,0,0,0,0,0,0,0,0,0,0,0,0,0
NIQFUP11,6.0,6.0,399.9787,875.925,1454.784,1741.8132,1348.0,3168.0,4236.0,4320.0,67.0,138.0,234.0,282.0,372.0,906.0,1200.0,1338.0,24.4635,61.0302,89.0778,99.8922,399.9787,875.925,1454.784,1741.8132,1348.0,3168.0,4236.0,4320.0,67.0,138.0,234.0,282.0,372.0,906.0,1200.0,1338.0,24.4635,61.0302,89.0778,99.8922,9.2416,15.504,33.288,48.3664,49.0,84.0,136.5,143.5,2.0,4.5,6.5,4.0,13.0,23.0,21.0,0.5625,1.155,2.14875,2.53125,9.2416,15.504,33.288,48.3664,49.0,84.0,136.5,143.5,2.0,4.5,6.5,4.0,13.0,23.0,21.0,0.5625,1.155,2.14875,2.53125,3.3489,33.3792,55.998,92.232,676.0,1092.0,1872.0,2106.0,12.0,21.0,108.0,234.0,306.0,1.5625,5.625,11.55,15.7125,403.3276,942.6834,1844.028,2708.0436,2024.0,5352.0,9450.0,12774.0,68.0,150.0,288.0,426.0,438.0,1200.0,2076.0,3090.0,26.026,72.2802,129.0528,190.3122,0.98,2.73,3.85,2.0,12.0,25.0,-2.5,-2.5,2.5,-0.04,0.51,1.5,0.98,2.73,3.85,2.0,12.0,25.0,-2.5,-2.5,2.5,-0.04,0.51,1.5,-7.26,-8.64,-11.97,114.0,240.0,465.0,18.0,33.0,75.0,3.0,5.76,13.68,0,0,0,0,0,0,0,0,0,0,0,0,0,0,0,0,0,0,0,0,0,0,0,1,0,0,0,0,0,0,0,0,0,0,0,0,0,0,0,0,0,0,0,0,0,0,0,0,0,0,0,0
NIXWEZ,3.0,3.0,271.543,623.6772,996.6982,1192.3186,1054.0,2562.0,3766.0,3778.0,44.0,96.0,156.0,190.0,252.0,636.0,928.0,972.0,18.1836,46.1096,70.092,76.6286,271.543,623.6772,996.6982,1192.3186,1054.0,2562.0,3766.0,3778.0,44.0,96.0,156.0,190.0,252.0,636.0,928.0,972.0,18.1836,46.1096,70.092,76.6286,9.2416,16.2488,31.2208,38.6536,49.0,87.5,154.0,164.5,2.0,4.0,5.0,4.0,12.0,22.0,22.0,0.5625,1.1475,2.1525,2.4225,9.2416,15.752267,31.078933,50.621067,49.0,85.166667,163.333333,218.166667,2.0,4.0,6.333333,4.0,12.0,23.333333,27.333333,0.5625,1.1525,2.2575,3.0725,3.3489,33.3792,57.7914,75.1764,676.0,1092.0,1924.0,2288.0,12.0,16.0,108.0,216.0,264.0,1.5625,5.625,11.5,14.35,546.4349,1314.1128,2386.2272,3297.0572,2784.0,7308.0,12850.0,16248.0,89.0,204.0,366.0,508.0,570.0,1560.0,2694.0,3492.0,37.9297,103.4692,180.059,237.2172,0.735,1.89,2.485,1.5,6.0,11.5,-2.0,-3.0,-1.0,-0.03,0.13,0.52,0.898333,1.936667,2.601667,1.833333,4.666667,13.166667,-2.0,-3.666667,-1.0,-0.036667,-0.01,0.653333,-7.26,-9.62,-11.8,114.0,238.0,328.0,18.0,36.0,52.0,3.0,5.8,8.52,0,0,0,0,0,0,0,0,0,0,0,0,0,0,0,1,0,0,0,0,0,0,0,0,0,0,0,0,0,0,0,0,0,0,0,0,0,0,0,1,0,0,0,0,0,0,1,0,0,1,0,0
NIXXAW,3.0,3.0,303.908,694.5672,1129.2382,1340.7486,1130.0,2754.0,4090.0,4302.0,50.0,108.0,180.0,214.0,288.0,720.0,1048.0,1164.0,19.917,50.7604,77.6176,87.7542,303.908,694.5672,1129.2382,1340.7486,1130.0,2754.0,4090.0,4302.0,50.0,108.0,180.0,214.0,288.0,720.0,1048.0,1164.0,19.917,50.7604,77.6176,87.7542,9.2416,16.2488,31.2208,38.6536,49.0,87.5,154.0,164.5,2.0,4.0,5.0,4.0,12.0,22.0,22.0,0.5625,1.1475,2.1525,2.4225,9.2416,15.752267,31.078933,50.621067,49.0,85.166667,163.333333,218.166667,2.0,4.0,6.333333,4.0,12.0,23.333333,27.333333,0.5625,1.1525,2.2575,3.0725,3.3489,33.3792,57.7914,75.1764,676.0,1092.0,1924.0,2288.0,12.0,16.0,108.0,216.0,264.0,1.5625,5.625,11.5,14.35,611.1649,1455.8928,2651.3072,3593.9172,2936.0,7692.0,13498.0,17296.0,101.0,228.0,414.0,556.0,642.0,1728.0,2934.0,3876.0,41.3965,112.7708,195.1102,259.4684,0.735,1.89,2.485,1.5,6.0,11.5,-2.0,-3.0,-1.0,-0.03,0.13,0.52,0.898333,1.936667,2.601667,1.833333,4.666667,13.166667,-2.0,-3.666667,-1.0,-0.036667,-0.01,0.653333,-7.26,-9.62,-11.8,114.0,238.0,328.0,18.0,36.0,52.0,3.0,5.8,8.52,0,0,0,0,0,0,0,0,0,0,0,0,0,0,0,1,0,0,0,0,0,0,0,0,0,0,0,0,0,0,0,0,0,0,0,0,0,0,0,0,0,0,0,1,0,0,1,0,0,0,0,0
NIXXEA,3.0,3.0,336.273,765.4572,1261.7782,1489.6686,1206.0,2946.0,4414.0,4926.0,56.0,120.0,204.0,238.0,324.0,804.0,1168.0,1404.0,21.6504,55.4112,85.1432,99.5198,336.273,765.4572,1261.7782,1489.6686,1206.0,2946.0,4414.0,4926.0,56.0,120.0,204.0,238.0,324.0,804.0,1168.0,1404.0,21.6504,55.4112,85.1432,99.5198,9.2416,16.2488,31.2208,38.6536,49.0,87.5,154.0,164.5,2.0,4.0,5.0,4.0,12.0,22.0,22.0,0.5625,1.1475,2.1525,2.4225,9.2416,15.752267,31.078933,50.621067,49.0,85.166667,163.333333,218.166667,2.0,4.0,6.333333,4.0,12.0,23.333333,27.333333,0.5625,1.1525,2.2575,3.0725,3.3489,33.3792,57.7914,75.1764,676.0,1092.0,1924.0,2288.0,12.0,16.0,108.0,216.0,264.0,1.5625,5.625,11.5,14.35,675.8949,1597.6728,2916.3872,3891.7572,3088.0,8076.0,14146.0,18544.0,113.0,252.0,462.0,604.0,714.0,1896.0,3174.0,4356.0,44.8633,122.0724,210.1614,282.9996,0.735,1.89,2.485,1.5,6.0,11.5,-2.0,-3.0,-1.0,-0.03,0.13,0.52,0.898333,1.936667,2.601667,1.833333,4.666667,13.166667,-2.0,-3.666667,-1.0,-0.036667,-0.01,0.653333,-7.26,-9.62,-11.8,114.0,238.0,328.0,18.0,36.0,52.0,3.0,5.8,8.52,0,0,0,0,0,0,0,0,0,0,0,0,0,0,0,1,0,0,0,0,0,0,0,0,0,0,0,0,0,0,0,0,0,0,0,0,0,0,0,1,0,0,0,0,0,0,0,0,0,0,0,0
NOWBIK,2.0,1.5,216.2932,479.196,723.616,868.4292,832.0,1944.0,2572.0,2478.0,36.0,76.0,116.0,144.0,192.0,470.0,632.0,620.0,14.8996,36.3132,51.314,54.7356,119.34685,253.929,369.6512,434.2146,586.5,1110.0,1398.0,1239.0,19.5,40.0,59.0,72.0,99.0,239.0,317.0,310.0,8.5477,19.5195,26.422,27.3678,9.2416,15.504,29.944,37.0576,49.0,84.0,133.0,112.0,2.0,4.0,5.0,4.0,12.0,20.0,16.0,0.5625,1.155,2.01,1.9725,9.2416,11.628,18.8936,22.9368,49.0,63.0,122.5,94.5,1.5,2.5,3.0,2.5,7.0,10.5,13.0,0.5625,0.86625,1.3875,1.425,3.3489,33.3792,46.665,62.8788,676.0,1092.0,1560.0,2184.0,10.0,14.0,96.0,168.0,180.0,1.5625,5.625,9.625,12.1,480.7363,1082.4744,1849.1828,2538.8336,3022.0,6624.0,10182.0,12992.0,79.0,172.0,286.0,404.0,458.0,1204.0,1900.0,2316.0,35.7533,89.328,141.813,184.5512,0.98,2.31,3.01,2.0,9.0,19.0,-2.0,-2.0,2.0,-0.04,0.32,1.12,0.735,1.385,1.575,1.5,0.0,7.5,-1.5,-1.0,-0.5,-0.03,0.025,0.35,-7.26,-7.2,-8.74,114.0,200.0,280.0,20.0,32.0,54.0,3.0,4.8,7.82,0,0,0,0,0,0,0,0,0,0,0,0,0,0,0,0,0,0,0,0,0,0,0,0,0,0,0,0,0,0,0,0,0,0,0,0,0,0,0,0,0,0,0,0,0,0,0,0,0,0,0,0
NOWBIK01,2.0,1.5,216.2932,479.196,723.616,868.4292,832.0,1944.0,2572.0,2478.0,36.0,76.0,116.0,144.0,192.0,470.0,632.0,620.0,14.8996,36.3132,51.314,54.7356,119.34685,253.929,369.6512,434.2146,586.5,1110.0,1398.0,1239.0,19.5,40.0,59.0,72.0,99.0,239.0,317.0,310.0,8.5477,19.5195,26.422,27.3678,9.2416,15.504,29.944,37.0576,49.0,84.0,133.0,112.0,2.0,4.0,5.0,4.0,12.0,20.0,16.0,0.5625,1.155,2.01,1.9725,9.2416,11.628,18.8936,22.9368,49.0,63.0,122.5,94.5,1.5,2.5,3.0,2.5,7.0,10.5,13.0,0.5625,0.86625,1.3875,1.425,3.3489,33.3792,46.665,62.8788,676.0,1092.0,1560.0,2184.0,10.0,14.0,96.0,168.0,180.0,1.5625,5.625,9.625,12.1,480.7363,1082.4744,1849.1828,2538.8336,3022.0,6624.0,10182.0,12992.0,79.0,172.0,286.0,404.0,458.0,1204.0,1900.0,2316.0,35.7533,89.328,141.813,184.5512,0.98,2.31,3.01,2.0,9.0,19.0,-2.0,-2.0,2.0,-0.04,0.32,1.12,0.735,1.385,1.575,1.5,0.0,7.5,-1.5,-1.0,-0.5,-0.03,0.025,0.35,-7.26,-7.2,-8.74,114.0,200.0,280.0,20.0,32.0,54.0,3.0,4.8,7.82,0,0,0,0,0,0,0,0,0,0,0,0,0,0,0,0,0,0,0,0,0,0,0,0,0,0,0,0,0,0,0,0,0,0,0,0,0,0,0,0,0,0,0,0,0,0,0,0,0,0,0,0
NOZJAN,6.0,6.0,505.0001,1121.796,1911.27,2420.0004,1766.0,4212.0,5700.0,6312.0,83.0,174.0,300.0,390.0,474.0,1182.0,1620.0,1908.0,31.0923,78.4014,117.51,139.4994,505.0001,1121.796,1911.27,2420.0004,1766.0,4212.0,5700.0,6312.0,83.0,174.0,300.0,390.0,474.0,1182.0,1620.0,1908.0,31.0923,78.4014,117.51,139.4994,9.2416,15.504,33.288,46.2992,49.0,84.0,136.5,161.0,2.0,4.5,6.0,4.0,13.0,22.0,21.0,0.5625,1.155,2.14875,2.535,9.2416,15.504,33.288,46.2992,49.0,84.0,136.5,161.0,2.0,4.5,6.0,4.0,13.0,22.0,21.0,0.5625,1.155,2.14875,2.535,3.3489,33.3792,55.998,92.232,676.0,1092.0,1872.0,2106.0,12.0,21.0,108.0,234.0,288.0,1.5625,5.625,11.55,15.7125,508.349,1188.5544,2300.514,3386.2308,2442.0,6396.0,10914.0,14766.0,84.0,186.0,354.0,534.0,540.0,1476.0,2490.0,3624.0,32.6548,89.6514,157.485,229.9194,0.98,2.73,3.01,2.0,12.0,19.0,-2.5,-2.0,1.5,-0.04,0.51,1.12,0.98,2.73,3.01,2.0,12.0,19.0,-2.5,-2.0,1.5,-0.04,0.51,1.12,-7.26,-8.64,-11.97,114.0,240.0,465.0,18.0,33.0,78.0,3.0,5.76,13.68,0,0,0,0,0,0,0,0,0,0,0,0,0,0,0,0,0,0,0,0,0,0,0,1,0,0,0,0,0,0,0,0,0,0,0,1,0,0,0,0,0,0,0,0,0,0,0,0,0,0,0,0
NUMBEC,4.0,2.0,231.3039,508.804,843.11,1050.7324,756.0,1780.0,2336.0,2344.0,39.0,80.0,136.0,176.0,216.0,540.0,740.0,808.0,13.8815,34.836,51.2984,57.8824,92.034967,188.709333,291.494267,350.244133,479.333333,777.333333,928.0,781.333333,15.0,29.333333,46.666667,58.666667,76.0,185.333333,248.0,269.333333,6.091033,13.4292,18.119467,19.294133,9.2416,18.316,25.536,32.4368,49.0,70.0,94.5,87.5,2.5,3.5,4.5,6.5,15.0,20.0,19.0,0.5625,1.14375,1.57125,1.69125,9.2416,11.628,20.783467,16.4768,49.0,63.0,124.833333,59.5,1.5,2.833333,2.166667,2.833333,9.333333,12.333333,11.333333,0.5625,0.86625,1.41125,0.94375,3.3489,33.3792,54.717,73.0353,676.0,1092.0,1612.0,1872.0,12.0,17.0,108.0,204.0,168.0,1.5625,5.625,10.55,11.9875,279.4538,632.8864,1261.1648,1975.7726,2114.0,4516.0,7478.0,9728.0,46.0,100.0,194.0,314.0,294.0,840.0,1510.0,2016.0,19.8356,51.5376,92.3334,135.9774,1.575,2.24,3.01,7.5,11.0,19.0,0.5,0.0,2.5,0.35,0.53,1.12,0.735,1.776667,1.166667,1.5,2.0,6.666667,-1.5,1.333333,1.166667,-0.03,0.243333,0.366667,-7.26,-7.94,-8.8,114.0,250.0,370.0,18.0,38.0,74.0,3.0,6.56,11.66,0,0,0,0,0,0,0,0,0,0,0,0,0,0,0,0,0,0,0,0,0,0,0,0,0,0,0,0,0,0,0,0,0,0,0,0,0,0,0,0,0,0,0,0,0,0,0,0,0,0,0,0
NUMBEC01,4.0,2.0,231.3039,508.804,843.11,1050.7324,756.0,1780.0,2336.0,2344.0,39.0,80.0,136.0,176.0,216.0,540.0,740.0,808.0,13.8815,34.836,51.2984,57.8824,92.034967,188.709333,291.494267,350.244133,479.333333,777.333333,928.0,781.333333,15.0,29.333333,46.666667,58.666667,76.0,185.333333,248.0,269.333333,6.091033,13.4292,18.119467,19.294133,9.2416,18.316,25.536,32.4368,49.0,70.0,94.5,87.5,2.5,3.5,4.5,6.5,15.0,20.0,19.0,0.5625,1.14375,1.57125,1.69125,9.2416,11.628,20.783467,16.4768,49.0,63.0,124.833333,59.5,1.5,2.833333,2.166667,2.833333,9.333333,12.333333,11.333333,0.5625,0.86625,1.41125,0.94375,3.3489,33.3792,54.717,73.0353,676.0,1092.0,1612.0,1872.0,12.0,17.0,108.0,204.0,168.0,1.5625,5.625,10.55,11.9875,279.4538,632.8864,1261.1648,1975.7726,2114.0,4516.0,7478.0,9728.0,46.0,100.0,194.0,314.0,294.0,840.0,1510.0,2016.0,19.8356,51.5376,92.3334,135.9774,1.575,2.24,3.01,7.5,11.0,19.0,0.5,0.0,2.5,0.35,0.53,1.12,0.735,1.776667,1.166667,1.5,2.0,6.666667,-1.5,1.333333,1.166667,-0.03,0.243333,0.366667,-7.26,-7.94,-8.8,114.0,250.0,370.0,18.0,38.0,74.0,3.0,6.56,11.66,0,0,0,0,0,0,0,0,0,0,0,0,0,0,0,0,0,0,0,0,0,0,0,0,0,0,0,0,0,0,0,0,0,0,0,0,0,0,0,0,0,0,0,0,0,0,0,0,0,0,0,0
NUMBEC02,4.0,2.0,231.3039,508.804,843.11,1050.7324,756.0,1780.0,2336.0,2344.0,39.0,80.0,136.0,176.0,216.0,540.0,740.0,808.0,13.8815,34.836,51.2984,57.8824,92.034967,188.709333,291.494267,350.244133,479.333333,777.333333,928.0,781.333333,15.0,29.333333,46.666667,58.666667,76.0,185.333333,248.0,269.333333,6.091033,13.4292,18.119467,19.294133,9.2416,18.316,25.536,32.4368,49.0,70.0,94.5,87.5,2.5,3.5,4.5,6.5,15.0,20.0,19.0,0.5625,1.14375,1.57125,1.69125,9.2416,11.628,20.783467,16.4768,49.0,63.0,124.833333,59.5,1.5,2.833333,2.166667,2.833333,9.333333,12.333333,11.333333,0.5625,0.86625,1.41125,0.94375,3.3489,33.3792,54.717,73.0353,676.0,1092.0,1612.0,1872.0,12.0,17.0,108.0,204.0,168.0,1.5625,5.625,10.55,11.9875,279.4538,632.8864,1261.1648,1975.7726,2114.0,4516.0,7478.0,9728.0,46.0,100.0,194.0,314.0,294.0,840.0,1510.0,2016.0,19.8356,51.5376,92.3334,135.9774,1.575,2.24,3.01,7.5,11.0,19.0,0.5,0.0,2.5,0.35,0.53,1.12,0.735,1.776667,1.166667,1.5,2.0,6.666667,-1.5,1.333333,1.166667,-0.03,0.243333,0.366667,-7.26,-7.94,-8.8,114.0,250.0,370.0,18.0,38.0,74.0,3.0,6.56,11.66,0,0,0,0,0,0,0,0,0,0,0,0,0,0,0,0,0,0,0,0,0,0,0,0,0,0,0,0,0,0,0,0,0,0,0,0,0,0,0,0,0,0,0,0,0,0,0,0,0,0,0,0
OBUJAW,3.0,3.0,314.0848,561.7062,1083.5064,1069.8018,1487.0,2710.0,4998.0,4338.0,35.0,74.0,126.0,138.0,200.0,494.0,690.0,702.0,16.7075,38.6906,62.9394,62.4786,314.0848,561.7062,1083.5064,1069.8018,1487.0,2710.0,4998.0,4338.0,35.0,74.0,126.0,138.0,200.0,494.0,690.0,702.0,16.7075,38.6906,62.9394,62.4786,9.2416,16.9936,29.4576,74.8448,49.0,91.0,161.0,308.0,2.0,4.0,8.0,4.0,12.0,28.0,24.0,0.5625,1.14,2.37,3.555,9.2416,16.9936,29.4576,74.8448,49.0,91.0,161.0,308.0,2.0,4.0,8.0,4.0,12.0,28.0,24.0,0.5625,1.14,2.37,3.555,3.3489,33.3792,61.3782,91.4634,676.0,1092.0,2028.0,3068.0,12.0,20.0,108.0,216.0,408.0,1.5625,5.625,11.4,19.45,631.5185,1190.1708,2567.0172,3120.348,3650.0,7604.0,15522.0,19096.0,71.0,160.0,306.0,412.0,466.0,1276.0,2250.0,3228.0,34.9775,88.6312,165.5538,218.7572,0.49,2.47,-0.3,1.0,5.0,12.0,-2.0,-6.0,4.0,-0.02,-0.16,1.26,0.49,2.47,-0.3,1.0,5.0,12.0,-2.0,-6.0,4.0,-0.02,-0.16,1.26,-7.26,-11.58,-13.38,114.0,234.0,402.0,18.0,36.0,52.0,3.0,5.88,9.44,0,0,0,0,0,0,0,0,0,0,0,0,0,0,0,0,0,0,0,0,0,0,0,0,0,0,0,0,0,0,0,0,0,0,0,0,0,0,0,0,0,0,0,0,0,0,0,0,0,0,0,0
OCEVEA,3.0,3.0,178.8101,399.126,632.9688,656.3044,1138.0,2124.0,3164.0,2464.0,29.0,62.0,100.0,102.0,162.0,390.0,520.0,504.0,12.9819,31.339,46.2524,44.0922,178.8101,399.126,632.9688,656.3044,1138.0,2124.0,3164.0,2464.0,29.0,62.0,100.0,102.0,162.0,390.0,520.0,504.0,12.9819,31.339,46.2524,44.0922,9.2416,15.504,31.0992,43.7456,49.0,84.0,238.0,119.0,2.0,4.0,6.0,4.0,12.0,24.0,18.0,0.5625,1.155,2.4975,2.25,9.2416,15.504,31.0384,51.325333,49.0,84.0,191.333333,198.333333,2.0,4.0,6.666667,4.0,12.0,24.0,26.0,0.5625,1.155,2.3725,3.025,3.3489,33.3792,55.998,74.8836,676.0,1092.0,1872.0,3536.0,12.0,16.0,108.0,216.0,288.0,1.5625,5.625,11.55,16.65,360.9691,865.0104,1655.1816,2194.6512,2952.0,6432.0,11542.0,15976.0,59.0,136.0,254.0,332.0,390.0,1068.0,1886.0,2588.0,27.5263,73.928,132.4798,177.0444,0.98,1.93,3.85,2.0,-6.0,25.0,-2.0,-4.0,3.0,-0.04,-0.33,1.5,0.98,1.95,3.383333,2.0,0.666667,18.333333,-2.0,-4.0,0.333333,-0.04,-0.163333,0.966667,-7.26,-8.64,-11.64,114.0,240.0,280.0,18.0,36.0,48.0,3.0,5.76,6.68,0,0,0,0,0,0,0,0,0,0,0,0,0,0,0,0,0,0,0,0,0,0,0,0,1,0,0,0,0,0,0,0,0,0,0,0,0,0,0,0,0,0,0,0,0,0,0,0,0,0,0,0
OCEVEA01,3.0,3.0,178.8101,399.126,632.9688,656.3044,1138.0,2124.0,3164.0,2464.0,29.0,62.0,100.0,102.0,162.0,390.0,520.0,504.0,12.9819,31.339,46.2524,44.0922,178.8101,399.126,632.9688,656.3044,1138.0,2124.0,3164.0,2464.0,29.0,62.0,100.0,102.0,162.0,390.0,520.0,504.0,12.9819,31.339,46.2524,44.0922,9.2416,15.504,31.0992,43.7456,49.0,84.0,238.0,119.0,2.0,4.0,6.0,4.0,12.0,24.0,18.0,0.5625,1.155,2.4975,2.25,9.2416,15.504,31.0384,51.325333,49.0,84.0,191.333333,198.333333,2.0,4.0,6.666667,4.0,12.0,24.0,26.0,0.5625,1.155,2.3725,3.025,3.3489,33.3792,55.998,74.8836,676.0,1092.0,1872.0,3536.0,12.0,16.0,108.0,216.0,288.0,1.5625,5.625,11.55,16.65,360.9691,865.0104,1655.1816,2194.6512,2952.0,6432.0,11542.0,15976.0,59.0,136.0,254.0,332.0,390.0,1068.0,1886.0,2588.0,27.5263,73.928,132.4798,177.0444,0.98,1.93,3.85,2.0,-6.0,25.0,-2.0,-4.0,3.0,-0.04,-0.33,1.5,0.98,1.95,3.383333,2.0,0.666667,18.333333,-2.0,-4.0,0.333333,-0.04,-0.163333,0.966667,-7.26,-8.64,-11.64,114.0,240.0,280.0,18.0,36.0,48.0,3.0,5.76,6.68,0,0,0,0,0,0,0,0,0,0,0,0,0,0,0,0,0,0,0,0,0,0,0,0,1,0,0,0,0,0,0,0,0,0,0,0,0,0,0,0,0,0,0,0,0,0,0,0,0,0,0,0
OCOPAA,2.0,2.0,135.2332,307.836,484.936,583.6942,538.0,1296.0,1852.0,1936.0,22.0,48.0,76.0,94.0,124.0,312.0,452.0,476.0,9.335,23.408,34.99,38.5774,135.2332,307.836,484.936,583.6942,538.0,1296.0,1852.0,1936.0,22.0,48.0,76.0,94.0,124.0,312.0,452.0,476.0,9.335,23.408,34.99,38.5774,9.2416,15.504,29.944,39.1856,49.0,84.0,133.0,182.0,2.0,4.0,5.0,4.0,12.0,20.0,24.0,0.5625,1.155,2.01,2.5725,9.2416,15.504,29.944,39.1856,49.0,84.0,133.0,182.0,2.0,4.0,5.0,4.0,12.0,20.0,24.0,0.5625,1.155,2.01,2.5725,3.3489,33.3792,55.998,80.154,676.0,1092.0,1872.0,2028.0,12.0,18.0,108.0,216.0,252.0,1.5625,5.625,11.55,14.325,409.0485,990.2664,1844.052,2693.157,2290.0,6072.0,10770.0,14106.0,67.0,156.0,282.0,420.0,438.0,1224.0,2178.0,3000.0,29.5675,81.474,144.945,203.3772,0.98,2.31,2.31,2.0,9.0,9.0,-2.0,-2.0,-2.0,-0.04,0.32,0.32,0.98,2.31,2.31,2.0,9.0,9.0,-2.0,-2.0,-2.0,-0.04,0.32,0.32,-7.26,-8.64,-10.86,114.0,240.0,390.0,18.0,36.0,66.0,3.0,5.76,11.04,0,0,0,0,0,0,0,0,0,0,0,0,0,0,0,0,0,0,0,1,0,0,0,0,0,0,0,0,0,0,0,0,0,0,0,0,0,0,0,0,0,0,0,0,0,0,0,0,0,0,0,0
OJIVOS,2.0,2.0,147.2139,334.2964,515.9142,585.6132,600.0,1432.0,2010.0,1908.0,23.0,50.0,78.0,92.0,128.0,320.0,454.0,440.0,9.8671,24.4414,35.961,36.928,147.2139,334.2964,515.9142,585.6132,600.0,1432.0,2010.0,1908.0,23.0,50.0,78.0,92.0,128.0,320.0,454.0,440.0,9.8671,24.4414,35.961,36.928,9.2416,15.504,29.944,38.1216,49.0,84.0,133.0,147.0,2.0,4.0,5.0,4.0,12.0,20.0,20.0,0.5625,1.155,2.01,2.2725,9.2416,16.745333,25.612,33.434933,49.0,89.833333,133.0,170.333333,2.0,3.166667,4.166667,4.0,10.333333,18.333333,21.666667,0.5625,1.1425,1.76625,2.29125,3.3489,33.3792,58.6881,70.7661,676.0,1092.0,1950.0,2028.0,12.0,15.0,108.0,198.0,234.0,1.5625,5.625,11.475,12.8625,444.9906,1069.6476,1942.3668,2724.8262,2476.0,6480.0,11400.0,14232.0,70.0,162.0,288.0,408.0,450.0,1242.0,2142.0,2748.0,31.1638,84.5742,147.708,195.054,0.98,2.31,2.66,2.0,9.0,14.0,-2.0,-2.0,0.0,-0.04,0.32,0.72,0.571667,1.201667,1.668333,1.166667,3.166667,4.833333,-1.166667,-2.833333,-2.5,-0.023333,0.02,0.07,-7.26,-10.11,-11.22,114.0,237.0,312.0,18.0,39.0,51.0,3.0,5.82,8.46,0,0,0,0,0,0,0,0,0,0,0,0,0,0,0,1,0,0,0,0,0,0,0,0,0,0,0,0,0,0,0,0,0,0,0,0,0,0,0,0,0,0,0,0,0,0,0,0,0,0,0,0
OLAYAC,2.0,2.0,126.4823,278.029,469.2327,555.967,410.0,958.0,1269.0,1168.0,21.0,43.0,75.0,93.0,118.0,295.0,388.0,363.0,7.3437,18.5197,27.5565,28.6197,136.570333,302.169,522.327267,625.890933,439.333333,1040.0,1400.666667,1305.333333,22.666667,46.666667,83.333333,104.666667,130.0,328.0,436.0,409.333333,7.865733,20.052,30.398867,31.9654,9.2416,15.504,34.0328,45.0224,49.0,84.0,140.0,140.0,2.0,4.5,6.0,4.0,13.0,23.0,22.0,0.5625,1.155,2.14125,2.3925,9.2416,17.378667,32.457067,36.530667,49.0,74.666667,116.666667,137.666667,2.333333,4.333333,4.666667,5.666667,15.333333,21.0,21.0,0.5625,1.1475,1.8925,2.07,3.3489,33.3792,59.3835,94.5378,676.0,1092.0,1768.0,1950.0,13.0,21.0,114.0,240.0,270.0,1.5625,5.625,11.5125,14.6125,413.0599,973.2654,1962.9968,2904.7548,1994.0,5304.0,9208.0,11778.0,69.0,152.0,306.0,468.0,458.0,1292.0,2216.0,2988.0,25.1597,71.406,131.0966,183.8912,0.98,2.485,3.43,2.0,11.5,22.0,-2.5,-2.5,1.0,-0.04,0.52,1.31,1.376667,2.496667,2.17,5.666667,13.666667,13.0,-1.0,0.0,0.333333,0.22,0.726667,0.74,-7.26,-8.66,-13.23,114.0,270.0,471.0,17.0,38.0,81.0,3.0,7.04,14.56,0,0,0,0,0,0,0,0,0,0,0,0,0,0,0,0,0,0,1,0,0,0,0,0,0,0,0,0,0,0,0,0,0,0,0,0,0,0,0,0,0,0,0,0,0,0,1,0,0,0,0,0
OLAYAC01,2.0,2.0,126.4823,278.029,469.2327,555.967,410.0,958.0,1269.0,1168.0,21.0,43.0,75.0,93.0,118.0,295.0,388.0,363.0,7.3437,18.5197,27.5565,28.6197,136.570333,302.169,522.327267,625.890933,439.333333,1040.0,1400.666667,1305.333333,22.666667,46.666667,83.333333,104.666667,130.0,328.0,436.0,409.333333,7.865733,20.052,30.398867,31.9654,9.2416,15.504,34.0328,45.0224,49.0,84.0,140.0,140.0,2.0,4.5,6.0,4.0,13.0,23.0,22.0,0.5625,1.155,2.14125,2.3925,9.2416,17.378667,32.457067,36.530667,49.0,74.666667,116.666667,137.666667,2.333333,4.333333,4.666667,5.666667,15.333333,21.0,21.0,0.5625,1.1475,1.8925,2.07,3.3489,33.3792,59.3835,94.5378,676.0,1092.0,1768.0,1950.0,13.0,21.0,114.0,240.0,270.0,1.5625,5.625,11.5125,14.6125,413.0599,973.2654,1962.9968,2904.7548,1994.0,5304.0,9208.0,11778.0,69.0,152.0,306.0,468.0,458.0,1292.0,2216.0,2988.0,25.1597,71.406,131.0966,183.8912,0.98,2.485,3.43,2.0,11.5,22.0,-2.5,-2.5,1.0,-0.04,0.52,1.31,1.376667,2.496667,2.17,5.666667,13.666667,13.0,-1.0,0.0,0.333333,0.22,0.726667,0.74,-7.26,-8.66,-13.23,114.0,270.0,471.0,17.0,38.0,81.0,3.0,7.04,14.56,0,0,0,0,0,0,0,0,0,0,0,0,0,0,0,0,0,0,1,0,0,0,0,0,0,0,0,0,0,0,0,0,0,0,0,0,0,0,0,0,0,0,0,0,0,0,1,0,0,0,0,0
OZOGIV,3.0,3.0,161.2955,366.0184,568.6464,611.3344,650.0,1552.0,2172.0,1828.0,25.0,54.0,84.0,94.0,138.0,342.0,476.0,424.0,10.5665,26.1046,38.1036,36.1322,161.2955,366.0184,568.6464,611.3344,650.0,1552.0,2172.0,1828.0,25.0,54.0,84.0,94.0,138.0,342.0,476.0,424.0,10.5665,26.1046,38.1036,36.1322,9.2416,16.9936,29.944,30.3696,49.0,91.0,133.0,105.0,2.0,4.0,4.0,4.0,12.0,20.0,14.0,0.5625,1.14,2.01,1.695,9.2416,16.000533,32.639467,46.866667,49.0,86.333333,165.666667,193.666667,2.0,4.0,6.0,4.0,12.0,22.666667,24.666667,0.5625,1.15,2.19,2.84,3.3489,33.3792,59.5848,72.102,676.0,1092.0,1976.0,1976.0,12.0,16.0,108.0,216.0,240.0,1.5625,5.625,11.45,13.4,325.9399,798.7952,1533.7104,2146.8152,1976.0,5288.0,9766.0,11808.0,51.0,120.0,222.0,316.0,342.0,972.0,1782.0,2316.0,22.6955,63.4592,115.9822,154.1444,0.49,2.31,2.17,1.0,9.0,13.0,-2.0,-2.0,1.0,-0.02,0.32,0.74,0.816667,1.423333,2.823333,1.666667,4.333333,14.333333,-2.0,-3.333333,-0.333333,-0.033333,0.08,0.713333,-7.26,-10.6,-10.12,114.0,236.0,340.0,18.0,36.0,56.0,3.0,5.84,9.28,0,0,0,0,0,0,0,0,0,0,0,0,0,1,0,0,0,0,0,0,0,0,0,0,0,0,0,0,0,0,0,0,0,0,0,0,0,0,0,0,0,0,0,0,0,0,0,0,0,0,0,0
PAGXAW,2.0,1.5,167.5982,378.726,618.162,741.4902,614.0,1488.0,2196.0,2352.0,28.0,60.0,100.0,118.0,160.0,396.0,560.0,620.0,11.0684,28.0588,42.4836,48.3822,94.99935,203.694,316.9242,370.7451,477.5,882.0,1210.0,1176.0,15.5,32.0,51.0,59.0,83.0,202.0,281.0,310.0,6.6321,15.3923,22.0068,24.1911,9.2416,15.504,31.008,59.2496,49.0,84.0,168.0,203.0,2.0,4.0,8.0,4.0,12.0,26.0,30.0,0.5625,1.155,2.31,3.405,9.2416,11.628,19.4256,29.6248,49.0,63.0,140.0,101.5,1.5,2.5,4.0,2.5,7.0,13.5,15.0,0.5625,0.86625,1.5375,1.7025,3.3489,33.3792,46.665,65.4408,676.0,1092.0,1560.0,2704.0,10.0,14.0,96.0,168.0,252.0,1.5625,5.625,9.625,14.1,383.3463,881.5344,1638.2748,2290.0796,2586.0,5712.0,9430.0,13780.0,63.0,140.0,254.0,352.0,394.0,1056.0,1780.0,2496.0,28.0909,72.8192,124.1522,175.8444,0.98,1.96,4.83,2.0,4.0,27.0,-2.0,-5.0,1.0,-0.04,-0.08,1.46,0.735,1.21,2.415,1.5,-2.5,13.5,-1.5,-2.5,0.5,-0.03,-0.175,0.73,-7.26,-7.2,-10.14,114.0,200.0,260.0,20.0,32.0,42.0,3.0,4.8,6.22,0,0,0,0,0,0,0,0,0,0,0,0,0,0,0,0,0,0,0,0,0,0,0,0,0,0,0,0,0,0,0,0,0,0,0,0,0,0,0,0,0,0,0,0,0,0,0,0,0,1,0,0
PASDOD,6.0,6.0,374.1685,824.712,1377.8196,1534.7922,1276.0,2994.0,4038.0,3804.0,61.0,126.0,216.0,246.0,342.0,834.0,1128.0,1206.0,22.1829,55.5342,81.8304,86.7798,374.1685,824.712,1377.8196,1534.7922,1276.0,2994.0,4038.0,3804.0,61.0,126.0,216.0,246.0,342.0,834.0,1128.0,1206.0,22.1829,55.5342,81.8304,86.7798,9.2416,15.504,33.5008,34.9904,49.0,84.0,122.5,129.5,2.0,4.5,4.5,4.0,13.0,20.0,18.0,0.5625,1.155,1.99125,1.97625,9.2416,15.504,33.5008,34.9904,49.0,84.0,122.5,129.5,2.0,4.5,4.5,4.0,13.0,20.0,18.0,0.5625,1.155,1.99125,1.97625,3.3489,33.3792,55.998,93.0006,676.0,1092.0,1872.0,1794.0,12.0,21.0,108.0,234.0,252.0,1.5625,5.625,11.55,14.1375,377.5174,891.4704,1767.0636,2502.5598,1952.0,5178.0,9252.0,11634.0,62.0,138.0,270.0,390.0,408.0,1128.0,1986.0,2832.0,23.7454,66.7842,121.8054,174.0498,0.98,2.66,2.17,2.0,14.0,13.0,-2.5,-1.0,0.0,-0.04,0.72,0.74,0.98,2.66,2.17,2.0,14.0,13.0,-2.5,-1.0,0.0,-0.04,0.72,0.74,-7.26,-8.64,-12.39,114.0,240.0,477.0,18.0,33.0,84.0,3.0,5.76,14.94,0,0,0,0,0,0,0,0,0,0,0,0,0,0,0,0,0,0,0,0,0,0,0,1,0,0,0,0,0,0,0,0,0,0,0,0,0,0,0,0,0,0,0,0,0,0,0,0,0,0,0,0
PASDOD01,6.0,6.0,374.1685,824.712,1377.8196,1534.7922,1276.0,2994.0,4038.0,3804.0,61.0,126.0,216.0,246.0,342.0,834.0,1128.0,1206.0,22.1829,55.5342,81.8304,86.7798,374.1685,824.712,1377.8196,1534.7922,1276.0,2994.0,4038.0,3804.0,61.0,126.0,216.0,246.0,342.0,834.0,1128.0,1206.0,22.1829,55.5342,81.8304,86.7798,9.2416,15.504,33.5008,34.9904,49.0,84.0,122.5,129.5,2.0,4.5,4.5,4.0,13.0,20.0,18.0,0.5625,1.155,1.99125,1.97625,9.2416,15.504,33.5008,34.9904,49.0,84.0,122.5,129.5,2.0,4.5,4.5,4.0,13.0,20.0,18.0,0.5625,1.155,1.99125,1.97625,3.3489,33.3792,55.998,93.0006,676.0,1092.0,1872.0,1794.0,12.0,21.0,108.0,234.0,252.0,1.5625,5.625,11.55,14.1375,377.5174,891.4704,1767.0636,2502.5598,1952.0,5178.0,9252.0,11634.0,62.0,138.0,270.0,390.0,408.0,1128.0,1986.0,2832.0,23.7454,66.7842,121.8054,174.0498,0.98,2.66,2.17,2.0,14.0,13.0,-2.5,-1.0,0.0,-0.04,0.72,0.74,0.98,2.66,2.17,2.0,14.0,13.0,-2.5,-1.0,0.0,-0.04,0.72,0.74,-7.26,-8.64,-12.39,114.0,240.0,477.0,18.0,33.0,84.0,3.0,5.76,14.94,0,0,0,0,0,0,0,0,0,0,0,0,0,0,0,0,0,0,0,0,0,0,0,1,0,0,0,0,0,0,0,0,0,0,0,0,0,0,0,0,0,0,0,0,0,0,0,0,0,0,0,0
PASGOF,2.0,1.5,141.896,314.313,560.5628,631.8348,910.0,1608.0,2372.0,2450.0,24.0,50.0,92.0,108.0,142.0,354.0,460.0,416.0,9.5918,23.6698,37.0768,37.569,82.14825,171.4875,288.1246,315.9174,625.5,942.0,1298.0,1225.0,13.5,27.0,47.0,54.0,74.0,181.0,231.0,208.0,5.8938,13.1978,19.3034,18.7845,9.2416,15.504,36.7232,38.2128,49.0,84.0,210.0,217.0,2.0,5.0,5.0,4.0,14.0,22.0,20.0,0.5625,1.155,2.475,2.46,9.2416,11.628,22.2832,19.1064,49.0,63.0,161.0,108.5,1.5,3.0,2.5,2.5,8.0,11.5,10.0,0.5625,0.86625,1.62,1.23,3.3489,33.3792,46.665,79.2024,676.0,1092.0,1560.0,3328.0,10.0,18.0,96.0,192.0,204.0,1.5625,5.625,9.625,15.2,331.9419,752.7084,1523.0764,2098.292,3178.0,5952.0,9782.0,15224.0,55.0,120.0,238.0,340.0,358.0,980.0,1612.0,2056.0,25.1377,64.0412,113.3386,156.418,0.98,3.12,2.63,2.0,5.0,4.0,-3.0,-1.0,0.0,-0.04,0.45,0.47,0.735,1.79,1.315,1.5,-2.0,2.0,-2.0,-0.5,0.0,-0.03,0.09,0.235,-7.26,-7.2,-10.34,114.0,200.0,340.0,20.0,28.0,74.0,3.0,4.8,10.34,0,0,0,0,0,0,0,0,0,0,0,0,0,0,0,0,0,0,0,0,0,0,0,0,0,0,0,0,0,0,0,0,0,0,0,0,0,0,0,0,0,0,0,0,0,0,0,0,0,0,0,0
PASGOF01,2.0,1.5,141.896,314.313,560.5628,631.8348,910.0,1608.0,2372.0,2450.0,24.0,50.0,92.0,108.0,142.0,354.0,460.0,416.0,9.5918,23.6698,37.0768,37.569,82.14825,171.4875,288.1246,315.9174,625.5,942.0,1298.0,1225.0,13.5,27.0,47.0,54.0,74.0,181.0,231.0,208.0,5.8938,13.1978,19.3034,18.7845,9.2416,15.504,36.7232,38.2128,49.0,84.0,210.0,217.0,2.0,5.0,5.0,4.0,14.0,22.0,20.0,0.5625,1.155,2.475,2.46,9.2416,11.628,22.2832,19.1064,49.0,63.0,161.0,108.5,1.5,3.0,2.5,2.5,8.0,11.5,10.0,0.5625,0.86625,1.62,1.23,3.3489,33.3792,46.665,79.2024,676.0,1092.0,1560.0,3328.0,10.0,18.0,96.0,192.0,204.0,1.5625,5.625,9.625,15.2,331.9419,752.7084,1523.0764,2098.292,3178.0,5952.0,9782.0,15224.0,55.0,120.0,238.0,340.0,358.0,980.0,1612.0,2056.0,25.1377,64.0412,113.3386,156.418,0.98,3.12,2.63,2.0,5.0,4.0,-3.0,-1.0,0.0,-0.04,0.45,0.47,0.735,1.79,1.315,1.5,-2.0,2.0,-2.0,-0.5,0.0,-0.03,0.09,0.235,-7.26,-7.2,-10.34,114.0,200.0,340.0,20.0,28.0,74.0,3.0,4.8,10.34,0,0,0,0,0,0,0,0,0,0,0,0,0,0,0,0,0,0,0,0,0,0,0,0,0,0,0,0,0,0,0,0,0,0,0,0,0,0,0,0,0,0,0,0,0,0,0,0,0,0,0,0
PEJQIF,1.0,1.0,90.6595,187.1826,292.1386,259.1738,598.0,882.0,1082.0,758.0,13.0,26.0,42.0,40.0,68.0,160.0,190.0,138.0,5.6933,12.3994,17.2174,13.7356,90.6595,187.1826,292.1386,259.1738,598.0,882.0,1082.0,758.0,13.0,26.0,42.0,40.0,68.0,160.0,190.0,138.0,5.6933,12.3994,17.2174,13.7356,9.2416,16.9936,25.1712,7.752,49.0,91.0,105.0,42.0,2.0,3.0,1.0,4.0,10.0,12.0,8.0,0.5625,1.14,1.4025,0.5775,9.2416,16.9936,25.1712,7.752,49.0,91.0,105.0,42.0,2.0,3.0,1.0,4.0,10.0,12.0,8.0,0.5625,1.14,1.4025,0.5775,3.3489,33.3792,61.3782,90.9144,676.0,1092.0,2028.0,2340.0,12.0,18.0,108.0,180.0,216.0,1.5625,5.625,11.4,14.025,547.3059,1189.854,2152.836,2756.4876,4264.0,7476.0,12018.0,14688.0,79.0,168.0,306.0,396.0,474.0,1236.0,1842.0,2208.0,35.7223,85.6464,142.9794,178.8636,0.49,0.84,0.49,1.0,6.0,1.0,-1.0,0.0,-2.0,-0.02,0.38,-0.02,0.49,0.84,0.49,1.0,6.0,1.0,-1.0,0.0,-2.0,-0.02,0.38,-0.02,-7.26,-11.58,-16.74,114.0,234.0,378.0,18.0,42.0,72.0,3.0,5.88,11.28,0,0,0,0,0,0,0,0,0,0,0,0,0,0,0,0,0,0,0,0,0,0,0,1,0,0,0,0,0,0,0,0,0,0,0,0,0,0,0,0,0,0,0,0,0,0,0,0,0,0,0,0
PEJQIF01,1.0,1.0,90.6595,187.1826,292.1386,259.1738,598.0,882.0,1082.0,758.0,13.0,26.0,42.0,40.0,68.0,160.0,190.0,138.0,5.6933,12.3994,17.2174,13.7356,90.6595,187.1826,292.1386,259.1738,598.0,882.0,1082.0,758.0,13.0,26.0,42.0,40.0,68.0,160.0,190.0,138.0,5.6933,12.3994,17.2174,13.7356,9.2416,16.9936,25.1712,7.752,49.0,91.0,105.0,42.0,2.0,3.0,1.0,4.0,10.0,12.0,8.0,0.5625,1.14,1.4025,0.5775,9.2416,16.9936,25.1712,7.752,49.0,91.0,105.0,42.0,2.0,3.0,1.0,4.0,10.0,12.0,8.0,0.5625,1.14,1.4025,0.5775,3.3489,33.3792,61.3782,90.9144,676.0,1092.0,2028.0,2340.0,12.0,18.0,108.0,180.0,216.0,1.5625,5.625,11.4,14.025,547.3059,1189.854,2152.836,2756.4876,4264.0,7476.0,12018.0,14688.0,79.0,168.0,306.0,396.0,474.0,1236.0,1842.0,2208.0,35.7223,85.6464,142.9794,178.8636,0.49,0.84,0.49,1.0,6.0,1.0,-1.0,0.0,-2.0,-0.02,0.38,-0.02,0.49,0.84,0.49,1.0,6.0,1.0,-1.0,0.0,-2.0,-0.02,0.38,-0.02,-7.26,-11.58,-16.74,114.0,234.0,378.0,18.0,42.0,72.0,3.0,5.88,11.28,0,0,0,0,0,0,0,0,0,0,0,0,0,0,0,0,0,0,0,0,0,0,0,1,0,0,0,0,0,0,0,0,0,0,0,0,0,0,0,0,0,0,0,0,0,0,0,0,0,0,0,0
PIVFEG,1.0,1.0,92.0164,208.2966,317.6626,281.538,346.0,834.0,952.0,618.0,14.0,30.0,48.0,46.0,84.0,224.0,244.0,178.0,5.443,13.8162,18.2464,14.2066,92.0164,208.2966,317.6626,281.538,346.0,834.0,952.0,618.0,14.0,30.0,48.0,46.0,84.0,224.0,244.0,178.0,5.443,13.8162,18.2464,14.2066,9.2416,16.9936,25.1712,7.752,49.0,91.0,105.0,42.0,2.0,3.0,1.0,4.0,10.0,12.0,8.0,0.5625,1.14,1.4025,0.5775,9.2416,16.9936,25.1712,7.752,49.0,91.0,105.0,42.0,2.0,3.0,1.0,4.0,10.0,12.0,8.0,0.5625,1.14,1.4025,0.5775,3.3489,33.3792,61.3782,90.9144,676.0,1092.0,2028.0,2340.0,12.0,18.0,108.0,180.0,216.0,1.5625,5.625,11.4,14.025,555.4473,1316.538,2305.98,2890.6728,2752.0,7188.0,11238.0,13848.0,85.0,192.0,342.0,432.0,570.0,1620.0,2166.0,2448.0,34.2205,94.1472,149.1534,181.6896,0.49,0.84,0.49,1.0,6.0,1.0,-1.0,0.0,-2.0,-0.02,0.38,-0.02,0.49,0.84,0.49,1.0,6.0,1.0,-1.0,0.0,-2.0,-0.02,0.38,-0.02,-7.26,-11.58,-16.74,114.0,234.0,378.0,18.0,42.0,72.0,3.0,5.88,11.28,0,0,0,0,0,0,0,0,0,0,1,0,0,0,0,0,0,0,0,0,0,0,0,0,0,0,0,0,0,0,0,0,0,0,0,0,0,0,0,0,0,0,0,0,0,0,0,0,0,0,0,0
POGMED,2.0,1.5,152.4923,335.645,518.7542,566.5844,554.0,1286.0,1718.0,1502.0,25.0,52.0,82.0,92.0,134.0,324.0,434.0,412.0,9.7153,23.8552,33.857,33.668,87.4464,182.1535,267.2203,283.2922,447.5,781.0,971.0,751.0,14.0,28.0,42.0,46.0,70.0,166.0,218.0,206.0,5.95555,13.2905,17.6935,16.834,9.2416,15.504,31.4336,29.3056,49.0,84.0,140.0,70.0,2.0,4.0,4.0,4.0,12.0,20.0,10.0,0.5625,1.155,1.995,1.395,9.2416,11.628,18.8936,24.2136,49.0,63.0,122.5,115.5,1.5,2.5,3.0,2.5,7.0,10.5,16.0,0.5625,0.86625,1.3875,1.5675,3.3489,33.3792,46.665,64.6722,676.0,1092.0,1560.0,2236.0,10.0,14.0,96.0,168.0,180.0,1.5625,5.625,9.625,12.05,353.1345,795.3724,1439.4592,1938.7308,2466.0,5308.0,8474.0,11144.0,57.0,124.0,218.0,300.0,342.0,912.0,1504.0,1900.0,25.3847,64.412,106.899,142.316,0.98,1.82,2.52,2.0,8.0,18.0,-2.0,-2.0,3.0,-0.04,0.34,1.14,0.735,1.385,1.155,1.5,0.0,4.5,-1.5,-1.0,-2.0,-0.03,0.025,0.16,-7.26,-7.2,-9.72,114.0,200.0,278.0,20.0,32.0,54.0,3.0,4.8,7.86,0,0,0,0,0,0,0,0,0,0,0,0,0,0,0,0,0,0,0,0,0,0,0,0,0,0,0,0,0,0,0,0,0,0,0,0,0,0,0,0,0,0,0,0,0,0,0,0,0,0,0,0
POGXOA,2.0,1.5,120.2812,264.718,391.182,406.7952,698.0,1324.0,1902.0,1390.0,19.0,40.0,60.0,64.0,100.0,240.0,318.0,288.0,8.4294,19.9904,28.2988,25.8198,71.34085,146.69,203.4342,203.3976,519.5,800.0,1063.0,695.0,11.0,22.0,31.0,32.0,53.0,124.0,160.0,144.0,5.3126,11.3581,14.9144,12.9099,9.2416,15.504,32.5888,37.0576,49.0,84.0,245.0,112.0,2.0,4.0,5.0,4.0,12.0,22.0,16.0,0.5625,1.155,2.4825,1.9725,9.2416,11.628,18.8936,19.0608,49.0,63.0,122.5,73.5,1.5,2.5,2.5,2.5,7.0,10.5,10.0,0.5625,0.86625,1.3875,1.13625,3.3489,33.3792,46.665,66.063,676.0,1092.0,1560.0,3016.0,10.0,14.0,96.0,168.0,192.0,1.5625,5.625,9.625,13.675,288.7123,653.5184,1184.3148,1621.934,2754.0,5384.0,8842.0,12480.0,45.0,100.0,174.0,244.0,274.0,744.0,1276.0,1664.0,22.8129,56.6824,95.7826,129.8696,0.98,1.44,3.01,2.0,-7.0,19.0,-2.0,-3.0,2.0,-0.04,-0.31,1.12,0.735,1.385,1.33,1.5,0.0,7.0,-1.5,-1.0,0.0,-0.03,0.025,0.36,-7.26,-7.2,-10.48,114.0,200.0,248.0,20.0,32.0,52.0,3.0,4.8,6.56,0,0,0,0,0,0,0,0,0,0,0,0,0,0,0,0,0,0,0,0,0,0,0,0,0,0,0,0,0,0,0,0,0,0,0,0,0,0,0,0,0,0,0,0,0,0,0,0,0,0,0,0
POGXUG,2.0,1.5,120.2812,264.718,391.182,406.7952,698.0,1324.0,1902.0,1390.0,19.0,40.0,60.0,64.0,100.0,240.0,318.0,288.0,8.4294,19.9904,28.2988,25.8198,71.2639,146.6135,203.343,203.3976,969.5,908.0,1189.0,695.0,11.0,22.0,31.0,32.0,53.0,124.0,160.0,144.0,5.4652,11.4659,15.0194,12.9099,9.2416,15.504,32.5888,37.0576,49.0,84.0,245.0,112.0,2.0,4.0,5.0,4.0,12.0,22.0,16.0,0.5625,1.155,2.4825,1.9725,9.2416,11.628,18.848,19.0608,49.0,63.0,185.5,73.5,1.5,2.5,2.5,2.5,7.0,10.5,10.0,0.5625,0.86625,1.44,1.13625,3.3489,33.3792,46.665,65.9532,676.0,1092.0,1560.0,3952.0,10.0,14.0,96.0,168.0,192.0,1.5625,5.625,9.625,14.025,288.4045,653.2124,1183.95,1621.7144,4554.0,5816.0,9346.0,14352.0,45.0,100.0,174.0,244.0,274.0,744.0,1276.0,1664.0,23.4233,57.1136,96.2026,130.5696,0.98,1.44,3.01,2.0,-7.0,19.0,-2.0,-3.0,2.0,-0.04,-0.31,1.12,0.735,1.4,1.33,1.5,-9.0,7.0,-1.5,-1.0,0.0,-0.03,-0.045,0.36,-7.26,-7.2,-10.42,114.0,200.0,212.0,20.0,32.0,52.0,3.0,4.8,6.28,0,0,0,0,0,0,0,0,0,0,0,0,0,0,0,0,0,0,0,0,0,0,0,0,0,0,0,0,0,0,0,0,0,0,0,0,0,0,0,0,0,0,0,0,0,0,0,0,0,0,0,0
POHLON,2.0,1.5,131.0314,300.232,459.362,516.7526,562.0,1321.0,1880.0,1943.0,20.0,45.0,68.0,77.0,115.0,286.0,400.0,411.0,9.0004,22.2821,32.4964,34.2317,76.71595,164.447,237.5242,258.3763,451.5,798.5,1052.0,971.5,11.5,24.5,35.0,38.5,60.5,147.0,201.0,205.5,5.5981,12.50395,17.0132,17.11585,9.2416,15.504,29.944,40.6752,49.0,84.0,133.0,189.0,2.0,4.0,5.0,4.0,12.0,20.0,22.0,0.5625,1.155,2.01,2.5575,9.2416,11.628,18.8936,20.3376,49.0,63.0,122.5,94.5,1.5,2.5,2.5,2.5,7.0,10.5,11.0,0.5625,0.86625,1.3875,1.27875,3.3489,33.3792,46.665,62.8788,676.0,1092.0,1560.0,2184.0,10.0,14.0,96.0,168.0,180.0,1.5625,5.625,9.625,12.1,310.2127,724.5464,1320.6748,1835.4804,2482.0,5378.0,8798.0,11922.0,47.0,110.0,190.0,270.0,304.0,836.0,1436.0,1902.0,23.9549,61.2658,104.1778,143.5434,0.98,2.31,1.82,2.0,9.0,8.0,-2.0,-2.0,-1.0,-0.04,0.32,0.34,0.735,1.385,0.91,1.5,0.0,4.0,-1.5,-1.0,-0.5,-0.03,0.025,0.17,-7.26,-7.2,-8.74,114.0,200.0,280.0,20.0,32.0,54.0,3.0,4.8,7.82,0,0,0,0,0,0,0,0,0,0,0,0,0,0,0,0,0,0,0,0,0,0,0,0,0,0,0,0,0,0,0,0,0,0,0,1,0,0,0,0,0,0,0,0,0,0,0,0,0,0,0,0
POHLON01,2.0,1.5,131.0314,295.392,459.362,521.5926,562.0,1320.0,1880.0,1944.0,20.0,44.0,68.0,78.0,112.0,276.0,388.0,396.0,9.0004,22.1452,32.4964,34.3686,76.71595,162.027,237.5242,260.7963,451.5,798.0,1052.0,972.0,11.5,24.0,35.0,39.0,59.0,142.0,195.0,198.0,5.5981,12.4355,17.0132,17.1843,9.2416,15.504,29.944,40.6752,49.0,84.0,133.0,189.0,2.0,4.0,5.0,4.0,12.0,20.0,22.0,0.5625,1.155,2.01,2.5575,9.2416,11.628,18.8936,20.3376,49.0,63.0,122.5,94.5,1.5,2.5,2.5,2.5,7.0,10.5,11.0,0.5625,0.86625,1.3875,1.27875,3.3489,33.3792,46.665,62.8788,676.0,1092.0,1560.0,2184.0,10.0,14.0,96.0,168.0,180.0,1.5625,5.625,9.625,12.1,310.2127,714.8664,1320.6748,1845.1604,2482.0,5376.0,8798.0,11924.0,47.0,108.0,190.0,272.0,298.0,816.0,1412.0,1872.0,23.9549,60.992,104.1778,143.8172,0.98,2.31,1.82,2.0,9.0,8.0,-2.0,-2.0,-1.0,-0.04,0.32,0.34,0.735,1.385,0.91,1.5,0.0,4.0,-1.5,-1.0,-0.5,-0.03,0.025,0.17,-7.26,-7.2,-8.74,114.0,200.0,280.0,20.0,32.0,54.0,3.0,4.8,7.82,0,0,0,0,0,0,0,0,0,0,0,0,0,0,0,0,0,0,0,0,0,0,0,0,0,0,0,0,0,0,0,0,0,0,0,1,0,0,0,0,0,0,0,0,0,0,0,0,0,0,0,0
POWSID,2.0,1.5,202.4114,470.322,757.888,942.8144,854.0,2088.0,3148.0,3578.0,32.0,72.0,116.0,146.0,188.0,480.0,716.0,790.0,14.2912,36.2824,55.9956,64.7218,112.40595,249.492,386.7872,471.4072,597.5,1182.0,1686.0,1789.0,17.5,38.0,59.0,73.0,97.0,244.0,359.0,395.0,8.2435,19.5041,28.7628,32.3609,9.2416,15.504,29.944,39.1856,49.0,84.0,133.0,182.0,2.0,4.0,5.0,4.0,12.0,20.0,24.0,0.5625,1.155,2.01,2.5725,9.2416,11.628,18.8936,19.5928,49.0,63.0,122.5,91.0,1.5,2.5,2.5,2.5,7.0,10.5,12.0,0.5625,0.86625,1.3875,1.28625,3.3489,33.3792,46.665,62.8788,676.0,1092.0,1560.0,2184.0,10.0,14.0,96.0,168.0,180.0,1.5625,5.625,9.625,12.1,452.9727,1064.7264,1917.7268,2687.604,3066.0,6912.0,11334.0,15192.0,71.0,164.0,286.0,408.0,450.0,1224.0,2068.0,2668.0,34.5365,89.2664,151.1762,204.5236,0.98,2.31,2.31,2.0,9.0,9.0,-2.0,-2.0,-2.0,-0.04,0.32,0.32,0.735,1.385,1.155,1.5,0.0,4.5,-1.5,-1.0,-1.0,-0.03,0.025,0.16,-7.26,-7.2,-8.74,114.0,200.0,280.0,20.0,32.0,54.0,3.0,4.8,7.82,0,0,0,0,0,0,0,0,0,0,0,0,0,0,0,0,0,0,0,0,0,0,0,0,0,0,0,0,0,0,0,0,0,0,0,0,0,0,0,0,0,0,0,0,0,0,0,0,0,0,0,1
POWSID01,2.0,1.5,202.4114,470.322,757.888,942.8144,854.0,2088.0,3148.0,3578.0,32.0,72.0,116.0,146.0,188.0,480.0,716.0,790.0,14.2912,36.2824,55.9956,64.7218,112.40595,249.492,386.7872,471.4072,597.5,1182.0,1686.0,1789.0,17.5,38.0,59.0,73.0,97.0,244.0,359.0,395.0,8.2435,19.5041,28.7628,32.3609,9.2416,15.504,29.944,39.1856,49.0,84.0,133.0,182.0,2.0,4.0,5.0,4.0,12.0,20.0,24.0,0.5625,1.155,2.01,2.5725,9.2416,11.628,18.8936,19.5928,49.0,63.0,122.5,91.0,1.5,2.5,2.5,2.5,7.0,10.5,12.0,0.5625,0.86625,1.3875,1.28625,3.3489,33.3792,46.665,62.8788,676.0,1092.0,1560.0,2184.0,10.0,14.0,96.0,168.0,180.0,1.5625,5.625,9.625,12.1,452.9727,1064.7264,1917.7268,2687.604,3066.0,6912.0,11334.0,15192.0,71.0,164.0,286.0,408.0,450.0,1224.0,2068.0,2668.0,34.5365,89.2664,151.1762,204.5236,0.98,2.31,2.31,2.0,9.0,9.0,-2.0,-2.0,-2.0,-0.04,0.32,0.32,0.735,1.385,1.155,1.5,0.0,4.5,-1.5,-1.0,-1.0,-0.03,0.025,0.16,-7.26,-7.2,-8.74,114.0,200.0,280.0,20.0,32.0,54.0,3.0,4.8,7.82,0,0,0,0,0,0,0,0,0,0,0,0,0,0,0,0,0,0,0,0,0,0,0,0,0,0,0,0,0,0,0,0,0,0,0,0,0,0,0,0,0,0,0,0,0,0,0,0,0,0,0,1
PUBBOD,3.0,3.0,178.6562,398.82,623.6204,695.9268,918.0,1884.0,2712.0,2570.0,29.0,62.0,98.0,110.0,160.0,390.0,530.0,522.0,12.5344,30.569,44.6406,45.3632,178.6562,398.82,623.6204,695.9268,918.0,1884.0,2712.0,2570.0,29.0,62.0,98.0,110.0,160.0,390.0,530.0,522.0,12.5344,30.569,44.6406,45.3632,9.2416,15.504,30.5216,40.9336,49.0,84.0,185.5,133.0,2.0,4.0,5.5,4.0,12.0,22.0,19.0,0.5625,1.155,2.25375,2.26125,9.2416,15.504,30.845867,50.4488,49.0,84.0,173.833333,249.666667,2.0,4.0,6.5,4.0,12.0,23.333333,25.0,0.5625,1.155,2.29125,3.15375,3.3489,33.3792,55.998,73.4928,676.0,1092.0,1872.0,2756.0,12.0,16.0,108.0,216.0,264.0,1.5625,5.625,11.55,15.025,360.6613,864.3984,1636.4848,2271.1144,2512.0,5952.0,10638.0,14628.0,59.0,136.0,250.0,348.0,386.0,1068.0,1898.0,2576.0,26.6313,72.388,129.2562,176.3364,0.98,2.12,3.255,2.0,1.5,19.5,-2.0,-3.0,1.5,-0.04,-0.005,1.11,0.98,2.013333,3.165,2.0,3.166667,9.833333,-2.0,-3.666667,0.5,-0.04,-0.055,0.67,-7.26,-8.64,-10.88,114.0,240.0,310.0,18.0,36.0,52.0,3.0,5.76,7.98,0,0,0,0,0,0,0,0,0,0,1,0,0,0,0,0,0,0,0,0,0,0,0,0,0,0,0,0,0,0,0,0,0,0,0,0,0,0,0,0,0,0,0,0,0,0,0,0,0,0,0,0
PUTGOC,2.0,2.0,96.2182,205.609,309.949,346.1952,322.0,712.0,874.0,756.0,16.0,32.0,50.0,58.0,82.0,196.0,244.0,224.0,5.7776,13.9228,19.0294,18.5826,96.2182,205.609,309.949,346.1952,322.0,712.0,874.0,756.0,16.0,32.0,50.0,58.0,82.0,196.0,244.0,224.0,5.7776,13.9228,19.0294,18.5826,9.2416,15.504,29.944,43.7456,49.0,84.0,133.0,119.0,2.0,4.0,6.0,4.0,12.0,22.0,20.0,0.5625,1.155,2.01,2.25,9.2416,20.190667,22.597333,21.452267,49.0,60.666667,68.833333,95.666667,2.833333,3.166667,2.666667,8.166667,17.0,16.166667,15.833333,0.5625,1.13625,1.27875,1.325,3.3489,33.3792,66.1545,64.233,676.0,1092.0,1560.0,1170.0,15.0,15.0,126.0,216.0,162.0,1.5625,5.625,11.4375,9.9375,292.0035,683.5854,1339.404,2117.538,1642.0,4320.0,7212.0,8010.0,49.0,108.0,210.0,336.0,318.0,912.0,1626.0,2136.0,18.8953,53.0184,96.8382,133.9428,0.98,2.31,3.85,2.0,9.0,25.0,-2.0,-3.0,2.0,-0.04,0.32,1.5,1.971667,2.193333,1.05,11.166667,12.333333,5.0,2.166667,2.833333,1.166667,0.61,0.67,0.233333,-7.26,-8.7,-7.65,114.0,330.0,345.0,15.0,54.0,63.0,3.0,9.6,10.8,0,0,0,0,0,0,0,0,0,0,0,0,0,0,0,0,0,0,0,0,0,0,0,0,0,1,0,0,0,0,0,0,0,0,0,0,0,0,0,0,0,0,0,0,0,0,1,0,0,0,0,0
PUTGOC01,2.0,2.0,96.2182,205.609,309.949,346.1952,322.0,712.0,874.0,756.0,16.0,32.0,50.0,58.0,82.0,196.0,244.0,224.0,5.7776,13.9228,19.0294,18.5826,96.2182,205.609,309.949,346.1952,322.0,712.0,874.0,756.0,16.0,32.0,50.0,58.0,82.0,196.0,244.0,224.0,5.7776,13.9228,19.0294,18.5826,9.2416,15.504,29.944,43.7456,49.0,84.0,133.0,119.0,2.0,4.0,6.0,4.0,12.0,22.0,20.0,0.5625,1.155,2.01,2.25,9.2416,20.190667,22.597333,21.452267,49.0,60.666667,68.833333,95.666667,2.833333,3.166667,2.666667,8.166667,17.0,16.166667,15.833333,0.5625,1.13625,1.27875,1.325,3.3489,33.3792,66.1545,64.233,676.0,1092.0,1560.0,1170.0,15.0,15.0,126.0,216.0,162.0,1.5625,5.625,11.4375,9.9375,292.0035,683.5854,1339.404,2117.538,1642.0,4320.0,7212.0,8010.0,49.0,108.0,210.0,336.0,318.0,912.0,1626.0,2136.0,18.8953,53.0184,96.8382,133.9428,0.98,2.31,3.85,2.0,9.0,25.0,-2.0,-3.0,2.0,-0.04,0.32,1.5,1.971667,2.193333,1.05,11.166667,12.333333,5.0,2.166667,2.833333,1.166667,0.61,0.67,0.233333,-7.26,-8.7,-7.65,114.0,330.0,345.0,15.0,54.0,63.0,3.0,9.6,10.8,0,0,0,0,0,0,0,0,0,0,0,0,0,0,0,0,0,0,0,0,0,0,0,0,0,1,0,0,0,0,0,0,0,0,0,0,0,0,0,0,0,0,0,0,0,0,1,0,0,0,0,0
PUTHAP,2.0,2.0,96.2182,205.609,309.949,346.1952,322.0,712.0,874.0,756.0,16.0,32.0,50.0,58.0,82.0,196.0,244.0,224.0,5.7776,13.9228,19.0294,18.5826,96.2182,205.609,309.949,346.1952,322.0,712.0,874.0,756.0,16.0,32.0,50.0,58.0,82.0,196.0,244.0,224.0,5.7776,13.9228,19.0294,18.5826,9.2416,15.504,29.944,43.7456,49.0,84.0,133.0,119.0,2.0,4.0,6.0,4.0,12.0,22.0,20.0,0.5625,1.155,2.01,2.25,9.2416,20.190667,22.597333,21.452267,49.0,60.666667,68.833333,95.666667,2.833333,3.166667,2.666667,8.166667,17.0,16.166667,15.833333,0.5625,1.13625,1.27875,1.325,3.3489,33.3792,66.1545,64.233,676.0,1092.0,1560.0,1170.0,15.0,15.0,126.0,216.0,162.0,1.5625,5.625,11.4375,9.9375,292.0035,683.5854,1339.404,2117.538,1642.0,4320.0,7212.0,8010.0,49.0,108.0,210.0,336.0,318.0,912.0,1626.0,2136.0,18.8953,53.0184,96.8382,133.9428,0.98,2.31,3.85,2.0,9.0,25.0,-2.0,-3.0,2.0,-0.04,0.32,1.5,1.971667,2.193333,1.05,11.166667,12.333333,5.0,2.166667,2.833333,1.166667,0.61,0.67,0.233333,-7.26,-8.7,-7.65,114.0,330.0,345.0,15.0,54.0,63.0,3.0,9.6,10.8,0,0,0,0,0,0,0,0,0,0,0,0,0,0,0,0,0,0,0,0,0,0,0,0,0,0,1,0,0,0,0,0,0,0,0,0,0,0,0,0,0,0,0,0,0,0,0,0,0,0,0,0
PUTHAP01,2.0,2.0,96.2182,205.609,309.949,346.1952,322.0,712.0,874.0,756.0,16.0,32.0,50.0,58.0,82.0,196.0,244.0,224.0,5.7776,13.9228,19.0294,18.5826,96.2182,205.609,309.949,346.1952,322.0,712.0,874.0,756.0,16.0,32.0,50.0,58.0,82.0,196.0,244.0,224.0,5.7776,13.9228,19.0294,18.5826,9.2416,15.504,29.944,43.7456,49.0,84.0,133.0,119.0,2.0,4.0,6.0,4.0,12.0,22.0,20.0,0.5625,1.155,2.01,2.25,9.2416,20.190667,22.597333,21.452267,49.0,60.666667,68.833333,95.666667,2.833333,3.166667,2.666667,8.166667,17.0,16.166667,15.833333,0.5625,1.13625,1.27875,1.325,3.3489,33.3792,66.1545,64.233,676.0,1092.0,1560.0,1170.0,15.0,15.0,126.0,216.0,162.0,1.5625,5.625,11.4375,9.9375,292.0035,683.5854,1339.404,2117.538,1642.0,4320.0,7212.0,8010.0,49.0,108.0,210.0,336.0,318.0,912.0,1626.0,2136.0,18.8953,53.0184,96.8382,133.9428,0.98,2.31,3.85,2.0,9.0,25.0,-2.0,-3.0,2.0,-0.04,0.32,1.5,1.971667,2.193333,1.05,11.166667,12.333333,5.0,2.166667,2.833333,1.166667,0.61,0.67,0.233333,-7.26,-8.7,-7.65,114.0,330.0,345.0,15.0,54.0,63.0,3.0,9.6,10.8,0,0,0,0,0,0,0,0,0,0,0,0,0,0,0,0,0,0,0,0,0,0,0,0,0,0,1,0,0,0,0,0,0,0,0,0,0,0,0,0,0,0,0,0,0,0,0,0,0,0,0,0
PUTHIX,2.0,2.0,96.2182,205.609,309.949,346.1952,322.0,712.0,874.0,756.0,16.0,32.0,50.0,58.0,82.0,196.0,244.0,224.0,5.7776,13.9228,19.0294,18.5826,96.2182,205.609,309.949,346.1952,322.0,712.0,874.0,756.0,16.0,32.0,50.0,58.0,82.0,196.0,244.0,224.0,5.7776,13.9228,19.0294,18.5826,9.2416,18.316,25.536,30.3696,49.0,70.0,94.5,105.0,2.5,3.5,4.0,6.5,15.0,18.5,17.5,0.5625,1.14375,1.57125,1.695,9.2416,18.316,25.536,30.3696,49.0,70.0,94.5,105.0,2.5,3.5,4.0,6.5,15.0,18.5,17.5,0.5625,1.14375,1.57125,1.695,3.3489,33.3792,66.1545,64.233,676.0,1092.0,1560.0,1170.0,15.0,15.0,126.0,216.0,162.0,1.5625,5.625,11.4375,9.9375,292.0035,683.5854,1339.404,2117.538,1642.0,4320.0,7212.0,8010.0,49.0,108.0,210.0,336.0,318.0,912.0,1626.0,2136.0,18.8953,53.0184,96.8382,133.9428,1.575,2.24,2.17,7.5,11.0,13.0,0.5,0.5,1.5,0.35,0.53,0.74,1.575,2.24,2.17,7.5,11.0,13.0,0.5,0.5,1.5,0.35,0.53,0.74,-7.26,-8.7,-7.65,114.0,330.0,345.0,15.0,54.0,63.0,3.0,9.6,10.8,0,0,0,0,0,0,0,1,0,0,0,0,0,0,0,0,0,0,0,0,0,0,0,0,0,0,0,0,0,0,0,0,0,0,0,0,0,0,0,0,0,0,0,0,0,0,0,0,0,0,0,0
PUTHIX01,2.0,2.0,96.2182,205.609,309.949,346.1952,322.0,712.0,874.0,756.0,16.0,32.0,50.0,58.0,82.0,196.0,244.0,224.0,5.7776,13.9228,19.0294,18.5826,96.2182,205.609,309.949,346.1952,322.0,712.0,874.0,756.0,16.0,32.0,50.0,58.0,82.0,196.0,244.0,224.0,5.7776,13.9228,19.0294,18.5826,9.2416,18.316,25.536,30.3696,49.0,70.0,94.5,105.0,2.5,3.5,4.0,6.5,15.0,18.5,17.5,0.5625,1.14375,1.57125,1.695,9.2416,18.316,25.536,30.3696,49.0,70.0,94.5,105.0,2.5,3.5,4.0,6.5,15.0,18.5,17.5,0.5625,1.14375,1.57125,1.695,3.3489,33.3792,66.1545,64.233,676.0,1092.0,1560.0,1170.0,15.0,15.0,126.0,216.0,162.0,1.5625,5.625,11.4375,9.9375,292.0035,683.5854,1339.404,2117.538,1642.0,4320.0,7212.0,8010.0,49.0,108.0,210.0,336.0,318.0,912.0,1626.0,2136.0,18.8953,53.0184,96.8382,133.9428,1.575,2.24,2.17,7.5,11.0,13.0,0.5,0.5,1.5,0.35,0.53,0.74,1.575,2.24,2.17,7.5,11.0,13.0,0.5,0.5,1.5,0.35,0.53,0.74,-7.26,-8.7,-7.65,114.0,330.0,345.0,15.0,54.0,63.0,3.0,9.6,10.8,0,0,0,0,0,0,0,1,0,0,0,0,0,0,0,0,0,0,0,0,0,0,0,0,0,0,0,0,0,0,0,0,0,0,0,0,0,0,0,0,0,0,0,0,0,0,0,0,0,0,0,0
QAHPIY01,1.0,1.0,55.1027,113.6332,152.493,98.824,224.0,472.0,510.0,88.0,8.0,16.0,22.0,16.0,38.0,86.0,98.0,32.0,3.2848,7.4552,9.1186,3.8776,55.1027,113.6332,152.493,98.824,224.0,472.0,510.0,88.0,8.0,16.0,22.0,16.0,38.0,86.0,98.0,32.0,3.2848,7.4552,9.1186,3.8776,9.2416,18.2096,22.192,13.376,49.0,98.0,91.0,14.0,2.0,3.0,2.0,4.0,10.0,14.0,4.0,0.5625,1.125,1.4325,0.555,9.2416,18.2096,22.192,13.376,49.0,98.0,91.0,14.0,2.0,3.0,2.0,4.0,10.0,14.0,4.0,0.5625,1.125,1.4325,0.555,3.3489,33.3792,65.7702,80.154,676.0,1092.0,2184.0,2028.0,12.0,18.0,108.0,180.0,252.0,1.5625,5.625,11.25,14.325,333.9651,748.5576,1323.7464,1845.828,2020.0,5016.0,8898.0,10464.0,49.0,108.0,186.0,252.0,294.0,792.0,1302.0,1620.0,21.2713,55.9812,94.0866,119.4156,0.09,1.82,1.68,0.0,8.0,12.0,-1.0,-1.0,2.0,0.0,0.34,0.76,0.09,1.82,1.68,0.0,8.0,12.0,-1.0,-1.0,2.0,0.0,0.34,0.76,-7.26,-13.98,-10.86,114.0,228.0,390.0,18.0,42.0,66.0,3.0,6.0,11.04,0,0,0,0,0,0,0,0,0,0,0,0,0,0,0,1,0,0,0,0,0,0,0,0,0,0,0,0,0,0,0,0,0,0,0,0,0,0,0,0,0,0,0,0,0,0,0,0,0,0,0,0
QAHPIY02,1.0,1.0,55.1027,113.6332,152.493,98.824,224.0,472.0,510.0,88.0,8.0,16.0,22.0,16.0,38.0,86.0,98.0,32.0,3.2848,7.4552,9.1186,3.8776,55.1027,113.6332,152.493,98.824,224.0,472.0,510.0,88.0,8.0,16.0,22.0,16.0,38.0,86.0,98.0,32.0,3.2848,7.4552,9.1186,3.8776,9.2416,18.2096,22.192,13.376,49.0,98.0,91.0,14.0,2.0,3.0,2.0,4.0,10.0,14.0,4.0,0.5625,1.125,1.4325,0.555,9.2416,18.2096,22.192,13.376,49.0,98.0,91.0,14.0,2.0,3.0,2.0,4.0,10.0,14.0,4.0,0.5625,1.125,1.4325,0.555,3.3489,33.3792,65.7702,80.154,676.0,1092.0,2184.0,2028.0,12.0,18.0,108.0,180.0,252.0,1.5625,5.625,11.25,14.325,333.9651,748.5576,1323.7464,1845.828,2020.0,5016.0,8898.0,10464.0,49.0,108.0,186.0,252.0,294.0,792.0,1302.0,1620.0,21.2713,55.9812,94.0866,119.4156,0.09,1.82,1.68,0.0,8.0,12.0,-1.0,-1.0,2.0,0.0,0.34,0.76,0.09,1.82,1.68,0.0,8.0,12.0,-1.0,-1.0,2.0,0.0,0.34,0.76,-7.26,-13.98,-10.86,114.0,228.0,390.0,18.0,42.0,66.0,3.0,6.0,11.04,0,0,0,0,0,0,0,0,0,0,0,0,0,0,0,1,0,0,0,0,0,0,0,0,0,0,0,0,0,0,0,0,0,0,0,0,0,0,0,0,0,0,0,0,0,0,0,0,0,0,0,0
QAHVIE,1.0,2.0,22.4005,28.662,15.6864,0.0,341.0,276.0,224.0,0.0,3.0,4.0,2.0,0.0,6.0,8.0,2.0,0.0,2.1958,2.7258,1.53,0.0,181.8796,407.5604,617.3414,709.5332,736.0,1712.0,2390.0,2432.0,28.0,60.0,92.0,108.0,152.0,374.0,520.0,524.0,11.8588,29.0164,41.9348,44.2772,9.2416,7.752,7.8432,0.0,49.0,42.0,112.0,0.0,1.0,1.0,0.0,1.0,2.0,1.0,0.0,0.5625,0.5775,0.765,0.0,9.2416,16.2488,27.3448,36.7992,49.0,87.5,133.0,168.0,2.0,3.5,4.5,4.0,11.0,19.0,21.0,0.5625,1.1475,1.86375,2.26875,3.3489,33.3792,48.4584,56.6202,676.0,1092.0,1612.0,2184.0,10.0,12.0,96.0,156.0,168.0,1.5625,5.625,9.575,11.125,411.9091,939.2032,1640.2204,2238.3164,2830.0,6160.0,9922.0,13040.0,63.0,140.0,238.0,328.0,378.0,1008.0,1648.0,2048.0,29.6717,74.7344,122.9546,161.3844,0.49,0.46,0.0,1.0,-9.0,0.0,-1.0,0.0,0.0,-0.02,-0.27,0.0,0.735,1.645,1.575,1.5,5.5,7.5,-1.5,-2.5,-1.5,-0.03,0.14,0.35,-7.26,-8.18,-8.98,114.0,198.0,228.0,20.0,34.0,44.0,3.0,4.84,6.1,0,0,0,0,0,0,0,0,0,0,0,0,0,0,0,0,0,0,0,0,0,0,0,0,0,0,0,0,0,0,0,0,0,0,0,0,0,0,0,0,0,0,0,0,0,0,0,0,0,0,0,0
QAHVOK,1.0,2.0,22.2466,28.509,15.504,0.0,1241.0,492.0,476.0,0.0,3.0,4.0,2.0,0.0,6.0,8.0,2.0,0.0,2.501,2.9414,1.74,0.0,181.8796,407.5604,617.3414,709.5332,736.0,1712.0,2390.0,2432.0,28.0,60.0,92.0,108.0,152.0,374.0,520.0,524.0,11.8588,29.0164,41.9348,44.2772,9.2416,7.752,7.752,0.0,49.0,42.0,238.0,0.0,1.0,1.0,0.0,1.0,2.0,1.0,0.0,0.5625,0.5775,0.87,0.0,9.2416,16.2488,27.3448,36.7992,49.0,87.5,133.0,168.0,2.0,3.5,4.5,4.0,11.0,19.0,21.0,0.5625,1.1475,1.86375,2.26875,3.3489,33.3792,48.4584,56.5104,676.0,1092.0,1612.0,3120.0,10.0,12.0,96.0,156.0,168.0,1.5625,5.625,9.575,11.475,411.6013,938.8972,1639.8556,2238.0968,4630.0,6592.0,10426.0,14912.0,63.0,140.0,238.0,328.0,378.0,1008.0,1648.0,2048.0,30.2821,75.1656,123.3746,162.0844,0.49,0.49,0.0,1.0,-27.0,0.0,-1.0,0.0,0.0,-0.02,-0.41,0.0,0.735,1.645,1.575,1.5,5.5,7.5,-1.5,-2.5,-1.5,-0.03,0.14,0.35,-7.26,-8.18,-8.92,114.0,198.0,192.0,20.0,34.0,44.0,3.0,4.84,5.82,0,0,0,0,0,0,0,0,0,0,0,0,0,0,0,0,0,0,0,0,0,0,0,0,0,0,0,0,0,0,0,0,0,0,0,0,0,0,0,0,0,0,0,0,0,0,0,0,0,0,0,0
QALMAR,2.0,2.0,111.5239,246.0082,366.7884,357.2114,454.0,1036.0,1368.0,1064.0,17.0,36.0,54.0,56.0,90.0,216.0,284.0,238.0,7.2217,17.388,24.2282,21.2424,111.5239,246.0082,366.7884,357.2114,454.0,1036.0,1368.0,1064.0,17.0,36.0,54.0,56.0,90.0,216.0,284.0,238.0,7.2217,17.388,24.2282,21.2424,9.2416,15.504,31.4336,31.6464,49.0,84.0,140.0,126.0,2.0,4.0,4.0,4.0,12.0,19.0,15.0,0.5625,1.155,1.995,1.8375,9.2416,15.504,31.4336,31.6464,49.0,84.0,140.0,126.0,2.0,4.0,4.0,4.0,12.0,19.0,15.0,0.5625,1.155,1.995,1.8375,3.3489,33.3792,55.998,85.5342,676.0,1092.0,1872.0,2184.0,12.0,18.0,108.0,216.0,234.0,1.5625,5.625,11.55,14.175,337.9206,804.783,1489.6092,2024.469,2038.0,5292.0,9318.0,11802.0,52.0,120.0,216.0,306.0,336.0,936.0,1668.0,2196.0,23.2276,63.414,112.6596,151.0722,0.98,1.82,1.75,2.0,8.0,10.0,-2.0,-1.5,0.5,-0.04,0.34,0.55,0.98,1.82,1.75,2.0,8.0,10.0,-2.0,-1.5,0.5,-0.04,0.34,0.55,-7.26,-8.64,-13.8,114.0,240.0,384.0,18.0,36.0,69.0,3.0,5.76,11.16,0,0,0,0,0,0,0,0,0,0,0,0,0,0,0,1,0,0,0,0,0,0,0,0,0,0,0,0,0,0,0,0,0,0,0,0,0,0,0,0,0,0,0,0,0,0,0,0,0,1,0,0
QALMAR01,2.0,2.0,111.5239,246.0082,366.7884,357.2114,454.0,1036.0,1368.0,1064.0,17.0,36.0,54.0,56.0,90.0,216.0,284.0,238.0,7.2217,17.388,24.2282,21.2424,111.5239,246.0082,366.7884,357.2114,454.0,1036.0,1368.0,1064.0,17.0,36.0,54.0,56.0,90.0,216.0,284.0,238.0,7.2217,17.388,24.2282,21.2424,9.2416,15.504,31.4336,31.6464,49.0,84.0,140.0,126.0,2.0,4.0,4.0,4.0,12.0,19.0,15.0,0.5625,1.155,1.995,1.8375,9.2416,15.504,31.4336,31.6464,49.0,84.0,140.0,126.0,2.0,4.0,4.0,4.0,12.0,19.0,15.0,0.5625,1.155,1.995,1.8375,3.3489,33.3792,55.998,85.5342,676.0,1092.0,1872.0,2184.0,12.0,18.0,108.0,216.0,234.0,1.5625,5.625,11.55,14.175,337.9206,804.783,1489.6092,2024.469,2038.0,5292.0,9318.0,11802.0,52.0,120.0,216.0,306.0,336.0,936.0,1668.0,2196.0,23.2276,63.414,112.6596,151.0722,0.98,1.82,1.75,2.0,8.0,10.0,-2.0,-1.5,0.5,-0.04,0.34,0.55,0.98,1.82,1.75,2.0,8.0,10.0,-2.0,-1.5,0.5,-0.04,0.34,0.55,-7.26,-8.64,-13.8,114.0,240.0,384.0,18.0,36.0,69.0,3.0,5.76,11.16,0,0,0,0,0,0,0,0,0,0,0,0,0,0,0,1,0,0,0,0,0,0,0,0,0,0,0,0,0,0,0,0,0,0,0,0,0,0,0,0,0,0,0,0,0,0,0,0,0,1,0,0
QERDIB,3.0,3.0,185.0571,418.191,673.1236,721.356,702.0,1662.0,2326.0,1728.0,29.0,62.0,102.0,114.0,164.0,410.0,574.0,518.0,11.5397,28.9538,43.227,40.327,185.0571,418.191,673.1236,721.356,702.0,1662.0,2326.0,1728.0,29.0,62.0,102.0,114.0,164.0,410.0,574.0,518.0,11.5397,28.9538,43.227,40.327,9.2416,15.504,31.4336,34.504,49.0,84.0,140.0,70.0,2.0,4.0,5.0,4.0,12.0,22.0,14.0,0.5625,1.155,1.995,1.6875,9.2416,15.504,32.142933,48.589333,49.0,84.0,163.333333,107.333333,2.0,4.0,7.0,4.0,12.0,26.0,20.666667,0.5625,1.155,2.195,2.4425,3.3489,33.3792,55.998,96.1482,676.0,1092.0,1872.0,2756.0,12.0,20.0,108.0,216.0,336.0,1.5625,5.625,11.55,17.1,373.4631,903.1404,1735.4912,2441.2164,2080.0,5508.0,9866.0,13336.0,59.0,136.0,258.0,372.0,394.0,1108.0,1994.0,2748.0,24.6419,69.1576,126.429,174.914,0.98,1.82,3.85,2.0,8.0,25.0,-2.0,-3.0,3.0,-0.04,0.34,1.5,0.98,1.586667,5.296667,2.0,4.666667,33.666667,-2.0,-5.0,3.666667,-0.04,0.073333,1.993333,-7.26,-8.64,-15.94,114.0,240.0,414.0,18.0,36.0,64.0,3.0,5.76,11.32,0,0,0,0,0,0,0,0,0,0,0,0,0,0,0,0,0,0,0,1,0,0,0,0,0,0,0,0,0,0,0,0,0,0,0,0,0,0,0,0,0,0,0,0,0,0,0,0,0,0,0,0
QERDIB01,3.0,3.0,185.0571,418.191,673.1236,721.356,702.0,1662.0,2326.0,1728.0,29.0,62.0,102.0,114.0,164.0,410.0,574.0,518.0,11.5397,28.9538,43.227,40.327,185.0571,418.191,673.1236,721.356,702.0,1662.0,2326.0,1728.0,29.0,62.0,102.0,114.0,164.0,410.0,574.0,518.0,11.5397,28.9538,43.227,40.327,9.2416,15.504,31.4336,34.504,49.0,84.0,140.0,70.0,2.0,4.0,5.0,4.0,12.0,22.0,14.0,0.5625,1.155,1.995,1.6875,9.2416,15.504,32.142933,48.589333,49.0,84.0,163.333333,107.333333,2.0,4.0,7.0,4.0,12.0,26.0,20.666667,0.5625,1.155,2.195,2.4425,3.3489,33.3792,55.998,96.1482,676.0,1092.0,1872.0,2756.0,12.0,20.0,108.0,216.0,336.0,1.5625,5.625,11.55,17.1,373.4631,903.1404,1735.4912,2441.2164,2080.0,5508.0,9866.0,13336.0,59.0,136.0,258.0,372.0,394.0,1108.0,1994.0,2748.0,24.6419,69.1576,126.429,174.914,0.98,1.82,3.85,2.0,8.0,25.0,-2.0,-3.0,3.0,-0.04,0.34,1.5,0.98,1.586667,5.296667,2.0,4.666667,33.666667,-2.0,-5.0,3.666667,-0.04,0.073333,1.993333,-7.26,-8.64,-15.94,114.0,240.0,414.0,18.0,36.0,64.0,3.0,5.76,11.32,0,0,0,0,0,0,0,0,0,0,0,0,0,0,0,0,0,0,0,1,0,0,0,0,0,0,0,0,0,0,0,0,0,0,0,0,0,0,0,0,0,0,0,0,0,0,0,0,0,0,0,0
QERDOH,3.0,3.0,185.0571,418.191,673.1236,721.356,702.0,1662.0,2326.0,1728.0,29.0,62.0,102.0,114.0,164.0,410.0,574.0,518.0,11.5397,28.9538,43.227,40.327,185.0571,418.191,673.1236,721.356,702.0,1662.0,2326.0,1728.0,29.0,62.0,102.0,114.0,164.0,410.0,574.0,518.0,11.5397,28.9538,43.227,40.327,9.2416,15.504,31.4336,34.504,49.0,84.0,140.0,70.0,2.0,4.0,5.0,4.0,12.0,22.0,14.0,0.5625,1.155,1.995,1.6875,9.2416,15.504,32.142933,48.589333,49.0,84.0,163.333333,107.333333,2.0,4.0,7.0,4.0,12.0,26.0,20.666667,0.5625,1.155,2.195,2.4425,3.3489,33.3792,55.998,96.1482,676.0,1092.0,1872.0,2756.0,12.0,20.0,108.0,216.0,336.0,1.5625,5.625,11.55,17.1,373.4631,903.1404,1735.4912,2441.2164,2080.0,5508.0,9866.0,13336.0,59.0,136.0,258.0,372.0,394.0,1108.0,1994.0,2748.0,24.6419,69.1576,126.429,174.914,0.98,1.82,3.85,2.0,8.0,25.0,-2.0,-3.0,3.0,-0.04,0.34,1.5,0.98,1.586667,5.296667,2.0,4.666667,33.666667,-2.0,-5.0,3.666667,-0.04,0.073333,1.993333,-7.26,-8.64,-15.94,114.0,240.0,414.0,18.0,36.0,64.0,3.0,5.76,11.32,0,0,0,0,0,0,0,0,0,0,0,0,0,0,0,0,0,0,0,0,0,1,0,0,0,0,0,0,0,0,0,0,0,0,0,0,0,0,0,0,0,0,0,0,0,0,1,0,0,0,0,0
QIDJET,3.0,3.0,173.8621,396.0786,606.3146,687.7866,769.0,1818.0,2612.0,2598.0,26.0,58.0,90.0,106.0,148.0,372.0,544.0,568.0,12.041,29.709,44.201,46.9754,173.8621,396.0786,606.3146,687.7866,769.0,1818.0,2612.0,2598.0,26.0,58.0,90.0,106.0,148.0,372.0,544.0,568.0,12.041,29.709,44.201,46.9754,9.2416,16.2488,28.0896,28.0896,49.0,87.5,136.5,136.5,2.0,3.5,3.5,4.0,11.0,17.0,17.0,0.5625,1.1475,1.85625,1.85625,9.2416,15.752267,30.0352,47.809067,49.0,85.166667,157.5,232.166667,2.0,3.833333,5.833333,4.0,11.666667,21.666667,27.0,0.5625,1.1525,2.15875,3.08375,3.3489,33.3792,57.7914,67.6368,676.0,1092.0,1924.0,2028.0,12.0,14.0,108.0,204.0,204.0,1.5625,5.625,11.5,12.375,351.0731,858.9156,1605.46,2272.914,2214.0,5820.0,10542.0,13368.0,53.0,128.0,234.0,336.0,362.0,1028.0,1882.0,2488.0,25.6445,70.668,128.277,173.9608,0.735,1.4,1.4,1.5,5.0,5.0,-1.5,-1.5,-1.5,-0.03,0.15,0.15,0.898333,1.773333,2.006667,1.833333,4.333333,7.666667,-1.833333,-3.166667,-1.833333,-0.036667,-0.003333,0.263333,-7.26,-9.62,-11.34,114.0,238.0,286.0,18.0,38.0,50.0,3.0,5.8,7.6,0,0,0,0,0,0,0,0,0,0,0,0,0,0,0,0,0,0,0,0,0,0,0,0,0,0,0,0,0,0,0,0,0,0,0,0,0,0,0,0,0,0,0,0,0,0,0,0,0,0,0,0
QIDJET01,3.0,3.0,173.8621,396.0786,606.3146,687.7866,769.0,1818.0,2612.0,2598.0,26.0,58.0,90.0,106.0,148.0,372.0,544.0,568.0,12.041,29.709,44.201,46.9754,173.8621,396.0786,606.3146,687.7866,769.0,1818.0,2612.0,2598.0,26.0,58.0,90.0,106.0,148.0,372.0,544.0,568.0,12.041,29.709,44.201,46.9754,9.2416,16.2488,28.0896,28.0896,49.0,87.5,136.5,136.5,2.0,3.5,3.5,4.0,11.0,17.0,17.0,0.5625,1.1475,1.85625,1.85625,9.2416,15.752267,30.0352,47.809067,49.0,85.166667,157.5,232.166667,2.0,3.833333,5.833333,4.0,11.666667,21.666667,27.0,0.5625,1.1525,2.15875,3.08375,3.3489,33.3792,57.7914,67.6368,676.0,1092.0,1924.0,2028.0,12.0,14.0,108.0,204.0,204.0,1.5625,5.625,11.5,12.375,351.0731,858.9156,1605.46,2272.914,2214.0,5820.0,10542.0,13368.0,53.0,128.0,234.0,336.0,362.0,1028.0,1882.0,2488.0,25.6445,70.668,128.277,173.9608,0.735,1.4,1.4,1.5,5.0,5.0,-1.5,-1.5,-1.5,-0.03,0.15,0.15,0.898333,1.773333,2.006667,1.833333,4.333333,7.666667,-1.833333,-3.166667,-1.833333,-0.036667,-0.003333,0.263333,-7.26,-9.62,-11.34,114.0,238.0,286.0,18.0,38.0,50.0,3.0,5.8,7.6,0,0,0,0,0,0,0,0,0,0,0,0,0,0,0,0,0,0,0,0,0,0,0,0,0,0,0,0,0,0,0,0,0,0,0,0,0,0,0,0,0,0,0,0,0,0,0,0,0,0,0,0
QIDJIX,3.0,3.0,173.8621,396.0786,606.3146,687.7866,769.0,1818.0,2612.0,2598.0,26.0,58.0,90.0,106.0,148.0,372.0,544.0,568.0,12.041,29.709,44.201,46.9754,173.8621,396.0786,606.3146,687.7866,769.0,1818.0,2612.0,2598.0,26.0,58.0,90.0,106.0,148.0,372.0,544.0,568.0,12.041,29.709,44.201,46.9754,9.2416,16.2488,28.0896,28.0896,49.0,87.5,136.5,136.5,2.0,3.5,3.5,4.0,11.0,17.0,17.0,0.5625,1.1475,1.85625,1.85625,9.2416,15.752267,30.0352,47.809067,49.0,85.166667,157.5,232.166667,2.0,3.833333,5.833333,4.0,11.666667,21.666667,27.0,0.5625,1.1525,2.15875,3.08375,3.3489,33.3792,57.7914,67.6368,676.0,1092.0,1924.0,2028.0,12.0,14.0,108.0,204.0,204.0,1.5625,5.625,11.5,12.375,351.0731,858.9156,1605.46,2272.914,2214.0,5820.0,10542.0,13368.0,53.0,128.0,234.0,336.0,362.0,1028.0,1882.0,2488.0,25.6445,70.668,128.277,173.9608,0.735,1.4,1.4,1.5,5.0,5.0,-1.5,-1.5,-1.5,-0.03,0.15,0.15,0.898333,1.773333,2.006667,1.833333,4.333333,7.666667,-1.833333,-3.166667,-1.833333,-0.036667,-0.003333,0.263333,-7.26,-9.62,-11.34,114.0,238.0,286.0,18.0,38.0,50.0,3.0,5.8,7.6,0,0,0,0,0,0,0,0,0,0,0,0,0,0,0,0,0,0,0,0,0,0,0,0,0,0,0,0,0,0,0,0,0,0,0,0,0,0,0,0,0,0,0,0,0,0,1,0,0,0,0,0
QIDJOD,3.0,3.0,194.8846,445.2426,706.4906,796.5516,808.0,1938.0,2828.0,2838.0,30.0,66.0,106.0,122.0,172.0,428.0,610.0,638.0,13.0446,32.5734,48.9974,52.6462,194.8846,445.2426,706.4906,796.5516,808.0,1938.0,2828.0,2838.0,30.0,66.0,106.0,122.0,172.0,428.0,610.0,638.0,13.0446,32.5734,48.9974,52.6462,9.2416,16.2488,28.0896,31.9656,49.0,87.5,136.5,157.5,2.0,3.5,4.0,4.0,11.0,18.0,21.0,0.5625,1.1475,1.85625,2.145,9.2416,15.752267,30.0352,49.101067,49.0,85.166667,157.5,239.166667,2.0,3.833333,6.0,4.0,11.666667,22.0,28.333333,0.5625,1.1525,2.15875,3.18,3.3489,33.3792,57.7914,67.6368,676.0,1092.0,1924.0,2028.0,12.0,14.0,108.0,204.0,216.0,1.5625,5.625,11.5,12.375,393.1181,957.2436,1805.812,2490.444,2292.0,6060.0,10974.0,13848.0,61.0,144.0,266.0,368.0,410.0,1140.0,2018.0,2668.0,27.6517,76.3968,137.8698,185.3024,0.735,1.4,1.645,1.5,5.0,5.5,-1.5,-2.0,-2.5,-0.03,0.15,0.14,0.898333,1.773333,2.088333,1.833333,4.333333,7.833333,-1.833333,-3.333333,-2.166667,-0.036667,-0.003333,0.26,-7.26,-9.62,-11.34,114.0,238.0,286.0,18.0,38.0,48.0,3.0,5.8,7.6,0,0,0,0,0,0,0,0,0,0,0,0,0,0,0,0,0,0,0,0,0,0,0,1,0,0,0,0,0,0,0,0,0,0,0,0,0,0,0,0,0,0,0,0,0,0,1,0,0,0,0,0
QIDJUJ,3.0,3.0,194.8846,445.2426,706.4906,796.5516,808.0,1938.0,2828.0,2838.0,30.0,66.0,106.0,122.0,172.0,428.0,610.0,638.0,13.0446,32.5734,48.9974,52.6462,194.8846,445.2426,706.4906,796.5516,808.0,1938.0,2828.0,2838.0,30.0,66.0,106.0,122.0,172.0,428.0,610.0,638.0,13.0446,32.5734,48.9974,52.6462,9.2416,16.2488,28.0896,31.9656,49.0,87.5,136.5,157.5,2.0,3.5,4.0,4.0,11.0,18.0,21.0,0.5625,1.1475,1.85625,2.145,9.2416,15.752267,30.0352,49.101067,49.0,85.166667,157.5,239.166667,2.0,3.833333,6.0,4.0,11.666667,22.0,28.333333,0.5625,1.1525,2.15875,3.18,3.3489,33.3792,57.7914,67.6368,676.0,1092.0,1924.0,2028.0,12.0,14.0,108.0,204.0,216.0,1.5625,5.625,11.5,12.375,393.1181,957.2436,1805.812,2490.444,2292.0,6060.0,10974.0,13848.0,61.0,144.0,266.0,368.0,410.0,1140.0,2018.0,2668.0,27.6517,76.3968,137.8698,185.3024,0.735,1.4,1.645,1.5,5.0,5.5,-1.5,-2.0,-2.5,-0.03,0.15,0.14,0.898333,1.773333,2.088333,1.833333,4.333333,7.833333,-1.833333,-3.333333,-2.166667,-0.036667,-0.003333,0.26,-7.26,-9.62,-11.34,114.0,238.0,286.0,18.0,38.0,48.0,3.0,5.8,7.6,0,0,0,0,0,0,0,0,0,0,0,0,0,0,0,1,0,0,0,0,0,0,0,0,0,0,0,0,0,0,0,0,0,0,0,1,0,0,0,0,0,0,0,0,0,0,1,0,0,0,0,0
QIDKAQ,3.0,3.0,211.0671,480.6876,774.3986,899.0156,846.0,2034.0,2960.0,3032.0,33.0,72.0,118.0,140.0,190.0,476.0,670.0,692.0,13.9113,34.8988,52.7202,57.154,211.0671,480.6876,774.3986,899.0156,846.0,2034.0,2960.0,3032.0,33.0,72.0,118.0,140.0,190.0,476.0,670.0,692.0,13.9113,34.8988,52.7202,57.154,9.2416,16.2488,28.0896,31.9656,49.0,87.5,136.5,157.5,2.0,3.5,4.0,4.0,11.0,18.0,21.0,0.5625,1.1475,1.85625,2.145,9.2416,15.752267,30.0352,49.101067,49.0,85.166667,157.5,239.166667,2.0,3.833333,6.0,4.0,11.666667,22.0,28.333333,0.5625,1.1525,2.15875,3.18,3.3489,33.3792,57.7914,67.6368,676.0,1092.0,1924.0,2028.0,12.0,14.0,108.0,204.0,216.0,1.5625,5.625,11.5,12.375,425.4831,1028.1336,1941.628,2695.372,2368.0,6252.0,11238.0,14236.0,67.0,156.0,290.0,404.0,446.0,1236.0,2138.0,2776.0,29.3851,81.0476,145.3154,194.318,0.735,1.4,1.645,1.5,5.0,5.5,-1.5,-2.0,-2.5,-0.03,0.15,0.14,0.898333,1.773333,2.088333,1.833333,4.333333,7.833333,-1.833333,-3.333333,-2.166667,-0.036667,-0.003333,0.26,-7.26,-9.62,-11.34,114.0,238.0,286.0,18.0,38.0,48.0,3.0,5.8,7.6,0,0,0,0,0,0,0,0,0,0,0,0,0,0,0,0,0,0,0,0,0,0,0,1,0,0,0,0,0,0,0,0,0,0,0,0,0,0,0,0,0,0,0,0,0,0,0,0,0,1,0,0
QIDKEU,3.0,3.0,211.0671,480.6876,774.3986,899.0156,846.0,2034.0,2960.0,3032.0,33.0,72.0,118.0,140.0,190.0,476.0,670.0,692.0,13.9113,34.8988,52.7202,57.154,211.0671,480.6876,774.3986,899.0156,846.0,2034.0,2960.0,3032.0,33.0,72.0,118.0,140.0,190.0,476.0,670.0,692.0,13.9113,34.8988,52.7202,57.154,9.2416,16.2488,28.0896,31.9656,49.0,87.5,136.5,157.5,2.0,3.5,4.0,4.0,11.0,18.0,21.0,0.5625,1.1475,1.85625,2.145,9.2416,15.752267,30.0352,49.101067,49.0,85.166667,157.5,239.166667,2.0,3.833333,6.0,4.0,11.666667,22.0,28.333333,0.5625,1.1525,2.15875,3.18,3.3489,33.3792,57.7914,67.6368,676.0,1092.0,1924.0,2028.0,12.0,14.0,108.0,204.0,216.0,1.5625,5.625,11.5,12.375,425.4831,1028.1336,1941.628,2695.372,2368.0,6252.0,11238.0,14236.0,67.0,156.0,290.0,404.0,446.0,1236.0,2138.0,2776.0,29.3851,81.0476,145.3154,194.318,0.735,1.4,1.645,1.5,5.0,5.5,-1.5,-2.0,-2.5,-0.03,0.15,0.14,0.898333,1.773333,2.088333,1.833333,4.333333,7.833333,-1.833333,-3.333333,-2.166667,-0.036667,-0.003333,0.26,-7.26,-9.62,-11.34,114.0,238.0,286.0,18.0,38.0,48.0,3.0,5.8,7.6,0,0,0,0,0,0,0,0,0,0,0,0,0,0,0,1,0,0,0,0,0,0,0,0,0,0,0,0,0,0,0,0,0,0,0,0,0,0,0,0,0,0,0,0,0,0,0,0,0,1,0,0
QIDKIY,3.0,3.0,243.4321,551.5776,909.5286,1092.5686,922.0,2226.0,3204.0,3298.0,39.0,84.0,142.0,176.0,226.0,572.0,802.0,830.0,15.6447,39.5496,60.1978,66.2584,243.4321,551.5776,909.5286,1092.5686,922.0,2226.0,3204.0,3298.0,39.0,84.0,142.0,176.0,226.0,572.0,802.0,830.0,15.6447,39.5496,60.1978,66.2584,9.2416,16.2488,28.0896,31.9656,49.0,87.5,136.5,157.5,2.0,3.5,4.0,4.0,11.0,18.0,21.0,0.5625,1.1475,1.85625,2.145,9.2416,15.752267,30.0352,49.101067,49.0,85.166667,157.5,239.166667,2.0,3.833333,6.0,4.0,11.666667,22.0,28.333333,0.5625,1.1525,2.15875,3.18,3.3489,33.3792,57.7914,67.6368,676.0,1092.0,1924.0,2028.0,12.0,14.0,108.0,204.0,216.0,1.5625,5.625,11.5,12.375,490.2131,1169.9136,2211.888,3082.478,2520.0,6636.0,11726.0,14768.0,79.0,180.0,338.0,476.0,518.0,1428.0,2402.0,3052.0,32.8519,90.3492,160.2706,212.5268,0.735,1.4,1.645,1.5,5.0,5.5,-1.5,-2.0,-2.5,-0.03,0.15,0.14,0.898333,1.773333,2.088333,1.833333,4.333333,7.833333,-1.833333,-3.333333,-2.166667,-0.036667,-0.003333,0.26,-7.26,-9.62,-11.34,114.0,238.0,286.0,18.0,38.0,48.0,3.0,5.8,7.6,0,0,0,0,0,0,0,0,0,0,0,0,0,0,0,1,0,0,0,0,0,0,0,0,0,0,0,0,0,0,0,0,0,0,0,0,0,0,0,0,0,0,0,0,0,0,1,0,0,0,0,0
QIDKOE,3.0,3.0,259.6146,587.0226,977.0936,1189.1736,960.0,2322.0,3326.0,3426.0,42.0,90.0,154.0,194.0,244.0,620.0,868.0,902.0,16.5114,41.875,63.9366,70.8186,259.6146,587.0226,977.0936,1189.1736,960.0,2322.0,3326.0,3426.0,42.0,90.0,154.0,194.0,244.0,620.0,868.0,902.0,16.5114,41.875,63.9366,70.8186,9.2416,16.2488,28.0896,31.9656,49.0,87.5,136.5,157.5,2.0,3.5,4.0,4.0,11.0,18.0,21.0,0.5625,1.1475,1.85625,2.145,9.2416,15.752267,30.0352,49.101067,49.0,85.166667,157.5,239.166667,2.0,3.833333,6.0,4.0,11.666667,22.0,28.333333,0.5625,1.1525,2.15875,3.18,3.3489,33.3792,57.7914,67.6368,676.0,1092.0,1924.0,2028.0,12.0,14.0,108.0,204.0,216.0,1.5625,5.625,11.5,12.375,522.5781,1240.8036,2347.018,3275.688,2596.0,6828.0,11970.0,15024.0,85.0,192.0,362.0,512.0,554.0,1524.0,2534.0,3196.0,34.5853,95.0,167.7482,221.6472,0.735,1.4,1.645,1.5,5.0,5.5,-1.5,-2.0,-2.5,-0.03,0.15,0.14,0.898333,1.773333,2.088333,1.833333,4.333333,7.833333,-1.833333,-3.333333,-2.166667,-0.036667,-0.003333,0.26,-7.26,-9.62,-11.34,114.0,238.0,286.0,18.0,38.0,48.0,3.0,5.8,7.6,0,0,0,0,1,0,0,0,0,0,0,0,0,0,0,0,0,0,0,0,0,0,0,0,0,0,0,0,0,0,0,0,0,0,0,0,0,0,0,0,0,0,0,0,0,0,0,0,0,1,0,0
QIDKUK,3.0,3.0,259.6146,587.0226,977.0936,1189.1736,960.0,2322.0,3326.0,3426.0,42.0,90.0,154.0,194.0,244.0,620.0,868.0,902.0,16.5114,41.875,63.9366,70.8186,259.6146,587.0226,977.0936,1189.1736,960.0,2322.0,3326.0,3426.0,42.0,90.0,154.0,194.0,244.0,620.0,868.0,902.0,16.5114,41.875,63.9366,70.8186,9.2416,16.2488,28.0896,31.9656,49.0,87.5,136.5,157.5,2.0,3.5,4.0,4.0,11.0,18.0,21.0,0.5625,1.1475,1.85625,2.145,9.2416,15.752267,30.0352,49.101067,49.0,85.166667,157.5,239.166667,2.0,3.833333,6.0,4.0,11.666667,22.0,28.333333,0.5625,1.1525,2.15875,3.18,3.3489,33.3792,57.7914,67.6368,676.0,1092.0,1924.0,2028.0,12.0,14.0,108.0,204.0,216.0,1.5625,5.625,11.5,12.375,522.5781,1240.8036,2347.018,3275.688,2596.0,6828.0,11970.0,15024.0,85.0,192.0,362.0,512.0,554.0,1524.0,2534.0,3196.0,34.5853,95.0,167.7482,221.6472,0.735,1.4,1.645,1.5,5.0,5.5,-1.5,-2.0,-2.5,-0.03,0.15,0.14,0.898333,1.773333,2.088333,1.833333,4.333333,7.833333,-1.833333,-3.333333,-2.166667,-0.036667,-0.003333,0.26,-7.26,-9.62,-11.34,114.0,238.0,286.0,18.0,38.0,48.0,3.0,5.8,7.6,0,0,0,0,0,0,0,0,0,0,0,0,0,0,0,1,0,0,0,0,0,0,0,0,0,0,0,0,0,0,0,0,0,0,0,0,0,0,0,0,0,0,0,0,0,0,0,0,0,1,0,0
QIDLAR,3.0,3.0,275.7971,622.4676,1044.6586,1285.7786,998.0,2418.0,3448.0,3554.0,45.0,96.0,166.0,212.0,262.0,668.0,934.0,974.0,17.3781,44.2004,67.6754,75.3788,275.7971,622.4676,1044.6586,1285.7786,998.0,2418.0,3448.0,3554.0,45.0,96.0,166.0,212.0,262.0,668.0,934.0,974.0,17.3781,44.2004,67.6754,75.3788,9.2416,16.2488,28.0896,31.9656,49.0,87.5,136.5,157.5,2.0,3.5,4.0,4.0,11.0,18.0,21.0,0.5625,1.1475,1.85625,2.145,9.2416,15.752267,30.0352,49.101067,49.0,85.166667,157.5,239.166667,2.0,3.833333,6.0,4.0,11.666667,22.0,28.333333,0.5625,1.1525,2.15875,3.18,3.3489,33.3792,57.7914,67.6368,676.0,1092.0,1924.0,2028.0,12.0,14.0,108.0,204.0,216.0,1.5625,5.625,11.5,12.375,554.9431,1311.6936,2482.148,3468.898,2672.0,7020.0,12214.0,15280.0,91.0,204.0,386.0,548.0,590.0,1620.0,2666.0,3340.0,36.3187,99.6508,175.2258,230.7676,0.735,1.4,1.645,1.5,5.0,5.5,-1.5,-2.0,-2.5,-0.03,0.15,0.14,0.898333,1.773333,2.088333,1.833333,4.333333,7.833333,-1.833333,-3.333333,-2.166667,-0.036667,-0.003333,0.26,-7.26,-9.62,-11.34,114.0,238.0,286.0,18.0,38.0,48.0,3.0,5.8,7.6,0,0,0,0,0,0,0,0,0,0,0,0,0,0,0,0,0,0,0,0,0,0,0,1,0,0,0,0,0,0,0,0,0,0,0,0,0,0,0,0,0,0,0,0,0,0,0,0,0,0,0,0
QIDLEV,3.0,3.0,275.7971,622.4676,1044.6586,1285.7786,998.0,2418.0,3448.0,3554.0,45.0,96.0,166.0,212.0,262.0,668.0,934.0,974.0,17.3781,44.2004,67.6754,75.3788,275.7971,622.4676,1044.6586,1285.7786,998.0,2418.0,3448.0,3554.0,45.0,96.0,166.0,212.0,262.0,668.0,934.0,974.0,17.3781,44.2004,67.6754,75.3788,9.2416,16.2488,28.0896,31.9656,49.0,87.5,136.5,157.5,2.0,3.5,4.0,4.0,11.0,18.0,21.0,0.5625,1.1475,1.85625,2.145,9.2416,15.752267,30.0352,49.101067,49.0,85.166667,157.5,239.166667,2.0,3.833333,6.0,4.0,11.666667,22.0,28.333333,0.5625,1.1525,2.15875,3.18,3.3489,33.3792,57.7914,67.6368,676.0,1092.0,1924.0,2028.0,12.0,14.0,108.0,204.0,216.0,1.5625,5.625,11.5,12.375,554.9431,1311.6936,2482.148,3468.898,2672.0,7020.0,12214.0,15280.0,91.0,204.0,386.0,548.0,590.0,1620.0,2666.0,3340.0,36.3187,99.6508,175.2258,230.7676,0.735,1.4,1.645,1.5,5.0,5.5,-1.5,-2.0,-2.5,-0.03,0.15,0.14,0.898333,1.773333,2.088333,1.833333,4.333333,7.833333,-1.833333,-3.333333,-2.166667,-0.036667,-0.003333,0.26,-7.26,-9.62,-11.34,114.0,238.0,286.0,18.0,38.0,48.0,3.0,5.8,7.6,0,0,0,0,0,0,0,0,0,0,0,0,0,0,0,1,0,0,0,0,0,0,0,0,0,0,0,0,0,0,0,0,0,0,0,0,0,0,0,0,0,0,0,0,0,0,0,0,0,0,0,0
QIDLIZ,3.0,3.0,291.9796,657.9126,1112.2236,1382.3836,1036.0,2514.0,3570.0,3682.0,48.0,102.0,178.0,230.0,280.0,716.0,1000.0,1046.0,18.2448,46.5258,71.4142,79.939,291.9796,657.9126,1112.2236,1382.3836,1036.0,2514.0,3570.0,3682.0,48.0,102.0,178.0,230.0,280.0,716.0,1000.0,1046.0,18.2448,46.5258,71.4142,79.939,9.2416,16.2488,28.0896,31.9656,49.0,87.5,136.5,157.5,2.0,3.5,4.0,4.0,11.0,18.0,21.0,0.5625,1.1475,1.85625,2.145,9.2416,15.752267,30.0352,49.101067,49.0,85.166667,157.5,239.166667,2.0,3.833333,6.0,4.0,11.666667,22.0,28.333333,0.5625,1.1525,2.15875,3.18,3.3489,33.3792,57.7914,67.6368,676.0,1092.0,1924.0,2028.0,12.0,14.0,108.0,204.0,216.0,1.5625,5.625,11.5,12.375,587.3081,1382.5836,2617.278,3662.108,2748.0,7212.0,12458.0,15536.0,97.0,216.0,410.0,584.0,626.0,1716.0,2798.0,3484.0,38.0521,104.3016,182.7034,239.888,0.735,1.4,1.645,1.5,5.0,5.5,-1.5,-2.0,-2.5,-0.03,0.15,0.14,0.898333,1.773333,2.088333,1.833333,4.333333,7.833333,-1.833333,-3.333333,-2.166667,-0.036667,-0.003333,0.26,-7.26,-9.62,-11.34,114.0,238.0,286.0,18.0,38.0,48.0,3.0,5.8,7.6,0,0,0,0,0,0,0,0,0,0,0,0,0,0,0,0,0,0,0,0,0,0,0,1,0,0,0,0,0,0,0,0,0,0,0,0,0,0,0,0,0,0,0,0,0,0,0,0,0,0,0,0
QIDLOF,3.0,3.0,291.9796,657.9126,1112.2236,1382.3836,1036.0,2514.0,3570.0,3682.0,48.0,102.0,178.0,230.0,280.0,716.0,1000.0,1046.0,18.2448,46.5258,71.4142,79.939,291.9796,657.9126,1112.2236,1382.3836,1036.0,2514.0,3570.0,3682.0,48.0,102.0,178.0,230.0,280.0,716.0,1000.0,1046.0,18.2448,46.5258,71.4142,79.939,9.2416,16.2488,28.0896,31.9656,49.0,87.5,136.5,157.5,2.0,3.5,4.0,4.0,11.0,18.0,21.0,0.5625,1.1475,1.85625,2.145,9.2416,15.752267,30.0352,49.101067,49.0,85.166667,157.5,239.166667,2.0,3.833333,6.0,4.0,11.666667,22.0,28.333333,0.5625,1.1525,2.15875,3.18,3.3489,33.3792,57.7914,67.6368,676.0,1092.0,1924.0,2028.0,12.0,14.0,108.0,204.0,216.0,1.5625,5.625,11.5,12.375,587.3081,1382.5836,2617.278,3662.108,2748.0,7212.0,12458.0,15536.0,97.0,216.0,410.0,584.0,626.0,1716.0,2798.0,3484.0,38.0521,104.3016,182.7034,239.888,0.735,1.4,1.645,1.5,5.0,5.5,-1.5,-2.0,-2.5,-0.03,0.15,0.14,0.898333,1.773333,2.088333,1.833333,4.333333,7.833333,-1.833333,-3.333333,-2.166667,-0.036667,-0.003333,0.26,-7.26,-9.62,-11.34,114.0,238.0,286.0,18.0,38.0,48.0,3.0,5.8,7.6,0,0,0,0,0,0,0,0,0,0,0,0,0,0,0,1,0,0,0,0,0,0,0,0,0,0,0,0,0,0,0,0,0,0,0,0,0,0,0,0,0,0,0,0,0,0,0,0,0,0,0,0
QIDLUL,3.0,3.0,437.6221,976.9176,1720.3086,2251.8286,1378.0,3378.0,4668.0,4834.0,75.0,156.0,286.0,392.0,442.0,1148.0,1594.0,1694.0,26.0451,67.4544,105.0634,120.9808,437.6221,976.9176,1720.3086,2251.8286,1378.0,3378.0,4668.0,4834.0,75.0,156.0,286.0,392.0,442.0,1148.0,1594.0,1694.0,26.0451,67.4544,105.0634,120.9808,9.2416,16.2488,28.0896,31.9656,49.0,87.5,136.5,157.5,2.0,3.5,4.0,4.0,11.0,18.0,21.0,0.5625,1.1475,1.85625,2.145,9.2416,15.752267,30.0352,49.101067,49.0,85.166667,157.5,239.166667,2.0,3.833333,6.0,4.0,11.666667,22.0,28.333333,0.5625,1.1525,2.15875,3.18,3.3489,33.3792,57.7914,67.6368,676.0,1092.0,1924.0,2028.0,12.0,14.0,108.0,204.0,216.0,1.5625,5.625,11.5,12.375,878.5931,2020.5936,3833.448,5400.998,3432.0,8940.0,14654.0,17840.0,151.0,324.0,626.0,908.0,950.0,2580.0,3986.0,4780.0,53.6527,146.1588,250.0018,321.9716,0.735,1.4,1.645,1.5,5.0,5.5,-1.5,-2.0,-2.5,-0.03,0.15,0.14,0.898333,1.773333,2.088333,1.833333,4.333333,7.833333,-1.833333,-3.333333,-2.166667,-0.036667,-0.003333,0.26,-7.26,-9.62,-11.34,114.0,238.0,286.0,18.0,38.0,48.0,3.0,5.8,7.6,0,0,0,0,0,0,0,0,0,0,0,0,0,0,0,0,0,0,0,0,0,0,0,1,0,0,0,0,0,0,0,0,0,0,0,0,0,0,0,0,0,0,0,0,0,0,0,0,0,0,0,0
QIDLUL01,3.0,3.0,437.6221,976.9176,1720.3086,2251.8286,1378.0,3378.0,4668.0,4834.0,75.0,156.0,286.0,392.0,442.0,1148.0,1594.0,1694.0,26.0451,67.4544,105.0634,120.9808,437.6221,976.9176,1720.3086,2251.8286,1378.0,3378.0,4668.0,4834.0,75.0,156.0,286.0,392.0,442.0,1148.0,1594.0,1694.0,26.0451,67.4544,105.0634,120.9808,9.2416,16.2488,28.0896,31.9656,49.0,87.5,136.5,157.5,2.0,3.5,4.0,4.0,11.0,18.0,21.0,0.5625,1.1475,1.85625,2.145,9.2416,15.752267,30.0352,49.101067,49.0,85.166667,157.5,239.166667,2.0,3.833333,6.0,4.0,11.666667,22.0,28.333333,0.5625,1.1525,2.15875,3.18,3.3489,33.3792,57.7914,67.6368,676.0,1092.0,1924.0,2028.0,12.0,14.0,108.0,204.0,216.0,1.5625,5.625,11.5,12.375,878.5931,2020.5936,3833.448,5400.998,3432.0,8940.0,14654.0,17840.0,151.0,324.0,626.0,908.0,950.0,2580.0,3986.0,4780.0,53.6527,146.1588,250.0018,321.9716,0.735,1.4,1.645,1.5,5.0,5.5,-1.5,-2.0,-2.5,-0.03,0.15,0.14,0.898333,1.773333,2.088333,1.833333,4.333333,7.833333,-1.833333,-3.333333,-2.166667,-0.036667,-0.003333,0.26,-7.26,-9.62,-11.34,114.0,238.0,286.0,18.0,38.0,48.0,3.0,5.8,7.6,0,0,0,0,0,0,0,0,0,0,0,0,0,0,0,0,0,0,0,0,0,0,0,1,0,0,0,0,0,0,0,0,0,0,0,0,0,0,0,0,0,0,0,0,0,0,0,0,0,0,0,0
QOMDAY,1.0,4.0,22.4005,28.662,15.6864,0.0,341.0,276.0,224.0,0.0,3.0,4.0,2.0,0.0,6.0,8.0,2.0,0.0,2.1958,2.7258,1.53,0.0,262.9396,590.965,914.4408,1121.1762,1030.0,2428.0,3396.0,3390.0,42.0,90.0,140.0,176.0,230.0,570.0,788.0,826.0,17.4234,43.1058,62.59,68.5064,9.2416,7.752,7.8432,0.0,49.0,42.0,112.0,0.0,1.0,1.0,0.0,1.0,2.0,1.0,0.0,0.5625,0.5775,0.765,0.0,9.2416,15.504,31.9656,44.0648,49.0,84.0,157.5,150.5,2.0,4.0,6.0,4.0,12.0,22.0,23.0,0.5625,1.155,2.145,2.5575,3.3489,33.3792,46.665,65.9532,676.0,1092.0,1560.0,2496.0,10.0,14.0,96.0,168.0,204.0,1.5625,5.625,9.625,13.05,311.0895,715.0474,1316.3916,1916.7754,2388.0,5164.0,8434.0,11980.0,49.0,110.0,194.0,290.0,304.0,834.0,1432.0,1938.0,23.3775,59.8074,101.775,144.3014,0.49,0.46,0.0,1.0,-9.0,0.0,-1.0,0.0,0.0,-0.02,-0.27,0.0,0.98,1.645,3.745,2.0,5.5,20.5,-2.0,-3.0,0.5,-0.04,0.14,1.09,-7.26,-7.2,-10.42,114.0,200.0,268.0,20.0,32.0,50.0,3.0,4.8,7.06,0,0,0,0,0,0,0,0,0,0,0,0,0,0,0,0,0,0,0,0,0,0,0,0,0,0,0,0,0,0,0,0,0,0,0,0,0,0,0,0,0,0,0,0,0,0,0,0,0,0,0,0
QOMDAY01,1.0,4.0,22.4005,28.662,15.6864,0.0,341.0,276.0,224.0,0.0,3.0,4.0,2.0,0.0,6.0,8.0,2.0,0.0,2.1958,2.7258,1.53,0.0,262.9396,590.965,914.4408,1121.1762,1030.0,2428.0,3396.0,3390.0,42.0,90.0,140.0,176.0,230.0,570.0,788.0,826.0,17.4234,43.1058,62.59,68.5064,9.2416,7.752,7.8432,0.0,49.0,42.0,112.0,0.0,1.0,1.0,0.0,1.0,2.0,1.0,0.0,0.5625,0.5775,0.765,0.0,9.2416,15.504,31.9656,44.0648,49.0,84.0,157.5,150.5,2.0,4.0,6.0,4.0,12.0,22.0,23.0,0.5625,1.155,2.145,2.5575,3.3489,33.3792,46.665,65.9532,676.0,1092.0,1560.0,2496.0,10.0,14.0,96.0,168.0,204.0,1.5625,5.625,9.625,13.05,311.0895,715.0474,1316.3916,1916.7754,2388.0,5164.0,8434.0,11980.0,49.0,110.0,194.0,290.0,304.0,834.0,1432.0,1938.0,23.3775,59.8074,101.775,144.3014,0.49,0.46,0.0,1.0,-9.0,0.0,-1.0,0.0,0.0,-0.02,-0.27,0.0,0.98,1.645,3.745,2.0,5.5,20.5,-2.0,-3.0,0.5,-0.04,0.14,1.09,-7.26,-7.2,-10.42,114.0,200.0,268.0,20.0,32.0,50.0,3.0,4.8,7.06,0,0,0,0,0,0,0,0,0,0,0,0,0,0,0,0,0,0,0,0,0,0,0,0,0,0,0,0,0,0,0,0,0,0,0,0,0,0,0,0,0,0,0,0,0,0,0,0,0,0,0,0
QOMDAY02,1.0,4.0,22.4005,28.662,15.6864,0.0,341.0,276.0,224.0,0.0,3.0,4.0,2.0,0.0,6.0,8.0,2.0,0.0,2.1958,2.7258,1.53,0.0,262.9396,590.965,914.4408,1121.1762,1030.0,2428.0,3396.0,3390.0,42.0,90.0,140.0,176.0,230.0,570.0,788.0,826.0,17.4234,43.1058,62.59,68.5064,9.2416,7.752,7.8432,0.0,49.0,42.0,112.0,0.0,1.0,1.0,0.0,1.0,2.0,1.0,0.0,0.5625,0.5775,0.765,0.0,9.2416,15.504,31.9656,44.0648,49.0,84.0,157.5,150.5,2.0,4.0,6.0,4.0,12.0,22.0,23.0,0.5625,1.155,2.145,2.5575,3.3489,33.3792,46.665,65.9532,676.0,1092.0,1560.0,2496.0,10.0,14.0,96.0,168.0,204.0,1.5625,5.625,9.625,13.05,311.0895,715.0474,1316.3916,1916.7754,2388.0,5164.0,8434.0,11980.0,49.0,110.0,194.0,290.0,304.0,834.0,1432.0,1938.0,23.3775,59.8074,101.775,144.3014,0.49,0.46,0.0,1.0,-9.0,0.0,-1.0,0.0,0.0,-0.02,-0.27,0.0,0.98,1.645,3.745,2.0,5.5,20.5,-2.0,-3.0,0.5,-0.04,0.14,1.09,-7.26,-7.2,-10.42,114.0,200.0,268.0,20.0,32.0,50.0,3.0,4.8,7.06,0,0,0,0,0,0,0,0,0,0,0,0,0,0,0,0,0,0,0,0,0,0,0,0,0,0,0,0,0,0,0,0,0,0,0,0,0,0,0,0,0,0,0,0,0,0,0,0,0,0,0,0
QOSVOJ,6.0,6.0,500.746,1126.122,1839.4686,2208.2472,1822.0,4362.0,6030.0,5904.0,82.0,174.0,288.0,360.0,462.0,1158.0,1620.0,1710.0,31.8978,80.2974,119.7432,130.302,500.746,1126.122,1839.4686,2208.2472,1822.0,4362.0,6030.0,5904.0,82.0,174.0,288.0,360.0,462.0,1158.0,1620.0,1710.0,31.8978,80.2974,119.7432,130.302,9.2416,15.504,34.0328,42.2104,49.0,84.0,140.0,154.0,2.0,4.5,5.5,4.0,13.0,22.0,21.0,0.5625,1.155,2.14125,2.40375,9.2416,15.504,34.0328,42.2104,49.0,84.0,140.0,154.0,2.0,4.5,5.5,4.0,13.0,22.0,21.0,0.5625,1.155,2.14125,2.40375,3.3489,33.3792,55.998,94.9221,676.0,1092.0,1872.0,2184.0,12.0,21.0,108.0,234.0,288.0,1.5625,5.625,11.55,15.6375,504.0949,1192.8804,2228.7126,3179.8578,2498.0,6546.0,11244.0,14514.0,83.0,186.0,342.0,504.0,528.0,1452.0,2490.0,3426.0,33.4603,91.5474,159.7182,220.572,0.98,2.485,2.835,2.0,11.5,16.5,-2.5,-2.0,0.5,-0.04,0.52,0.92,0.98,2.485,2.835,2.0,11.5,16.5,-2.5,-2.0,0.5,-0.04,0.52,0.92,-7.26,-8.64,-13.44,114.0,240.0,462.0,18.0,33.0,78.0,3.0,5.76,13.74,0,0,0,0,0,0,0,0,0,0,0,0,0,0,1,0,0,0,0,0,0,0,0,0,0,0,0,0,0,0,0,0,0,0,0,0,0,0,0,0,0,0,0,0,0,0,1,0,0,0,0,0
QOZNOL,3.0,3.0,325.2745,733.38,1254.4524,1534.7848,1198.0,2892.0,4212.0,4096.0,53.0,114.0,196.0,250.0,310.0,794.0,1144.0,1180.0,20.7245,52.9914,82.1084,90.2422,325.2745,733.38,1254.4524,1534.7848,1198.0,2892.0,4212.0,4096.0,53.0,114.0,196.0,250.0,310.0,794.0,1144.0,1180.0,20.7245,52.9914,82.1084,90.2422,9.2416,15.504,40.4016,51.4976,49.0,84.0,189.0,161.0,2.0,5.0,7.0,4.0,14.0,28.0,24.0,0.5625,1.155,2.5575,2.8275,9.2416,15.504,34.1392,57.5168,49.0,84.0,175.0,231.0,2.0,4.333333,7.0,4.0,12.666667,25.333333,25.333333,0.5625,1.155,2.3925,3.1775,3.3489,33.3792,55.998,97.2828,676.0,1092.0,1872.0,2808.0,12.0,20.0,108.0,240.0,336.0,1.5625,5.625,11.55,17.05,653.8979,1533.5184,2898.1488,3996.4104,3072.0,7968.0,13638.0,17784.0,107.0,240.0,446.0,636.0,686.0,1884.0,3198.0,4172.0,43.0115,117.2328,204.1918,270.1444,0.98,1.91,4.34,2.0,8.0,26.0,-3.0,-4.0,2.0,-0.04,0.34,1.48,0.98,1.943333,2.36,2.0,5.333333,16.0,-2.333333,-4.0,1.333333,-0.04,0.06,1.013333,-7.26,-8.64,-16.56,114.0,240.0,412.0,18.0,32.0,64.0,3.0,5.76,11.36,0,0,0,0,0,0,0,0,0,0,0,0,0,0,0,0,0,0,0,0,0,0,0,1,0,0,0,0,0,0,0,0,0,0,0,0,0,0,0,0,0,0,0,0,0,0,1,0,0,0,0,0
QUHWAT,4.0,2.0,247.4864,544.935,920.776,1098.9776,794.0,1896.0,2500.0,2522.0,42.0,86.0,148.0,182.0,234.0,576.0,800.0,906.0,14.7482,37.1294,54.6764,62.5766,97.326533,200.651,317.261333,366.325867,1092.0,960.0,1150.666667,840.666667,16.0,31.333333,50.666667,60.666667,82.0,197.333333,268.0,302.0,6.5834,14.3374,19.385467,20.858867,9.2416,15.504,29.944,43.7456,49.0,84.0,133.0,119.0,2.0,4.0,6.0,4.0,12.0,22.0,20.0,0.5625,1.155,2.01,2.25,9.2416,12.92,25.941333,13.203733,49.0,70.0,203.0,51.333333,1.666667,3.666667,1.666667,3.666667,13.333333,14.666667,10.0,0.5625,0.9625,1.6125,0.7525,3.3489,33.3792,55.998,92.415,676.0,1092.0,1872.0,2808.0,12.0,22.0,108.0,240.0,180.0,1.5625,5.625,11.55,14.15,295.3285,668.7114,1341.028,2065.574,3952.0,5064.0,8666.0,12380.0,49.0,106.0,206.0,328.0,312.0,888.0,1654.0,2272.0,21.3127,54.2622,98.1314,149.8716,0.98,2.31,3.85,2.0,9.0,25.0,-2.0,-3.0,2.0,-0.04,0.32,1.5,0.816667,2.613333,0.723333,1.666667,-3.333333,4.333333,-1.666667,4.333333,1.666667,-0.033333,0.6,0.246667,-7.26,-8.64,-10.24,114.0,240.0,464.0,18.0,32.0,102.0,3.0,5.76,16.18,0,0,0,0,0,0,0,0,0,0,0,0,0,0,0,0,0,0,0,0,0,0,0,0,0,0,0,0,0,0,0,0,0,0,0,0,0,0,0,0,0,0,0,0,0,0,0,0,0,0,0,0
QUHWAT01,4.0,2.0,247.4864,544.935,920.776,1098.9776,794.0,1896.0,2500.0,2522.0,42.0,86.0,148.0,182.0,234.0,576.0,800.0,906.0,14.7482,37.1294,54.6764,62.5766,97.326533,200.651,317.261333,366.325867,1092.0,960.0,1150.666667,840.666667,16.0,31.333333,50.666667,60.666667,82.0,197.333333,268.0,302.0,6.5834,14.3374,19.385467,20.858867,9.2416,15.504,29.944,43.7456,49.0,84.0,133.0,119.0,2.0,4.0,6.0,4.0,12.0,22.0,20.0,0.5625,1.155,2.01,2.25,9.2416,12.92,25.941333,13.203733,49.0,70.0,203.0,51.333333,1.666667,3.666667,1.666667,3.666667,13.333333,14.666667,10.0,0.5625,0.9625,1.6125,0.7525,3.3489,33.3792,55.998,92.415,676.0,1092.0,1872.0,2808.0,12.0,22.0,108.0,240.0,180.0,1.5625,5.625,11.55,14.15,295.3285,668.7114,1341.028,2065.574,3952.0,5064.0,8666.0,12380.0,49.0,106.0,206.0,328.0,312.0,888.0,1654.0,2272.0,21.3127,54.2622,98.1314,149.8716,0.98,2.31,3.85,2.0,9.0,25.0,-2.0,-3.0,2.0,-0.04,0.32,1.5,0.816667,2.613333,0.723333,1.666667,-3.333333,4.333333,-1.666667,4.333333,1.666667,-0.033333,0.6,0.246667,-7.26,-8.64,-10.24,114.0,240.0,464.0,18.0,32.0,102.0,3.0,5.76,16.18,0,0,0,0,0,0,0,0,0,0,0,0,0,0,0,0,0,0,0,0,0,0,0,0,0,0,0,0,0,0,0,0,0,0,0,0,0,0,0,0,0,0,0,0,0,0,0,0,0,0,0,0
QUHWAT02,4.0,2.0,247.4864,544.935,920.776,1098.9776,794.0,1896.0,2500.0,2522.0,42.0,86.0,148.0,182.0,234.0,576.0,800.0,906.0,14.7482,37.1294,54.6764,62.5766,97.326533,200.651,317.261333,366.325867,1092.0,960.0,1150.666667,840.666667,16.0,31.333333,50.666667,60.666667,82.0,197.333333,268.0,302.0,6.5834,14.3374,19.385467,20.858867,9.2416,15.504,29.944,43.7456,49.0,84.0,133.0,119.0,2.0,4.0,6.0,4.0,12.0,22.0,20.0,0.5625,1.155,2.01,2.25,9.2416,12.92,25.941333,13.203733,49.0,70.0,203.0,51.333333,1.666667,3.666667,1.666667,3.666667,13.333333,14.666667,10.0,0.5625,0.9625,1.6125,0.7525,3.3489,33.3792,55.998,92.415,676.0,1092.0,1872.0,2808.0,12.0,22.0,108.0,240.0,180.0,1.5625,5.625,11.55,14.15,295.3285,668.7114,1341.028,2065.574,3952.0,5064.0,8666.0,12380.0,49.0,106.0,206.0,328.0,312.0,888.0,1654.0,2272.0,21.3127,54.2622,98.1314,149.8716,0.98,2.31,3.85,2.0,9.0,25.0,-2.0,-3.0,2.0,-0.04,0.32,1.5,0.816667,2.613333,0.723333,1.666667,-3.333333,4.333333,-1.666667,4.333333,1.666667,-0.033333,0.6,0.246667,-7.26,-8.64,-10.24,114.0,240.0,464.0,18.0,32.0,102.0,3.0,5.76,16.18,0,0,0,0,0,0,0,0,0,0,0,0,0,0,0,0,0,0,0,0,0,0,0,0,0,0,0,0,0,0,0,0,0,0,0,0,0,0,0,0,0,0,0,0,0,0,0,0,0,0,0,0
QUNYAA,2.0,1.5,150.6928,347.7768,546.8712,626.0342,890.0,1888.0,2622.0,2750.0,23.0,52.0,82.0,96.0,134.0,340.0,508.0,534.0,11.2266,27.6384,41.5974,44.9564,86.54665,188.2194,281.2788,313.0171,615.5,1082.0,1423.0,1375.0,13.0,28.0,42.0,48.0,70.0,174.0,255.0,267.0,6.7112,15.1821,21.5637,22.4782,9.2416,15.504,29.944,39.1856,49.0,84.0,133.0,182.0,2.0,4.0,5.0,4.0,12.0,20.0,24.0,0.5625,1.155,2.01,2.5725,9.2416,11.628,18.8936,19.5928,49.0,63.0,122.5,91.0,1.5,2.5,2.5,2.5,7.0,10.5,12.0,0.5625,0.86625,1.3875,1.28625,3.3489,33.3792,46.665,62.8788,676.0,1092.0,1560.0,2184.0,10.0,14.0,96.0,168.0,180.0,1.5625,5.625,9.625,12.1,349.5355,819.636,1495.6932,2054.0436,3138.0,6512.0,10282.0,13536.0,53.0,124.0,218.0,308.0,342.0,944.0,1652.0,2156.0,28.4073,71.9784,122.3798,164.9928,0.98,2.31,2.31,2.0,9.0,9.0,-2.0,-2.0,-2.0,-0.04,0.32,0.32,0.735,1.385,1.155,1.5,0.0,4.5,-1.5,-1.0,-1.0,-0.03,0.025,0.16,-7.26,-7.2,-8.74,114.0,200.0,280.0,20.0,32.0,54.0,3.0,4.8,7.82,0,0,0,0,0,0,0,0,0,0,0,0,0,0,0,0,0,0,0,0,0,0,0,0,0,0,0,0,0,0,0,0,1,0,0,0,0,0,0,0,0,0,0,0,0,0,0,0,0,0,0,0
QUNYEE,2.0,1.5,150.6928,347.7768,546.8712,626.0342,890.0,1888.0,2622.0,2750.0,23.0,52.0,82.0,96.0,134.0,340.0,508.0,534.0,11.2266,27.6384,41.5974,44.9564,86.54665,188.2194,281.2788,313.0171,615.5,1082.0,1423.0,1375.0,13.0,28.0,42.0,48.0,70.0,174.0,255.0,267.0,6.7112,15.1821,21.5637,22.4782,9.2416,15.504,29.944,39.1856,49.0,84.0,133.0,182.0,2.0,4.0,5.0,4.0,12.0,20.0,24.0,0.5625,1.155,2.01,2.5725,9.2416,11.628,18.8936,19.5928,49.0,63.0,122.5,91.0,1.5,2.5,2.5,2.5,7.0,10.5,12.0,0.5625,0.86625,1.3875,1.28625,3.3489,33.3792,46.665,62.8788,676.0,1092.0,1560.0,2184.0,10.0,14.0,96.0,168.0,180.0,1.5625,5.625,9.625,12.1,349.5355,819.636,1495.6932,2054.0436,3138.0,6512.0,10282.0,13536.0,53.0,124.0,218.0,308.0,342.0,944.0,1652.0,2156.0,28.4073,71.9784,122.3798,164.9928,0.98,2.31,2.31,2.0,9.0,9.0,-2.0,-2.0,-2.0,-0.04,0.32,0.32,0.735,1.385,1.155,1.5,0.0,4.5,-1.5,-1.0,-1.0,-0.03,0.025,0.16,-7.26,-7.2,-8.74,114.0,200.0,280.0,20.0,32.0,54.0,3.0,4.8,7.82,0,0,0,0,0,0,0,0,0,0,0,0,0,0,0,0,0,0,0,0,0,0,0,0,0,0,0,0,0,0,0,0,0,0,0,0,0,0,0,0,0,0,0,0,0,0,0,0,0,0,0,0
QUNYEE01,2.0,1.5,150.6928,347.7768,546.8712,626.0342,890.0,1888.0,2622.0,2750.0,23.0,52.0,82.0,96.0,134.0,340.0,508.0,534.0,11.2266,27.6384,41.5974,44.9564,86.54665,188.2194,281.2788,313.0171,615.5,1082.0,1423.0,1375.0,13.0,28.0,42.0,48.0,70.0,174.0,255.0,267.0,6.7112,15.1821,21.5637,22.4782,9.2416,15.504,29.944,39.1856,49.0,84.0,133.0,182.0,2.0,4.0,5.0,4.0,12.0,20.0,24.0,0.5625,1.155,2.01,2.5725,9.2416,11.628,18.8936,19.5928,49.0,63.0,122.5,91.0,1.5,2.5,2.5,2.5,7.0,10.5,12.0,0.5625,0.86625,1.3875,1.28625,3.3489,33.3792,46.665,62.8788,676.0,1092.0,1560.0,2184.0,10.0,14.0,96.0,168.0,180.0,1.5625,5.625,9.625,12.1,349.5355,819.636,1495.6932,2054.0436,3138.0,6512.0,10282.0,13536.0,53.0,124.0,218.0,308.0,342.0,944.0,1652.0,2156.0,28.4073,71.9784,122.3798,164.9928,0.98,2.31,2.31,2.0,9.0,9.0,-2.0,-2.0,-2.0,-0.04,0.32,0.32,0.735,1.385,1.155,1.5,0.0,4.5,-1.5,-1.0,-1.0,-0.03,0.025,0.16,-7.26,-7.2,-8.74,114.0,200.0,280.0,20.0,32.0,54.0,3.0,4.8,7.82,0,0,0,0,0,0,0,0,0,0,0,0,0,0,0,0,0,0,0,0,0,0,0,0,0,0,0,0,0,0,0,0,0,0,0,0,0,0,0,0,0,0,0,0,0,0,0,0,0,0,0,0
RAKZIM,1.0,1.0,90.6595,187.1826,292.1386,259.1738,598.0,882.0,1082.0,758.0,13.0,26.0,42.0,40.0,68.0,160.0,190.0,138.0,5.6933,12.3994,17.2174,13.7356,90.6595,187.1826,292.1386,259.1738,598.0,882.0,1082.0,758.0,13.0,26.0,42.0,40.0,68.0,160.0,190.0,138.0,5.6933,12.3994,17.2174,13.7356,9.2416,16.9936,25.1712,7.752,49.0,91.0,105.0,42.0,2.0,3.0,1.0,4.0,10.0,12.0,8.0,0.5625,1.14,1.4025,0.5775,9.2416,16.9936,25.1712,7.752,49.0,91.0,105.0,42.0,2.0,3.0,1.0,4.0,10.0,12.0,8.0,0.5625,1.14,1.4025,0.5775,3.3489,33.3792,61.3782,90.9144,676.0,1092.0,2028.0,2340.0,12.0,18.0,108.0,180.0,216.0,1.5625,5.625,11.4,14.025,547.3059,1189.854,2152.836,2756.4876,4264.0,7476.0,12018.0,14688.0,79.0,168.0,306.0,396.0,474.0,1236.0,1842.0,2208.0,35.7223,85.6464,142.9794,178.8636,0.49,0.84,0.49,1.0,6.0,1.0,-1.0,0.0,-2.0,-0.02,0.38,-0.02,0.49,0.84,0.49,1.0,6.0,1.0,-1.0,0.0,-2.0,-0.02,0.38,-0.02,-7.26,-11.58,-16.74,114.0,234.0,378.0,18.0,42.0,72.0,3.0,5.88,11.28,0,0,0,0,0,0,0,0,0,0,0,0,0,0,0,1,0,0,0,0,0,0,0,0,0,0,0,0,0,0,0,0,0,0,0,0,0,0,0,0,0,0,0,0,0,0,0,0,0,0,0,0
RAKZIM01,1.0,1.0,90.6595,187.1826,292.1386,259.1738,598.0,882.0,1082.0,758.0,13.0,26.0,42.0,40.0,68.0,160.0,190.0,138.0,5.6933,12.3994,17.2174,13.7356,90.6595,187.1826,292.1386,259.1738,598.0,882.0,1082.0,758.0,13.0,26.0,42.0,40.0,68.0,160.0,190.0,138.0,5.6933,12.3994,17.2174,13.7356,9.2416,16.9936,25.1712,7.752,49.0,91.0,105.0,42.0,2.0,3.0,1.0,4.0,10.0,12.0,8.0,0.5625,1.14,1.4025,0.5775,9.2416,16.9936,25.1712,7.752,49.0,91.0,105.0,42.0,2.0,3.0,1.0,4.0,10.0,12.0,8.0,0.5625,1.14,1.4025,0.5775,3.3489,33.3792,61.3782,90.9144,676.0,1092.0,2028.0,2340.0,12.0,18.0,108.0,180.0,216.0,1.5625,5.625,11.4,14.025,547.3059,1189.854,2152.836,2756.4876,4264.0,7476.0,12018.0,14688.0,79.0,168.0,306.0,396.0,474.0,1236.0,1842.0,2208.0,35.7223,85.6464,142.9794,178.8636,0.49,0.84,0.49,1.0,6.0,1.0,-1.0,0.0,-2.0,-0.02,0.38,-0.02,0.49,0.84,0.49,1.0,6.0,1.0,-1.0,0.0,-2.0,-0.02,0.38,-0.02,-7.26,-11.58,-16.74,114.0,234.0,378.0,18.0,42.0,72.0,3.0,5.88,11.28,0,0,0,0,0,0,0,0,0,0,0,0,0,0,0,1,0,0,0,0,0,0,0,0,0,0,0,0,0,0,0,0,0,0,0,0,0,0,0,0,0,0,0,0,0,0,0,0,0,0,0,0
RESWES,3.0,3.0,312.1762,692.6742,1202.4462,1358.1432,995.0,2422.0,3696.0,4266.0,53.0,110.0,198.0,210.0,308.0,746.0,1050.0,1332.0,18.6029,47.9306,74.1462,87.4278,312.1762,692.6742,1202.4462,1358.1432,995.0,2422.0,3696.0,4266.0,53.0,110.0,198.0,210.0,308.0,746.0,1050.0,1332.0,18.6029,47.9306,74.1462,87.4278,9.2416,16.9936,29.4576,60.7392,49.0,91.0,161.0,210.0,2.0,4.0,8.0,4.0,12.0,28.0,36.0,0.5625,1.14,2.37,3.39,9.2416,16.9936,29.4576,60.7392,49.0,91.0,161.0,210.0,2.0,4.0,8.0,4.0,12.0,28.0,36.0,0.5625,1.14,2.37,3.39,3.3489,33.3792,61.3782,91.4634,676.0,1092.0,2028.0,3068.0,12.0,20.0,108.0,216.0,408.0,1.5625,5.625,11.4,19.45,627.7013,1452.1068,2804.8968,3697.0308,2666.0,7028.0,12918.0,18952.0,107.0,232.0,450.0,556.0,682.0,1780.0,2970.0,4560.0,38.7683,107.1112,187.9674,268.6556,0.49,2.47,4.34,1.0,5.0,26.0,-2.0,-6.0,-2.0,-0.02,-0.16,1.48,0.49,2.47,4.34,1.0,5.0,26.0,-2.0,-6.0,-2.0,-0.02,-0.16,1.48,-7.26,-11.58,-13.38,114.0,234.0,402.0,18.0,36.0,52.0,3.0,5.88,9.44,0,0,0,0,0,0,0,0,0,0,0,0,0,0,0,0,0,0,0,0,0,0,0,0,0,0,0,0,0,0,0,0,0,0,0,0,0,0,0,0,0,0,0,0,0,0,0,0,0,0,0,0
RESWIW,3.0,3.0,369.6744,873.8576,1479.552,1745.7464,1309.0,3408.0,4684.0,5208.0,61.0,136.0,236.0,280.0,396.0,1096.0,1388.0,1416.0,23.2853,63.2536,95.478,103.1288,369.6744,873.8576,1479.552,1745.7464,1309.0,3408.0,4684.0,5208.0,61.0,136.0,236.0,280.0,396.0,1096.0,1388.0,1416.0,23.2853,63.2536,95.478,103.1288,9.2416,16.9936,29.4576,63.2928,49.0,91.0,161.0,252.0,2.0,4.0,8.0,4.0,12.0,28.0,40.0,0.5625,1.14,2.37,3.675,9.2416,16.9936,29.4576,63.2928,49.0,91.0,161.0,252.0,2.0,4.0,8.0,4.0,12.0,28.0,40.0,0.5625,1.14,2.37,3.675,3.3489,33.3792,61.3782,91.4634,676.0,1092.0,2028.0,3068.0,12.0,20.0,108.0,216.0,408.0,1.5625,5.625,11.4,19.45,742.6977,1814.4736,3359.1084,4472.2372,3294.0,9000.0,14894.0,20836.0,123.0,284.0,526.0,696.0,858.0,2480.0,3646.0,4752.0,48.1331,137.7572,230.631,300.0576,0.49,2.47,3.5,1.0,5.0,20.0,-2.0,-6.0,-4.0,-0.02,-0.16,1.1,0.49,2.47,3.5,1.0,5.0,20.0,-2.0,-6.0,-4.0,-0.02,-0.16,1.1,-7.26,-11.58,-13.38,114.0,234.0,402.0,18.0,36.0,52.0,3.0,5.88,9.44,0,0,0,0,0,0,0,0,0,0,0,0,0,0,0,0,0,0,0,0,0,0,0,0,0,0,0,0,0,0,0,0,0,0,0,0,0,0,0,0,0,0,0,0,0,0,1,0,0,0,0,0
RESWIW01,3.0,3.0,369.6744,873.8576,1479.552,1745.7464,1309.0,3408.0,4684.0,5208.0,61.0,136.0,236.0,280.0,396.0,1096.0,1388.0,1416.0,23.2853,63.2536,95.478,103.1288,369.6744,873.8576,1479.552,1745.7464,1309.0,3408.0,4684.0,5208.0,61.0,136.0,236.0,280.0,396.0,1096.0,1388.0,1416.0,23.2853,63.2536,95.478,103.1288,9.2416,16.9936,29.4576,63.2928,49.0,91.0,161.0,252.0,2.0,4.0,8.0,4.0,12.0,28.0,40.0,0.5625,1.14,2.37,3.675,9.2416,16.9936,29.4576,63.2928,49.0,91.0,161.0,252.0,2.0,4.0,8.0,4.0,12.0,28.0,40.0,0.5625,1.14,2.37,3.675,3.3489,33.3792,61.3782,91.4634,676.0,1092.0,2028.0,3068.0,12.0,20.0,108.0,216.0,408.0,1.5625,5.625,11.4,19.45,742.6977,1814.4736,3359.1084,4472.2372,3294.0,9000.0,14894.0,20836.0,123.0,284.0,526.0,696.0,858.0,2480.0,3646.0,4752.0,48.1331,137.7572,230.631,300.0576,0.49,2.47,3.5,1.0,5.0,20.0,-2.0,-6.0,-4.0,-0.02,-0.16,1.1,0.49,2.47,3.5,1.0,5.0,20.0,-2.0,-6.0,-4.0,-0.02,-0.16,1.1,-7.26,-11.58,-13.38,114.0,234.0,402.0,18.0,36.0,52.0,3.0,5.88,9.44,0,0,0,0,0,0,0,0,0,0,0,0,0,0,0,0,0,0,0,0,0,0,0,0,0,0,0,0,0,0,0,0,0,0,0,0,0,0,0,0,0,0,0,0,0,0,1,0,0,0,0,0
REWPOZ,3.0,3.0,169.1387,373.7704,584.1504,643.1936,3098.0,2368.0,3804.0,4004.0,25.0,54.0,84.0,94.0,138.0,342.0,476.0,424.0,12.8919,28.4762,42.8468,43.0314,169.1387,373.7704,584.1504,643.1936,3098.0,2368.0,3804.0,4004.0,25.0,54.0,84.0,94.0,138.0,342.0,476.0,424.0,12.8919,28.4762,42.8468,43.0314,9.2416,16.9936,29.944,32.68,49.0,91.0,133.0,343.0,2.0,4.0,4.0,4.0,12.0,20.0,14.0,0.5625,1.14,2.01,2.2725,9.2416,16.000533,32.639467,47.6368,49.0,86.333333,165.666667,273.0,2.0,4.0,6.0,4.0,12.0,22.666667,24.666667,0.5625,1.15,2.19,3.0325,3.3489,33.3792,59.5848,72.102,676.0,1092.0,1976.0,1976.0,12.0,16.0,108.0,216.0,240.0,1.5625,5.625,11.45,13.4,341.6263,814.2992,1564.7184,2210.5336,6872.0,6920.0,13030.0,16160.0,51.0,120.0,222.0,316.0,342.0,972.0,1782.0,2316.0,27.3463,68.2024,125.4686,167.9428,0.49,2.31,1.41,1.0,9.0,-21.0,-2.0,-2.0,1.0,-0.02,0.32,-0.03,0.816667,1.423333,2.57,1.666667,4.333333,3.0,-2.0,-3.333333,-0.333333,-0.033333,0.08,0.456667,-7.26,-10.6,-10.12,114.0,236.0,340.0,18.0,36.0,56.0,3.0,5.84,9.28,0,0,0,0,0,0,0,0,0,0,0,0,0,0,0,1,0,0,0,0,0,0,0,0,0,0,0,0,0,0,0,0,0,0,0,0,0,0,0,0,0,0,0,0,0,0,0,0,0,0,0,0
REWPUF,3.0,3.0,171.5867,375.8104,588.2304,651.5776,1226.0,1936.0,2940.0,2852.0,25.0,54.0,84.0,94.0,138.0,342.0,476.0,424.0,12.2529,28.0142,41.9228,41.6874,171.5867,375.8104,588.2304,651.5776,1226.0,1936.0,2940.0,2852.0,25.0,54.0,84.0,94.0,138.0,342.0,476.0,424.0,12.2529,28.0142,41.9228,41.6874,9.2416,16.9936,29.944,33.288,49.0,91.0,133.0,217.0,2.0,4.0,4.0,4.0,12.0,20.0,14.0,0.5625,1.14,2.01,2.16,9.2416,16.000533,32.639467,47.839467,49.0,86.333333,165.666667,231.0,2.0,4.0,6.0,4.0,12.0,22.666667,24.666667,0.5625,1.15,2.19,2.995,3.3489,33.3792,59.5848,72.102,676.0,1092.0,1976.0,1976.0,12.0,16.0,108.0,216.0,240.0,1.5625,5.625,11.45,13.4,346.5223,818.3792,1572.8784,2227.3016,3128.0,6056.0,11302.0,13856.0,51.0,120.0,222.0,316.0,342.0,972.0,1782.0,2316.0,26.0683,67.2784,123.6206,165.2548,0.49,2.31,1.21,1.0,9.0,-3.0,-2.0,-2.0,1.0,-0.02,0.32,0.12,0.816667,1.423333,2.503333,1.666667,4.333333,9.0,-2.0,-3.333333,-0.333333,-0.033333,0.08,0.506667,-7.26,-10.6,-10.12,114.0,236.0,340.0,18.0,36.0,56.0,3.0,5.84,9.28,0,0,0,0,0,0,0,0,0,0,0,0,0,0,0,1,0,0,0,0,0,0,0,0,0,0,0,0,0,0,0,0,0,0,0,0,0,0,0,0,0,0,0,0,0,0,0,0,0,0,0,0
REWPUF02,3.0,3.0,171.5867,375.8104,588.2304,651.5776,1226.0,1936.0,2940.0,2852.0,25.0,54.0,84.0,94.0,138.0,342.0,476.0,424.0,12.2529,28.0142,41.9228,41.6874,171.5867,375.8104,588.2304,651.5776,1226.0,1936.0,2940.0,2852.0,25.0,54.0,84.0,94.0,138.0,342.0,476.0,424.0,12.2529,28.0142,41.9228,41.6874,9.2416,16.9936,29.944,33.288,49.0,91.0,133.0,217.0,2.0,4.0,4.0,4.0,12.0,20.0,14.0,0.5625,1.14,2.01,2.16,9.2416,16.000533,32.639467,47.839467,49.0,86.333333,165.666667,231.0,2.0,4.0,6.0,4.0,12.0,22.666667,24.666667,0.5625,1.15,2.19,2.995,3.3489,33.3792,59.5848,72.102,676.0,1092.0,1976.0,1976.0,12.0,16.0,108.0,216.0,240.0,1.5625,5.625,11.45,13.4,346.5223,818.3792,1572.8784,2227.3016,3128.0,6056.0,11302.0,13856.0,51.0,120.0,222.0,316.0,342.0,972.0,1782.0,2316.0,26.0683,67.2784,123.6206,165.2548,0.49,2.31,1.21,1.0,9.0,-3.0,-2.0,-2.0,1.0,-0.02,0.32,0.12,0.816667,1.423333,2.503333,1.666667,4.333333,9.0,-2.0,-3.333333,-0.333333,-0.033333,0.08,0.506667,-7.26,-10.6,-10.12,114.0,236.0,340.0,18.0,36.0,56.0,3.0,5.84,9.28,0,0,0,0,0,0,0,0,0,0,0,0,0,0,0,1,0,0,0,0,0,0,0,0,0,0,0,0,0,0,0,0,0,0,0,0,0,0,0,0,0,0,0,0,0,0,0,0,0,0,0,0
RIZSOI,3.0,3.0,174.4544,388.532,590.3082,639.1586,942.0,1910.0,2712.0,2320.0,27.0,58.0,88.0,98.0,146.0,354.0,478.0,456.0,12.1998,29.2914,41.8568,40.6812,174.4544,388.532,590.3082,639.1586,942.0,1910.0,2712.0,2320.0,27.0,58.0,88.0,98.0,146.0,354.0,478.0,456.0,12.1998,29.2914,41.8568,40.6812,9.2416,15.504,30.6888,37.5896,49.0,84.0,136.5,129.5,2.0,4.0,5.0,4.0,12.0,20.0,18.0,0.5625,1.155,2.0025,2.1225,9.2416,15.504,31.955467,37.944267,49.0,84.0,208.833333,141.166667,2.0,4.0,5.0,4.0,12.0,21.333333,19.333333,0.5625,1.155,2.3225,2.2225,3.3489,33.3792,55.998,83.3382,676.0,1092.0,1872.0,2860.0,12.0,18.0,108.0,216.0,264.0,1.5625,5.625,11.55,15.9,352.2577,843.8224,1569.8604,2214.2352,2560.0,6004.0,10638.0,14532.0,55.0,128.0,230.0,332.0,358.0,996.0,1782.0,2456.0,25.9621,69.8328,123.6886,170.9724,0.98,2.065,2.835,2.0,8.5,16.5,-2.0,-2.0,1.0,-0.04,0.33,0.92,0.98,1.648333,2.718333,2.0,-1.833333,14.833333,-2.0,-2.666667,0.333333,-0.04,-0.096667,0.786667,-7.26,-8.64,-12.6,114.0,240.0,358.0,18.0,36.0,64.0,3.0,5.76,9.78,0,0,0,0,0,0,0,1,0,0,0,0,0,0,0,0,0,0,0,0,0,0,0,0,0,0,0,0,0,0,0,0,0,0,0,0,0,0,0,0,0,0,0,0,0,0,0,0,0,0,0,0
RONPIT26,2.0,1.5,203.2882,453.186,697.606,855.4242,760.0,1800.0,2428.0,2406.0,34.0,72.0,112.0,142.0,184.0,456.0,632.0,658.0,13.7138,33.9416,48.9424,53.5498,112.84435,240.924,356.6462,427.7121,550.5,1038.0,1326.0,1203.0,18.5,38.0,57.0,71.0,95.0,232.0,317.0,329.0,7.9548,18.3337,25.2362,26.7749,9.2416,15.504,29.944,37.0576,49.0,84.0,133.0,112.0,2.0,4.0,5.0,4.0,12.0,20.0,16.0,0.5625,1.155,2.01,1.9725,9.2416,11.628,18.8936,22.9368,49.0,63.0,122.5,94.5,1.5,2.5,3.0,2.5,7.0,10.5,13.0,0.5625,0.86625,1.3875,1.425,3.3489,33.3792,46.665,62.8788,676.0,1092.0,1560.0,2184.0,10.0,14.0,96.0,168.0,180.0,1.5625,5.625,9.625,12.1,454.7263,1030.4544,1797.1628,2512.8236,2878.0,6336.0,9894.0,12848.0,75.0,164.0,278.0,400.0,442.0,1176.0,1900.0,2392.0,33.3817,84.5848,137.0698,182.1796,0.98,2.31,3.01,2.0,9.0,19.0,-2.0,-2.0,2.0,-0.04,0.32,1.12,0.735,1.385,1.575,1.5,0.0,7.5,-1.5,-1.0,-0.5,-0.03,0.025,0.35,-7.26,-7.2,-8.74,114.0,200.0,280.0,20.0,32.0,54.0,3.0,4.8,7.82,0,0,0,0,0,0,0,0,0,0,0,0,0,0,0,0,0,0,0,0,0,0,0,0,0,0,0,0,0,0,0,0,0,0,0,0,0,0,0,0,0,0,0,0,0,0,0,0,0,0,0,0
RONPIT34,2.0,1.5,203.2882,453.186,697.606,855.4242,760.0,1800.0,2428.0,2406.0,34.0,72.0,112.0,142.0,184.0,456.0,632.0,658.0,13.7138,33.9416,48.9424,53.5498,112.84435,240.924,356.6462,427.7121,550.5,1038.0,1326.0,1203.0,18.5,38.0,57.0,71.0,95.0,232.0,317.0,329.0,7.9548,18.3337,25.2362,26.7749,9.2416,15.504,29.944,37.0576,49.0,84.0,133.0,112.0,2.0,4.0,5.0,4.0,12.0,20.0,16.0,0.5625,1.155,2.01,1.9725,9.2416,11.628,18.8936,22.9368,49.0,63.0,122.5,94.5,1.5,2.5,3.0,2.5,7.0,10.5,13.0,0.5625,0.86625,1.3875,1.425,3.3489,33.3792,46.665,62.8788,676.0,1092.0,1560.0,2184.0,10.0,14.0,96.0,168.0,180.0,1.5625,5.625,9.625,12.1,454.7263,1030.4544,1797.1628,2512.8236,2878.0,6336.0,9894.0,12848.0,75.0,164.0,278.0,400.0,442.0,1176.0,1900.0,2392.0,33.3817,84.5848,137.0698,182.1796,0.98,2.31,3.01,2.0,9.0,19.0,-2.0,-2.0,2.0,-0.04,0.32,1.12,0.735,1.385,1.575,1.5,0.0,7.5,-1.5,-1.0,-0.5,-0.03,0.025,0.35,-7.26,-7.2,-8.74,114.0,200.0,280.0,20.0,32.0,54.0,3.0,4.8,7.82,0,0,0,0,0,0,0,0,0,0,0,0,0,0,0,0,0,0,0,0,0,0,0,0,0,0,0,0,0,0,0,0,0,0,0,0,0,0,0,0,0,0,0,0,0,0,0,0,0,0,0,0
RONPIT39,2.0,1.5,203.2882,453.186,697.606,855.4242,760.0,1800.0,2428.0,2406.0,34.0,72.0,112.0,142.0,184.0,456.0,632.0,658.0,13.7138,33.9416,48.9424,53.5498,112.84435,240.924,356.6462,427.7121,550.5,1038.0,1326.0,1203.0,18.5,38.0,57.0,71.0,95.0,232.0,317.0,329.0,7.9548,18.3337,25.2362,26.7749,9.2416,15.504,29.944,37.0576,49.0,84.0,133.0,112.0,2.0,4.0,5.0,4.0,12.0,20.0,16.0,0.5625,1.155,2.01,1.9725,9.2416,11.628,18.8936,22.9368,49.0,63.0,122.5,94.5,1.5,2.5,3.0,2.5,7.0,10.5,13.0,0.5625,0.86625,1.3875,1.425,3.3489,33.3792,46.665,62.8788,676.0,1092.0,1560.0,2184.0,10.0,14.0,96.0,168.0,180.0,1.5625,5.625,9.625,12.1,454.7263,1030.4544,1797.1628,2512.8236,2878.0,6336.0,9894.0,12848.0,75.0,164.0,278.0,400.0,442.0,1176.0,1900.0,2392.0,33.3817,84.5848,137.0698,182.1796,0.98,2.31,3.01,2.0,9.0,19.0,-2.0,-2.0,2.0,-0.04,0.32,1.12,0.735,1.385,1.575,1.5,0.0,7.5,-1.5,-1.0,-0.5,-0.03,0.025,0.35,-7.26,-7.2,-8.74,114.0,200.0,280.0,20.0,32.0,54.0,3.0,4.8,7.82,0,0,0,0,0,0,0,0,0,0,0,0,0,0,0,0,0,0,0,0,0,0,0,0,0,0,0,0,0,0,0,0,0,0,0,0,0,0,0,0,0,0,0,0,0,0,0,0,0,0,0,0
RONPIT41,2.0,1.5,203.2882,453.186,697.606,855.4242,760.0,1800.0,2428.0,2406.0,34.0,72.0,112.0,142.0,184.0,456.0,632.0,658.0,13.7138,33.9416,48.9424,53.5498,112.84435,240.924,356.6462,427.7121,550.5,1038.0,1326.0,1203.0,18.5,38.0,57.0,71.0,95.0,232.0,317.0,329.0,7.9548,18.3337,25.2362,26.7749,9.2416,15.504,29.944,37.0576,49.0,84.0,133.0,112.0,2.0,4.0,5.0,4.0,12.0,20.0,16.0,0.5625,1.155,2.01,1.9725,9.2416,11.628,18.8936,22.9368,49.0,63.0,122.5,94.5,1.5,2.5,3.0,2.5,7.0,10.5,13.0,0.5625,0.86625,1.3875,1.425,3.3489,33.3792,46.665,62.8788,676.0,1092.0,1560.0,2184.0,10.0,14.0,96.0,168.0,180.0,1.5625,5.625,9.625,12.1,454.7263,1030.4544,1797.1628,2512.8236,2878.0,6336.0,9894.0,12848.0,75.0,164.0,278.0,400.0,442.0,1176.0,1900.0,2392.0,33.3817,84.5848,137.0698,182.1796,0.98,2.31,3.01,2.0,9.0,19.0,-2.0,-2.0,2.0,-0.04,0.32,1.12,0.735,1.385,1.575,1.5,0.0,7.5,-1.5,-1.0,-0.5,-0.03,0.025,0.35,-7.26,-7.2,-8.74,114.0,200.0,280.0,20.0,32.0,54.0,3.0,4.8,7.82,0,0,0,0,0,0,0,0,0,0,0,0,0,0,0,0,0,0,0,0,0,0,0,0,0,0,0,0,0,0,0,0,0,0,0,0,0,0,0,0,0,0,0,0,0,0,0,0,0,0,0,0
RUCJEF,3.0,3.0,250.9589,563.652,891.842,1149.532,968.0,2304.0,3272.0,3832.0,41.0,88.0,140.0,184.0,228.0,576.0,836.0,976.0,16.8913,42.0728,62.8652,75.3624,250.9589,563.652,891.842,1149.532,968.0,2304.0,3272.0,3832.0,41.0,88.0,140.0,184.0,228.0,576.0,836.0,976.0,16.8913,42.0728,62.8652,75.3624,9.2416,15.504,29.944,44.384,49.0,84.0,133.0,182.0,2.0,4.0,6.0,4.0,12.0,22.0,28.0,0.5625,1.155,2.01,2.865,9.2416,15.504,29.944,44.384,49.0,84.0,133.0,182.0,2.0,4.0,6.0,4.0,12.0,22.0,28.0,0.5625,1.155,2.01,2.865,3.3489,33.3792,55.998,89.487,676.0,1092.0,1872.0,2340.0,12.0,20.0,108.0,216.0,300.0,1.5625,5.625,11.55,16.25,505.2667,1194.0624,2172.928,3222.23,2612.0,6792.0,11758.0,16376.0,83.0,188.0,334.0,504.0,522.0,1440.0,2506.0,3584.0,35.3451,95.3956,165.7054,238.6648,0.98,2.31,3.64,2.0,9.0,16.0,-2.0,-3.0,-2.0,-0.04,0.32,0.68,0.98,2.31,3.64,2.0,9.0,16.0,-2.0,-3.0,-2.0,-0.04,0.32,0.68,-7.26,-8.64,-12.3,114.0,240.0,430.0,18.0,36.0,70.0,3.0,5.76,12.0,0,0,0,0,0,0,0,0,0,0,0,0,0,0,0,0,0,0,0,0,0,0,0,1,0,0,0,0,0,0,0,1,0,0,0,0,0,0,0,0,0,0,0,0,0,0,0,0,0,0,0,0
SIXJUE,2.0,2.0,118.0264,257.3374,372.022,416.2762,490.0,1108.0,1420.0,1318.0,18.0,38.0,56.0,64.0,94.0,226.0,296.0,274.0,7.8146,18.5894,25.4728,25.2776,118.0264,257.3374,372.022,416.2762,490.0,1108.0,1420.0,1318.0,18.0,38.0,56.0,64.0,94.0,226.0,296.0,274.0,7.8146,18.5894,25.4728,25.2776,9.2416,16.9936,23.256,38.1216,49.0,91.0,126.0,147.0,2.0,3.0,5.0,4.0,10.0,18.0,20.0,0.5625,1.14,1.7325,2.2725,9.2416,16.9936,23.256,38.1216,49.0,91.0,126.0,147.0,2.0,3.0,5.0,4.0,10.0,18.0,20.0,0.5625,1.14,1.7325,2.2725,3.3489,33.3792,61.3782,55.998,676.0,1092.0,2028.0,1872.0,12.0,12.0,108.0,180.0,216.0,1.5625,5.625,11.4,11.55,357.4281,838.7706,1516.0704,2231.967,2146.0,5508.0,9786.0,12360.0,55.0,126.0,222.0,318.0,348.0,954.0,1626.0,2118.0,25.0063,67.0182,116.0934,157.0278,0.49,1.47,2.66,1.0,3.0,14.0,-1.0,-3.0,0.0,-0.02,-0.06,0.72,0.49,1.47,2.66,1.0,3.0,14.0,-1.0,-3.0,0.0,-0.02,-0.06,0.72,-7.26,-11.58,-8.64,114.0,234.0,240.0,18.0,42.0,36.0,3.0,5.88,5.76,0,0,0,0,0,0,0,0,0,0,0,0,0,0,0,0,0,0,0,0,0,0,0,1,0,0,0,0,0,0,0,0,0,0,0,0,0,0,0,0,0,0,0,0,0,0,0,0,0,0,0,0
SOJKUY,3.0,3.0,161.2955,365.3324,557.69,597.7124,650.0,1532.0,2120.0,1796.0,25.0,54.0,84.0,94.0,138.0,342.0,476.0,424.0,10.5665,26.1366,38.2252,36.253,161.2955,365.3324,557.69,597.7124,650.0,1532.0,2120.0,1796.0,25.0,54.0,84.0,94.0,138.0,342.0,476.0,424.0,10.5665,26.1366,38.2252,36.253,9.2416,16.9936,29.944,30.3696,49.0,91.0,133.0,105.0,2.0,4.0,4.0,4.0,12.0,20.0,14.0,0.5625,1.14,2.01,1.695,9.2416,16.000533,30.653333,46.866667,49.0,86.333333,156.333333,193.666667,2.0,4.0,6.0,4.0,12.0,22.666667,24.666667,0.5625,1.15,2.21,2.84,3.3489,33.3792,59.5848,72.102,676.0,1092.0,1976.0,1976.0,12.0,16.0,108.0,216.0,240.0,1.5625,5.625,11.45,13.4,325.9399,797.4232,1511.7976,2131.488,1976.0,5248.0,9662.0,11800.0,51.0,120.0,222.0,316.0,342.0,972.0,1782.0,2316.0,22.6955,63.5232,116.2254,154.266,0.49,2.31,2.17,1.0,9.0,13.0,-2.0,-2.0,1.0,-0.02,0.32,0.74,0.816667,2.076667,2.823333,1.666667,5.666667,14.333333,-2.0,-3.333333,-0.333333,-0.033333,0.053333,0.713333,-7.26,-10.6,-10.12,114.0,236.0,340.0,18.0,36.0,56.0,3.0,5.84,9.28,0,0,0,0,0,0,0,0,0,0,0,0,0,0,0,0,0,0,0,0,0,0,0,0,0,0,0,0,0,1,0,0,0,0,0,1,0,0,0,0,0,0,0,0,0,0,0,0,0,0,0,0
TEKHAU,4.0,2.0,289.6789,642.906,1073.293,1323.5094,976.0,2340.0,3226.0,3282.0,49.0,102.0,174.0,216.0,276.0,684.0,946.0,1072.0,17.9865,45.4146,67.6378,77.3612,111.4933,233.41,368.221933,441.1698,552.666667,964.0,1224.666667,1094.0,18.333333,36.666667,59.333333,72.0,96.0,233.333333,316.666667,357.333333,7.459367,16.9554,23.565933,25.787067,9.2416,15.504,31.008,63.8096,49.0,84.0,168.0,140.0,2.0,4.0,9.0,4.0,12.0,28.0,26.0,0.5625,1.155,2.31,3.0825,9.2416,11.628,20.783467,16.228533,49.0,63.0,124.833333,58.333333,1.5,2.833333,2.166667,2.833333,9.333333,12.333333,11.166667,0.5625,0.86625,1.41125,0.94625,3.3489,33.3792,51.3315,79.6233,676.0,1092.0,1716.0,2418.0,11.0,18.0,102.0,204.0,234.0,1.5625,5.625,10.5875,14.45,337.8288,766.9884,1484.5768,2205.4856,2334.0,5076.0,8576.0,12038.0,56.0,122.0,230.0,346.0,352.0,972.0,1710.0,2392.0,23.9406,62.1162,108.7478,160.6062,0.98,1.96,6.37,2.0,4.0,43.0,-2.0,-6.0,5.0,-0.04,-0.08,2.64,0.735,1.776667,1.248333,1.5,2.0,6.833333,-1.5,1.333333,1.166667,-0.03,0.243333,0.363333,-7.26,-7.92,-10.57,114.0,220.0,375.0,19.0,32.0,69.0,3.0,5.28,10.94,0,0,0,0,0,0,0,0,0,0,0,0,0,0,0,0,0,0,0,0,0,0,0,0,0,0,0,0,0,0,0,0,0,0,0,0,0,0,0,0,0,0,0,0,0,0,0,0,0,0,0,0
TEKHEY,4.0,2.0,279.8514,615.825,1054.002,1256.7736,870.0,2088.0,2844.0,2938.0,48.0,98.0,172.0,206.0,270.0,660.0,908.0,1050.0,16.4816,41.7802,62.17,72.3814,108.217467,224.383,361.7916,418.924533,517.333333,880.0,1097.333333,979.333333,18.0,35.333333,58.666667,68.666667,94.0,225.333333,304.0,350.0,6.957733,15.743933,21.743333,24.127133,9.2416,15.504,31.008,63.8096,49.0,84.0,168.0,140.0,2.0,4.0,9.0,4.0,12.0,28.0,26.0,0.5625,1.155,2.31,3.0825,9.2416,12.92,26.002133,13.203733,49.0,70.0,119.0,51.333333,1.666667,3.666667,1.666667,3.666667,13.333333,14.666667,10.0,0.5625,0.9625,1.5425,0.7525,3.3489,33.3792,55.998,93.8058,676.0,1092.0,1872.0,2132.0,12.0,22.0,108.0,240.0,216.0,1.5625,5.625,11.55,14.8,328.0013,739.9074,1474.6188,2226.1516,2228.0,4824.0,8506.0,11444.0,55.0,118.0,230.0,352.0,348.0,972.0,1774.0,2500.0,22.4357,58.4818,105.205,160.9764,0.98,1.96,6.37,2.0,4.0,43.0,-2.0,-6.0,5.0,-0.04,-0.08,2.64,0.816667,2.593333,0.723333,1.666667,8.666667,4.333333,-1.666667,4.333333,1.666667,-0.033333,0.693333,0.246667,-7.26,-8.64,-11.0,114.0,240.0,490.0,18.0,32.0,96.0,3.0,5.76,15.66,0,0,0,0,0,0,0,0,0,0,0,0,0,0,0,0,0,0,0,0,0,0,0,0,0,0,0,0,0,0,0,0,0,0,0,0,0,0,0,0,0,0,0,0,0,0,0,0,0,0,0,0
TEKHIC,4.0,2.0,247.4864,544.935,920.776,1098.9776,794.0,1896.0,2500.0,2522.0,42.0,86.0,148.0,182.0,234.0,576.0,800.0,906.0,14.7482,37.1294,54.6764,62.5766,97.429133,200.753,317.382933,366.325867,492.0,816.0,982.666667,840.666667,16.0,31.333333,50.666667,60.666667,82.0,197.333333,268.0,302.0,6.379933,14.193667,19.245467,20.858867,9.2416,15.504,29.944,43.7456,49.0,84.0,133.0,119.0,2.0,4.0,6.0,4.0,12.0,22.0,20.0,0.5625,1.155,2.01,2.25,9.2416,12.92,26.002133,13.203733,49.0,70.0,119.0,51.333333,1.666667,3.666667,1.666667,3.666667,13.333333,14.666667,10.0,0.5625,0.9625,1.5425,0.7525,3.3489,33.3792,55.998,92.5248,676.0,1092.0,1872.0,1872.0,12.0,22.0,108.0,240.0,180.0,1.5625,5.625,11.55,13.8,295.6363,669.0174,1341.3928,2065.7936,2152.0,4632.0,8162.0,10508.0,49.0,106.0,206.0,328.0,312.0,888.0,1654.0,2272.0,20.7023,53.831,97.7114,149.1716,0.98,2.31,3.85,2.0,9.0,25.0,-2.0,-3.0,2.0,-0.04,0.32,1.5,0.816667,2.593333,0.723333,1.666667,8.666667,4.333333,-1.666667,4.333333,1.666667,-0.033333,0.693333,0.246667,-7.26,-8.64,-10.3,114.0,240.0,500.0,18.0,32.0,102.0,3.0,5.76,16.46,0,0,0,0,0,0,0,0,0,0,0,0,0,0,0,0,0,0,0,0,0,0,0,0,0,0,0,0,0,0,0,0,0,0,0,0,0,0,0,0,0,0,0,0,0,0,0,0,0,0,0,0
TEKHOI,4.0,2.0,253.9889,555.441,925.843,1102.4786,830.0,1956.0,2584.0,2582.0,43.0,88.0,150.0,180.0,238.0,580.0,780.0,876.0,15.3411,38.346,55.8894,62.534,99.596633,204.255,319.071933,367.492867,504.0,836.0,1010.666667,860.666667,16.333333,32.0,51.333333,60.0,83.333333,198.666667,261.333333,292.0,6.577567,14.5992,19.6498,20.844667,9.2416,15.504,33.288,53.2456,49.0,84.0,136.5,112.0,2.0,4.5,7.5,4.0,13.0,25.0,21.0,0.5625,1.155,2.14875,2.51625,9.2416,11.628,20.783467,16.725067,49.0,63.0,124.833333,60.666667,1.5,2.833333,2.166667,2.833333,9.333333,12.333333,10.333333,0.5625,0.86625,1.41125,0.94125,3.3489,33.3792,51.3315,77.7018,676.0,1092.0,1716.0,2028.0,11.0,18.0,102.0,210.0,192.0,1.5625,5.625,10.5875,12.95,302.1388,679.5234,1337.1268,1962.1286,2188.0,4692.0,7934.0,10460.0,50.0,108.0,206.0,308.0,314.0,870.0,1550.0,2096.0,21.2952,55.0476,96.9994,141.654,0.98,2.73,5.285,2.0,12.0,36.5,-2.5,-3.5,4.5,-0.04,0.51,2.27,0.735,1.776667,1.085,1.5,2.0,6.5,-1.5,1.333333,1.5,-0.03,0.243333,0.37,-7.26,-7.92,-9.52,114.0,220.0,390.0,19.0,31.0,76.0,3.0,5.28,12.14,0,0,0,0,0,0,0,0,0,0,0,0,0,0,0,0,0,0,0,0,0,0,0,0,0,0,0,0,0,0,0,0,0,0,0,0,0,0,0,0,0,0,0,0,0,0,0,0,0,0,0,0
TEKHUO,4.0,2.0,314.5171,689.775,1166.5816,1353.2126,1006.0,2388.0,3178.0,3410.0,53.0,108.0,186.0,220.0,294.0,712.0,966.0,1116.0,18.4733,46.3232,67.7674,78.6388,119.7727,249.033,399.318133,451.070867,562.666667,980.0,1208.666667,1136.666667,19.666667,38.666667,63.333333,73.333333,102.0,242.666667,323.333333,372.0,7.621633,17.258267,23.609133,26.212933,9.2416,15.504,34.7776,48.6856,49.0,84.0,143.5,175.0,2.0,4.5,6.5,4.0,13.0,23.0,31.0,0.5625,1.155,2.13375,2.83875,9.2416,11.628,20.783467,16.725067,49.0,63.0,124.833333,60.666667,1.5,2.833333,2.166667,2.833333,9.333333,12.333333,10.333333,0.5625,0.86625,1.41125,0.94125,3.3489,33.3792,51.3315,79.4952,676.0,1092.0,1716.0,2080.0,11.0,18.0,102.0,210.0,180.0,1.5625,5.625,10.5875,12.9,362.667,813.8574,1577.8654,2216.4494,2364.0,5124.0,8528.0,11392.0,60.0,128.0,242.0,348.0,370.0,1002.0,1732.0,2332.0,24.4274,63.0248,108.8774,157.6588,0.98,2.24,3.745,2.0,11.0,20.5,-2.5,-2.5,-2.5,-0.04,0.53,1.09,0.735,1.776667,1.085,1.5,2.0,6.5,-1.5,1.333333,1.5,-0.03,0.243333,0.37,-7.26,-7.92,-10.5,114.0,220.0,388.0,19.0,31.0,78.0,3.0,5.28,12.18,0,0,0,0,0,0,0,0,0,0,0,0,0,0,0,0,0,0,0,0,0,0,0,0,0,0,0,0,0,0,0,0,0,0,0,0,0,0,0,0,0,0,0,0,0,0,0,0,0,0,0,0
TESLUY,3.0,3.0,213.168,485.9492,792.2214,909.3546,834.0,2018.0,3000.0,3132.0,34.0,74.0,122.0,140.0,196.0,486.0,692.0,752.0,14.0786,35.5286,53.9298,59.578,213.168,485.9492,792.2214,909.3546,834.0,2018.0,3000.0,3132.0,34.0,74.0,122.0,140.0,196.0,486.0,692.0,752.0,14.0786,35.5286,53.9298,59.578,9.2416,15.504,31.9656,41.9976,49.0,84.0,157.5,168.0,2.0,4.0,5.5,4.0,12.0,22.0,24.0,0.5625,1.155,2.145,2.56125,9.2416,15.504,31.3272,52.445067,49.0,84.0,164.5,242.666667,2.0,4.0,6.5,4.0,12.0,23.333333,29.333333,0.5625,1.155,2.255,3.31875,3.3489,33.3792,55.998,76.9698,676.0,1092.0,1872.0,2340.0,12.0,16.0,108.0,216.0,264.0,1.5625,5.625,11.55,14.3,429.6849,1038.6568,1973.6868,2704.924,2344.0,6220.0,11214.0,14920.0,69.0,160.0,298.0,408.0,458.0,1260.0,2222.0,3064.0,29.7197,82.3072,147.8346,203.316,0.98,1.645,2.905,2.0,5.5,14.5,-2.0,-3.0,-1.0,-0.04,0.14,0.71,0.98,1.855,2.508333,2.0,4.5,10.833333,-2.0,-3.666667,-1.666667,-0.04,-0.006667,0.45,-7.26,-8.64,-12.78,114.0,240.0,326.0,18.0,36.0,52.0,3.0,5.76,8.56,0,0,0,0,0,0,0,0,0,0,0,0,0,0,0,0,0,0,0,0,0,0,0,1,0,0,0,0,0,0,0,0,0,0,0,0,0,0,0,0,0,0,0,0,0,0,0,0,0,1,0,0
TESMAF,3.0,3.0,213.168,485.9492,792.2214,909.3546,834.0,2018.0,3000.0,3132.0,34.0,74.0,122.0,140.0,196.0,486.0,692.0,752.0,14.0786,35.5286,53.9298,59.578,213.168,485.9492,792.2214,909.3546,834.0,2018.0,3000.0,3132.0,34.0,74.0,122.0,140.0,196.0,486.0,692.0,752.0,14.0786,35.5286,53.9298,59.578,9.2416,15.504,31.9656,41.9976,49.0,84.0,157.5,168.0,2.0,4.0,5.5,4.0,12.0,22.0,24.0,0.5625,1.155,2.145,2.56125,9.2416,15.504,31.3272,52.445067,49.0,84.0,164.5,242.666667,2.0,4.0,6.5,4.0,12.0,23.333333,29.333333,0.5625,1.155,2.255,3.31875,3.3489,33.3792,55.998,76.9698,676.0,1092.0,1872.0,2340.0,12.0,16.0,108.0,216.0,264.0,1.5625,5.625,11.55,14.3,429.6849,1038.6568,1973.6868,2704.924,2344.0,6220.0,11214.0,14920.0,69.0,160.0,298.0,408.0,458.0,1260.0,2222.0,3064.0,29.7197,82.3072,147.8346,203.316,0.98,1.645,2.905,2.0,5.5,14.5,-2.0,-3.0,-1.0,-0.04,0.14,0.71,0.98,1.855,2.508333,2.0,4.5,10.833333,-2.0,-3.666667,-1.666667,-0.04,-0.006667,0.45,-7.26,-8.64,-12.78,114.0,240.0,326.0,18.0,36.0,52.0,3.0,5.76,8.56,0,0,0,0,0,0,0,0,0,0,0,0,0,0,0,0,0,0,0,0,0,0,0,1,0,0,0,0,0,0,0,0,0,0,0,0,0,0,0,0,0,0,0,0,0,0,0,0,0,1,0,0
TETXAR,3.0,3.0,196.9855,450.1612,719.1404,829.8686,796.0,1912.0,2822.0,2864.0,31.0,68.0,110.0,128.0,178.0,444.0,638.0,668.0,13.2119,33.2192,50.2274,54.3716,196.9855,450.1612,719.1404,829.8686,796.0,1912.0,2822.0,2864.0,31.0,68.0,110.0,128.0,178.0,444.0,638.0,668.0,13.2119,33.2192,50.2274,54.3716,9.2416,15.504,31.9656,41.4656,49.0,84.0,157.5,150.5,2.0,4.0,5.5,4.0,12.0,22.0,21.0,0.5625,1.155,2.145,2.41125,9.2416,15.504,31.3272,52.267733,49.0,84.0,164.5,236.833333,2.0,4.0,6.5,4.0,12.0,23.333333,28.333333,0.5625,1.155,2.255,3.26875,3.3489,33.3792,55.998,76.9698,676.0,1092.0,1872.0,2340.0,12.0,16.0,108.0,216.0,264.0,1.5625,5.625,11.55,14.3,397.3199,967.0808,1827.5248,2545.952,2268.0,6008.0,10858.0,14384.0,63.0,148.0,274.0,384.0,422.0,1176.0,2114.0,2884.0,27.9863,77.6884,140.4298,192.9032,0.98,1.645,3.08,2.0,5.5,17.0,-2.0,-3.0,0.5,-0.04,0.14,0.91,0.98,1.855,2.566667,2.0,4.5,11.666667,-2.0,-3.666667,-1.166667,-0.04,-0.006667,0.516667,-7.26,-8.64,-12.78,114.0,240.0,326.0,18.0,36.0,52.0,3.0,5.76,8.56,0,0,0,0,0,0,0,0,0,0,0,0,0,0,0,0,0,0,0,0,0,0,0,1,0,0,0,0,0,0,0,0,0,0,0,0,0,0,0,0,0,0,0,0,0,0,0,0,0,1,0,0
TIHTAF,4.0,3.0,215.1214,473.359,775.545,954.6076,718.0,1684.0,2214.0,2218.0,36.0,74.0,124.0,158.0,198.0,492.0,674.0,738.0,13.0148,32.5106,47.5596,53.323,160.0714,354.019,565.9137,644.6482,568.0,1324.0,1761.0,1543.0,26.0,54.0,88.0,105.0,142.0,351.0,479.0,472.0,9.8218,24.3486,35.2856,35.7749,9.2416,15.504,29.944,43.7456,49.0,84.0,133.0,119.0,2.0,4.0,6.0,4.0,12.0,22.0,20.0,0.5625,1.155,2.01,2.25,9.2416,18.848,36.8448,35.7352,49.0,87.5,126.0,133.0,2.5,5.0,4.5,6.5,19.5,26.5,22.0,0.5625,1.29375,2.13,1.96875,3.3489,33.3792,64.05,87.4374,676.0,1092.0,1924.0,1612.0,14.0,20.0,120.0,252.0,216.0,1.5625,5.625,12.475,13.2,323.4917,774.7964,1537.1754,2330.2064,1812.0,4832.0,8840.0,10426.0,53.0,120.0,234.0,366.0,354.0,1026.0,1922.0,2590.0,21.2061,59.9472,112.3962,159.0598,0.98,2.31,3.85,2.0,9.0,25.0,-2.0,-3.0,2.0,-0.04,0.32,1.5,1.4,3.08,1.925,5.0,17.0,12.5,-1.0,2.5,3.0,0.15,0.91,0.75,-7.26,-9.38,-11.18,114.0,290.0,458.0,16.0,42.0,84.0,3.0,7.52,14.44,0,0,0,0,0,0,0,0,0,0,0,0,0,0,0,0,0,0,0,0,0,0,0,1,0,0,0,0,0,0,0,0,0,0,0,0,0,0,0,0,0,0,0,0,0,0,0,0,0,1,0,0
TIHTAF01,4.0,3.0,215.1214,473.359,775.545,954.6076,718.0,1684.0,2214.0,2218.0,36.0,74.0,124.0,158.0,198.0,492.0,674.0,738.0,13.0148,32.5106,47.5596,53.323,160.0714,354.019,565.9137,644.6482,568.0,1324.0,1761.0,1543.0,26.0,54.0,88.0,105.0,142.0,351.0,479.0,472.0,9.8218,24.3486,35.2856,35.7749,9.2416,15.504,29.944,43.7456,49.0,84.0,133.0,119.0,2.0,4.0,6.0,4.0,12.0,22.0,20.0,0.5625,1.155,2.01,2.25,9.2416,18.848,36.8448,35.7352,49.0,87.5,126.0,133.0,2.5,5.0,4.5,6.5,19.5,26.5,22.0,0.5625,1.29375,2.13,1.96875,3.3489,33.3792,64.05,87.4374,676.0,1092.0,1924.0,1612.0,14.0,20.0,120.0,252.0,216.0,1.5625,5.625,12.475,13.2,323.4917,774.7964,1537.1754,2330.2064,1812.0,4832.0,8840.0,10426.0,53.0,120.0,234.0,366.0,354.0,1026.0,1922.0,2590.0,21.2061,59.9472,112.3962,159.0598,0.98,2.31,3.85,2.0,9.0,25.0,-2.0,-3.0,2.0,-0.04,0.32,1.5,1.4,3.08,1.925,5.0,17.0,12.5,-1.0,2.5,3.0,0.15,0.91,0.75,-7.26,-9.38,-11.18,114.0,290.0,458.0,16.0,42.0,84.0,3.0,7.52,14.44,0,0,0,0,0,0,0,0,0,0,0,0,0,0,0,0,0,0,0,0,0,0,0,1,0,0,0,0,0,0,0,0,0,0,0,0,0,0,0,0,0,0,0,0,0,0,0,0,0,1,0,0
TISWIC,1.0,1.333333,65.9541,139.128,199.54,196.746,234.0,516.0,580.0,360.0,11.0,22.0,32.0,34.0,54.0,126.0,152.0,112.0,4.2115,9.9022,12.7216,10.2902,75.901633,158.542,235.4226,269.4448,476.0,784.0,1041.333333,1008.0,11.666667,24.0,36.0,41.333333,60.0,145.333333,204.666667,226.0,5.6347,12.330267,17.022933,18.364267,9.2416,15.504,28.88,21.128,49.0,84.0,98.0,56.0,2.0,4.0,3.0,4.0,12.0,16.0,10.0,0.5625,1.155,1.71,1.1325,9.2416,10.336,15.210133,13.061867,49.0,56.0,119.0,60.666667,1.333333,2.0,1.666667,2.0,5.333333,7.333333,8.0,0.5625,0.77,1.18,0.8575,3.3489,33.3792,46.665,70.9308,676.0,1092.0,1560.0,2236.0,10.0,16.0,96.0,168.0,192.0,1.5625,5.625,9.625,13.025,362.962,820.6404,1475.9258,2069.3968,2572.0,5568.0,8874.0,12150.0,58.0,128.0,222.0,318.0,350.0,936.0,1542.0,2038.0,26.8896,68.0452,112.637,156.0382,0.98,2.66,2.17,2.0,14.0,13.0,-2.0,0.0,1.0,-0.04,0.72,0.74,0.653333,1.076667,0.77,1.333333,-3.0,3.0,-1.333333,-0.666667,-0.666667,-0.026667,-0.073333,0.106667,-7.26,-7.2,-9.48,114.0,200.0,330.0,20.0,32.0,64.0,3.0,4.8,9.58,0,0,0,0,0,0,0,0,0,0,0,0,0,0,0,0,0,0,0,0,0,0,0,0,0,0,0,0,0,0,0,0,0,0,0,0,0,0,0,0,0,0,0,0,0,0,0,0,0,1,0,1
TISWIC01,1.0,1.333333,65.9541,139.128,199.54,196.746,234.0,516.0,580.0,360.0,11.0,22.0,32.0,34.0,54.0,126.0,152.0,112.0,4.2115,9.9022,12.7216,10.2902,75.901633,158.542,235.4226,269.4448,476.0,784.0,1041.333333,1008.0,11.666667,24.0,36.0,41.333333,60.0,145.333333,204.666667,226.0,5.6347,12.330267,17.022933,18.364267,9.2416,15.504,28.88,21.128,49.0,84.0,98.0,56.0,2.0,4.0,3.0,4.0,12.0,16.0,10.0,0.5625,1.155,1.71,1.1325,9.2416,10.336,15.210133,13.061867,49.0,56.0,119.0,60.666667,1.333333,2.0,1.666667,2.0,5.333333,7.333333,8.0,0.5625,0.77,1.18,0.8575,3.3489,33.3792,46.665,70.9308,676.0,1092.0,1560.0,2236.0,10.0,16.0,96.0,168.0,192.0,1.5625,5.625,9.625,13.025,362.962,820.6404,1475.9258,2069.3968,2572.0,5568.0,8874.0,12150.0,58.0,128.0,222.0,318.0,350.0,936.0,1542.0,2038.0,26.8896,68.0452,112.637,156.0382,0.98,2.66,2.17,2.0,14.0,13.0,-2.0,0.0,1.0,-0.04,0.72,0.74,0.653333,1.076667,0.77,1.333333,-3.0,3.0,-1.333333,-0.666667,-0.666667,-0.026667,-0.073333,0.106667,-7.26,-7.2,-9.48,114.0,200.0,330.0,20.0,32.0,64.0,3.0,4.8,9.58,0,0,0,0,0,0,0,0,0,0,0,0,0,0,0,0,0,0,0,0,0,0,0,0,0,0,0,0,0,0,0,0,0,0,0,0,0,0,0,0,0,0,0,0,0,0,0,0,0,1,0,1
TULHEQ,3.0,3.0,431.1727,964.3284,1593.4984,1997.3088,1522.0,3624.0,5344.0,6132.0,71.0,150.0,256.0,322.0,406.0,1022.0,1440.0,1648.0,26.7759,68.0566,104.2376,122.8174,431.1727,964.3284,1593.4984,1997.3088,1522.0,3624.0,5344.0,6132.0,71.0,150.0,256.0,322.0,406.0,1022.0,1440.0,1648.0,26.7759,68.0566,104.2376,122.8174,9.2416,16.9936,31.008,49.6432,49.0,91.0,168.0,238.0,2.0,4.0,6.0,4.0,12.0,24.0,28.0,0.5625,1.14,2.31,3.12,9.2416,16.000533,31.008,53.2912,49.0,86.333333,168.0,238.0,2.0,4.0,6.666667,4.0,12.0,24.0,29.333333,0.5625,1.15,2.31,3.315,3.3489,33.3792,59.5848,74.664,676.0,1092.0,1976.0,2496.0,12.0,16.0,108.0,216.0,288.0,1.5625,5.625,11.45,15.4,865.6943,1995.4152,3583.4144,4935.8048,3720.0,9432.0,16110.0,21512.0,143.0,312.0,566.0,772.0,878.0,2332.0,3726.0,4916.0,55.1143,147.3632,248.2502,331.3948,0.49,1.96,1.91,1.0,4.0,8.0,-2.0,-4.0,-2.0,-0.02,-0.08,0.34,0.816667,1.96,2.736667,1.666667,4.0,12.666667,-2.0,-4.0,-1.333333,-0.033333,-0.08,0.58,-7.26,-10.6,-11.52,114.0,236.0,320.0,18.0,36.0,48.0,3.0,5.84,7.68,0,0,0,0,0,0,0,0,0,0,0,0,0,0,0,0,0,0,0,0,0,0,0,1,0,0,0,0,0,0,0,0,0,1,0,0,0,0,0,0,0,0,0,0,0,0,0,0,0,0,0,0
TULHIU,3.0,3.0,345.7143,717.0804,1130.7824,1465.0784,1538.0,3240.0,4976.0,5652.0,47.0,102.0,160.0,202.0,262.0,662.0,960.0,1000.0,21.3111,51.5478,78.42,89.5286,345.7143,717.0804,1130.7824,1465.0784,1538.0,3240.0,4976.0,5652.0,47.0,102.0,160.0,202.0,262.0,662.0,960.0,1000.0,21.3111,51.5478,78.42,89.5286,9.2416,16.9936,31.008,49.6432,49.0,91.0,168.0,238.0,2.0,4.0,6.0,4.0,12.0,24.0,28.0,0.5625,1.14,2.31,3.12,9.2416,16.000533,31.008,53.2912,49.0,86.333333,168.0,238.0,2.0,4.0,6.666667,4.0,12.0,24.0,29.333333,0.5625,1.15,2.31,3.315,3.3489,33.3792,59.5848,74.664,676.0,1092.0,1976.0,2496.0,12.0,16.0,108.0,216.0,288.0,1.5625,5.625,11.45,15.4,694.7775,1500.9192,2657.9824,3871.344,3752.0,8664.0,15374.0,20552.0,95.0,216.0,374.0,532.0,590.0,1612.0,2766.0,3620.0,44.1847,114.3456,196.615,264.8172,0.49,1.96,1.91,1.0,4.0,8.0,-2.0,-4.0,-2.0,-0.02,-0.08,0.34,0.816667,1.96,2.736667,1.666667,4.0,12.666667,-2.0,-4.0,-1.333333,-0.033333,-0.08,0.58,-7.26,-10.6,-11.52,114.0,236.0,320.0,18.0,36.0,48.0,3.0,5.84,7.68,0,0,0,0,0,0,0,0,0,0,0,0,0,0,0,0,0,0,0,0,0,0,0,1,0,0,0,0,0,0,0,0,0,1,0,0,0,0,0,0,0,0,0,0,0,0,0,0,0,1,0,0
TUNBIN,1.0,1.0,85.5139,182.2866,278.7946,244.889,310.0,690.0,826.0,470.0,13.0,26.0,42.0,40.0,68.0,160.0,190.0,138.0,4.8501,11.4446,15.345,11.888,85.5139,182.2866,278.7946,244.889,310.0,690.0,826.0,470.0,13.0,26.0,42.0,40.0,68.0,160.0,190.0,138.0,4.8501,11.4446,15.345,11.888,9.2416,16.9936,25.1712,7.752,49.0,91.0,105.0,42.0,2.0,3.0,1.0,4.0,10.0,12.0,8.0,0.5625,1.14,1.4025,0.5775,9.2416,16.9936,25.1712,7.752,49.0,91.0,105.0,42.0,2.0,3.0,1.0,4.0,10.0,12.0,8.0,0.5625,1.14,1.4025,0.5775,3.3489,33.3792,61.3782,90.9144,676.0,1092.0,2028.0,2340.0,12.0,18.0,108.0,180.0,216.0,1.5625,5.625,11.4,14.025,516.4323,1160.478,2072.772,2670.7788,2536.0,6324.0,10482.0,12960.0,79.0,168.0,306.0,396.0,474.0,1236.0,1842.0,2208.0,30.6631,79.9176,131.745,167.778,0.49,0.84,0.49,1.0,6.0,1.0,-1.0,0.0,-2.0,-0.02,0.38,-0.02,0.49,0.84,0.49,1.0,6.0,1.0,-1.0,0.0,-2.0,-0.02,0.38,-0.02,-7.26,-11.58,-16.74,114.0,234.0,378.0,18.0,42.0,72.0,3.0,5.88,11.28,0,0,0,0,0,0,0,0,0,0,0,0,0,0,0,1,0,0,0,0,0,0,0,0,0,0,0,0,0,0,0,0,0,0,0,0,0,0,0,0,0,0,0,0,0,0,0,0,0,0,0,0
UCIGUJ,3.0,3.0,202.2808,435.489,643.9618,761.07,1341.0,2472.0,3476.0,4128.0,31.0,66.0,98.0,118.0,164.0,402.0,562.0,584.0,15.4749,35.497,50.139,56.0984,202.2808,435.489,643.9618,761.07,1341.0,2472.0,3476.0,4128.0,31.0,66.0,98.0,118.0,164.0,402.0,562.0,584.0,15.4749,35.497,50.139,56.0984,9.2416,15.504,29.944,38.1216,49.0,84.0,133.0,147.0,2.0,4.0,5.0,4.0,12.0,20.0,20.0,0.5625,1.155,2.01,2.2725,9.2416,15.504,30.653333,45.822933,49.0,84.0,156.333333,319.666667,2.0,4.0,5.666667,4.0,12.0,22.666667,25.333333,0.5625,1.155,2.21,3.2975,3.3489,33.3792,55.998,72.102,676.0,1092.0,1872.0,1976.0,12.0,16.0,108.0,216.0,240.0,1.5625,5.625,11.55,13.4,407.9105,937.7364,1677.1676,2398.6192,3358.0,7128.0,12166.0,16184.0,63.0,144.0,250.0,364.0,394.0,1092.0,1954.0,2656.0,32.5123,82.244,140.253,194.5568,0.98,2.31,2.66,2.0,9.0,14.0,-2.0,-2.0,0.0,-0.04,0.32,0.72,0.98,2.076667,2.153333,2.0,5.666667,-6.0,-2.0,-3.333333,-1.333333,-0.04,0.053333,-0.146667,-7.26,-8.64,-10.12,114.0,240.0,340.0,18.0,36.0,56.0,3.0,5.76,9.28,0,0,0,0,0,0,0,0,0,0,0,0,0,0,0,0,0,0,0,0,0,0,0,0,0,0,0,0,0,0,0,0,0,0,0,0,0,0,0,0,0,0,0,0,0,0,0,0,0,0,0,0
UFIPIJ,2.0,1.5,201.1873,446.964,685.162,828.4194,772.0,1812.0,2452.0,2484.0,33.0,70.0,108.0,134.0,178.0,438.0,596.0,606.0,13.5465,33.3102,47.6796,51.3918,111.7939,237.813,350.4242,414.2097,556.5,1044.0,1338.0,1242.0,18.0,37.0,55.0,67.0,92.0,223.0,299.0,303.0,7.87115,18.018,24.6048,25.6959,9.2416,15.504,29.944,38.1216,49.0,84.0,133.0,147.0,2.0,4.0,5.0,4.0,12.0,20.0,20.0,0.5625,1.155,2.01,2.2725,9.2416,11.628,19.4256,31.4336,49.0,63.0,140.0,140.0,1.5,2.5,4.0,2.5,7.0,12.5,18.0,0.5625,0.86625,1.5375,1.995,3.3489,33.3792,46.665,64.1598,676.0,1092.0,1560.0,2444.0,10.0,14.0,96.0,168.0,204.0,1.5625,5.625,9.625,13.1,450.5245,1018.0104,1772.2748,2461.376,2902.0,6360.0,9942.0,13524.0,73.0,160.0,270.0,384.0,430.0,1140.0,1836.0,2364.0,33.0471,83.322,134.5442,179.8636,0.98,2.31,2.66,2.0,9.0,14.0,-2.0,-2.0,0.0,-0.04,0.32,0.72,0.735,1.21,1.82,1.5,-2.5,8.0,-1.5,-2.0,-1.0,-0.03,-0.175,0.34,-7.26,-7.2,-9.44,114.0,200.0,270.0,20.0,32.0,50.0,3.0,4.8,7.02,0,0,0,0,0,0,0,0,0,0,0,0,0,0,0,0,0,0,0,0,0,0,0,0,0,0,0,0,0,0,0,0,0,0,0,0,0,0,0,0,0,0,0,0,0,0,0,0,0,0,0,0
UFIPIJ01,2.0,1.5,201.1873,446.964,685.162,828.4194,772.0,1812.0,2452.0,2484.0,33.0,70.0,108.0,134.0,178.0,438.0,596.0,606.0,13.5465,33.3102,47.6796,51.3918,111.7939,237.813,350.4242,414.2097,556.5,1044.0,1338.0,1242.0,18.0,37.0,55.0,67.0,92.0,223.0,299.0,303.0,7.87115,18.018,24.6048,25.6959,9.2416,15.504,29.944,38.1216,49.0,84.0,133.0,147.0,2.0,4.0,5.0,4.0,12.0,20.0,20.0,0.5625,1.155,2.01,2.2725,9.2416,11.628,19.4256,31.4336,49.0,63.0,140.0,140.0,1.5,2.5,4.0,2.5,7.0,12.5,18.0,0.5625,0.86625,1.5375,1.995,3.3489,33.3792,46.665,64.1598,676.0,1092.0,1560.0,2444.0,10.0,14.0,96.0,168.0,204.0,1.5625,5.625,9.625,13.1,450.5245,1018.0104,1772.2748,2461.376,2902.0,6360.0,9942.0,13524.0,73.0,160.0,270.0,384.0,430.0,1140.0,1836.0,2364.0,33.0471,83.322,134.5442,179.8636,0.98,2.31,2.66,2.0,9.0,14.0,-2.0,-2.0,0.0,-0.04,0.32,0.72,0.735,1.21,1.82,1.5,-2.5,8.0,-1.5,-2.0,-1.0,-0.03,-0.175,0.34,-7.26,-7.2,-9.44,114.0,200.0,270.0,20.0,32.0,50.0,3.0,4.8,7.02,0,0,0,0,0,0,0,0,0,0,0,0,0,0,0,0,0,0,0,0,0,0,0,0,0,0,0,0,0,0,0,0,0,0,0,0,0,0,0,0,0,0,0,0,0,0,0,0,0,0,0,0
UJEDOC,3.0,3.0,161.2955,365.3324,557.69,597.7124,650.0,1532.0,2120.0,1796.0,25.0,54.0,84.0,94.0,138.0,342.0,476.0,424.0,10.5665,26.1366,38.2252,36.253,161.2955,365.3324,557.69,597.7124,650.0,1532.0,2120.0,1796.0,25.0,54.0,84.0,94.0,138.0,342.0,476.0,424.0,10.5665,26.1366,38.2252,36.253,9.2416,16.9936,29.944,30.3696,49.0,91.0,133.0,105.0,2.0,4.0,4.0,4.0,12.0,20.0,14.0,0.5625,1.14,2.01,1.695,9.2416,16.000533,30.653333,46.866667,49.0,86.333333,156.333333,193.666667,2.0,4.0,6.0,4.0,12.0,22.666667,24.666667,0.5625,1.15,2.21,2.84,3.3489,33.3792,59.5848,72.102,676.0,1092.0,1976.0,1976.0,12.0,16.0,108.0,216.0,240.0,1.5625,5.625,11.45,13.4,325.9399,797.4232,1511.7976,2131.488,1976.0,5248.0,9662.0,11800.0,51.0,120.0,222.0,316.0,342.0,972.0,1782.0,2316.0,22.6955,63.5232,116.2254,154.266,0.49,2.31,2.17,1.0,9.0,13.0,-2.0,-2.0,1.0,-0.02,0.32,0.74,0.816667,2.076667,2.823333,1.666667,5.666667,14.333333,-2.0,-3.333333,-0.333333,-0.033333,0.053333,0.713333,-7.26,-10.6,-10.12,114.0,236.0,340.0,18.0,36.0,56.0,3.0,5.84,9.28,0,0,0,0,0,0,0,0,0,0,0,0,0,0,0,0,0,0,0,0,0,0,1,0,0,0,0,0,0,0,0,0,0,0,0,0,0,0,0,0,0,0,0,0,0,0,0,0,0,0,0,0
UJEDOC01,3.0,3.0,161.2955,365.3324,557.69,597.7124,650.0,1532.0,2120.0,1796.0,25.0,54.0,84.0,94.0,138.0,342.0,476.0,424.0,10.5665,26.1366,38.2252,36.253,161.2955,365.3324,557.69,597.7124,650.0,1532.0,2120.0,1796.0,25.0,54.0,84.0,94.0,138.0,342.0,476.0,424.0,10.5665,26.1366,38.2252,36.253,9.2416,16.9936,29.944,30.3696,49.0,91.0,133.0,105.0,2.0,4.0,4.0,4.0,12.0,20.0,14.0,0.5625,1.14,2.01,1.695,9.2416,16.000533,30.653333,46.866667,49.0,86.333333,156.333333,193.666667,2.0,4.0,6.0,4.0,12.0,22.666667,24.666667,0.5625,1.15,2.21,2.84,3.3489,33.3792,59.5848,72.102,676.0,1092.0,1976.0,1976.0,12.0,16.0,108.0,216.0,240.0,1.5625,5.625,11.45,13.4,325.9399,797.4232,1511.7976,2131.488,1976.0,5248.0,9662.0,11800.0,51.0,120.0,222.0,316.0,342.0,972.0,1782.0,2316.0,22.6955,63.5232,116.2254,154.266,0.49,2.31,2.17,1.0,9.0,13.0,-2.0,-2.0,1.0,-0.02,0.32,0.74,0.816667,2.076667,2.823333,1.666667,5.666667,14.333333,-2.0,-3.333333,-0.333333,-0.033333,0.053333,0.713333,-7.26,-10.6,-10.12,114.0,236.0,340.0,18.0,36.0,56.0,3.0,5.84,9.28,0,0,0,0,0,0,0,0,0,0,0,0,0,0,0,0,0,0,0,0,0,0,1,0,0,0,0,0,0,0,0,0,0,0,0,0,0,0,0,0,0,0,0,0,0,0,0,0,0,0,0,0
ULAHIY,1.0,1.0,57.3507,122.057,173.8852,125.268,210.0,458.0,514.0,108.0,9.0,18.0,26.0,22.0,44.0,102.0,122.0,50.0,3.4513,8.0702,10.3058,5.3354,57.3507,122.057,173.8852,125.268,210.0,458.0,514.0,108.0,9.0,18.0,26.0,22.0,44.0,102.0,122.0,50.0,3.4513,8.0702,10.3058,5.3354,9.2416,15.504,30.3696,13.376,49.0,84.0,105.0,14.0,2.0,4.0,2.0,4.0,12.0,16.0,4.0,0.5625,1.155,1.695,0.555,9.2416,15.504,30.3696,13.376,49.0,84.0,105.0,14.0,2.0,4.0,2.0,4.0,12.0,16.0,4.0,0.5625,1.155,1.695,0.555,3.3489,33.3792,55.998,109.6902,676.0,1092.0,1872.0,2340.0,12.0,24.0,108.0,216.0,288.0,1.5625,5.625,11.55,16.95,347.4531,799.1004,1432.5552,1901.2284,1936.0,4932.0,8298.0,10368.0,55.0,120.0,210.0,300.0,330.0,900.0,1530.0,1980.0,22.2703,59.6712,101.8098,135.2124,0.98,2.17,1.68,2.0,13.0,12.0,-2.0,0.0,2.0,-0.04,0.74,0.76,0.98,2.17,1.68,2.0,13.0,12.0,-2.0,0.0,2.0,-0.04,0.74,0.76,-7.26,-8.64,-16.02,114.0,240.0,534.0,18.0,36.0,96.0,3.0,5.76,16.44,0,0,0,0,0,0,0,0,0,0,0,0,0,0,1,0,0,0,0,0,0,0,0,0,0,0,0,0,0,0,0,0,0,0,0,0,0,0,0,0,0,0,0,0,0,0,0,0,0,0,0,0
ULODIJ,6.0,6.0,374.1685,824.712,1378.8486,1547.8122,1276.0,2994.0,4068.0,3612.0,61.0,126.0,216.0,246.0,342.0,834.0,1110.0,1152.0,22.1829,55.5342,81.7824,84.8466,374.1685,824.712,1378.8486,1547.8122,1276.0,2994.0,4068.0,3612.0,61.0,126.0,216.0,246.0,342.0,834.0,1110.0,1152.0,22.1829,55.5342,81.7824,84.8466,9.2416,15.504,34.0328,44.4904,49.0,84.0,140.0,122.5,2.0,4.5,6.0,4.0,13.0,23.0,18.0,0.5625,1.155,2.14125,2.2425,9.2416,15.504,34.0328,44.4904,49.0,84.0,140.0,122.5,2.0,4.5,6.0,4.0,13.0,23.0,18.0,0.5625,1.155,2.14125,2.2425,3.3489,33.3792,55.998,94.9221,676.0,1092.0,1872.0,2184.0,12.0,21.0,108.0,234.0,306.0,1.5625,5.625,11.55,15.6375,377.5174,891.4704,1768.0926,2519.4228,1952.0,5178.0,9282.0,12222.0,62.0,138.0,270.0,390.0,408.0,1128.0,1986.0,2886.0,23.7454,66.7842,121.7574,175.1166,0.98,2.485,3.605,2.0,11.5,24.5,-2.5,-2.5,3.0,-0.04,0.52,1.51,0.98,2.485,3.605,2.0,11.5,24.5,-2.5,-2.5,3.0,-0.04,0.52,1.51,-7.26,-8.64,-13.44,114.0,240.0,462.0,18.0,33.0,75.0,3.0,5.76,13.74,0,0,0,0,0,0,0,1,0,0,0,0,0,0,0,0,0,0,1,0,0,0,0,0,0,0,0,0,0,0,0,0,0,0,0,0,0,0,0,0,0,0,0,0,0,0,0,0,0,0,0,0
ULODIJ01,6.0,6.0,374.1685,824.712,1378.8486,1547.8122,1276.0,2994.0,4068.0,3612.0,61.0,126.0,216.0,246.0,342.0,834.0,1110.0,1152.0,22.1829,55.5342,81.7824,84.8466,374.1685,824.712,1378.8486,1547.8122,1276.0,2994.0,4068.0,3612.0,61.0,126.0,216.0,246.0,342.0,834.0,1110.0,1152.0,22.1829,55.5342,81.7824,84.8466,9.2416,15.504,34.0328,44.4904,49.0,84.0,140.0,122.5,2.0,4.5,6.0,4.0,13.0,23.0,18.0,0.5625,1.155,2.14125,2.2425,9.2416,15.504,34.0328,44.4904,49.0,84.0,140.0,122.5,2.0,4.5,6.0,4.0,13.0,23.0,18.0,0.5625,1.155,2.14125,2.2425,3.3489,33.3792,55.998,94.9221,676.0,1092.0,1872.0,2184.0,12.0,21.0,108.0,234.0,306.0,1.5625,5.625,11.55,15.6375,377.5174,891.4704,1768.0926,2519.4228,1952.0,5178.0,9282.0,12222.0,62.0,138.0,270.0,390.0,408.0,1128.0,1986.0,2886.0,23.7454,66.7842,121.7574,175.1166,0.98,2.485,3.605,2.0,11.5,24.5,-2.5,-2.5,3.0,-0.04,0.52,1.51,0.98,2.485,3.605,2.0,11.5,24.5,-2.5,-2.5,3.0,-0.04,0.52,1.51,-7.26,-8.64,-13.44,114.0,240.0,462.0,18.0,33.0,75.0,3.0,5.76,13.74,0,0,0,0,0,0,0,1,0,0,0,0,0,0,0,0,0,0,1,0,0,0,0,0,0,0,0,0,0,0,0,0,0,0,0,0,0,0,0,0,0,0,0,0,0,0,0,0,0,0,0,0
ULODUV,6.0,6.0,374.1685,824.712,1378.8486,1547.8122,1276.0,2994.0,4068.0,3612.0,61.0,126.0,216.0,246.0,342.0,834.0,1110.0,1152.0,22.1829,55.5342,81.7824,84.8466,374.1685,824.712,1378.8486,1547.8122,1276.0,2994.0,4068.0,3612.0,61.0,126.0,216.0,246.0,342.0,834.0,1110.0,1152.0,22.1829,55.5342,81.7824,84.8466,9.2416,15.504,34.0328,44.4904,49.0,84.0,140.0,122.5,2.0,4.5,6.0,4.0,13.0,23.0,18.0,0.5625,1.155,2.14125,2.2425,9.2416,15.504,34.0328,44.4904,49.0,84.0,140.0,122.5,2.0,4.5,6.0,4.0,13.0,23.0,18.0,0.5625,1.155,2.14125,2.2425,3.3489,33.3792,55.998,94.9221,676.0,1092.0,1872.0,2184.0,12.0,21.0,108.0,234.0,306.0,1.5625,5.625,11.55,15.6375,377.5174,891.4704,1768.0926,2519.4228,1952.0,5178.0,9282.0,12222.0,62.0,138.0,270.0,390.0,408.0,1128.0,1986.0,2886.0,23.7454,66.7842,121.7574,175.1166,0.98,2.485,3.605,2.0,11.5,24.5,-2.5,-2.5,3.0,-0.04,0.52,1.51,0.98,2.485,3.605,2.0,11.5,24.5,-2.5,-2.5,3.0,-0.04,0.52,1.51,-7.26,-8.64,-13.44,114.0,240.0,462.0,18.0,33.0,75.0,3.0,5.76,13.74,0,0,0,0,0,0,0,0,0,0,1,0,0,0,0,0,0,0,1,0,0,0,0,0,0,0,0,0,0,0,0,0,0,0,0,0,0,0,0,0,0,0,0,0,0,0,1,0,0,0,0,0
ULOFAD,6.0,6.0,374.1685,824.712,1378.8486,1547.8122,1276.0,2994.0,4068.0,3612.0,61.0,126.0,216.0,246.0,342.0,834.0,1110.0,1152.0,22.1829,55.5342,81.7824,84.8466,374.1685,824.712,1378.8486,1547.8122,1276.0,2994.0,4068.0,3612.0,61.0,126.0,216.0,246.0,342.0,834.0,1110.0,1152.0,22.1829,55.5342,81.7824,84.8466,9.2416,15.504,34.0328,44.4904,49.0,84.0,140.0,122.5,2.0,4.5,6.0,4.0,13.0,23.0,18.0,0.5625,1.155,2.14125,2.2425,9.2416,15.504,34.0328,44.4904,49.0,84.0,140.0,122.5,2.0,4.5,6.0,4.0,13.0,23.0,18.0,0.5625,1.155,2.14125,2.2425,3.3489,33.3792,55.998,94.9221,676.0,1092.0,1872.0,2184.0,12.0,21.0,108.0,234.0,306.0,1.5625,5.625,11.55,15.6375,377.5174,891.4704,1768.0926,2519.4228,1952.0,5178.0,9282.0,12222.0,62.0,138.0,270.0,390.0,408.0,1128.0,1986.0,2886.0,23.7454,66.7842,121.7574,175.1166,0.98,2.485,3.605,2.0,11.5,24.5,-2.5,-2.5,3.0,-0.04,0.52,1.51,0.98,2.485,3.605,2.0,11.5,24.5,-2.5,-2.5,3.0,-0.04,0.52,1.51,-7.26,-8.64,-13.44,114.0,240.0,462.0,18.0,33.0,75.0,3.0,5.76,13.74,0,0,0,0,0,0,0,0,0,0,0,1,0,0,0,0,0,0,1,0,0,0,0,0,0,0,0,0,0,0,0,0,0,0,0,0,0,0,0,0,0,0,0,0,0,0,1,0,0,0,0,0
ULOFEH,6.0,6.0,374.1685,824.712,1378.8486,1547.8122,1276.0,2994.0,4068.0,3612.0,61.0,126.0,216.0,246.0,342.0,834.0,1110.0,1152.0,22.1829,55.5342,81.7824,84.8466,374.1685,824.712,1378.8486,1547.8122,1276.0,2994.0,4068.0,3612.0,61.0,126.0,216.0,246.0,342.0,834.0,1110.0,1152.0,22.1829,55.5342,81.7824,84.8466,9.2416,15.504,34.0328,44.4904,49.0,84.0,140.0,122.5,2.0,4.5,6.0,4.0,13.0,23.0,18.0,0.5625,1.155,2.14125,2.2425,9.2416,15.504,34.0328,44.4904,49.0,84.0,140.0,122.5,2.0,4.5,6.0,4.0,13.0,23.0,18.0,0.5625,1.155,2.14125,2.2425,3.3489,33.3792,55.998,94.9221,676.0,1092.0,1872.0,2184.0,12.0,21.0,108.0,234.0,306.0,1.5625,5.625,11.55,15.6375,377.5174,891.4704,1768.0926,2519.4228,1952.0,5178.0,9282.0,12222.0,62.0,138.0,270.0,390.0,408.0,1128.0,1986.0,2886.0,23.7454,66.7842,121.7574,175.1166,0.98,2.485,3.605,2.0,11.5,24.5,-2.5,-2.5,3.0,-0.04,0.52,1.51,0.98,2.485,3.605,2.0,11.5,24.5,-2.5,-2.5,3.0,-0.04,0.52,1.51,-7.26,-8.64,-13.44,114.0,240.0,462.0,18.0,33.0,75.0,3.0,5.76,13.74,0,0,0,0,0,0,0,0,0,0,0,0,1,0,0,0,0,0,1,0,0,0,0,0,0,0,0,0,0,0,0,0,0,0,0,0,0,0,0,0,0,0,0,0,0,0,1,0,0,0,0,0
UZAXUQ,1.0,2.0,22.4005,28.662,15.6864,0.0,341.0,276.0,224.0,0.0,3.0,4.0,2.0,0.0,6.0,8.0,2.0,0.0,2.1958,2.7258,1.53,0.0,282.4471,642.1324,1001.6734,1218.4262,1138.0,2728.0,3874.0,4124.0,45.0,98.0,154.0,192.0,252.0,632.0,906.0,964.0,19.2021,47.8494,70.9358,78.9416,9.2416,7.752,7.8432,0.0,49.0,42.0,112.0,0.0,1.0,1.0,0.0,1.0,2.0,1.0,0.0,0.5625,0.5775,0.765,0.0,9.2416,16.2488,27.3448,36.7992,49.0,87.5,133.0,168.0,2.0,3.5,4.5,4.0,11.0,19.0,20.0,0.5625,1.1475,1.86375,2.26875,3.3489,33.3792,48.4584,56.6202,676.0,1092.0,1612.0,2184.0,10.0,12.0,96.0,156.0,168.0,1.5625,5.625,9.575,11.125,613.0441,1408.3472,2408.8844,3256.1024,3634.0,8192.0,12890.0,16424.0,97.0,216.0,362.0,496.0,578.0,1524.0,2420.0,2924.0,44.3583,112.4004,180.9566,230.7132,0.49,0.46,0.0,1.0,-9.0,0.0,-1.0,0.0,0.0,-0.02,-0.27,0.0,0.735,1.645,1.575,1.5,5.5,7.5,-1.5,-2.5,-1.0,-0.03,0.14,0.35,-7.26,-8.18,-8.98,114.0,198.0,228.0,20.0,34.0,44.0,3.0,4.84,6.1,0,0,0,0,0,0,0,0,0,0,0,0,0,0,0,0,0,0,0,0,0,0,0,0,0,0,0,0,0,0,0,0,0,0,0,0,0,0,0,0,0,0,0,0,0,0,0,0,0,0,0,0
UZELAN,4.0,2.0,312.4162,700.4976,1209.1806,1355.6046,1018.0,2490.0,3636.0,3558.0,52.0,108.0,192.0,210.0,300.0,732.0,1026.0,1170.0,18.306,46.8492,71.502,79.0686,119.0724,252.6072,413.5178,451.8682,566.666667,1014.0,1361.333333,1186.0,19.333333,38.666667,65.333333,70.0,104.0,249.333333,343.333333,390.0,7.565867,17.4336,24.854,26.3562,9.2416,16.9936,31.008,57.1216,49.0,91.0,168.0,133.0,2.0,4.0,8.0,4.0,12.0,28.0,26.0,0.5625,1.14,2.31,2.805,9.2416,11.876267,21.7056,18.017067,49.0,64.166667,134.166667,67.666667,1.5,2.833333,2.333333,2.833333,9.333333,12.833333,11.833333,0.5625,0.86375,1.45375,1.0375,3.3489,33.3792,54.0216,75.5973,676.0,1092.0,1794.0,2392.0,11.0,17.0,102.0,204.0,228.0,1.5625,5.625,10.5125,13.9875,360.5661,824.58,1625.8446,2246.796,2376.0,5226.0,9142.0,12332.0,59.0,128.0,248.0,336.0,376.0,1020.0,1794.0,2460.0,24.2601,63.5508,112.462,159.9036,0.49,1.96,5.53,1.0,4.0,37.0,-2.0,-6.0,3.0,-0.02,-0.08,2.26,0.653333,1.473333,1.166667,1.333333,0.666667,6.666667,-1.5,1.0,1.0,-0.026667,0.186667,0.366667,-7.26,-9.39,-10.2,114.0,217.0,350.0,19.0,32.0,64.0,3.0,5.34,10.06,0,0,0,0,0,0,0,0,0,0,0,0,0,0,0,0,0,0,0,0,0,0,0,0,0,0,0,0,0,0,0,0,0,0,0,0,0,0,0,0,0,0,0,0,0,0,0,0,0,0,0,0
VASYOF,1.0,4.0,22.4005,28.662,15.6864,0.0,341.0,276.0,224.0,0.0,3.0,4.0,2.0,0.0,6.0,8.0,2.0,0.0,2.1958,2.7258,1.53,0.0,295.3046,661.855,1046.9808,1269.1162,1106.0,2620.0,3720.0,3814.0,48.0,102.0,164.0,200.0,266.0,654.0,908.0,994.0,19.1568,47.7566,70.1156,78.992,9.2416,7.752,7.8432,0.0,49.0,42.0,112.0,0.0,1.0,1.0,0.0,1.0,2.0,1.0,0.0,0.5625,0.5775,0.765,0.0,9.2416,15.504,31.9656,44.0648,49.0,84.0,157.5,150.5,2.0,4.0,6.0,4.0,12.0,22.0,23.0,0.5625,1.155,2.145,2.5575,3.3489,33.3792,46.665,65.9532,676.0,1092.0,1560.0,2496.0,10.0,14.0,96.0,168.0,204.0,1.5625,5.625,9.625,13.05,343.4545,785.9374,1448.9316,2064.7154,2464.0,5356.0,8758.0,12404.0,55.0,122.0,218.0,314.0,340.0,918.0,1552.0,2106.0,25.1109,64.4582,109.3006,154.787,0.49,0.46,0.0,1.0,-9.0,0.0,-1.0,0.0,0.0,-0.02,-0.27,0.0,0.98,1.645,3.745,2.0,5.5,20.5,-2.0,-3.0,0.5,-0.04,0.14,1.09,-7.26,-7.2,-10.42,114.0,200.0,268.0,20.0,32.0,50.0,3.0,4.8,7.06,0,0,0,0,0,0,0,0,0,0,0,0,0,0,0,0,0,0,0,0,0,0,0,0,0,0,0,0,0,0,0,0,0,0,0,0,0,0,0,0,0,0,0,0,0,0,0,0,0,0,0,0
VASYUL,1.0,4.0,22.4005,28.662,15.6864,0.0,341.0,276.0,224.0,0.0,3.0,4.0,2.0,0.0,6.0,8.0,2.0,0.0,2.1958,2.7258,1.53,0.0,295.3046,661.855,1046.9808,1270.9782,1106.0,2620.0,3720.0,3954.0,48.0,102.0,164.0,200.0,266.0,654.0,908.0,1006.0,19.1568,47.7566,70.1156,79.568,9.2416,7.752,7.8432,0.0,49.0,42.0,112.0,0.0,1.0,1.0,0.0,1.0,2.0,1.0,0.0,0.5625,0.5775,0.765,0.0,9.2416,15.504,31.9656,44.5968,49.0,84.0,157.5,168.0,2.0,4.0,6.0,4.0,12.0,22.0,26.0,0.5625,1.155,2.145,2.7075,3.3489,33.3792,46.665,65.9532,676.0,1092.0,1560.0,2496.0,10.0,14.0,96.0,168.0,204.0,1.5625,5.625,9.625,13.05,343.4545,785.9374,1448.9316,2066.5774,2464.0,5356.0,8758.0,12544.0,55.0,122.0,218.0,314.0,340.0,918.0,1552.0,2130.0,25.1109,64.4582,109.3006,155.363,0.49,0.46,0.0,1.0,-9.0,0.0,-1.0,0.0,0.0,-0.02,-0.27,0.0,0.98,1.645,3.57,2.0,5.5,18.0,-2.0,-3.0,-1.0,-0.04,0.14,0.89,-7.26,-7.2,-10.42,114.0,200.0,268.0,20.0,32.0,50.0,3.0,4.8,7.06,0,0,0,0,0,0,0,0,0,0,0,0,0,0,0,0,0,0,0,0,0,0,0,0,0,0,0,0,0,0,0,0,0,0,0,0,0,0,0,0,0,0,0,0,0,0,0,0,0,0,0,0
VASYUL01,1.0,4.0,22.4005,28.662,15.6864,0.0,341.0,276.0,224.0,0.0,3.0,4.0,2.0,0.0,6.0,8.0,2.0,0.0,2.1958,2.7258,1.53,0.0,295.3046,661.855,1046.9808,1270.9782,1106.0,2620.0,3720.0,3954.0,48.0,102.0,164.0,200.0,266.0,654.0,908.0,1006.0,19.1568,47.7566,70.1156,79.568,9.2416,7.752,7.8432,0.0,49.0,42.0,112.0,0.0,1.0,1.0,0.0,1.0,2.0,1.0,0.0,0.5625,0.5775,0.765,0.0,9.2416,15.504,31.9656,44.5968,49.0,84.0,157.5,168.0,2.0,4.0,6.0,4.0,12.0,22.0,26.0,0.5625,1.155,2.145,2.7075,3.3489,33.3792,46.665,65.9532,676.0,1092.0,1560.0,2496.0,10.0,14.0,96.0,168.0,204.0,1.5625,5.625,9.625,13.05,343.4545,785.9374,1448.9316,2066.5774,2464.0,5356.0,8758.0,12544.0,55.0,122.0,218.0,314.0,340.0,918.0,1552.0,2130.0,25.1109,64.4582,109.3006,155.363,0.49,0.46,0.0,1.0,-9.0,0.0,-1.0,0.0,0.0,-0.02,-0.27,0.0,0.98,1.645,3.57,2.0,5.5,18.0,-2.0,-3.0,-1.0,-0.04,0.14,0.89,-7.26,-7.2,-10.42,114.0,200.0,268.0,20.0,32.0,50.0,3.0,4.8,7.06,0,0,0,0,0,0,0,0,0,0,0,0,0,0,0,0,0,0,0,0,0,0,0,0,0,0,0,0,0,0,0,0,0,0,0,0,0,0,0,0,0,0,0,0,0,0,0,0,0,0,0,0
VASZEW,1.0,4.0,22.4005,28.662,15.6864,0.0,341.0,276.0,224.0,0.0,3.0,4.0,2.0,0.0,6.0,8.0,2.0,0.0,2.1958,2.7258,1.53,0.0,334.3196,765.895,1212.2808,1536.6482,1322.0,3196.0,4644.0,5018.0,54.0,118.0,188.0,244.0,306.0,774.0,1124.0,1254.0,22.7142,57.243,86.1212,99.5436,9.2416,7.752,7.8432,0.0,49.0,42.0,112.0,0.0,1.0,1.0,0.0,1.0,2.0,1.0,0.0,0.5625,0.5775,0.765,0.0,9.2416,15.504,31.9656,44.5968,49.0,84.0,157.5,168.0,2.0,4.0,6.0,4.0,12.0,22.0,25.0,0.5625,1.155,2.145,2.7075,3.3489,33.3792,46.665,65.9532,676.0,1092.0,1560.0,2496.0,10.0,14.0,96.0,168.0,204.0,1.5625,5.625,9.625,13.05,382.4695,889.9774,1614.2316,2332.2474,2680.0,5932.0,9682.0,13608.0,61.0,138.0,242.0,358.0,380.0,1038.0,1768.0,2374.0,28.6683,73.9446,125.3062,175.3386,0.49,0.46,0.0,1.0,-9.0,0.0,-1.0,0.0,0.0,-0.02,-0.27,0.0,0.98,1.645,3.57,2.0,5.5,18.0,-2.0,-3.0,-0.5,-0.04,0.14,0.89,-7.26,-7.2,-10.42,114.0,200.0,268.0,20.0,32.0,50.0,3.0,4.8,7.06,0,0,0,0,0,0,0,0,0,0,0,0,0,0,0,0,0,0,0,0,0,0,0,0,0,0,0,0,0,0,0,0,0,0,0,0,0,0,0,0,0,0,0,0,0,0,0,0,0,0,0,0
VASZEW01,1.0,4.0,22.4005,28.662,15.6864,0.0,341.0,276.0,224.0,0.0,3.0,4.0,2.0,0.0,6.0,8.0,2.0,0.0,2.1958,2.7258,1.53,0.0,334.3196,765.895,1212.2808,1536.6482,1322.0,3196.0,4644.0,5018.0,54.0,118.0,188.0,244.0,306.0,774.0,1124.0,1254.0,22.7142,57.243,86.1212,99.5436,9.2416,7.752,7.8432,0.0,49.0,42.0,112.0,0.0,1.0,1.0,0.0,1.0,2.0,1.0,0.0,0.5625,0.5775,0.765,0.0,9.2416,15.504,31.9656,44.5968,49.0,84.0,157.5,168.0,2.0,4.0,6.0,4.0,12.0,22.0,25.0,0.5625,1.155,2.145,2.7075,3.3489,33.3792,46.665,65.9532,676.0,1092.0,1560.0,2496.0,10.0,14.0,96.0,168.0,204.0,1.5625,5.625,9.625,13.05,382.4695,889.9774,1614.2316,2332.2474,2680.0,5932.0,9682.0,13608.0,61.0,138.0,242.0,358.0,380.0,1038.0,1768.0,2374.0,28.6683,73.9446,125.3062,175.3386,0.49,0.46,0.0,1.0,-9.0,0.0,-1.0,0.0,0.0,-0.02,-0.27,0.0,0.98,1.645,3.57,2.0,5.5,18.0,-2.0,-3.0,-0.5,-0.04,0.14,0.89,-7.26,-7.2,-10.42,114.0,200.0,268.0,20.0,32.0,50.0,3.0,4.8,7.06,0,0,0,0,0,0,0,0,0,0,0,0,0,0,0,0,0,0,0,0,0,0,0,0,0,0,0,0,0,0,0,0,0,0,0,0,0,0,0,0,0,0,0,0,0,0,0,0,0,0,0,0
VEVQOE,3.0,3.0,161.2955,365.3324,557.69,597.7124,650.0,1532.0,2120.0,1796.0,25.0,54.0,84.0,94.0,138.0,342.0,476.0,424.0,10.5665,26.1366,38.2252,36.253,161.2955,365.3324,557.69,597.7124,650.0,1532.0,2120.0,1796.0,25.0,54.0,84.0,94.0,138.0,342.0,476.0,424.0,10.5665,26.1366,38.2252,36.253,9.2416,16.9936,29.944,30.3696,49.0,91.0,133.0,105.0,2.0,4.0,4.0,4.0,12.0,20.0,14.0,0.5625,1.14,2.01,1.695,9.2416,16.000533,30.653333,46.866667,49.0,86.333333,156.333333,193.666667,2.0,4.0,6.0,4.0,12.0,22.666667,24.666667,0.5625,1.15,2.21,2.84,3.3489,33.3792,59.5848,72.102,676.0,1092.0,1976.0,1976.0,12.0,16.0,108.0,216.0,240.0,1.5625,5.625,11.45,13.4,325.9399,797.4232,1511.7976,2131.488,1976.0,5248.0,9662.0,11800.0,51.0,120.0,222.0,316.0,342.0,972.0,1782.0,2316.0,22.6955,63.5232,116.2254,154.266,0.49,2.31,2.17,1.0,9.0,13.0,-2.0,-2.0,1.0,-0.02,0.32,0.74,0.816667,2.076667,2.823333,1.666667,5.666667,14.333333,-2.0,-3.333333,-0.333333,-0.033333,0.053333,0.713333,-7.26,-10.6,-10.12,114.0,236.0,340.0,18.0,36.0,56.0,3.0,5.84,9.28,0,0,0,0,0,0,0,0,0,0,0,0,0,0,0,0,1,0,0,0,0,0,0,0,0,0,0,0,0,0,0,0,0,0,0,0,0,0,0,0,0,0,0,0,1,1,0,0,0,0,0,0
VEWVEY,2.0,2.0,138.4107,304.266,473.519,545.1062,504.0,1176.0,1592.0,1526.0,23.0,48.0,76.0,88.0,124.0,300.0,398.0,402.0,9.0159,22.176,31.622,33.1596,138.4107,304.266,473.519,545.1062,504.0,1176.0,1592.0,1526.0,23.0,48.0,76.0,88.0,124.0,300.0,398.0,402.0,9.0159,22.176,31.622,33.1596,9.2416,15.504,31.008,58.1856,49.0,84.0,168.0,168.0,2.0,4.0,8.0,4.0,12.0,26.0,26.0,0.5625,1.155,2.31,3.105,9.2416,15.504,30.121333,41.4656,49.0,84.0,138.833333,150.5,2.0,4.0,5.5,4.0,12.0,21.0,21.0,0.5625,1.155,2.06,2.41125,3.3489,33.3792,55.998,82.0755,676.0,1092.0,1872.0,2418.0,12.0,18.0,108.0,216.0,306.0,1.5625,5.625,11.55,15.825,418.581,979.5564,1809.801,2581.236,2188.0,5712.0,9990.0,13656.0,70.0,156.0,282.0,402.0,438.0,1188.0,2034.0,2880.0,28.6102,77.778,134.841,190.1238,0.98,1.96,5.18,2.0,4.0,32.0,-2.0,-5.0,3.0,-0.04,-0.08,1.86,0.98,2.251667,3.08,2.0,8.166667,17.0,-2.0,-2.5,0.5,-0.04,0.253333,0.91,-7.26,-8.64,-11.91,114.0,240.0,375.0,18.0,36.0,57.0,3.0,5.76,9.84,0,0,0,0,0,0,0,0,0,0,0,0,0,0,0,0,0,0,0,0,0,0,0,1,0,0,0,0,0,0,0,0,0,0,0,0,0,0,0,0,0,0,0,0,0,0,0,0,1,0,0,0
VEYTEY,2.0,2.0,176.4014,409.609,655.4944,765.2108,710.0,1732.0,2596.0,2432.0,28.0,62.0,100.0,120.0,162.0,414.0,612.0,594.0,11.9196,30.3238,46.4788,47.8496,176.4014,409.609,655.4944,765.2108,710.0,1732.0,2596.0,2432.0,28.0,62.0,100.0,120.0,162.0,414.0,612.0,594.0,11.9196,30.3238,46.4788,47.8496,9.2416,15.504,32.4976,47.3632,49.0,84.0,175.0,196.0,2.0,4.0,6.0,4.0,12.0,24.0,26.0,0.5625,1.155,2.295,2.835,9.2416,15.504,32.4976,47.3632,49.0,84.0,175.0,196.0,2.0,4.0,6.0,4.0,12.0,24.0,26.0,0.5625,1.155,2.295,2.835,3.3489,33.3792,55.998,89.3772,676.0,1092.0,1872.0,2964.0,12.0,18.0,108.0,216.0,324.0,1.5625,5.625,11.55,17.175,532.5531,1295.5854,2355.7272,3256.1532,2806.0,7380.0,13002.0,17466.0,85.0,198.0,354.0,498.0,552.0,1530.0,2682.0,3510.0,37.3213,102.2214,179.4114,236.8938,0.98,1.47,2.66,2.0,3.0,14.0,-2.0,-4.0,-1.0,-0.04,-0.06,0.72,0.98,1.47,2.66,2.0,3.0,14.0,-2.0,-4.0,-1.0,-0.04,-0.06,0.72,-7.26,-8.64,-15.9,114.0,240.0,354.0,18.0,36.0,54.0,3.0,5.76,8.76,0,0,0,0,0,0,0,0,0,0,0,0,0,0,0,0,0,0,0,0,0,0,0,1,0,0,0,0,0,0,0,0,0,0,0,0,0,0,0,0,0,0,0,0,0,0,0,0,0,1,0,0
VEYTIC,2.0,2.0,176.4014,409.609,655.4944,765.2108,710.0,1732.0,2596.0,2432.0,28.0,62.0,100.0,120.0,162.0,414.0,612.0,594.0,11.9196,30.3238,46.4788,47.8496,176.4014,409.609,655.4944,765.2108,710.0,1732.0,2596.0,2432.0,28.0,62.0,100.0,120.0,162.0,414.0,612.0,594.0,11.9196,30.3238,46.4788,47.8496,9.2416,15.504,32.4976,47.3632,49.0,84.0,175.0,196.0,2.0,4.0,6.0,4.0,12.0,24.0,26.0,0.5625,1.155,2.295,2.835,9.2416,15.504,32.4976,47.3632,49.0,84.0,175.0,196.0,2.0,4.0,6.0,4.0,12.0,24.0,26.0,0.5625,1.155,2.295,2.835,3.3489,33.3792,55.998,89.3772,676.0,1092.0,1872.0,2964.0,12.0,18.0,108.0,216.0,324.0,1.5625,5.625,11.55,17.175,532.5531,1295.5854,2355.7272,3256.1532,2806.0,7380.0,13002.0,17466.0,85.0,198.0,354.0,498.0,552.0,1530.0,2682.0,3510.0,37.3213,102.2214,179.4114,236.8938,0.98,1.47,2.66,2.0,3.0,14.0,-2.0,-4.0,-1.0,-0.04,-0.06,0.72,0.98,1.47,2.66,2.0,3.0,14.0,-2.0,-4.0,-1.0,-0.04,-0.06,0.72,-7.26,-8.64,-15.9,114.0,240.0,354.0,18.0,36.0,54.0,3.0,5.76,8.76,0,0,0,0,0,0,0,0,0,0,0,0,0,0,0,0,0,0,0,1,0,0,0,0,0,0,0,0,0,0,0,0,0,0,0,0,0,0,0,0,0,0,0,0,0,0,1,0,0,1,0,0
VIFNAC,1.0,1.0,106.842,222.6276,359.7036,355.181,636.0,978.0,1204.0,864.0,16.0,32.0,54.0,58.0,86.0,208.0,256.0,204.0,6.56,14.7248,20.9562,18.3046,106.842,222.6276,359.7036,355.181,636.0,978.0,1204.0,864.0,16.0,32.0,54.0,58.0,86.0,208.0,256.0,204.0,6.56,14.7248,20.9562,18.3046,9.2416,16.9936,25.1712,7.752,49.0,91.0,105.0,42.0,2.0,3.0,1.0,4.0,10.0,12.0,8.0,0.5625,1.14,1.4025,0.5775,9.2416,16.9936,25.1712,7.752,49.0,91.0,105.0,42.0,2.0,3.0,1.0,4.0,10.0,12.0,8.0,0.5625,1.14,1.4025,0.5775,3.3489,33.3792,61.3782,90.9144,676.0,1092.0,2028.0,2340.0,12.0,18.0,108.0,180.0,216.0,1.5625,5.625,11.4,14.025,644.4009,1402.524,2558.226,3332.5308,4492.0,8052.0,12750.0,15324.0,97.0,204.0,378.0,504.0,582.0,1524.0,2238.0,2604.0,40.9225,99.5988,165.4122,206.2776,0.49,0.84,0.49,1.0,6.0,1.0,-1.0,0.0,-2.0,-0.02,0.38,-0.02,0.49,0.84,0.49,1.0,6.0,1.0,-1.0,0.0,-2.0,-0.02,0.38,-0.02,-7.26,-11.58,-16.74,114.0,234.0,378.0,18.0,42.0,72.0,3.0,5.88,11.28,0,0,0,0,0,0,0,0,0,0,0,0,0,0,0,1,0,0,0,0,0,0,0,0,0,0,0,0,0,0,0,0,0,0,0,0,0,0,0,0,0,0,0,0,0,0,0,0,0,0,0,0
VIFNAC01,1.0,1.0,106.842,222.6276,359.7036,355.181,636.0,978.0,1204.0,864.0,16.0,32.0,54.0,58.0,86.0,208.0,256.0,204.0,6.56,14.7248,20.9562,18.3046,106.842,222.6276,359.7036,355.181,636.0,978.0,1204.0,864.0,16.0,32.0,54.0,58.0,86.0,208.0,256.0,204.0,6.56,14.7248,20.9562,18.3046,9.2416,16.9936,25.1712,7.752,49.0,91.0,105.0,42.0,2.0,3.0,1.0,4.0,10.0,12.0,8.0,0.5625,1.14,1.4025,0.5775,9.2416,16.9936,25.1712,7.752,49.0,91.0,105.0,42.0,2.0,3.0,1.0,4.0,10.0,12.0,8.0,0.5625,1.14,1.4025,0.5775,3.3489,33.3792,61.3782,90.9144,676.0,1092.0,2028.0,2340.0,12.0,18.0,108.0,180.0,216.0,1.5625,5.625,11.4,14.025,644.4009,1402.524,2558.226,3332.5308,4492.0,8052.0,12750.0,15324.0,97.0,204.0,378.0,504.0,582.0,1524.0,2238.0,2604.0,40.9225,99.5988,165.4122,206.2776,0.49,0.84,0.49,1.0,6.0,1.0,-1.0,0.0,-2.0,-0.02,0.38,-0.02,0.49,0.84,0.49,1.0,6.0,1.0,-1.0,0.0,-2.0,-0.02,0.38,-0.02,-7.26,-11.58,-16.74,114.0,234.0,378.0,18.0,42.0,72.0,3.0,5.88,11.28,0,0,0,0,0,0,0,0,0,0,0,0,0,0,0,1,0,0,0,0,0,0,0,0,0,0,0,0,0,0,0,0,0,0,0,0,0,0,0,0,0,0,0,0,0,0,0,0,0,0,0,0
VILZAT,3.0,3.0,239.0305,533.8084,849.398,988.2944,874.0,2080.0,2900.0,2780.0,39.0,82.0,132.0,158.0,214.0,530.0,728.0,728.0,15.2191,37.7778,55.4916,58.6586,239.0305,533.8084,849.398,988.2944,874.0,2080.0,2900.0,2780.0,39.0,82.0,132.0,158.0,214.0,530.0,728.0,728.0,15.2191,37.7778,55.4916,58.6586,9.2416,16.9936,31.008,51.4976,49.0,91.0,168.0,161.0,2.0,4.0,7.0,4.0,12.0,26.0,24.0,0.5625,1.14,2.31,2.8275,9.2416,16.000533,31.008,53.909333,49.0,86.333333,168.0,212.333333,2.0,4.0,7.0,4.0,12.0,24.666667,28.0,0.5625,1.15,2.31,3.2175,3.3489,33.3792,59.5848,74.664,676.0,1092.0,1976.0,2496.0,12.0,16.0,108.0,216.0,312.0,1.5625,5.625,11.45,15.4,481.4099,1134.3752,2095.2136,2917.776,2424.0,6344.0,11222.0,14808.0,79.0,176.0,318.0,444.0,494.0,1348.0,2310.0,3108.0,32.0007,86.8056,150.7582,203.0772,0.49,1.96,4.34,1.0,4.0,26.0,-2.0,-5.0,2.0,-0.02,-0.08,1.48,0.816667,1.96,3.546667,1.666667,4.0,18.666667,-2.0,-4.333333,0.0,-0.033333,-0.08,0.96,-7.26,-10.6,-11.52,114.0,236.0,320.0,18.0,36.0,44.0,3.0,5.84,7.68,0,0,0,0,0,0,0,0,0,0,0,0,0,0,0,1,0,0,0,0,0,0,0,0,0,0,0,0,0,0,0,0,0,0,0,0,0,0,0,0,0,0,0,0,0,0,0,0,0,0,0,0
VILZEX,3.0,3.0,310.4105,708.7384,1146.748,1391.8804,1166.0,2848.0,4048.0,3928.0,51.0,110.0,180.0,226.0,290.0,734.0,1056.0,1100.0,20.5099,51.915,78.3828,85.3918,310.4105,708.7384,1146.748,1391.8804,1166.0,2848.0,4048.0,3928.0,51.0,110.0,180.0,226.0,290.0,734.0,1056.0,1100.0,20.5099,51.915,78.3828,85.3918,9.2416,16.9936,31.008,51.4976,49.0,91.0,168.0,161.0,2.0,4.0,7.0,4.0,12.0,26.0,24.0,0.5625,1.14,2.31,2.8275,9.2416,16.000533,31.008,53.909333,49.0,86.333333,168.0,212.333333,2.0,4.0,7.0,4.0,12.0,24.666667,28.0,0.5625,1.15,2.31,3.2175,3.3489,33.3792,59.5848,74.664,676.0,1092.0,1976.0,2496.0,12.0,16.0,108.0,216.0,312.0,1.5625,5.625,11.45,15.4,624.1699,1484.2352,2689.9136,3724.948,3008.0,7880.0,13518.0,17104.0,103.0,232.0,414.0,580.0,646.0,1756.0,2966.0,3852.0,42.5823,115.08,196.5406,256.5436,0.49,1.96,4.34,1.0,4.0,26.0,-2.0,-5.0,2.0,-0.02,-0.08,1.48,0.816667,1.96,3.546667,1.666667,4.0,18.666667,-2.0,-4.333333,0.0,-0.033333,-0.08,0.96,-7.26,-10.6,-11.52,114.0,236.0,320.0,18.0,36.0,44.0,3.0,5.84,7.68,0,0,0,0,0,0,0,0,0,0,0,0,0,0,0,1,0,0,0,0,0,0,0,0,0,0,0,0,0,0,0,0,0,0,0,0,0,0,0,0,0,0,0,0,0,0,0,0,0,0,0,0
VILZOH,3.0,3.0,193.6605,436.9084,703.852,755.5084,726.0,1744.0,2476.0,2212.0,31.0,66.0,108.0,118.0,174.0,426.0,584.0,568.0,12.2999,30.7554,45.63,46.0578,193.6605,436.9084,703.852,755.5084,726.0,1744.0,2476.0,2212.0,31.0,66.0,108.0,118.0,174.0,426.0,584.0,568.0,12.2999,30.7554,45.63,46.0578,9.2416,16.9936,31.008,50.4336,49.0,91.0,168.0,126.0,2.0,4.0,7.0,4.0,12.0,26.0,20.0,0.5625,1.14,2.31,2.5275,9.2416,16.000533,31.008,53.554667,49.0,86.333333,168.0,200.666667,2.0,4.0,7.0,4.0,12.0,24.666667,26.666667,0.5625,1.15,2.31,3.1175,3.3489,33.3792,59.5848,74.664,676.0,1092.0,1976.0,2496.0,12.0,16.0,108.0,216.0,312.0,1.5625,5.625,11.45,15.4,390.6699,940.5752,1804.1216,2452.204,2128.0,5672.0,10374.0,13672.0,63.0,144.0,270.0,364.0,414.0,1140.0,2022.0,2772.0,26.1623,72.7608,131.035,177.8756,0.49,1.96,4.69,1.0,4.0,31.0,-2.0,-5.0,4.0,-0.02,-0.08,1.88,0.816667,1.96,3.663333,1.666667,4.0,20.333333,-2.0,-4.333333,0.666667,-0.033333,-0.08,1.093333,-7.26,-10.6,-11.52,114.0,236.0,320.0,18.0,36.0,44.0,3.0,5.84,7.68,0,0,0,0,0,0,0,0,0,0,0,0,0,0,0,0,0,0,0,0,0,0,0,1,0,0,0,0,0,0,0,0,0,0,0,0,0,0,0,0,0,0,0,0,0,0,0,0,0,0,0,0
VIMBAW,3.0,3.0,193.6605,436.9084,703.852,755.5084,726.0,1744.0,2476.0,2212.0,31.0,66.0,108.0,118.0,174.0,426.0,584.0,568.0,12.2999,30.7554,45.63,46.0578,193.6605,436.9084,703.852,755.5084,726.0,1744.0,2476.0,2212.0,31.0,66.0,108.0,118.0,174.0,426.0,584.0,568.0,12.2999,30.7554,45.63,46.0578,9.2416,16.9936,31.008,50.4336,49.0,91.0,168.0,126.0,2.0,4.0,7.0,4.0,12.0,26.0,20.0,0.5625,1.14,2.31,2.5275,9.2416,16.000533,31.008,53.554667,49.0,86.333333,168.0,200.666667,2.0,4.0,7.0,4.0,12.0,24.666667,26.666667,0.5625,1.15,2.31,3.1175,3.3489,33.3792,59.5848,74.664,676.0,1092.0,1976.0,2496.0,12.0,16.0,108.0,216.0,312.0,1.5625,5.625,11.45,15.4,390.6699,940.5752,1804.1216,2452.204,2128.0,5672.0,10374.0,13672.0,63.0,144.0,270.0,364.0,414.0,1140.0,2022.0,2772.0,26.1623,72.7608,131.035,177.8756,0.49,1.96,4.69,1.0,4.0,31.0,-2.0,-5.0,4.0,-0.02,-0.08,1.88,0.816667,1.96,3.663333,1.666667,4.0,20.333333,-2.0,-4.333333,0.666667,-0.033333,-0.08,1.093333,-7.26,-10.6,-11.52,114.0,236.0,320.0,18.0,36.0,44.0,3.0,5.84,7.68,0,0,0,0,0,0,0,0,0,0,1,0,0,0,0,0,0,0,0,0,0,0,0,0,0,0,0,0,0,0,0,0,0,0,0,0,0,0,0,0,0,0,0,0,0,0,0,0,0,0,0,0
VISCAD,3.0,3.0,301.7127,680.0824,1045.732,1296.2404,1218.0,2836.0,4132.0,4324.0,47.0,102.0,160.0,202.0,262.0,662.0,968.0,1028.0,19.8423,49.4854,74.3832,83.0942,301.7127,680.0824,1045.732,1296.2404,1218.0,2836.0,4132.0,4324.0,47.0,102.0,160.0,202.0,262.0,662.0,968.0,1028.0,19.8423,49.4854,74.3832,83.0942,9.2416,16.9936,29.944,31.4336,49.0,91.0,133.0,140.0,2.0,4.0,4.0,4.0,12.0,20.0,18.0,0.5625,1.14,2.01,1.995,9.2416,16.000533,30.653333,47.221333,49.0,86.333333,156.333333,205.333333,2.0,4.0,6.0,4.0,12.0,22.666667,26.0,0.5625,1.15,2.21,2.94,3.3489,33.3792,59.5848,72.102,676.0,1092.0,1976.0,1976.0,12.0,16.0,108.0,216.0,240.0,1.5625,5.625,11.45,13.4,606.7743,1426.9232,2487.8816,3528.544,3112.0,7856.0,13686.0,16856.0,95.0,216.0,374.0,532.0,590.0,1612.0,2766.0,3540.0,41.2471,110.2208,188.5414,247.9484,0.49,2.31,1.82,1.0,9.0,8.0,-2.0,-2.0,-1.0,-0.02,0.32,0.34,0.816667,2.076667,2.706667,1.666667,5.666667,12.666667,-2.0,-3.333333,-1.0,-0.033333,0.053333,0.58,-7.26,-10.6,-10.12,114.0,236.0,340.0,18.0,36.0,56.0,3.0,5.84,9.28,0,0,0,0,0,0,0,0,0,0,0,0,0,0,0,0,0,0,0,0,0,0,0,1,0,0,0,0,0,0,0,0,0,1,0,0,0,0,0,0,0,0,0,0,0,0,0,0,0,1,0,0
VOJPAM,1.0,1.0,117.8789,253.1766,413.9246,438.442,386.0,882.0,1070.0,736.0,19.0,38.0,66.0,76.0,104.0,256.0,322.0,276.0,6.5835,16.0954,22.8226,20.9924,117.8789,253.1766,413.9246,438.442,386.0,882.0,1070.0,736.0,19.0,38.0,66.0,76.0,104.0,256.0,322.0,276.0,6.5835,16.0954,22.8226,20.9924,9.2416,16.9936,25.1712,7.752,49.0,91.0,105.0,42.0,2.0,3.0,1.0,4.0,10.0,12.0,8.0,0.5625,1.14,1.4025,0.5775,9.2416,16.9936,25.1712,7.752,49.0,91.0,105.0,42.0,2.0,3.0,1.0,4.0,10.0,12.0,8.0,0.5625,1.14,1.4025,0.5775,3.3489,33.3792,61.3782,90.9144,676.0,1092.0,2028.0,2340.0,12.0,18.0,108.0,180.0,216.0,1.5625,5.625,11.4,14.025,710.6223,1585.818,2883.552,3832.0968,2992.0,7476.0,11946.0,14556.0,115.0,240.0,450.0,612.0,690.0,1812.0,2634.0,3036.0,41.0635,107.8224,176.6106,222.4044,0.49,0.84,0.49,1.0,6.0,1.0,-1.0,0.0,-2.0,-0.02,0.38,-0.02,0.49,0.84,0.49,1.0,6.0,1.0,-1.0,0.0,-2.0,-0.02,0.38,-0.02,-7.26,-11.58,-16.74,114.0,234.0,378.0,18.0,42.0,72.0,3.0,5.88,11.28,0,0,0,0,0,0,0,0,0,0,0,0,0,0,0,1,0,0,0,0,0,0,0,0,0,0,0,0,0,0,0,0,0,0,0,0,0,0,0,0,0,0,0,0,0,0,0,0,0,0,0,0
VUJRIC,3.0,3.0,261.1296,586.6656,980.6136,1082.3262,891.0,2166.0,3246.0,3300.0,43.0,90.0,156.0,162.0,246.0,594.0,822.0,900.0,15.7363,39.9654,60.4632,65.3922,261.1296,586.6656,980.6136,1082.3262,891.0,2166.0,3246.0,3300.0,43.0,90.0,156.0,162.0,246.0,594.0,822.0,900.0,15.7363,39.9654,60.4632,65.3922,9.2416,16.9936,31.008,52.9872,49.0,91.0,168.0,168.0,2.0,4.0,7.0,4.0,12.0,26.0,28.0,0.5625,1.14,2.31,2.8125,9.2416,16.9936,31.008,52.9872,49.0,91.0,168.0,168.0,2.0,4.0,7.0,4.0,12.0,26.0,28.0,0.5625,1.14,2.31,2.8125,3.3489,33.3792,61.3782,93.33,676.0,1092.0,2028.0,3120.0,12.0,20.0,108.0,216.0,396.0,1.5625,5.625,11.4,19.25,525.6081,1240.0896,2361.2316,3149.13,2458.0,6516.0,12018.0,17124.0,87.0,192.0,366.0,460.0,558.0,1476.0,2502.0,3624.0,33.0351,91.1808,160.6014,224.1844,0.49,1.96,3.85,1.0,4.0,25.0,-2.0,-5.0,0.0,-0.02,-0.08,1.5,0.49,1.96,3.85,1.0,4.0,25.0,-2.0,-5.0,0.0,-0.02,-0.08,1.5,-7.26,-11.58,-14.4,114.0,234.0,400.0,18.0,36.0,54.0,3.0,5.88,9.6,0,0,0,0,0,0,0,0,0,0,0,0,0,0,0,0,0,0,0,0,0,0,0,0,0,0,0,0,0,0,0,0,0,1,0,0,0,0,0,0,0,0,0,0,0,0,0,0,0,0,0,0
WAHKEX,4.0,2.0,257.3139,572.016,940.067,1165.7134,900.0,2148.0,2882.0,2866.0,43.0,90.0,150.0,192.0,240.0,600.0,838.0,928.0,16.2531,40.7638,60.1442,67.5564,100.704967,209.78,323.813267,388.571133,527.333333,900.0,1110.0,955.333333,16.333333,32.666667,51.333333,64.0,84.0,205.333333,280.666667,309.333333,6.881567,15.405133,21.068067,22.5188,9.2416,15.504,29.944,43.0008,49.0,84.0,133.0,115.5,2.0,4.0,6.0,4.0,12.0,22.0,21.0,0.5625,1.155,2.01,2.2575,9.2416,11.628,20.783467,16.4768,49.0,63.0,124.833333,59.5,1.5,2.833333,2.166667,2.833333,9.333333,12.333333,10.833333,0.5625,0.86625,1.41125,0.94375,3.3489,33.3792,51.3315,78.3423,676.0,1092.0,1716.0,2158.0,11.0,18.0,102.0,204.0,198.0,1.5625,5.625,10.5875,13.45,305.4638,696.0984,1351.3508,2045.1276,2258.0,4884.0,8232.0,11102.0,50.0,110.0,206.0,322.0,316.0,888.0,1590.0,2164.0,22.2072,57.4654,101.2542,148.8014,0.98,2.31,4.095,2.0,9.0,25.5,-2.0,-3.0,1.5,-0.04,0.32,1.49,0.735,1.776667,1.166667,1.5,2.0,6.666667,-1.5,1.333333,1.333333,-0.03,0.243333,0.366667,-7.26,-7.92,-9.87,114.0,220.0,385.0,19.0,32.0,75.0,3.0,5.28,11.74,0,0,0,0,0,0,0,0,0,0,0,0,0,0,0,0,0,0,0,0,0,0,0,0,0,0,0,0,0,0,0,0,0,0,0,0,0,0,0,0,0,0,0,0,0,0,0,0,0,0,0,0
WAHKEX01,4.0,2.0,257.3139,572.016,940.067,1165.7134,900.0,2148.0,2882.0,2866.0,43.0,90.0,150.0,192.0,240.0,600.0,838.0,928.0,16.2531,40.7638,60.1442,67.5564,100.704967,209.78,323.813267,388.571133,527.333333,900.0,1110.0,955.333333,16.333333,32.666667,51.333333,64.0,84.0,205.333333,280.666667,309.333333,6.881567,15.405133,21.068067,22.5188,9.2416,15.504,29.944,43.0008,49.0,84.0,133.0,115.5,2.0,4.0,6.0,4.0,12.0,22.0,21.0,0.5625,1.155,2.01,2.2575,9.2416,11.628,20.783467,16.4768,49.0,63.0,124.833333,59.5,1.5,2.833333,2.166667,2.833333,9.333333,12.333333,10.833333,0.5625,0.86625,1.41125,0.94375,3.3489,33.3792,51.3315,78.3423,676.0,1092.0,1716.0,2158.0,11.0,18.0,102.0,204.0,198.0,1.5625,5.625,10.5875,13.45,305.4638,696.0984,1351.3508,2045.1276,2258.0,4884.0,8232.0,11102.0,50.0,110.0,206.0,322.0,316.0,888.0,1590.0,2164.0,22.2072,57.4654,101.2542,148.8014,0.98,2.31,4.095,2.0,9.0,25.5,-2.0,-3.0,1.5,-0.04,0.32,1.49,0.735,1.776667,1.166667,1.5,2.0,6.666667,-1.5,1.333333,1.333333,-0.03,0.243333,0.366667,-7.26,-7.92,-9.87,114.0,220.0,385.0,19.0,32.0,75.0,3.0,5.28,11.74,0,0,0,0,0,0,0,0,0,0,0,0,0,0,0,0,0,0,0,0,0,0,0,0,0,0,0,0,0,0,0,0,0,0,0,0,0,0,0,0,0,0,0,0,0,0,0,0,0,0,0,0
WATJEJ,2.0,1.5,216.2932,479.196,723.616,868.4292,832.0,1944.0,2572.0,2478.0,36.0,76.0,116.0,144.0,192.0,470.0,632.0,620.0,14.8996,36.3132,51.314,54.7356,119.2699,253.8525,369.56,434.2146,1036.5,1218.0,1524.0,1239.0,19.5,40.0,59.0,72.0,99.0,239.0,317.0,310.0,8.7003,19.6273,26.527,27.3678,9.2416,15.504,29.944,37.0576,49.0,84.0,133.0,112.0,2.0,4.0,5.0,4.0,12.0,20.0,16.0,0.5625,1.155,2.01,1.9725,9.2416,11.628,18.848,22.9368,49.0,63.0,185.5,94.5,1.5,2.5,3.0,2.5,7.0,10.5,13.0,0.5625,0.86625,1.44,1.425,3.3489,33.3792,46.665,62.769,676.0,1092.0,1560.0,3120.0,10.0,14.0,96.0,168.0,180.0,1.5625,5.625,9.625,12.45,480.4285,1082.1684,1848.818,2538.614,4822.0,7056.0,10686.0,14864.0,79.0,172.0,286.0,404.0,458.0,1204.0,1900.0,2316.0,36.3637,89.7592,142.233,185.2512,0.98,2.31,3.01,2.0,9.0,19.0,-2.0,-2.0,2.0,-0.04,0.32,1.12,0.735,1.4,1.575,1.5,-9.0,7.5,-1.5,-1.0,-0.5,-0.03,-0.045,0.35,-7.26,-7.2,-8.68,114.0,200.0,244.0,20.0,32.0,54.0,3.0,4.8,7.54,0,0,0,0,0,0,0,0,0,0,0,0,0,0,0,0,0,0,0,0,0,0,0,0,0,0,0,0,0,0,0,0,0,0,0,0,0,0,0,0,0,0,0,0,0,0,0,0,0,0,0,0
WATJEJ01,2.0,1.5,216.2932,479.196,723.616,868.4292,832.0,1944.0,2572.0,2478.0,36.0,76.0,116.0,144.0,192.0,470.0,632.0,620.0,14.8996,36.3132,51.314,54.7356,119.2699,253.8525,369.56,434.2146,1036.5,1218.0,1524.0,1239.0,19.5,40.0,59.0,72.0,99.0,239.0,317.0,310.0,8.7003,19.6273,26.527,27.3678,9.2416,15.504,29.944,37.0576,49.0,84.0,133.0,112.0,2.0,4.0,5.0,4.0,12.0,20.0,16.0,0.5625,1.155,2.01,1.9725,9.2416,11.628,18.848,22.9368,49.0,63.0,185.5,94.5,1.5,2.5,3.0,2.5,7.0,10.5,13.0,0.5625,0.86625,1.44,1.425,3.3489,33.3792,46.665,62.769,676.0,1092.0,1560.0,3120.0,10.0,14.0,96.0,168.0,180.0,1.5625,5.625,9.625,12.45,480.4285,1082.1684,1848.818,2538.614,4822.0,7056.0,10686.0,14864.0,79.0,172.0,286.0,404.0,458.0,1204.0,1900.0,2316.0,36.3637,89.7592,142.233,185.2512,0.98,2.31,3.01,2.0,9.0,19.0,-2.0,-2.0,2.0,-0.04,0.32,1.12,0.735,1.4,1.575,1.5,-9.0,7.5,-1.5,-1.0,-0.5,-0.03,-0.045,0.35,-7.26,-7.2,-8.68,114.0,200.0,244.0,20.0,32.0,54.0,3.0,4.8,7.54,0,0,0,0,0,0,0,0,0,0,0,0,0,0,0,0,0,0,0,0,0,0,0,0,0,0,0,0,0,0,0,0,0,0,0,0,0,0,0,0,0,0,0,0,0,0,0,0,0,0,0,0
WEKJED,3.0,3.0,149.1673,318.727,504.043,571.4624,484.0,1084.0,1366.0,1340.0,25.0,50.0,82.0,94.0,132.0,314.0,386.0,386.0,8.8033,21.4534,29.9202,31.1854,149.1673,318.727,504.043,571.4624,484.0,1084.0,1366.0,1340.0,25.0,50.0,82.0,94.0,132.0,314.0,386.0,386.0,8.8033,21.4534,29.9202,31.1854,9.2416,18.316,25.536,30.3696,49.0,70.0,94.5,105.0,2.5,3.5,4.0,6.5,15.0,19.0,17.0,0.5625,1.14375,1.57125,1.695,9.2416,16.441333,32.933333,49.906667,49.0,79.333333,124.833333,151.666667,2.166667,4.5,6.666667,4.833333,14.333333,23.666667,23.0,0.5625,1.15125,2.04875,2.625,3.3489,33.3792,62.769,68.259,676.0,1092.0,1664.0,1196.0,14.0,16.0,120.0,228.0,180.0,1.5625,5.625,11.475,10.4,301.6835,704.2124,1410.872,2124.198,1644.0,4352.0,7530.0,8488.0,51.0,112.0,222.0,336.0,334.0,944.0,1676.0,2252.0,19.1691,54.1568,99.6654,138.2808,1.575,2.24,2.17,7.5,11.0,13.0,0.5,0.5,2.0,0.35,0.53,0.74,1.178333,2.846667,3.85,3.833333,13.666667,25.0,-1.833333,-1.833333,2.666667,0.09,0.643333,1.5,-7.26,-8.68,-8.02,114.0,300.0,370.0,16.0,46.0,66.0,3.0,8.32,11.68,0,0,0,0,0,0,0,0,0,0,0,0,0,0,0,0,0,0,0,0,0,0,0,1,0,0,0,0,0,0,0,0,0,0,0,0,0,0,0,0,0,0,0,0,0,0,0,0,0,0,0,0
WEKJIH,3.0,3.0,165.3498,354.515,576.536,639.0274,522.0,1190.0,1484.0,1462.0,28.0,56.0,94.0,106.0,150.0,356.0,440.0,452.0,9.67,23.7628,33.3186,34.9242,165.3498,354.515,576.536,639.0274,522.0,1190.0,1484.0,1462.0,28.0,56.0,94.0,106.0,150.0,356.0,440.0,452.0,9.67,23.7628,33.3186,34.9242,9.2416,18.848,35.568,30.3696,49.0,87.5,105.0,105.0,2.5,5.0,4.0,6.5,19.5,23.5,17.0,0.5625,1.29375,1.9875,1.695,9.2416,16.618667,36.277333,49.906667,49.0,85.166667,128.333333,151.666667,2.166667,5.0,6.666667,4.833333,15.833333,25.166667,23.0,0.5625,1.20125,2.1875,2.625,3.3489,33.3792,64.05,92.415,676.0,1092.0,1924.0,1352.0,14.0,22.0,120.0,264.0,216.0,1.5625,5.625,12.475,13.175,334.0485,775.7884,1558.42,2328.92,1720.0,4564.0,8286.0,9744.0,57.0,124.0,246.0,372.0,370.0,1040.0,1868.0,2648.0,20.9025,58.7756,108.4622,157.3084,1.4,3.5,2.17,5.0,20.0,13.0,-1.0,3.5,2.0,0.15,1.1,0.74,1.12,3.266667,3.85,3.0,16.666667,25.0,-2.333333,-0.833333,2.666667,0.023333,0.833333,1.5,-7.26,-9.38,-10.24,114.0,290.0,520.0,16.0,40.0,96.0,3.0,7.52,16.96,0,0,0,0,0,0,0,0,0,0,0,0,0,0,0,0,0,0,0,0,0,0,0,1,0,0,0,0,0,0,0,0,0,0,0,0,0,0,0,0,0,0,0,0,0,0,0,0,0,0,0,0
WIDGEW,1.0,4.0,22.4005,28.662,15.6864,0.0,341.0,276.0,224.0,0.0,3.0,4.0,2.0,0.0,6.0,8.0,2.0,0.0,2.1958,2.7258,1.53,0.0,249.9346,566.6014,913.808,1063.2566,958.0,2308.0,3236.0,2942.0,40.0,86.0,140.0,168.0,226.0,566.0,796.0,798.0,16.2376,40.7038,60.7356,63.2504,9.2416,7.752,7.8432,0.0,49.0,42.0,112.0,0.0,1.0,1.0,0.0,1.0,2.0,1.0,0.0,0.5625,0.5775,0.765,0.0,9.2416,16.2488,30.476,47.6216,49.0,87.5,150.5,140.0,2.0,4.0,6.5,4.0,12.0,24.0,22.0,0.5625,1.1475,2.16,2.53875,3.3489,33.3792,48.4584,64.1598,676.0,1092.0,1612.0,2444.0,10.0,14.0,96.0,168.0,216.0,1.5625,5.625,9.575,13.1,298.0845,690.6838,1319.3456,1879.1026,2316.0,5044.0,8378.0,11540.0,47.0,106.0,194.0,282.0,300.0,830.0,1448.0,1930.0,22.1917,57.4054,99.8206,138.9054,0.49,0.46,0.0,1.0,-9.0,0.0,-1.0,0.0,0.0,-0.02,-0.27,0.0,0.735,2.135,4.095,1.5,6.5,25.5,-2.0,-4.0,2.0,-0.03,0.12,1.49,-7.26,-8.18,-9.44,114.0,198.0,270.0,20.0,32.0,48.0,3.0,4.84,7.02,0,0,0,0,0,0,0,0,0,0,0,0,0,0,0,0,0,0,0,0,0,0,0,0,0,0,0,0,0,0,0,0,0,0,0,0,0,0,0,0,0,0,0,0,0,0,0,0,0,0,0,0
WIDGIA,1.0,4.0,22.4005,28.662,15.6864,0.0,341.0,276.0,224.0,0.0,3.0,4.0,2.0,0.0,6.0,8.0,2.0,0.0,2.1958,2.7258,1.53,0.0,314.6646,708.3814,1180.26,1383.7906,1110.0,2692.0,3924.0,3934.0,52.0,110.0,188.0,216.0,298.0,734.0,1024.0,1134.0,19.7044,50.0054,75.7228,84.028,9.2416,7.752,7.8432,0.0,49.0,42.0,112.0,0.0,1.0,1.0,0.0,1.0,2.0,1.0,0.0,0.5625,0.5775,0.765,0.0,9.2416,16.2488,31.008,58.1856,49.0,87.5,168.0,168.0,2.0,4.0,8.0,4.0,12.0,27.0,28.0,0.5625,1.1475,2.31,3.105,3.3489,33.3792,48.4584,65.4408,676.0,1092.0,1612.0,2704.0,10.0,14.0,96.0,168.0,252.0,1.5625,5.625,9.575,14.1,362.8145,832.4638,1585.7976,2202.1986,2468.0,5428.0,9066.0,13052.0,59.0,130.0,242.0,330.0,372.0,998.0,1688.0,2362.0,25.6585,66.707,114.8078,161.683,0.49,0.46,0.0,1.0,-9.0,0.0,-1.0,0.0,0.0,-0.02,-0.27,0.0,0.735,1.96,5.18,1.5,4.0,32.0,-2.0,-5.5,2.0,-0.03,-0.08,1.86,-7.26,-8.18,-10.14,114.0,198.0,260.0,20.0,32.0,42.0,3.0,4.84,6.22,0,0,0,0,0,0,0,0,0,0,0,0,0,0,0,0,0,0,0,0,0,0,0,0,0,0,0,0,0,0,0,0,0,0,0,0,0,0,0,0,0,0,0,0,0,0,1,0,0,0,0,0
WIDGOG,1.0,4.0,40.7298,62.016,49.9714,31.008,219.0,336.0,268.0,168.0,5.0,8.0,6.0,4.0,14.0,24.0,16.0,8.0,2.8733,4.62,3.4358,2.31,314.6646,708.3814,1180.26,1383.7906,1110.0,2692.0,3924.0,3934.0,52.0,110.0,188.0,216.0,298.0,734.0,1024.0,1134.0,19.7044,50.0054,75.7228,84.028,9.2416,7.752,9.2416,7.752,49.0,42.0,49.0,42.0,1.0,1.0,1.0,1.0,2.0,2.0,2.0,0.5625,0.5775,0.5625,0.5775,9.2416,16.2488,31.008,58.1856,49.0,87.5,168.0,168.0,2.0,4.0,8.0,4.0,12.0,27.0,28.0,0.5625,1.1475,2.31,3.105,3.3489,33.3792,48.4584,67.1244,676.0,1092.0,1612.0,2236.0,10.0,14.0,96.0,168.0,264.0,1.5625,5.625,9.575,13.425,399.4731,899.1718,1654.3676,2267.5818,2224.0,5548.0,9154.0,12452.0,63.0,138.0,250.0,338.0,388.0,1030.0,1720.0,2410.0,27.0135,70.4954,118.6194,164.953,0.49,0.0,0.49,1.0,0.0,1.0,-1.0,-1.0,-1.0,-0.02,0.0,-0.02,0.735,1.96,5.18,1.5,4.0,32.0,-2.0,-5.5,2.0,-0.03,-0.08,1.86,-7.26,-8.18,-11.06,114.0,198.0,278.0,20.0,32.0,40.0,3.0,4.84,6.76,0,0,0,0,0,0,0,0,0,0,0,0,0,0,0,0,0,0,0,0,0,0,0,0,0,0,0,0,0,0,0,0,0,0,0,0,0,0,0,0,0,0,0,0,0,0,0,0,0,0,0,0
WIFZUG,1.0,1.0,22.4005,28.662,15.6864,0.0,341.0,276.0,224.0,0.0,3.0,4.0,2.0,0.0,6.0,8.0,2.0,0.0,2.1958,2.7258,1.53,0.0,147.0141,323.493,490.24,583.806,528.0,1236.0,1588.0,1446.0,25.0,52.0,80.0,100.0,132.0,324.0,440.0,442.0,9.7761,23.9932,33.7888,35.5976,9.2416,7.752,7.8432,0.0,49.0,42.0,112.0,0.0,1.0,1.0,0.0,1.0,2.0,1.0,0.0,0.5625,0.5775,0.765,0.0,9.2416,15.504,28.88,21.128,49.0,84.0,98.0,56.0,2.0,4.0,3.0,4.0,12.0,16.0,10.0,0.5625,1.155,1.71,1.1325,3.3489,33.3792,46.665,78.9828,676.0,1092.0,1560.0,2288.0,10.0,18.0,96.0,168.0,204.0,1.5625,5.625,9.625,13.95,636.2063,1418.0544,2362.9108,3268.3896,3470.0,7680.0,11390.0,14560.0,107.0,228.0,374.0,536.0,602.0,1560.0,2380.0,2952.0,45.0585,112.6744,174.3402,228.0404,0.49,0.46,0.0,1.0,-9.0,0.0,-1.0,0.0,0.0,-0.02,-0.27,0.0,0.98,2.66,2.17,2.0,14.0,13.0,-2.0,0.0,1.0,-0.04,0.72,0.74,-7.26,-7.2,-10.22,114.0,200.0,380.0,20.0,32.0,74.0,3.0,4.8,11.34,0,0,0,0,0,0,0,0,0,0,0,0,0,0,0,0,0,0,0,0,0,0,0,0,0,0,0,0,0,0,0,0,0,0,0,0,0,0,0,0,0,0,0,0,0,0,0,0,0,0,0,0
WIGBAP,1.0,1.0,22.4005,28.662,15.6864,0.0,341.0,276.0,224.0,0.0,3.0,4.0,2.0,0.0,6.0,8.0,2.0,0.0,2.1958,2.7258,1.53,0.0,147.0141,323.493,490.24,583.806,528.0,1236.0,1588.0,1446.0,25.0,52.0,80.0,100.0,132.0,324.0,440.0,442.0,9.7761,23.9932,33.7888,35.5976,9.2416,7.752,7.8432,0.0,49.0,42.0,112.0,0.0,1.0,1.0,0.0,1.0,2.0,1.0,0.0,0.5625,0.5775,0.765,0.0,9.2416,15.504,28.88,21.128,49.0,84.0,98.0,56.0,2.0,4.0,3.0,4.0,12.0,16.0,10.0,0.5625,1.155,1.71,1.1325,3.3489,33.3792,46.665,78.9828,676.0,1092.0,1560.0,2288.0,10.0,18.0,96.0,168.0,204.0,1.5625,5.625,9.625,13.95,636.2063,1418.0544,2362.9108,3268.3896,3470.0,7680.0,11390.0,14560.0,107.0,228.0,374.0,536.0,602.0,1560.0,2380.0,2952.0,45.0585,112.6744,174.3402,228.0404,0.49,0.46,0.0,1.0,-9.0,0.0,-1.0,0.0,0.0,-0.02,-0.27,0.0,0.98,2.66,2.17,2.0,14.0,13.0,-2.0,0.0,1.0,-0.04,0.72,0.74,-7.26,-7.2,-10.22,114.0,200.0,380.0,20.0,32.0,74.0,3.0,4.8,11.34,0,0,0,0,0,0,0,0,0,0,0,0,0,0,0,0,0,0,0,0,0,0,0,0,0,0,0,0,0,0,0,0,0,0,0,0,0,0,0,0,0,0,0,0,0,0,0,0,0,0,0,0
XADFEN,3.0,3.0,181.7325,402.2422,623.0264,683.8866,738.0,1708.0,2402.0,2226.0,28.0,60.0,94.0,104.0,154.0,374.0,502.0,492.0,11.8596,29.046,41.8962,42.2816,181.7325,402.2422,623.0264,683.8866,738.0,1708.0,2402.0,2226.0,28.0,60.0,94.0,104.0,154.0,374.0,502.0,492.0,11.8596,29.046,41.8962,42.2816,9.2416,15.504,32.5736,37.5896,49.0,84.0,161.0,129.5,2.0,4.0,5.0,4.0,12.0,21.0,18.0,0.5625,1.155,2.1375,2.1225,9.2416,15.504,31.529867,50.2664,49.0,84.0,165.666667,206.5,2.0,4.0,6.333333,4.0,12.0,23.0,24.666667,0.5625,1.155,2.2525,2.9725,3.3489,33.3792,55.998,78.4338,676.0,1092.0,1872.0,2392.0,12.0,16.0,108.0,216.0,252.0,1.5625,5.625,11.55,14.25,366.8139,871.2428,1635.2968,2256.916,2152.0,5600.0,10018.0,13212.0,57.0,132.0,242.0,336.0,374.0,1036.0,1838.0,2488.0,25.2817,69.342,123.7674,168.6232,0.98,1.445,2.835,2.0,5.0,16.5,-2.0,-2.5,1.0,-0.04,0.15,0.92,0.98,1.788333,2.718333,2.0,4.333333,14.833333,-2.0,-3.5,0.333333,-0.04,-0.003333,0.786667,-7.26,-8.64,-13.58,114.0,240.0,324.0,18.0,36.0,54.0,3.0,5.76,8.6,0,0,0,0,0,0,0,1,0,0,0,0,0,0,0,0,0,0,0,0,0,0,0,0,0,0,0,0,0,0,0,0,0,0,0,1,0,0,0,0,0,0,0,0,0,0,0,0,0,0,0,0
XAMNII,3.0,3.0,168.8746,385.2156,621.0636,675.3132,664.0,1602.0,2256.0,1890.0,26.0,56.0,90.0,102.0,146.0,368.0,528.0,486.0,10.673,26.5828,39.6474,37.6002,168.8746,385.2156,621.0636,675.3132,664.0,1602.0,2256.0,1890.0,26.0,56.0,90.0,102.0,146.0,368.0,528.0,486.0,10.673,26.5828,39.6474,37.6002,9.2416,16.9936,29.944,38.5472,49.0,91.0,133.0,119.0,2.0,4.0,5.0,4.0,12.0,22.0,18.0,0.5625,1.14,2.01,1.9575,9.2416,16.9936,29.944,38.5472,49.0,91.0,133.0,119.0,2.0,4.0,5.0,4.0,12.0,22.0,18.0,0.5625,1.14,2.01,1.9575,3.3489,33.3792,61.3782,89.487,676.0,1092.0,2028.0,2340.0,12.0,20.0,108.0,216.0,300.0,1.5625,5.625,11.4,16.25,341.0981,837.1896,1642.1316,2327.418,2004.0,5388.0,10038.0,12744.0,53.0,124.0,234.0,340.0,358.0,1024.0,1890.0,2544.0,22.9085,64.4156,118.9698,162.6004,0.49,2.31,2.52,1.0,9.0,18.0,-2.0,-3.0,1.0,-0.02,0.32,1.14,0.49,2.31,2.52,1.0,9.0,18.0,-2.0,-3.0,1.0,-0.02,0.32,1.14,-7.26,-11.58,-12.3,114.0,234.0,430.0,18.0,36.0,70.0,3.0,5.88,12.0,0,0,0,0,0,0,0,0,0,0,0,0,0,0,1,0,0,0,0,0,0,0,0,0,0,0,0,0,0,0,0,0,0,0,0,0,0,0,0,0,0,0,0,0,0,0,0,0,0,0,0,0
XAMNII01,3.0,3.0,168.8746,385.2156,621.0636,675.3132,664.0,1602.0,2256.0,1890.0,26.0,56.0,90.0,102.0,146.0,368.0,528.0,486.0,10.673,26.5828,39.6474,37.6002,168.8746,385.2156,621.0636,675.3132,664.0,1602.0,2256.0,1890.0,26.0,56.0,90.0,102.0,146.0,368.0,528.0,486.0,10.673,26.5828,39.6474,37.6002,9.2416,16.9936,29.944,38.5472,49.0,91.0,133.0,119.0,2.0,4.0,5.0,4.0,12.0,22.0,18.0,0.5625,1.14,2.01,1.9575,9.2416,16.9936,29.944,38.5472,49.0,91.0,133.0,119.0,2.0,4.0,5.0,4.0,12.0,22.0,18.0,0.5625,1.14,2.01,1.9575,3.3489,33.3792,61.3782,89.487,676.0,1092.0,2028.0,2340.0,12.0,20.0,108.0,216.0,300.0,1.5625,5.625,11.4,16.25,341.0981,837.1896,1642.1316,2327.418,2004.0,5388.0,10038.0,12744.0,53.0,124.0,234.0,340.0,358.0,1024.0,1890.0,2544.0,22.9085,64.4156,118.9698,162.6004,0.49,2.31,2.52,1.0,9.0,18.0,-2.0,-3.0,1.0,-0.02,0.32,1.14,0.49,2.31,2.52,1.0,9.0,18.0,-2.0,-3.0,1.0,-0.02,0.32,1.14,-7.26,-11.58,-12.3,114.0,234.0,430.0,18.0,36.0,70.0,3.0,5.88,12.0,0,0,0,0,0,0,0,0,0,0,0,0,0,0,1,0,0,0,0,0,0,0,0,0,0,0,0,0,0,0,0,0,0,0,0,0,0,0,0,0,0,0,0,0,0,0,0,0,0,0,0,0
XECMIB01,2.0,1.5,261.6632,589.101,917.416,1152.4792,980.0,2352.0,3244.0,3346.0,44.0,94.0,148.0,192.0,242.0,606.0,860.0,932.0,17.8188,44.5214,65.3588,73.9788,142.03185,308.8815,466.5512,576.2396,660.5,1314.0,1734.0,1673.0,23.5,49.0,75.0,96.0,124.0,307.0,431.0,466.0,10.0073,23.6236,33.4444,36.9894,9.2416,15.504,29.944,37.0576,49.0,84.0,133.0,112.0,2.0,4.0,5.0,4.0,12.0,20.0,16.0,0.5625,1.155,2.01,1.9725,9.2416,11.628,18.8936,22.9368,49.0,63.0,122.5,94.5,1.5,2.5,3.0,2.5,7.0,10.5,13.0,0.5625,0.86625,1.3875,1.425,3.3489,33.3792,46.665,62.8788,676.0,1092.0,1560.0,2184.0,10.0,14.0,96.0,168.0,180.0,1.5625,5.625,9.625,12.1,571.4763,1302.2844,2236.7828,3106.9336,3318.0,7440.0,11526.0,14728.0,95.0,208.0,350.0,500.0,558.0,1476.0,2356.0,2940.0,41.5917,105.7444,169.9026,223.0376,0.98,2.31,3.01,2.0,9.0,19.0,-2.0,-2.0,2.0,-0.04,0.32,1.12,0.735,1.385,1.575,1.5,0.0,7.5,-1.5,-1.0,-0.5,-0.03,0.025,0.35,-7.26,-7.2,-8.74,114.0,200.0,280.0,20.0,32.0,54.0,3.0,4.8,7.82,0,0,0,0,0,0,0,0,0,0,0,0,0,0,0,0,0,0,0,0,0,0,0,0,0,0,0,0,0,0,0,0,0,0,0,0,0,0,0,0,0,0,0,0,0,0,1,0,0,0,0,0
XECMIB02,2.0,1.5,261.6632,589.101,917.416,1152.4792,980.0,2352.0,3244.0,3346.0,44.0,94.0,148.0,192.0,242.0,606.0,860.0,932.0,17.8188,44.5214,65.3588,73.9788,142.03185,308.8815,466.5512,576.2396,660.5,1314.0,1734.0,1673.0,23.5,49.0,75.0,96.0,124.0,307.0,431.0,466.0,10.0073,23.6236,33.4444,36.9894,9.2416,15.504,29.944,37.0576,49.0,84.0,133.0,112.0,2.0,4.0,5.0,4.0,12.0,20.0,16.0,0.5625,1.155,2.01,1.9725,9.2416,11.628,18.8936,22.9368,49.0,63.0,122.5,94.5,1.5,2.5,3.0,2.5,7.0,10.5,13.0,0.5625,0.86625,1.3875,1.425,3.3489,33.3792,46.665,62.8788,676.0,1092.0,1560.0,2184.0,10.0,14.0,96.0,168.0,180.0,1.5625,5.625,9.625,12.1,571.4763,1302.2844,2236.7828,3106.9336,3318.0,7440.0,11526.0,14728.0,95.0,208.0,350.0,500.0,558.0,1476.0,2356.0,2940.0,41.5917,105.7444,169.9026,223.0376,0.98,2.31,3.01,2.0,9.0,19.0,-2.0,-2.0,2.0,-0.04,0.32,1.12,0.735,1.385,1.575,1.5,0.0,7.5,-1.5,-1.0,-0.5,-0.03,0.025,0.35,-7.26,-7.2,-8.74,114.0,200.0,280.0,20.0,32.0,54.0,3.0,4.8,7.82,0,0,0,0,0,0,0,0,0,0,0,0,0,0,0,0,0,0,0,0,0,0,0,0,0,0,0,0,0,0,0,0,0,0,0,0,0,0,0,0,0,0,0,0,0,0,1,0,0,0,0,0
XECNAU,2.0,1.5,221.7714,489.6722,738.61,897.0452,858.0,1994.0,2644.0,2582.0,36.0,76.0,116.0,144.0,192.0,470.0,632.0,620.0,14.8388,36.1908,51.1292,54.43,122.08595,259.1671,377.1482,448.5226,599.5,1135.0,1434.0,1291.0,19.5,40.0,59.0,72.0,99.0,239.0,317.0,310.0,8.5173,19.4583,26.3296,27.215,9.2416,15.504,29.944,37.0576,49.0,84.0,133.0,112.0,2.0,4.0,5.0,4.0,12.0,20.0,16.0,0.5625,1.155,2.01,1.9725,9.2416,11.628,18.8936,22.9368,49.0,63.0,122.5,94.5,1.5,2.5,3.0,2.5,7.0,10.5,13.0,0.5625,0.86625,1.3875,1.425,3.3489,33.3792,46.665,62.8788,676.0,1092.0,1560.0,2184.0,10.0,14.0,96.0,168.0,180.0,1.5625,5.625,9.625,12.1,491.6927,1103.4268,1879.1708,2596.0656,3074.0,6724.0,10326.0,13200.0,79.0,172.0,286.0,404.0,458.0,1204.0,1900.0,2316.0,35.6317,89.0832,141.4434,183.94,0.98,2.31,3.01,2.0,9.0,19.0,-2.0,-2.0,2.0,-0.04,0.32,1.12,0.735,1.385,1.575,1.5,0.0,7.5,-1.5,-1.0,-0.5,-0.03,0.025,0.35,-7.26,-7.2,-8.74,114.0,200.0,280.0,20.0,32.0,54.0,3.0,4.8,7.82,0,0,0,0,0,0,0,0,0,0,0,0,0,0,0,0,0,0,0,0,0,0,0,0,0,0,0,0,0,0,0,0,0,0,0,0,0,0,0,0,0,0,0,0,0,0,0,0,0,0,0,0
XECNAU01,2.0,1.5,221.7714,489.6722,738.61,897.0452,858.0,1994.0,2644.0,2582.0,36.0,76.0,116.0,144.0,192.0,470.0,632.0,620.0,14.8388,36.1908,51.1292,54.43,122.08595,259.1671,377.1482,448.5226,599.5,1135.0,1434.0,1291.0,19.5,40.0,59.0,72.0,99.0,239.0,317.0,310.0,8.5173,19.4583,26.3296,27.215,9.2416,15.504,29.944,37.0576,49.0,84.0,133.0,112.0,2.0,4.0,5.0,4.0,12.0,20.0,16.0,0.5625,1.155,2.01,1.9725,9.2416,11.628,18.8936,22.9368,49.0,63.0,122.5,94.5,1.5,2.5,3.0,2.5,7.0,10.5,13.0,0.5625,0.86625,1.3875,1.425,3.3489,33.3792,46.665,62.8788,676.0,1092.0,1560.0,2184.0,10.0,14.0,96.0,168.0,180.0,1.5625,5.625,9.625,12.1,491.6927,1103.4268,1879.1708,2596.0656,3074.0,6724.0,10326.0,13200.0,79.0,172.0,286.0,404.0,458.0,1204.0,1900.0,2316.0,35.6317,89.0832,141.4434,183.94,0.98,2.31,3.01,2.0,9.0,19.0,-2.0,-2.0,2.0,-0.04,0.32,1.12,0.735,1.385,1.575,1.5,0.0,7.5,-1.5,-1.0,-0.5,-0.03,0.025,0.35,-7.26,-7.2,-8.74,114.0,200.0,280.0,20.0,32.0,54.0,3.0,4.8,7.82,0,0,0,0,0,0,0,0,0,0,0,0,0,0,0,0,0,0,0,0,0,0,0,0,0,0,0,0,0,0,0,0,0,0,0,0,0,0,0,0,0,0,0,0,0,0,0,0,0,0,0,0
XEFDER02,3.0,3.0,265.9696,597.8856,1020.7416,1156.1142,892.0,2178.0,3288.0,3378.0,44.0,92.0,162.0,174.0,254.0,620.0,870.0,990.0,15.8732,40.5352,62.1282,68.7666,265.9696,597.8856,1020.7416,1156.1142,892.0,2178.0,3288.0,3378.0,44.0,92.0,162.0,174.0,254.0,620.0,870.0,990.0,15.8732,40.5352,62.1282,68.7666,9.2416,16.9936,31.008,59.6752,49.0,91.0,168.0,175.0,2.0,4.0,8.0,4.0,12.0,28.0,30.0,0.5625,1.14,2.31,3.09,9.2416,16.9936,31.008,59.6752,49.0,91.0,168.0,175.0,2.0,4.0,8.0,4.0,12.0,28.0,30.0,0.5625,1.14,2.31,3.09,3.3489,33.3792,61.3782,93.33,676.0,1092.0,2028.0,3120.0,12.0,20.0,108.0,216.0,408.0,1.5625,5.625,11.4,19.25,535.2881,1262.5296,2441.4876,3296.706,2460.0,6540.0,12102.0,17280.0,89.0,196.0,378.0,484.0,574.0,1528.0,2610.0,3840.0,33.3089,92.3204,163.9314,230.9332,0.49,1.96,4.69,1.0,4.0,31.0,-2.0,-6.0,1.0,-0.02,-0.08,1.88,0.49,1.96,4.69,1.0,4.0,31.0,-2.0,-6.0,1.0,-0.02,-0.08,1.88,-7.26,-11.58,-14.4,114.0,234.0,400.0,18.0,36.0,52.0,3.0,5.88,9.6,0,0,0,0,0,0,0,0,0,0,0,0,0,0,0,1,0,0,0,0,0,0,0,0,0,0,0,0,0,0,0,0,0,0,0,0,0,0,0,0,0,0,0,0,0,0,0,0,0,0,0,0
XEFDER06,3.0,3.0,265.9696,597.8856,1020.7416,1156.1142,892.0,2178.0,3288.0,3378.0,44.0,92.0,162.0,174.0,254.0,620.0,870.0,990.0,15.8732,40.5352,62.1282,68.7666,265.9696,597.8856,1020.7416,1156.1142,892.0,2178.0,3288.0,3378.0,44.0,92.0,162.0,174.0,254.0,620.0,870.0,990.0,15.8732,40.5352,62.1282,68.7666,9.2416,16.9936,31.008,59.6752,49.0,91.0,168.0,175.0,2.0,4.0,8.0,4.0,12.0,28.0,30.0,0.5625,1.14,2.31,3.09,9.2416,16.9936,31.008,59.6752,49.0,91.0,168.0,175.0,2.0,4.0,8.0,4.0,12.0,28.0,30.0,0.5625,1.14,2.31,3.09,3.3489,33.3792,61.3782,93.33,676.0,1092.0,2028.0,3120.0,12.0,20.0,108.0,216.0,408.0,1.5625,5.625,11.4,19.25,535.2881,1262.5296,2441.4876,3296.706,2460.0,6540.0,12102.0,17280.0,89.0,196.0,378.0,484.0,574.0,1528.0,2610.0,3840.0,33.3089,92.3204,163.9314,230.9332,0.49,1.96,4.69,1.0,4.0,31.0,-2.0,-6.0,1.0,-0.02,-0.08,1.88,0.49,1.96,4.69,1.0,4.0,31.0,-2.0,-6.0,1.0,-0.02,-0.08,1.88,-7.26,-11.58,-14.4,114.0,234.0,400.0,18.0,36.0,52.0,3.0,5.88,9.6,0,0,0,0,0,0,0,0,0,0,0,0,0,0,0,1,0,0,0,0,0,0,0,0,0,0,0,0,0,0,0,0,0,0,0,0,0,0,0,0,0,0,0,0,0,0,0,0,0,0,0,0
XENBEX06,3.0,3.0,161.2955,366.0184,568.6464,611.3344,650.0,1552.0,2172.0,1828.0,25.0,54.0,84.0,94.0,138.0,342.0,476.0,424.0,10.5665,26.1046,38.1036,36.1322,161.2955,366.0184,568.6464,611.3344,650.0,1552.0,2172.0,1828.0,25.0,54.0,84.0,94.0,138.0,342.0,476.0,424.0,10.5665,26.1046,38.1036,36.1322,9.2416,16.9936,29.944,30.3696,49.0,91.0,133.0,105.0,2.0,4.0,4.0,4.0,12.0,20.0,14.0,0.5625,1.14,2.01,1.695,9.2416,16.000533,32.639467,46.866667,49.0,86.333333,165.666667,193.666667,2.0,4.0,6.0,4.0,12.0,22.666667,24.666667,0.5625,1.15,2.19,2.84,3.3489,33.3792,59.5848,72.102,676.0,1092.0,1976.0,1976.0,12.0,16.0,108.0,216.0,240.0,1.5625,5.625,11.45,13.4,325.9399,798.7952,1533.7104,2146.8152,1976.0,5288.0,9766.0,11808.0,51.0,120.0,222.0,316.0,342.0,972.0,1782.0,2316.0,22.6955,63.4592,115.9822,154.1444,0.49,2.31,2.17,1.0,9.0,13.0,-2.0,-2.0,1.0,-0.02,0.32,0.74,0.816667,1.423333,2.823333,1.666667,4.333333,14.333333,-2.0,-3.333333,-0.333333,-0.033333,0.08,0.713333,-7.26,-10.6,-10.12,114.0,236.0,340.0,18.0,36.0,56.0,3.0,5.84,9.28,0,0,0,0,0,0,0,0,0,0,0,0,0,0,0,1,0,0,0,0,0,0,0,0,0,0,0,0,0,0,0,0,0,0,0,0,0,0,0,0,0,0,0,0,0,0,0,0,0,0,0,0
XENBEX07,3.0,3.0,161.2955,366.0184,568.6464,611.3344,650.0,1552.0,2172.0,1828.0,25.0,54.0,84.0,94.0,138.0,342.0,476.0,424.0,10.5665,26.1046,38.1036,36.1322,161.2955,366.0184,568.6464,611.3344,650.0,1552.0,2172.0,1828.0,25.0,54.0,84.0,94.0,138.0,342.0,476.0,424.0,10.5665,26.1046,38.1036,36.1322,9.2416,16.9936,29.944,30.3696,49.0,91.0,133.0,105.0,2.0,4.0,4.0,4.0,12.0,20.0,14.0,0.5625,1.14,2.01,1.695,9.2416,16.000533,32.639467,46.866667,49.0,86.333333,165.666667,193.666667,2.0,4.0,6.0,4.0,12.0,22.666667,24.666667,0.5625,1.15,2.19,2.84,3.3489,33.3792,59.5848,72.102,676.0,1092.0,1976.0,1976.0,12.0,16.0,108.0,216.0,240.0,1.5625,5.625,11.45,13.4,325.9399,798.7952,1533.7104,2146.8152,1976.0,5288.0,9766.0,11808.0,51.0,120.0,222.0,316.0,342.0,972.0,1782.0,2316.0,22.6955,63.4592,115.9822,154.1444,0.49,2.31,2.17,1.0,9.0,13.0,-2.0,-2.0,1.0,-0.02,0.32,0.74,0.816667,1.423333,2.823333,1.666667,4.333333,14.333333,-2.0,-3.333333,-0.333333,-0.033333,0.08,0.713333,-7.26,-10.6,-10.12,114.0,236.0,340.0,18.0,36.0,56.0,3.0,5.84,9.28,0,0,0,0,0,0,0,0,0,0,0,0,0,0,0,1,0,0,0,0,0,0,0,0,0,0,0,0,0,0,0,0,0,0,0,0,0,0,0,0,0,0,0,0,0,0,0,0,0,0,0,0
XEVYUS,3.0,3.0,168.8746,385.2156,621.0636,675.3132,664.0,1602.0,2256.0,1890.0,26.0,56.0,90.0,102.0,146.0,368.0,528.0,486.0,10.673,26.5828,39.6474,37.6002,168.8746,385.2156,621.0636,675.3132,664.0,1602.0,2256.0,1890.0,26.0,56.0,90.0,102.0,146.0,368.0,528.0,486.0,10.673,26.5828,39.6474,37.6002,9.2416,16.9936,29.944,38.5472,49.0,91.0,133.0,119.0,2.0,4.0,5.0,4.0,12.0,22.0,18.0,0.5625,1.14,2.01,1.9575,9.2416,16.9936,29.944,38.5472,49.0,91.0,133.0,119.0,2.0,4.0,5.0,4.0,12.0,22.0,18.0,0.5625,1.14,2.01,1.9575,3.3489,33.3792,61.3782,89.487,676.0,1092.0,2028.0,2340.0,12.0,20.0,108.0,216.0,300.0,1.5625,5.625,11.4,16.25,341.0981,837.1896,1642.1316,2327.418,2004.0,5388.0,10038.0,12744.0,53.0,124.0,234.0,340.0,358.0,1024.0,1890.0,2544.0,22.9085,64.4156,118.9698,162.6004,0.49,2.31,2.52,1.0,9.0,18.0,-2.0,-3.0,1.0,-0.02,0.32,1.14,0.49,2.31,2.52,1.0,9.0,18.0,-2.0,-3.0,1.0,-0.02,0.32,1.14,-7.26,-11.58,-12.3,114.0,234.0,430.0,18.0,36.0,70.0,3.0,5.88,12.0,0,0,0,0,0,0,0,0,0,0,0,0,0,0,0,1,0,0,0,0,0,0,0,0,0,0,0,0,0,0,0,0,0,0,0,0,0,0,0,0,0,0,0,0,0,0,0,0,0,0,0,0
XOCFIF,3.0,3.0,273.8505,607.2484,942.4998,1064.6374,1336.0,2824.0,4150.0,3716.0,43.0,92.0,144.0,166.0,236.0,578.0,786.0,760.0,18.8902,45.6472,66.7944,69.2776,273.8505,607.2484,942.4998,1064.6374,1336.0,2824.0,4150.0,3716.0,43.0,92.0,144.0,166.0,236.0,578.0,786.0,760.0,18.8902,45.6472,66.7944,69.2776,9.2416,16.9936,29.944,30.3696,49.0,91.0,133.0,105.0,2.0,4.0,4.0,4.0,12.0,20.0,14.0,0.5625,1.14,2.01,1.695,9.2416,16.000533,32.639467,46.866667,49.0,86.333333,165.666667,193.666667,2.0,4.0,6.0,4.0,12.0,22.666667,24.666667,0.5625,1.15,2.19,2.84,3.3489,33.3792,59.5848,72.102,676.0,1092.0,1976.0,1976.0,12.0,16.0,108.0,216.0,240.0,1.5625,5.625,11.45,13.4,551.0499,1281.2552,2281.4172,3053.4212,3348.0,7832.0,13722.0,15584.0,87.0,196.0,342.0,460.0,538.0,1444.0,2402.0,2988.0,39.3429,102.5444,173.3638,220.4352,0.49,2.31,2.17,1.0,9.0,13.0,-2.0,-2.0,1.0,-0.02,0.32,0.74,0.816667,1.423333,2.823333,1.666667,4.333333,14.333333,-2.0,-3.333333,-0.333333,-0.033333,0.08,0.713333,-7.26,-10.6,-10.12,114.0,236.0,340.0,18.0,36.0,56.0,3.0,5.84,9.28,0,0,0,0,0,0,0,0,0,0,0,0,0,0,0,0,0,0,0,0,0,0,0,1,0,0,0,0,0,0,0,0,1,0,0,0,0,0,0,0,0,0,0,0,0,0,0,0,0,0,0,0
XODCEB,3.0,3.0,250.5205,574.8562,907.9882,1071.3126,1015.0,2452.0,3580.0,3516.0,40.0,88.0,140.0,170.0,228.0,576.0,834.0,842.0,17.18,43.2292,65.1896,69.1214,250.5205,574.8562,907.9882,1071.3126,1015.0,2452.0,3580.0,3516.0,40.0,88.0,140.0,170.0,228.0,576.0,834.0,842.0,17.18,43.2292,65.1896,69.1214,9.2416,16.2488,31.2208,35.3096,49.0,87.5,154.0,161.0,2.0,4.0,4.5,4.0,12.0,21.0,21.0,0.5625,1.1475,2.1525,2.28375,9.2416,15.752267,31.078933,49.5064,49.0,85.166667,163.333333,217.0,2.0,4.0,6.166667,4.0,12.0,23.0,25.666667,0.5625,1.1525,2.2575,3.02625,3.3489,33.3792,57.7914,75.1764,676.0,1092.0,1924.0,2288.0,12.0,16.0,108.0,216.0,252.0,1.5625,5.625,11.5,14.35,504.3899,1216.4708,2208.8072,3055.0452,2706.0,7088.0,12478.0,15724.0,81.0,188.0,334.0,468.0,522.0,1440.0,2502.0,3200.0,35.9225,97.7084,170.2542,222.2028,0.735,1.89,2.065,1.5,6.0,8.5,-2.0,-2.5,-1.5,-0.03,0.13,0.33,0.898333,1.936667,2.461667,1.833333,4.666667,12.166667,-2.0,-3.5,-0.5,-0.036667,-0.01,0.59,-7.26,-9.62,-11.8,114.0,238.0,328.0,18.0,36.0,54.0,3.0,5.8,8.52,0,0,0,0,0,0,0,0,0,0,0,0,0,0,0,0,0,0,0,0,0,0,0,0,0,0,0,0,0,0,0,0,0,0,0,0,0,0,0,0,0,0,0,0,0,0,0,0,0,0,0,0
XUGGEO,4.0,2.0,270.1714,605.704,1056.466,1429.5506,868.0,2116.0,2932.0,3044.0,46.0,96.0,172.0,242.0,268.0,700.0,1016.0,1128.0,16.2078,41.8584,65.2188,76.9738,104.8882,220.907333,362.491333,476.516867,1116.666667,1033.333333,1294.666667,1014.666667,17.333333,34.666667,58.666667,80.666667,93.333333,238.666667,340.0,376.0,7.069933,15.913733,22.8996,25.657933,9.2416,15.504,29.944,43.7456,49.0,84.0,133.0,119.0,2.0,4.0,6.0,4.0,12.0,22.0,20.0,0.5625,1.155,2.01,2.25,9.2416,12.565333,19.608,20.601067,49.0,58.333333,207.666667,81.666667,1.666667,2.666667,2.666667,3.666667,10.333333,14.666667,19.0,0.5625,0.8625,1.435,1.23,3.3489,33.3792,54.717,69.54,676.0,1092.0,1612.0,2912.0,12.0,16.0,108.0,204.0,180.0,1.5625,5.625,10.55,12.375,318.0135,729.4804,1474.156,2329.117,4026.0,5284.0,8578.0,12410.0,53.0,116.0,230.0,376.0,346.0,1000.0,1798.0,2362.0,22.7723,58.9912,106.6738,154.7188,0.98,2.31,3.85,2.0,9.0,25.0,-2.0,-3.0,2.0,-0.04,0.32,1.5,0.933333,1.656667,1.33,3.333333,-11.0,7.0,-0.666667,1.333333,1.666667,0.1,0.086667,0.36,-7.26,-7.94,-8.72,114.0,250.0,304.0,18.0,38.0,66.0,3.0,6.56,10.1,0,0,0,0,0,0,0,0,0,0,0,0,0,0,0,0,0,0,0,0,0,0,0,0,0,0,0,0,0,0,0,0,0,0,0,0,0,0,0,0,0,0,0,0,0,0,0,0,0,0,0,0
XUGGEO01,4.0,2.0,270.1714,605.704,1056.466,1429.5506,868.0,2116.0,2932.0,3044.0,46.0,96.0,172.0,242.0,268.0,700.0,1016.0,1128.0,16.2078,41.8584,65.2188,76.9738,104.8882,220.907333,362.491333,476.516867,1116.666667,1033.333333,1294.666667,1014.666667,17.333333,34.666667,58.666667,80.666667,93.333333,238.666667,340.0,376.0,7.069933,15.913733,22.8996,25.657933,9.2416,15.504,29.944,43.7456,49.0,84.0,133.0,119.0,2.0,4.0,6.0,4.0,12.0,22.0,20.0,0.5625,1.155,2.01,2.25,9.2416,12.565333,19.608,20.601067,49.0,58.333333,207.666667,81.666667,1.666667,2.666667,2.666667,3.666667,10.333333,14.666667,19.0,0.5625,0.8625,1.435,1.23,3.3489,33.3792,54.717,69.54,676.0,1092.0,1612.0,2912.0,12.0,16.0,108.0,204.0,180.0,1.5625,5.625,10.55,12.375,318.0135,729.4804,1474.156,2329.117,4026.0,5284.0,8578.0,12410.0,53.0,116.0,230.0,376.0,346.0,1000.0,1798.0,2362.0,22.7723,58.9912,106.6738,154.7188,0.98,2.31,3.85,2.0,9.0,25.0,-2.0,-3.0,2.0,-0.04,0.32,1.5,0.933333,1.656667,1.33,3.333333,-11.0,7.0,-0.666667,1.333333,1.666667,0.1,0.086667,0.36,-7.26,-7.94,-8.72,114.0,250.0,304.0,18.0,38.0,66.0,3.0,6.56,10.1,0,0,0,0,0,0,0,0,0,0,0,0,0,0,0,0,0,0,0,0,0,0,0,0,0,0,0,0,0,0,0,0,0,0,0,0,0,0,0,0,0,0,0,0,0,0,0,0,0,0,0,0
XUGGEO02,4.0,2.0,270.1714,605.704,1056.466,1429.5506,868.0,2116.0,2932.0,3044.0,46.0,96.0,172.0,242.0,268.0,700.0,1016.0,1128.0,16.2078,41.8584,65.2188,76.9738,104.8882,220.907333,362.491333,476.516867,1116.666667,1033.333333,1294.666667,1014.666667,17.333333,34.666667,58.666667,80.666667,93.333333,238.666667,340.0,376.0,7.069933,15.913733,22.8996,25.657933,9.2416,15.504,29.944,43.7456,49.0,84.0,133.0,119.0,2.0,4.0,6.0,4.0,12.0,22.0,20.0,0.5625,1.155,2.01,2.25,9.2416,12.565333,19.608,20.601067,49.0,58.333333,207.666667,81.666667,1.666667,2.666667,2.666667,3.666667,10.333333,14.666667,19.0,0.5625,0.8625,1.435,1.23,3.3489,33.3792,54.717,69.54,676.0,1092.0,1612.0,2912.0,12.0,16.0,108.0,204.0,180.0,1.5625,5.625,10.55,12.375,318.0135,729.4804,1474.156,2329.117,4026.0,5284.0,8578.0,12410.0,53.0,116.0,230.0,376.0,346.0,1000.0,1798.0,2362.0,22.7723,58.9912,106.6738,154.7188,0.98,2.31,3.85,2.0,9.0,25.0,-2.0,-3.0,2.0,-0.04,0.32,1.5,0.933333,1.656667,1.33,3.333333,-11.0,7.0,-0.666667,1.333333,1.666667,0.1,0.086667,0.36,-7.26,-7.94,-8.72,114.0,250.0,304.0,18.0,38.0,66.0,3.0,6.56,10.1,0,0,0,0,0,0,0,0,0,0,0,0,0,0,0,0,0,0,0,0,0,0,0,0,0,0,0,0,0,0,0,0,0,0,0,0,0,0,0,0,0,0,0,0,0,0,0,0,0,0,0,0
XUGGEO03,4.0,2.0,270.1714,605.704,1056.466,1429.5506,868.0,2116.0,2932.0,3044.0,46.0,96.0,172.0,242.0,268.0,700.0,1016.0,1128.0,16.2078,41.8584,65.2188,76.9738,104.8882,220.907333,362.491333,476.516867,1116.666667,1033.333333,1294.666667,1014.666667,17.333333,34.666667,58.666667,80.666667,93.333333,238.666667,340.0,376.0,7.069933,15.913733,22.8996,25.657933,9.2416,15.504,29.944,43.7456,49.0,84.0,133.0,119.0,2.0,4.0,6.0,4.0,12.0,22.0,20.0,0.5625,1.155,2.01,2.25,9.2416,12.565333,19.608,20.601067,49.0,58.333333,207.666667,81.666667,1.666667,2.666667,2.666667,3.666667,10.333333,14.666667,19.0,0.5625,0.8625,1.435,1.23,3.3489,33.3792,54.717,69.54,676.0,1092.0,1612.0,2912.0,12.0,16.0,108.0,204.0,180.0,1.5625,5.625,10.55,12.375,318.0135,729.4804,1474.156,2329.117,4026.0,5284.0,8578.0,12410.0,53.0,116.0,230.0,376.0,346.0,1000.0,1798.0,2362.0,22.7723,58.9912,106.6738,154.7188,0.98,2.31,3.85,2.0,9.0,25.0,-2.0,-3.0,2.0,-0.04,0.32,1.5,0.933333,1.656667,1.33,3.333333,-11.0,7.0,-0.666667,1.333333,1.666667,0.1,0.086667,0.36,-7.26,-7.94,-8.72,114.0,250.0,304.0,18.0,38.0,66.0,3.0,6.56,10.1,0,0,0,0,0,0,0,0,0,0,0,0,0,0,0,0,0,0,0,0,0,0,0,0,0,0,0,0,0,0,0,0,0,0,0,0,0,0,0,0,0,0,0,0,0,0,0,0,0,0,0,0
XUGGIS,4.0,2.0,270.1714,605.704,1056.466,1429.5506,868.0,2116.0,2932.0,3044.0,46.0,96.0,172.0,242.0,268.0,700.0,1016.0,1128.0,16.2078,41.8584,65.2188,76.9738,104.8882,220.907333,362.491333,476.516867,1116.666667,1033.333333,1294.666667,1014.666667,17.333333,34.666667,58.666667,80.666667,93.333333,238.666667,340.0,376.0,7.069933,15.913733,22.8996,25.657933,9.2416,15.504,29.944,43.7456,49.0,84.0,133.0,119.0,2.0,4.0,6.0,4.0,12.0,22.0,20.0,0.5625,1.155,2.01,2.25,9.2416,12.565333,19.608,20.601067,49.0,58.333333,207.666667,81.666667,1.666667,2.666667,2.666667,3.666667,10.333333,14.666667,19.0,0.5625,0.8625,1.435,1.23,3.3489,33.3792,54.717,69.54,676.0,1092.0,1612.0,2912.0,12.0,16.0,108.0,204.0,180.0,1.5625,5.625,10.55,12.375,318.0135,729.4804,1474.156,2329.117,4026.0,5284.0,8578.0,12410.0,53.0,116.0,230.0,376.0,346.0,1000.0,1798.0,2362.0,22.7723,58.9912,106.6738,154.7188,0.98,2.31,3.85,2.0,9.0,25.0,-2.0,-3.0,2.0,-0.04,0.32,1.5,0.933333,1.656667,1.33,3.333333,-11.0,7.0,-0.666667,1.333333,1.666667,0.1,0.086667,0.36,-7.26,-7.94,-8.72,114.0,250.0,304.0,18.0,38.0,66.0,3.0,6.56,10.1,0,0,0,0,0,0,0,0,0,0,0,0,0,0,0,0,0,0,0,0,0,0,0,0,0,0,0,0,0,0,0,0,0,0,0,0,0,0,0,0,0,0,0,0,0,0,0,0,0,0,0,0
XUGGIS01,4.0,2.0,270.1714,605.704,1056.466,1429.5506,868.0,2116.0,2932.0,3044.0,46.0,96.0,172.0,242.0,268.0,700.0,1016.0,1128.0,16.2078,41.8584,65.2188,76.9738,104.8882,220.907333,362.491333,476.516867,1116.666667,1033.333333,1294.666667,1014.666667,17.333333,34.666667,58.666667,80.666667,93.333333,238.666667,340.0,376.0,7.069933,15.913733,22.8996,25.657933,9.2416,15.504,29.944,43.7456,49.0,84.0,133.0,119.0,2.0,4.0,6.0,4.0,12.0,22.0,20.0,0.5625,1.155,2.01,2.25,9.2416,12.565333,19.608,20.601067,49.0,58.333333,207.666667,81.666667,1.666667,2.666667,2.666667,3.666667,10.333333,14.666667,19.0,0.5625,0.8625,1.435,1.23,3.3489,33.3792,54.717,69.54,676.0,1092.0,1612.0,2912.0,12.0,16.0,108.0,204.0,180.0,1.5625,5.625,10.55,12.375,318.0135,729.4804,1474.156,2329.117,4026.0,5284.0,8578.0,12410.0,53.0,116.0,230.0,376.0,346.0,1000.0,1798.0,2362.0,22.7723,58.9912,106.6738,154.7188,0.98,2.31,3.85,2.0,9.0,25.0,-2.0,-3.0,2.0,-0.04,0.32,1.5,0.933333,1.656667,1.33,3.333333,-11.0,7.0,-0.666667,1.333333,1.666667,0.1,0.086667,0.36,-7.26,-7.94,-8.72,114.0,250.0,304.0,18.0,38.0,66.0,3.0,6.56,10.1,0,0,0,0,0,0,0,0,0,0,0,0,0,0,0,0,0,0,0,0,0,0,0,0,0,0,0,0,0,0,0,0,0,0,0,0,0,0,0,0,0,0,0,0,0,0,0,0,0,0,0,0
XUGGIS02,4.0,2.0,270.1714,605.704,1056.466,1429.5506,868.0,2116.0,2932.0,3044.0,46.0,96.0,172.0,242.0,268.0,700.0,1016.0,1128.0,16.2078,41.8584,65.2188,76.9738,104.8882,220.907333,362.491333,476.516867,1116.666667,1033.333333,1294.666667,1014.666667,17.333333,34.666667,58.666667,80.666667,93.333333,238.666667,340.0,376.0,7.069933,15.913733,22.8996,25.657933,9.2416,15.504,29.944,43.7456,49.0,84.0,133.0,119.0,2.0,4.0,6.0,4.0,12.0,22.0,20.0,0.5625,1.155,2.01,2.25,9.2416,12.565333,19.608,20.601067,49.0,58.333333,207.666667,81.666667,1.666667,2.666667,2.666667,3.666667,10.333333,14.666667,19.0,0.5625,0.8625,1.435,1.23,3.3489,33.3792,54.717,69.54,676.0,1092.0,1612.0,2912.0,12.0,16.0,108.0,204.0,180.0,1.5625,5.625,10.55,12.375,318.0135,729.4804,1474.156,2329.117,4026.0,5284.0,8578.0,12410.0,53.0,116.0,230.0,376.0,346.0,1000.0,1798.0,2362.0,22.7723,58.9912,106.6738,154.7188,0.98,2.31,3.85,2.0,9.0,25.0,-2.0,-3.0,2.0,-0.04,0.32,1.5,0.933333,1.656667,1.33,3.333333,-11.0,7.0,-0.666667,1.333333,1.666667,0.1,0.086667,0.36,-7.26,-7.94,-8.72,114.0,250.0,304.0,18.0,38.0,66.0,3.0,6.56,10.1,0,0,0,0,0,0,0,0,0,0,0,0,0,0,0,0,0,0,0,0,0,0,0,0,0,0,0,0,0,0,0,0,0,0,0,0,0,0,0,0,0,0,0,0,0,0,0,0,0,0,0,0
XUGGUE,4.0,2.0,270.1714,605.704,1056.466,1429.5506,868.0,2116.0,2932.0,3044.0,46.0,96.0,172.0,242.0,268.0,700.0,1016.0,1128.0,16.2078,41.8584,65.2188,76.9738,104.8882,220.907333,362.491333,476.516867,1116.666667,1033.333333,1294.666667,1014.666667,17.333333,34.666667,58.666667,80.666667,93.333333,238.666667,340.0,376.0,7.069933,15.913733,22.8996,25.657933,9.2416,15.504,29.944,43.7456,49.0,84.0,133.0,119.0,2.0,4.0,6.0,4.0,12.0,22.0,20.0,0.5625,1.155,2.01,2.25,9.2416,12.565333,19.608,20.601067,49.0,58.333333,207.666667,81.666667,1.666667,2.666667,2.666667,3.666667,10.333333,14.666667,19.0,0.5625,0.8625,1.435,1.23,3.3489,33.3792,54.717,69.54,676.0,1092.0,1612.0,2912.0,12.0,16.0,108.0,204.0,180.0,1.5625,5.625,10.55,12.375,318.0135,729.4804,1474.156,2329.117,4026.0,5284.0,8578.0,12410.0,53.0,116.0,230.0,376.0,346.0,1000.0,1798.0,2362.0,22.7723,58.9912,106.6738,154.7188,0.98,2.31,3.85,2.0,9.0,25.0,-2.0,-3.0,2.0,-0.04,0.32,1.5,0.933333,1.656667,1.33,3.333333,-11.0,7.0,-0.666667,1.333333,1.666667,0.1,0.086667,0.36,-7.26,-7.94,-8.72,114.0,250.0,304.0,18.0,38.0,66.0,3.0,6.56,10.1,0,0,0,0,0,0,0,0,0,0,0,0,0,0,0,0,0,0,0,0,0,0,0,0,0,0,0,0,0,0,0,0,0,0,0,0,0,0,0,0,0,0,0,0,0,0,0,0,0,0,0,0
XUGHAL,4.0,2.0,270.1714,605.704,1056.466,1429.5506,868.0,2116.0,2932.0,3044.0,46.0,96.0,172.0,242.0,268.0,700.0,1016.0,1128.0,16.2078,41.8584,65.2188,76.9738,104.8882,220.907333,362.491333,476.516867,1116.666667,1033.333333,1294.666667,1014.666667,17.333333,34.666667,58.666667,80.666667,93.333333,238.666667,340.0,376.0,7.069933,15.913733,22.8996,25.657933,9.2416,15.504,29.944,43.7456,49.0,84.0,133.0,119.0,2.0,4.0,6.0,4.0,12.0,22.0,20.0,0.5625,1.155,2.01,2.25,9.2416,12.565333,19.608,20.601067,49.0,58.333333,207.666667,81.666667,1.666667,2.666667,2.666667,3.666667,10.333333,14.666667,19.0,0.5625,0.8625,1.435,1.23,3.3489,33.3792,54.717,69.54,676.0,1092.0,1612.0,2912.0,12.0,16.0,108.0,204.0,180.0,1.5625,5.625,10.55,12.375,318.0135,729.4804,1474.156,2329.117,4026.0,5284.0,8578.0,12410.0,53.0,116.0,230.0,376.0,346.0,1000.0,1798.0,2362.0,22.7723,58.9912,106.6738,154.7188,0.98,2.31,3.85,2.0,9.0,25.0,-2.0,-3.0,2.0,-0.04,0.32,1.5,0.933333,1.656667,1.33,3.333333,-11.0,7.0,-0.666667,1.333333,1.666667,0.1,0.086667,0.36,-7.26,-7.94,-8.72,114.0,250.0,304.0,18.0,38.0,66.0,3.0,6.56,10.1,0,0,0,0,0,0,0,0,0,0,0,0,0,0,0,0,0,0,0,0,0,0,0,0,0,0,0,0,0,0,0,0,0,0,0,0,0,0,0,0,0,0,0,0,0,0,0,0,0,0,0,0
YAGYIP,1.0,1.0,89.4355,186.1626,289.3586,256.1978,1534.0,1098.0,1370.0,1082.0,13.0,26.0,42.0,40.0,68.0,160.0,190.0,138.0,6.0128,12.6304,17.6704,14.1826,89.4355,195.161,315.1074,277.1218,1534.0,1343.0,1902.0,1306.0,13.0,27.0,45.0,43.0,72.0,175.0,227.0,156.0,6.0128,13.4854,19.9579,15.6154,9.2416,16.9936,25.1712,7.752,49.0,91.0,105.0,42.0,2.0,3.0,1.0,4.0,10.0,12.0,8.0,0.5625,1.14,1.4025,0.5775,9.2416,16.9936,25.1712,12.2512,49.0,91.0,105.0,164.5,2.0,3.0,1.5,4.0,10.0,13.0,10.0,0.5625,1.14,1.4025,1.005,3.3489,33.3792,61.3782,90.9144,676.0,1092.0,2028.0,2340.0,12.0,18.0,108.0,180.0,228.0,1.5625,5.625,11.4,14.025,539.9619,1219.7276,2239.1512,2822.3276,9880.0,9752.0,15874.0,17528.0,79.0,172.0,318.0,408.0,490.0,1296.0,1994.0,2312.0,37.6393,90.4524,154.8474,187.2768,0.49,0.84,0.49,1.0,6.0,1.0,-1.0,0.0,-2.0,-0.02,0.38,-0.02,0.49,0.84,0.53,1.0,6.0,-13.0,-1.0,-0.5,-2.0,-0.02,0.38,-0.215,-7.26,-11.58,-16.74,114.0,234.0,378.0,18.0,42.0,70.0,3.0,5.88,11.28,0,0,0,0,0,0,0,0,0,0,0,0,0,0,0,1,0,0,0,0,0,0,0,0,0,0,0,0,0,0,0,0,0,0,0,0,0,0,0,0,0,0,0,0,0,0,0,0,0,0,0,0
YAGYIP01,1.0,1.0,89.4355,186.1626,289.3586,256.1978,1534.0,1098.0,1370.0,1082.0,13.0,26.0,42.0,40.0,68.0,160.0,190.0,138.0,6.0128,12.6304,17.6704,14.1826,89.4355,195.161,315.1074,277.1218,1534.0,1343.0,1902.0,1306.0,13.0,27.0,45.0,43.0,72.0,175.0,227.0,156.0,6.0128,13.4854,19.9579,15.6154,9.2416,16.9936,25.1712,7.752,49.0,91.0,105.0,42.0,2.0,3.0,1.0,4.0,10.0,12.0,8.0,0.5625,1.14,1.4025,0.5775,9.2416,16.9936,25.1712,12.2512,49.0,91.0,105.0,164.5,2.0,3.0,1.5,4.0,10.0,13.0,10.0,0.5625,1.14,1.4025,1.005,3.3489,33.3792,61.3782,90.9144,676.0,1092.0,2028.0,2340.0,12.0,18.0,108.0,180.0,228.0,1.5625,5.625,11.4,14.025,539.9619,1219.7276,2239.1512,2822.3276,9880.0,9752.0,15874.0,17528.0,79.0,172.0,318.0,408.0,490.0,1296.0,1994.0,2312.0,37.6393,90.4524,154.8474,187.2768,0.49,0.84,0.49,1.0,6.0,1.0,-1.0,0.0,-2.0,-0.02,0.38,-0.02,0.49,0.84,0.53,1.0,6.0,-13.0,-1.0,-0.5,-2.0,-0.02,0.38,-0.215,-7.26,-11.58,-16.74,114.0,234.0,378.0,18.0,42.0,70.0,3.0,5.88,11.28,0,0,0,0,0,0,0,0,0,0,0,0,0,0,0,1,0,0,0,0,0,0,0,0,0,0,0,0,0,0,0,0,0,0,0,0,0,0,0,0,0,0,0,0,0,0,0,0,0,0,0,0
YAGYUB,1.0,1.0,87.7495,184.6326,285.1886,251.7338,3118.0,1314.0,1658.0,1406.0,13.0,26.0,42.0,40.0,68.0,160.0,190.0,138.0,6.6732,13.0308,18.4556,14.9574,87.7495,184.6326,285.1886,251.7338,3118.0,1314.0,1658.0,1406.0,13.0,26.0,42.0,40.0,68.0,160.0,190.0,138.0,6.6732,13.0308,18.4556,14.9574,9.2416,16.9936,25.1712,7.752,49.0,91.0,105.0,42.0,2.0,3.0,1.0,4.0,10.0,12.0,8.0,0.5625,1.14,1.4025,0.5775,9.2416,16.9936,25.1712,7.752,49.0,91.0,105.0,42.0,2.0,3.0,1.0,4.0,10.0,12.0,8.0,0.5625,1.14,1.4025,0.5775,3.3489,33.3792,61.3782,90.9144,676.0,1092.0,2028.0,2340.0,12.0,18.0,108.0,180.0,216.0,1.5625,5.625,11.4,14.025,529.8459,1174.554,2111.136,2711.8476,19384.0,10068.0,15474.0,18576.0,79.0,168.0,306.0,396.0,474.0,1236.0,1842.0,2208.0,41.6017,89.4348,150.4086,186.1944,0.49,0.84,0.49,1.0,6.0,1.0,-1.0,0.0,-2.0,-0.02,0.38,-0.02,0.49,0.84,0.49,1.0,6.0,1.0,-1.0,0.0,-2.0,-0.02,0.38,-0.02,-7.26,-11.58,-16.74,114.0,234.0,378.0,18.0,42.0,72.0,3.0,5.88,11.28,0,0,0,0,0,0,0,0,0,0,0,0,0,0,0,1,0,0,0,0,0,0,0,0,0,0,0,0,0,0,0,0,0,0,0,0,0,0,0,0,0,0,0,0,0,0,0,0,0,0,0,0
YAGYUB01,1.0,1.0,87.7495,184.6326,285.1886,251.7338,3118.0,1314.0,1658.0,1406.0,13.0,26.0,42.0,40.0,68.0,160.0,190.0,138.0,6.6732,13.0308,18.4556,14.9574,87.7495,184.6326,285.1886,251.7338,3118.0,1314.0,1658.0,1406.0,13.0,26.0,42.0,40.0,68.0,160.0,190.0,138.0,6.6732,13.0308,18.4556,14.9574,9.2416,16.9936,25.1712,7.752,49.0,91.0,105.0,42.0,2.0,3.0,1.0,4.0,10.0,12.0,8.0,0.5625,1.14,1.4025,0.5775,9.2416,16.9936,25.1712,7.752,49.0,91.0,105.0,42.0,2.0,3.0,1.0,4.0,10.0,12.0,8.0,0.5625,1.14,1.4025,0.5775,3.3489,33.3792,61.3782,90.9144,676.0,1092.0,2028.0,2340.0,12.0,18.0,108.0,180.0,216.0,1.5625,5.625,11.4,14.025,529.8459,1174.554,2111.136,2711.8476,19384.0,10068.0,15474.0,18576.0,79.0,168.0,306.0,396.0,474.0,1236.0,1842.0,2208.0,41.6017,89.4348,150.4086,186.1944,0.49,0.84,0.49,1.0,6.0,1.0,-1.0,0.0,-2.0,-0.02,0.38,-0.02,0.49,0.84,0.49,1.0,6.0,1.0,-1.0,0.0,-2.0,-0.02,0.38,-0.02,-7.26,-11.58,-16.74,114.0,234.0,378.0,18.0,42.0,72.0,3.0,5.88,11.28,0,0,0,0,0,0,0,0,0,0,0,0,0,0,0,1,0,0,0,0,0,0,0,0,0,0,0,0,0,0,0,0,0,0,0,0,0,0,0,0,0,0,0,0,0,0,0,0,0,0,0,0
YAMXAL,6.0,6.0,415.0846,936.666,1619.264,2161.351,1408.0,3456.0,4868.0,5296.0,70.0,148.0,260.0,358.0,408.0,1056.0,1564.0,1864.0,25.8166,66.374,102.9148,124.443,415.0846,936.666,1619.264,2161.351,1408.0,3456.0,4868.0,5296.0,70.0,148.0,260.0,358.0,408.0,1056.0,1564.0,1864.0,25.8166,66.374,102.9148,124.443,9.2416,19.38,47.196,61.2712,49.0,105.0,168.0,227.5,2.5,6.5,8.0,6.5,24.0,39.5,46.0,0.5625,1.44375,2.85375,3.54,9.2416,17.442,38.57,52.5084,49.0,94.5,150.5,173.25,2.25,5.25,7.0,5.25,18.0,30.75,33.0,0.5625,1.299375,2.431875,2.895,3.3489,33.3792,65.331,103.029,676.0,1092.0,2184.0,1924.0,14.0,24.0,120.0,288.0,276.0,1.5625,5.625,13.475,16.1,418.4335,1003.4244,2027.174,3205.233,2084.0,5640.0,10706.0,13694.0,71.0,160.0,318.0,516.0,478.0,1392.0,2636.0,3802.0,27.3791,77.624,146.7398,220.318,1.225,4.235,4.165,2.5,21.5,23.5,-2.5,2.5,4.0,-0.05,1.07,1.28,1.1025,3.2725,4.0075,2.25,15.25,24.25,-2.25,-0.25,3.0,-0.045,0.695,1.39,-7.26,-10.08,-12.38,114.0,280.0,550.0,16.0,36.0,98.0,3.0,6.72,17.12,0,0,0,0,0,0,0,0,0,0,0,0,0,0,0,0,0,0,0,0,0,0,0,1,0,0,0,0,0,0,0,0,0,0,0,0,0,0,0,0,0,0,0,0,0,0,1,0,0,1,0,0
YECMAW,3.0,3.0,319.2137,721.344,1132.0772,1399.422,1262.0,3012.0,4268.0,4608.0,51.0,110.0,172.0,218.0,282.0,702.0,988.0,1088.0,21.3611,53.0222,77.654,88.2502,319.2137,721.344,1132.0772,1399.422,1262.0,3012.0,4268.0,4608.0,51.0,110.0,172.0,218.0,282.0,702.0,988.0,1088.0,21.3611,53.0222,77.654,88.2502,9.2416,15.504,31.4336,36.632,49.0,84.0,140.0,140.0,2.0,4.0,5.0,4.0,12.0,20.0,22.0,0.5625,1.155,1.995,2.2875,9.2416,15.504,33.136,46.968,49.0,84.0,168.0,196.0,2.0,4.0,6.333333,4.0,12.0,22.666667,30.0,0.5625,1.155,2.185,3.0575,3.3489,33.3792,55.998,94.3548,676.0,1092.0,1872.0,2704.0,12.0,20.0,108.0,216.0,312.0,1.5625,5.625,11.55,17.15,641.7763,1509.4464,2653.3984,3793.7616,3200.0,8208.0,13750.0,18992.0,103.0,232.0,398.0,580.0,630.0,1692.0,2806.0,3892.0,44.2847,117.2944,195.283,270.8604,0.98,1.82,3.15,2.0,8.0,15.0,-2.0,-2.0,-1.0,-0.04,0.34,0.7,0.98,1.26,3.803333,2.0,4.0,16.333333,-2.0,-3.333333,-2.333333,-0.04,0.086667,0.673333,-7.26,-8.64,-14.96,114.0,240.0,416.0,18.0,36.0,68.0,3.0,5.76,11.28,0,0,0,0,0,0,0,0,0,0,0,0,0,0,0,0,0,0,0,0,0,0,0,1,0,0,0,0,0,0,0,0,0,0,0,0,1,0,0,0,0,0,0,0,0,0,0,0,0,0,0,0
YELWOC,6.0,6.0,374.1685,824.712,1378.8486,1547.8122,1276.0,2994.0,4068.0,3612.0,61.0,126.0,216.0,246.0,342.0,834.0,1110.0,1152.0,22.1829,55.5342,81.7824,84.8466,374.1685,824.712,1378.8486,1547.8122,1276.0,2994.0,4068.0,3612.0,61.0,126.0,216.0,246.0,342.0,834.0,1110.0,1152.0,22.1829,55.5342,81.7824,84.8466,9.2416,15.504,34.0328,44.4904,49.0,84.0,140.0,122.5,2.0,4.5,6.0,4.0,13.0,23.0,18.0,0.5625,1.155,2.14125,2.2425,9.2416,15.504,34.0328,44.4904,49.0,84.0,140.0,122.5,2.0,4.5,6.0,4.0,13.0,23.0,18.0,0.5625,1.155,2.14125,2.2425,3.3489,33.3792,55.998,94.9221,676.0,1092.0,1872.0,2184.0,12.0,21.0,108.0,234.0,306.0,1.5625,5.625,11.55,15.6375,377.5174,891.4704,1768.0926,2519.4228,1952.0,5178.0,9282.0,12222.0,62.0,138.0,270.0,390.0,408.0,1128.0,1986.0,2886.0,23.7454,66.7842,121.7574,175.1166,0.98,2.485,3.605,2.0,11.5,24.5,-2.5,-2.5,3.0,-0.04,0.52,1.51,0.98,2.485,3.605,2.0,11.5,24.5,-2.5,-2.5,3.0,-0.04,0.52,1.51,-7.26,-8.64,-13.44,114.0,240.0,462.0,18.0,33.0,75.0,3.0,5.76,13.74,0,0,0,0,0,0,0,0,0,0,1,0,0,0,0,0,0,0,0,1,0,0,0,0,0,0,0,0,0,0,0,0,0,0,0,0,0,0,0,0,0,0,0,0,0,0,0,0,0,0,0,0
YELWOC01,6.0,6.0,374.1685,824.712,1378.8486,1547.8122,1276.0,2994.0,4068.0,3612.0,61.0,126.0,216.0,246.0,342.0,834.0,1110.0,1152.0,22.1829,55.5342,81.7824,84.8466,374.1685,824.712,1378.8486,1547.8122,1276.0,2994.0,4068.0,3612.0,61.0,126.0,216.0,246.0,342.0,834.0,1110.0,1152.0,22.1829,55.5342,81.7824,84.8466,9.2416,15.504,34.0328,44.4904,49.0,84.0,140.0,122.5,2.0,4.5,6.0,4.0,13.0,23.0,18.0,0.5625,1.155,2.14125,2.2425,9.2416,15.504,34.0328,44.4904,49.0,84.0,140.0,122.5,2.0,4.5,6.0,4.0,13.0,23.0,18.0,0.5625,1.155,2.14125,2.2425,3.3489,33.3792,55.998,94.9221,676.0,1092.0,1872.0,2184.0,12.0,21.0,108.0,234.0,306.0,1.5625,5.625,11.55,15.6375,377.5174,891.4704,1768.0926,2519.4228,1952.0,5178.0,9282.0,12222.0,62.0,138.0,270.0,390.0,408.0,1128.0,1986.0,2886.0,23.7454,66.7842,121.7574,175.1166,0.98,2.485,3.605,2.0,11.5,24.5,-2.5,-2.5,3.0,-0.04,0.52,1.51,0.98,2.485,3.605,2.0,11.5,24.5,-2.5,-2.5,3.0,-0.04,0.52,1.51,-7.26,-8.64,-13.44,114.0,240.0,462.0,18.0,33.0,75.0,3.0,5.76,13.74,0,0,0,0,0,0,0,0,0,0,1,0,0,0,0,0,0,0,0,1,0,0,0,0,0,0,0,0,0,0,0,0,0,0,0,0,0,0,0,0,0,0,0,0,0,0,0,0,0,0,0,0
YELWUI,6.0,6.0,374.1685,824.712,1378.8486,1547.8122,1276.0,2994.0,4068.0,3612.0,61.0,126.0,216.0,246.0,342.0,834.0,1110.0,1152.0,22.1829,55.5342,81.7824,84.8466,374.1685,824.712,1378.8486,1547.8122,1276.0,2994.0,4068.0,3612.0,61.0,126.0,216.0,246.0,342.0,834.0,1110.0,1152.0,22.1829,55.5342,81.7824,84.8466,9.2416,15.504,34.0328,44.4904,49.0,84.0,140.0,122.5,2.0,4.5,6.0,4.0,13.0,23.0,18.0,0.5625,1.155,2.14125,2.2425,9.2416,15.504,34.0328,44.4904,49.0,84.0,140.0,122.5,2.0,4.5,6.0,4.0,13.0,23.0,18.0,0.5625,1.155,2.14125,2.2425,3.3489,33.3792,55.998,94.9221,676.0,1092.0,1872.0,2184.0,12.0,21.0,108.0,234.0,306.0,1.5625,5.625,11.55,15.6375,377.5174,891.4704,1768.0926,2519.4228,1952.0,5178.0,9282.0,12222.0,62.0,138.0,270.0,390.0,408.0,1128.0,1986.0,2886.0,23.7454,66.7842,121.7574,175.1166,0.98,2.485,3.605,2.0,11.5,24.5,-2.5,-2.5,3.0,-0.04,0.52,1.51,0.98,2.485,3.605,2.0,11.5,24.5,-2.5,-2.5,3.0,-0.04,0.52,1.51,-7.26,-8.64,-13.44,114.0,240.0,462.0,18.0,33.0,75.0,3.0,5.76,13.74,0,0,0,0,0,0,0,0,0,0,0,1,0,0,0,0,0,0,0,1,0,0,0,0,0,0,0,0,0,0,0,0,0,0,0,0,0,0,0,0,0,0,0,0,0,0,0,0,0,0,0,0
YELWUI02,6.0,6.0,374.1685,824.712,1378.8486,1547.8122,1276.0,2994.0,4068.0,3612.0,61.0,126.0,216.0,246.0,342.0,834.0,1110.0,1152.0,22.1829,55.5342,81.7824,84.8466,374.1685,824.712,1378.8486,1547.8122,1276.0,2994.0,4068.0,3612.0,61.0,126.0,216.0,246.0,342.0,834.0,1110.0,1152.0,22.1829,55.5342,81.7824,84.8466,9.2416,15.504,34.0328,44.4904,49.0,84.0,140.0,122.5,2.0,4.5,6.0,4.0,13.0,23.0,18.0,0.5625,1.155,2.14125,2.2425,9.2416,15.504,34.0328,44.4904,49.0,84.0,140.0,122.5,2.0,4.5,6.0,4.0,13.0,23.0,18.0,0.5625,1.155,2.14125,2.2425,3.3489,33.3792,55.998,94.9221,676.0,1092.0,1872.0,2184.0,12.0,21.0,108.0,234.0,306.0,1.5625,5.625,11.55,15.6375,377.5174,891.4704,1768.0926,2519.4228,1952.0,5178.0,9282.0,12222.0,62.0,138.0,270.0,390.0,408.0,1128.0,1986.0,2886.0,23.7454,66.7842,121.7574,175.1166,0.98,2.485,3.605,2.0,11.5,24.5,-2.5,-2.5,3.0,-0.04,0.52,1.51,0.98,2.485,3.605,2.0,11.5,24.5,-2.5,-2.5,3.0,-0.04,0.52,1.51,-7.26,-8.64,-13.44,114.0,240.0,462.0,18.0,33.0,75.0,3.0,5.76,13.74,0,0,0,0,0,0,0,0,0,0,0,1,0,0,0,0,0,0,0,1,0,0,0,0,0,0,0,0,0,0,0,0,0,0,0,0,0,0,0,0,0,0,0,0,0,0,0,0,0,0,0,0
YELXAP,6.0,6.0,374.1685,824.712,1378.8486,1547.8122,1276.0,2994.0,4068.0,3612.0,61.0,126.0,216.0,246.0,342.0,834.0,1110.0,1152.0,22.1829,55.5342,81.7824,84.8466,374.1685,824.712,1378.8486,1547.8122,1276.0,2994.0,4068.0,3612.0,61.0,126.0,216.0,246.0,342.0,834.0,1110.0,1152.0,22.1829,55.5342,81.7824,84.8466,9.2416,15.504,34.0328,44.4904,49.0,84.0,140.0,122.5,2.0,4.5,6.0,4.0,13.0,23.0,18.0,0.5625,1.155,2.14125,2.2425,9.2416,15.504,34.0328,44.4904,49.0,84.0,140.0,122.5,2.0,4.5,6.0,4.0,13.0,23.0,18.0,0.5625,1.155,2.14125,2.2425,3.3489,33.3792,55.998,94.9221,676.0,1092.0,1872.0,2184.0,12.0,21.0,108.0,234.0,306.0,1.5625,5.625,11.55,15.6375,377.5174,891.4704,1768.0926,2519.4228,1952.0,5178.0,9282.0,12222.0,62.0,138.0,270.0,390.0,408.0,1128.0,1986.0,2886.0,23.7454,66.7842,121.7574,175.1166,0.98,2.485,3.605,2.0,11.5,24.5,-2.5,-2.5,3.0,-0.04,0.52,1.51,0.98,2.485,3.605,2.0,11.5,24.5,-2.5,-2.5,3.0,-0.04,0.52,1.51,-7.26,-8.64,-13.44,114.0,240.0,462.0,18.0,33.0,75.0,3.0,5.76,13.74,0,0,0,0,0,0,0,1,0,0,0,0,0,0,0,0,0,0,0,1,0,0,0,0,0,0,0,0,0,0,0,0,0,0,0,0,0,0,0,0,0,0,0,0,0,0,0,0,0,0,0,0
YELXET,6.0,6.0,374.1685,824.712,1378.8486,1547.8122,1276.0,2994.0,4068.0,3612.0,61.0,126.0,216.0,246.0,342.0,834.0,1110.0,1152.0,22.1829,55.5342,81.7824,84.8466,374.1685,824.712,1378.8486,1547.8122,1276.0,2994.0,4068.0,3612.0,61.0,126.0,216.0,246.0,342.0,834.0,1110.0,1152.0,22.1829,55.5342,81.7824,84.8466,9.2416,15.504,34.0328,44.4904,49.0,84.0,140.0,122.5,2.0,4.5,6.0,4.0,13.0,23.0,18.0,0.5625,1.155,2.14125,2.2425,9.2416,15.504,34.0328,44.4904,49.0,84.0,140.0,122.5,2.0,4.5,6.0,4.0,13.0,23.0,18.0,0.5625,1.155,2.14125,2.2425,3.3489,33.3792,55.998,94.9221,676.0,1092.0,1872.0,2184.0,12.0,21.0,108.0,234.0,306.0,1.5625,5.625,11.55,15.6375,377.5174,891.4704,1768.0926,2519.4228,1952.0,5178.0,9282.0,12222.0,62.0,138.0,270.0,390.0,408.0,1128.0,1986.0,2886.0,23.7454,66.7842,121.7574,175.1166,0.98,2.485,3.605,2.0,11.5,24.5,-2.5,-2.5,3.0,-0.04,0.52,1.51,0.98,2.485,3.605,2.0,11.5,24.5,-2.5,-2.5,3.0,-0.04,0.52,1.51,-7.26,-8.64,-13.44,114.0,240.0,462.0,18.0,33.0,75.0,3.0,5.76,13.74,0,0,0,0,0,0,0,0,0,0,0,0,1,0,0,0,0,0,0,1,0,0,0,0,0,0,0,0,0,0,0,0,0,0,0,0,0,0,0,0,0,0,0,0,0,0,0,0,0,0,0,0
YELXET01,6.0,6.0,374.1685,824.712,1378.8486,1547.8122,1276.0,2994.0,4068.0,3612.0,61.0,126.0,216.0,246.0,342.0,834.0,1110.0,1152.0,22.1829,55.5342,81.7824,84.8466,374.1685,824.712,1378.8486,1547.8122,1276.0,2994.0,4068.0,3612.0,61.0,126.0,216.0,246.0,342.0,834.0,1110.0,1152.0,22.1829,55.5342,81.7824,84.8466,9.2416,15.504,34.0328,44.4904,49.0,84.0,140.0,122.5,2.0,4.5,6.0,4.0,13.0,23.0,18.0,0.5625,1.155,2.14125,2.2425,9.2416,15.504,34.0328,44.4904,49.0,84.0,140.0,122.5,2.0,4.5,6.0,4.0,13.0,23.0,18.0,0.5625,1.155,2.14125,2.2425,3.3489,33.3792,55.998,94.9221,676.0,1092.0,1872.0,2184.0,12.0,21.0,108.0,234.0,306.0,1.5625,5.625,11.55,15.6375,377.5174,891.4704,1768.0926,2519.4228,1952.0,5178.0,9282.0,12222.0,62.0,138.0,270.0,390.0,408.0,1128.0,1986.0,2886.0,23.7454,66.7842,121.7574,175.1166,0.98,2.485,3.605,2.0,11.5,24.5,-2.5,-2.5,3.0,-0.04,0.52,1.51,0.98,2.485,3.605,2.0,11.5,24.5,-2.5,-2.5,3.0,-0.04,0.52,1.51,-7.26,-8.64,-13.44,114.0,240.0,462.0,18.0,33.0,75.0,3.0,5.76,13.74,0,0,0,0,0,0,0,0,0,0,0,0,1,0,0,0,0,0,0,1,0,0,0,0,0,0,0,0,0,0,0,0,0,0,0,0,0,0,0,0,0,0,0,0,0,0,0,0,0,0,0,0
YEQKIR,1.0,1.0,101.6964,217.7316,346.9476,356.25,348.0,786.0,1008.0,714.0,16.0,32.0,54.0,58.0,86.0,208.0,268.0,234.0,5.7168,13.77,19.3878,18.1878,101.6964,217.7316,346.9476,356.25,348.0,786.0,1008.0,714.0,16.0,32.0,54.0,58.0,86.0,208.0,268.0,234.0,5.7168,13.77,19.3878,18.1878,9.2416,16.9936,25.1712,7.752,49.0,91.0,105.0,42.0,2.0,3.0,1.0,4.0,10.0,12.0,8.0,0.5625,1.14,1.4025,0.5775,9.2416,16.9936,25.1712,7.752,49.0,91.0,105.0,42.0,2.0,3.0,1.0,4.0,10.0,12.0,8.0,0.5625,1.14,1.4025,0.5775,3.3489,33.3792,61.3782,90.9144,676.0,1092.0,2028.0,2340.0,12.0,18.0,108.0,180.0,216.0,1.5625,5.625,11.4,14.025,613.5273,1373.148,2481.69,3338.9448,2764.0,6900.0,11574.0,14424.0,97.0,204.0,378.0,504.0,582.0,1524.0,2310.0,2784.0,35.8633,93.87,156.0018,205.5768,0.49,0.84,0.49,1.0,6.0,1.0,-1.0,0.0,-2.0,-0.02,0.38,-0.02,0.49,0.84,0.49,1.0,6.0,1.0,-1.0,0.0,-2.0,-0.02,0.38,-0.02,-7.26,-11.58,-16.74,114.0,234.0,378.0,18.0,42.0,72.0,3.0,5.88,11.28,0,0,0,0,0,0,0,0,0,0,0,0,0,0,0,1,0,0,0,0,0,0,0,0,0,0,0,0,0,0,0,0,0,0,0,0,0,0,0,0,0,0,0,0,0,0,0,0,0,0,0,0
YIMYEZ,3.0,3.0,217.4221,491.5506,820.9026,915.7137,778.0,1890.0,2772.0,2634.0,35.0,74.0,126.0,138.0,200.0,494.0,699.0,738.0,13.2731,33.559,50.8878,53.1834,217.4221,491.5506,820.9026,915.7137,778.0,1890.0,2772.0,2634.0,35.0,74.0,126.0,138.0,200.0,494.0,699.0,738.0,13.2731,33.559,50.8878,53.1834,9.2416,16.9936,30.476,49.1112,49.0,91.0,150.5,147.0,2.0,4.0,6.5,4.0,12.0,25.0,24.0,0.5625,1.14,2.16,2.52375,9.2416,16.9936,30.476,49.1112,49.0,91.0,150.5,147.0,2.0,4.0,6.5,4.0,12.0,25.0,24.0,0.5625,1.14,2.16,2.52375,3.3489,33.3792,61.3782,91.4085,676.0,1092.0,2028.0,2730.0,12.0,20.0,108.0,216.0,354.0,1.5625,5.625,11.4,17.75,438.1931,1049.8596,2041.8096,2812.062,2232.0,5964.0,11070.0,15012.0,71.0,160.0,306.0,412.0,466.0,1276.0,2250.0,3192.0,28.1087,78.368,141.4506,196.7668,0.49,2.135,3.605,1.0,6.5,24.5,-2.0,-4.5,1.0,-0.02,0.12,1.51,0.49,2.135,3.605,1.0,6.5,24.5,-2.0,-4.5,1.0,-0.02,0.12,1.51,-7.26,-11.58,-13.35,114.0,234.0,415.0,18.0,36.0,61.0,3.0,5.88,10.8,0,0,0,0,0,0,0,0,0,0,0,0,0,0,0,1,0,0,0,0,0,0,0,0,0,0,0,0,0,0,0,0,0,0,0,0,0,0,0,0,0,0,0,0,0,0,0,0,0,0,0,0
YIMYEZ01,3.0,3.0,217.4221,491.5506,820.9026,915.7137,778.0,1890.0,2772.0,2634.0,35.0,74.0,126.0,138.0,200.0,494.0,699.0,738.0,13.2731,33.559,50.8878,53.1834,217.4221,491.5506,820.9026,915.7137,778.0,1890.0,2772.0,2634.0,35.0,74.0,126.0,138.0,200.0,494.0,699.0,738.0,13.2731,33.559,50.8878,53.1834,9.2416,16.9936,30.476,49.1112,49.0,91.0,150.5,147.0,2.0,4.0,6.5,4.0,12.0,25.0,24.0,0.5625,1.14,2.16,2.52375,9.2416,16.9936,30.476,49.1112,49.0,91.0,150.5,147.0,2.0,4.0,6.5,4.0,12.0,25.0,24.0,0.5625,1.14,2.16,2.52375,3.3489,33.3792,61.3782,91.4085,676.0,1092.0,2028.0,2730.0,12.0,20.0,108.0,216.0,354.0,1.5625,5.625,11.4,17.75,438.1931,1049.8596,2041.8096,2812.062,2232.0,5964.0,11070.0,15012.0,71.0,160.0,306.0,412.0,466.0,1276.0,2250.0,3192.0,28.1087,78.368,141.4506,196.7668,0.49,2.135,3.605,1.0,6.5,24.5,-2.0,-4.5,1.0,-0.02,0.12,1.51,0.49,2.135,3.605,1.0,6.5,24.5,-2.0,-4.5,1.0,-0.02,0.12,1.51,-7.26,-11.58,-13.35,114.0,234.0,415.0,18.0,36.0,61.0,3.0,5.88,10.8,0,0,0,0,0,0,0,0,0,0,0,0,0,0,0,1,0,0,0,0,0,0,0,0,0,0,0,0,0,0,0,0,0,0,0,0,0,0,0,0,0,0,0,0,0,0,0,0,0,0,0,0
YIMYEZ02,3.0,3.0,217.4221,491.5506,820.9026,915.7137,778.0,1890.0,2772.0,2634.0,35.0,74.0,126.0,138.0,200.0,494.0,699.0,738.0,13.2731,33.559,50.8878,53.1834,217.4221,491.5506,820.9026,915.7137,778.0,1890.0,2772.0,2634.0,35.0,74.0,126.0,138.0,200.0,494.0,699.0,738.0,13.2731,33.559,50.8878,53.1834,9.2416,16.9936,30.476,49.1112,49.0,91.0,150.5,147.0,2.0,4.0,6.5,4.0,12.0,25.0,24.0,0.5625,1.14,2.16,2.52375,9.2416,16.9936,30.476,49.1112,49.0,91.0,150.5,147.0,2.0,4.0,6.5,4.0,12.0,25.0,24.0,0.5625,1.14,2.16,2.52375,3.3489,33.3792,61.3782,91.4085,676.0,1092.0,2028.0,2730.0,12.0,20.0,108.0,216.0,354.0,1.5625,5.625,11.4,17.75,438.1931,1049.8596,2041.8096,2812.062,2232.0,5964.0,11070.0,15012.0,71.0,160.0,306.0,412.0,466.0,1276.0,2250.0,3192.0,28.1087,78.368,141.4506,196.7668,0.49,2.135,3.605,1.0,6.5,24.5,-2.0,-4.5,1.0,-0.02,0.12,1.51,0.49,2.135,3.605,1.0,6.5,24.5,-2.0,-4.5,1.0,-0.02,0.12,1.51,-7.26,-11.58,-13.35,114.0,234.0,415.0,18.0,36.0,61.0,3.0,5.88,10.8,0,0,0,0,0,0,0,0,0,0,0,0,0,0,0,1,0,0,0,0,0,0,0,0,0,0,0,0,0,0,0,0,0,0,0,0,0,0,0,0,0,0,0,0,0,0,0,0,0,0,0,0
YIMYID02,3.0,3.0,241.69585,544.7181,920.3076,1027.6977,835.0,2034.0,3015.0,2982.0,39.5,83.0,144.0,156.0,227.0,557.0,789.0,855.0,14.57315,37.0471,56.532,60.9996,241.69585,544.7181,920.3076,1027.6977,835.0,2034.0,3015.0,2982.0,39.5,83.0,144.0,156.0,227.0,557.0,789.0,855.0,14.57315,37.0471,56.532,60.9996,9.2416,16.9936,30.476,49.6432,49.0,91.0,150.5,164.5,2.0,4.0,6.5,4.0,12.0,25.0,27.0,0.5625,1.14,2.16,2.67375,9.2416,16.9936,30.476,49.6432,49.0,91.0,150.5,164.5,2.0,4.0,6.5,4.0,12.0,25.0,27.0,0.5625,1.14,2.16,2.67375,3.3489,33.3792,61.3782,91.4085,676.0,1092.0,2028.0,2730.0,12.0,20.0,108.0,216.0,354.0,1.5625,5.625,11.4,17.75,486.7406,1156.1946,2240.6196,3036.03,2346.0,6252.0,11556.0,15708.0,80.0,178.0,342.0,448.0,520.0,1402.0,2430.0,3444.0,30.7088,85.3442,152.739,212.3992,0.49,2.135,3.43,1.0,6.5,22.0,-2.0,-4.5,-0.5,-0.02,0.12,1.31,0.49,2.135,3.43,1.0,6.5,22.0,-2.0,-4.5,-0.5,-0.02,0.12,1.31,-7.26,-11.58,-13.35,114.0,234.0,415.0,18.0,36.0,61.0,3.0,5.88,10.8,0,0,0,0,0,0,0,0,0,0,0,0,0,0,0,1,0,0,0,0,0,0,0,0,0,0,0,0,0,0,0,0,0,0,0,1,0,0,0,0,0,0,0,0,0,0,0,0,0,0,0,0
YIMYID04,3.0,3.0,241.69585,544.7181,920.3076,1027.6977,835.0,2034.0,3015.0,2982.0,39.5,83.0,144.0,156.0,227.0,557.0,789.0,855.0,14.57315,37.0471,56.532,60.9996,241.69585,544.7181,920.3076,1027.6977,835.0,2034.0,3015.0,2982.0,39.5,83.0,144.0,156.0,227.0,557.0,789.0,855.0,14.57315,37.0471,56.532,60.9996,9.2416,16.9936,30.476,49.6432,49.0,91.0,150.5,164.5,2.0,4.0,6.5,4.0,12.0,25.0,27.0,0.5625,1.14,2.16,2.67375,9.2416,16.9936,30.476,49.6432,49.0,91.0,150.5,164.5,2.0,4.0,6.5,4.0,12.0,25.0,27.0,0.5625,1.14,2.16,2.67375,3.3489,33.3792,61.3782,91.4085,676.0,1092.0,2028.0,2730.0,12.0,20.0,108.0,216.0,354.0,1.5625,5.625,11.4,17.75,486.7406,1156.1946,2240.6196,3036.03,2346.0,6252.0,11556.0,15708.0,80.0,178.0,342.0,448.0,520.0,1402.0,2430.0,3444.0,30.7088,85.3442,152.739,212.3992,0.49,2.135,3.43,1.0,6.5,22.0,-2.0,-4.5,-0.5,-0.02,0.12,1.31,0.49,2.135,3.43,1.0,6.5,22.0,-2.0,-4.5,-0.5,-0.02,0.12,1.31,-7.26,-11.58,-13.35,114.0,234.0,415.0,18.0,36.0,61.0,3.0,5.88,10.8,0,0,0,0,0,0,0,0,0,0,0,0,0,0,0,1,0,0,0,0,0,0,0,0,0,0,0,0,0,0,0,0,0,0,0,1,0,0,0,0,0,0,0,0,0,0,0,0,0,0,0,0
YIMYOJ,3.0,3.0,231.43015,520.0031,869.6726,1008.374,829.0,1988.0,2960.0,3047.0,37.0,78.0,133.0,150.0,211.0,524.0,751.0,825.0,13.9729,35.269,53.8817,58.8736,231.43015,520.0031,869.6726,1008.374,829.0,1988.0,2960.0,3047.0,37.0,78.0,133.0,150.0,211.0,524.0,751.0,825.0,13.9729,35.269,53.8817,58.8736,9.2416,16.9936,30.476,49.6432,49.0,91.0,150.5,164.5,2.0,4.0,6.5,4.0,12.0,25.0,27.0,0.5625,1.14,2.16,2.67375,9.2416,16.9936,30.476,49.6432,49.0,91.0,150.5,164.5,2.0,4.0,6.5,4.0,12.0,25.0,27.0,0.5625,1.14,2.16,2.67375,3.3489,33.3792,61.3782,91.4085,676.0,1092.0,2028.0,2730.0,12.0,20.0,108.0,216.0,354.0,1.5625,5.625,11.4,17.75,466.2092,1106.7646,2139.3496,2997.3826,2334.0,6160.0,11446.0,15838.0,75.0,168.0,320.0,436.0,488.0,1336.0,2354.0,3384.0,29.5083,81.788,147.4384,208.1472,0.49,2.135,3.43,1.0,6.5,22.0,-2.0,-4.5,-0.5,-0.02,0.12,1.31,0.49,2.135,3.43,1.0,6.5,22.0,-2.0,-4.5,-0.5,-0.02,0.12,1.31,-7.26,-11.58,-13.35,114.0,234.0,415.0,18.0,36.0,61.0,3.0,5.88,10.8,0,0,0,0,0,0,0,0,0,0,0,0,0,0,0,1,0,0,0,0,0,0,0,0,0,0,0,0,0,0,0,0,0,0,0,1,0,0,0,0,0,0,0,0,0,0,0,0,0,0,0,0
YIVSEB,2.0,2.0,143.8889,317.2412,506.8254,522.4064,530.0,1238.0,1728.0,1556.0,23.0,48.0,78.0,80.0,126.0,300.0,392.0,388.0,8.9551,22.0228,31.6614,31.2908,143.8889,317.2412,506.8254,522.4064,530.0,1238.0,1728.0,1556.0,23.0,48.0,78.0,80.0,126.0,300.0,392.0,388.0,8.9551,22.0228,31.6614,31.2908,9.2416,15.504,33.9872,44.8096,49.0,84.0,182.0,154.0,2.0,4.0,6.0,4.0,12.0,24.0,24.0,0.5625,1.155,2.28,2.55,9.2416,15.504,30.617867,40.4776,49.0,84.0,141.166667,154.0,2.0,4.0,5.166667,4.0,12.0,20.666667,19.0,0.5625,1.155,2.055,2.30625,3.3489,33.3792,55.998,87.4557,676.0,1092.0,1872.0,2574.0,12.0,18.0,108.0,216.0,288.0,1.5625,5.625,11.55,15.675,435.0156,1018.482,1909.7202,2523.897,2266.0,5898.0,10398.0,14058.0,70.0,156.0,288.0,378.0,444.0,1188.0,2010.0,2790.0,28.4278,77.3184,134.9592,184.2174,0.98,0.98,3.5,2.0,2.0,20.0,-2.0,-4.0,0.0,-0.04,-0.04,1.1,0.98,2.088333,2.391667,2.0,7.833333,14.166667,-2.0,-2.333333,0.833333,-0.04,0.26,0.8,-7.26,-8.64,-14.85,114.0,240.0,369.0,18.0,36.0,60.0,3.0,5.76,9.96,0,0,0,0,0,0,0,0,0,0,0,0,0,0,0,1,0,0,0,0,0,0,0,0,0,0,0,0,0,0,0,0,0,0,0,0,0,0,0,0,0,0,0,0,0,0,0,0,0,0,0,0
YUJBUB,3.0,3.0,217.4221,491.5506,820.9026,914.8212,778.0,1890.0,2772.0,2604.0,35.0,74.0,126.0,138.0,200.0,494.0,696.0,726.0,13.2731,33.559,50.8878,52.8754,217.4221,491.5506,820.9026,914.8212,778.0,1890.0,2772.0,2604.0,35.0,74.0,126.0,138.0,200.0,494.0,696.0,726.0,13.2731,33.559,50.8878,52.8754,9.2416,16.9936,31.008,58.6112,49.0,91.0,168.0,140.0,2.0,4.0,8.0,4.0,12.0,28.0,24.0,0.5625,1.14,2.31,2.79,9.2416,16.9936,30.476,49.1112,49.0,91.0,150.5,147.0,2.0,4.0,6.5,4.0,12.0,25.0,24.0,0.5625,1.14,2.16,2.52375,3.3489,33.3792,61.3782,92.049,676.0,1092.0,2028.0,2860.0,12.0,20.0,108.0,216.0,372.0,1.5625,5.625,11.4,18.25,438.1931,1049.8596,2041.8096,2811.558,2232.0,5964.0,11070.0,15212.0,71.0,160.0,306.0,412.0,466.0,1276.0,2250.0,3204.0,28.1087,78.368,141.4506,197.1508,0.49,1.96,5.04,1.0,4.0,36.0,-2.0,-6.0,4.0,-0.02,-0.08,2.28,0.49,2.135,3.605,1.0,6.5,24.5,-2.0,-4.5,1.0,-0.02,0.12,1.51,-7.26,-11.58,-13.7,114.0,234.0,410.0,18.0,36.0,58.0,3.0,5.88,10.4,0,0,0,0,0,0,0,0,0,0,0,0,0,0,0,1,0,0,0,0,0,0,0,0,0,0,0,0,0,0,0,0,0,0,0,0,0,0,0,0,0,0,0,0,0,0,0,0,0,0,0,0
YUJBUB01,3.0,3.0,217.4221,491.5506,820.9026,914.8212,778.0,1890.0,2772.0,2604.0,35.0,74.0,126.0,138.0,200.0,494.0,696.0,726.0,13.2731,33.559,50.8878,52.8754,217.4221,491.5506,820.9026,914.8212,778.0,1890.0,2772.0,2604.0,35.0,74.0,126.0,138.0,200.0,494.0,696.0,726.0,13.2731,33.559,50.8878,52.8754,9.2416,16.9936,31.008,58.6112,49.0,91.0,168.0,140.0,2.0,4.0,8.0,4.0,12.0,28.0,24.0,0.5625,1.14,2.31,2.79,9.2416,16.9936,30.476,49.1112,49.0,91.0,150.5,147.0,2.0,4.0,6.5,4.0,12.0,25.0,24.0,0.5625,1.14,2.16,2.52375,3.3489,33.3792,61.3782,92.049,676.0,1092.0,2028.0,2860.0,12.0,20.0,108.0,216.0,372.0,1.5625,5.625,11.4,18.25,438.1931,1049.8596,2041.8096,2811.558,2232.0,5964.0,11070.0,15212.0,71.0,160.0,306.0,412.0,466.0,1276.0,2250.0,3204.0,28.1087,78.368,141.4506,197.1508,0.49,1.96,5.04,1.0,4.0,36.0,-2.0,-6.0,4.0,-0.02,-0.08,2.28,0.49,2.135,3.605,1.0,6.5,24.5,-2.0,-4.5,1.0,-0.02,0.12,1.51,-7.26,-11.58,-13.7,114.0,234.0,410.0,18.0,36.0,58.0,3.0,5.88,10.4,0,0,0,0,0,0,0,0,0,0,0,0,0,0,0,1,0,0,0,0,0,0,0,0,0,0,0,0,0,0,0,0,0,0,0,0,0,0,0,0,0,0,0,0,0,0,0,0,0,0,0,0
YUYHOR,4.0,2.0,215.1214,473.359,775.3,944.8776,718.0,1684.0,2164.0,2058.0,36.0,74.0,124.0,158.0,198.0,492.0,656.0,678.0,13.0148,32.5106,47.2396,50.907,94.6576,193.010333,308.502133,341.7112,314.666667,677.333333,796.0,714.0,16.0,31.333333,50.666667,56.666667,82.0,193.333333,236.0,230.0,5.864,13.737533,18.283733,18.079,9.2416,15.504,29.944,43.7456,49.0,84.0,133.0,119.0,2.0,4.0,6.0,4.0,12.0,22.0,20.0,0.5625,1.155,2.01,2.25,9.2416,12.565333,18.219733,26.579733,49.0,58.333333,60.666667,65.333333,1.666667,2.666667,3.666667,3.666667,10.333333,13.666667,12.0,0.5625,0.8625,1.18,1.3075,3.3489,33.3792,54.717,66.3924,676.0,1092.0,1612.0,1144.0,12.0,16.0,108.0,204.0,180.0,1.5625,5.625,10.55,10.6,287.3217,645.7894,1312.1884,1918.4048,1620.0,4216.0,7082.0,7972.0,49.0,106.0,206.0,304.0,312.0,864.0,1486.0,1900.0,19.1545,52.4626,92.8262,128.432,0.98,2.31,3.85,2.0,9.0,25.0,-2.0,-3.0,2.0,-0.04,0.32,1.5,0.933333,2.113333,2.403333,3.333333,10.0,16.333333,-0.666667,0.333333,1.666667,0.1,0.426667,1.006667,-7.26,-7.94,-7.0,114.0,250.0,372.0,18.0,38.0,66.0,3.0,6.56,11.52,0,0,0,0,0,0,0,0,0,0,0,0,0,0,0,0,0,0,0,0,0,0,0,0,0,0,0,0,0,0,0,0,0,0,0,0,0,0,0,0,0,0,0,0,0,0,0,0,0,0,0,0
YUYHOR01,4.0,2.0,215.1214,473.359,775.3,944.8776,718.0,1684.0,2164.0,2058.0,36.0,74.0,124.0,158.0,198.0,492.0,656.0,678.0,13.0148,32.5106,47.2396,50.907,94.6576,193.010333,308.502133,341.7112,314.666667,677.333333,796.0,714.0,16.0,31.333333,50.666667,56.666667,82.0,193.333333,236.0,230.0,5.864,13.737533,18.283733,18.079,9.2416,15.504,29.944,43.7456,49.0,84.0,133.0,119.0,2.0,4.0,6.0,4.0,12.0,22.0,20.0,0.5625,1.155,2.01,2.25,9.2416,12.565333,18.219733,26.579733,49.0,58.333333,60.666667,65.333333,1.666667,2.666667,3.666667,3.666667,10.333333,13.666667,12.0,0.5625,0.8625,1.18,1.3075,3.3489,33.3792,54.717,66.3924,676.0,1092.0,1612.0,1144.0,12.0,16.0,108.0,204.0,180.0,1.5625,5.625,10.55,10.6,287.3217,645.7894,1312.1884,1918.4048,1620.0,4216.0,7082.0,7972.0,49.0,106.0,206.0,304.0,312.0,864.0,1486.0,1900.0,19.1545,52.4626,92.8262,128.432,0.98,2.31,3.85,2.0,9.0,25.0,-2.0,-3.0,2.0,-0.04,0.32,1.5,0.933333,2.113333,2.403333,3.333333,10.0,16.333333,-0.666667,0.333333,1.666667,0.1,0.426667,1.006667,-7.26,-7.94,-7.0,114.0,250.0,372.0,18.0,38.0,66.0,3.0,6.56,11.52,0,0,0,0,0,0,0,0,0,0,0,0,0,0,0,0,0,0,0,0,0,0,0,0,0,0,0,0,0,0,0,0,0,0,0,0,0,0,0,0,0,0,0,0,0,0,0,0,0,0,0,0
YUZTIX,3.0,3.0,217.5696,495.7114,775.3264,873.7434,882.0,2116.0,2992.0,2766.0,34.0,74.0,116.0,136.0,190.0,474.0,676.0,668.0,14.5042,36.053,53.2892,54.7976,217.5696,495.7114,775.3264,873.7434,882.0,2116.0,2992.0,2766.0,34.0,74.0,116.0,136.0,190.0,474.0,676.0,668.0,14.5042,36.053,53.2892,54.7976,9.2416,16.9936,29.944,30.3696,49.0,91.0,133.0,105.0,2.0,4.0,4.0,4.0,12.0,20.0,14.0,0.5625,1.14,2.01,1.695,9.2416,16.000533,32.639467,46.866667,49.0,86.333333,165.666667,193.666667,2.0,4.0,6.0,4.0,12.0,22.666667,24.666667,0.5625,1.15,2.19,2.84,3.3489,33.3792,59.5848,72.102,676.0,1092.0,1976.0,1976.0,12.0,16.0,108.0,216.0,240.0,1.5625,5.625,11.45,13.4,438.4881,1058.1812,1947.0704,2671.6332,2440.0,6416.0,11406.0,13684.0,69.0,160.0,286.0,400.0,446.0,1236.0,2182.0,2804.0,30.5709,83.356,146.3534,191.4752,0.49,2.31,2.17,1.0,9.0,13.0,-2.0,-2.0,1.0,-0.02,0.32,0.74,0.816667,1.423333,2.823333,1.666667,4.333333,14.333333,-2.0,-3.333333,-0.333333,-0.033333,0.08,0.713333,-7.26,-10.6,-10.12,114.0,236.0,340.0,18.0,36.0,56.0,3.0,5.84,9.28,0,0,0,0,0,0,0,0,0,0,0,0,0,0,0,0,0,0,0,0,0,0,0,1,0,0,0,0,0,0,0,0,0,0,0,0,0,0,0,0,0,0,0,0,0,0,0,0,0,0,0,0
YUZTOD,3.0,3.0,217.5696,495.7114,775.3264,873.7434,882.0,2116.0,2992.0,2766.0,34.0,74.0,116.0,136.0,190.0,474.0,676.0,668.0,14.5042,36.053,53.2892,54.7976,217.5696,495.7114,775.3264,873.7434,882.0,2116.0,2992.0,2766.0,34.0,74.0,116.0,136.0,190.0,474.0,676.0,668.0,14.5042,36.053,53.2892,54.7976,9.2416,16.9936,29.944,30.3696,49.0,91.0,133.0,105.0,2.0,4.0,4.0,4.0,12.0,20.0,14.0,0.5625,1.14,2.01,1.695,9.2416,16.000533,32.639467,46.866667,49.0,86.333333,165.666667,193.666667,2.0,4.0,6.0,4.0,12.0,22.666667,24.666667,0.5625,1.15,2.19,2.84,3.3489,33.3792,59.5848,72.102,676.0,1092.0,1976.0,1976.0,12.0,16.0,108.0,216.0,240.0,1.5625,5.625,11.45,13.4,438.4881,1058.1812,1947.0704,2671.6332,2440.0,6416.0,11406.0,13684.0,69.0,160.0,286.0,400.0,446.0,1236.0,2182.0,2804.0,30.5709,83.356,146.3534,191.4752,0.49,2.31,2.17,1.0,9.0,13.0,-2.0,-2.0,1.0,-0.02,0.32,0.74,0.816667,1.423333,2.823333,1.666667,4.333333,14.333333,-2.0,-3.333333,-0.333333,-0.033333,0.08,0.713333,-7.26,-10.6,-10.12,114.0,236.0,340.0,18.0,36.0,56.0,3.0,5.84,9.28,0,0,0,0,0,0,0,0,0,0,0,0,0,0,0,1,0,0,0,0,0,0,0,0,0,0,0,0,0,0,0,0,0,0,0,0,0,0,0,0,0,0,0,0,0,0,0,0,0,0,0,0
YUZTUJ,3.0,3.0,217.5696,495.7114,775.3264,873.7434,882.0,2116.0,2992.0,2766.0,34.0,74.0,116.0,136.0,190.0,474.0,676.0,668.0,14.5042,36.053,53.2892,54.7976,219.9896,502.3994,786.5464,894.6434,882.5,2123.0,3004.0,2780.0,34.5,75.0,118.0,140.0,193.0,483.0,690.0,683.0,14.57265,36.3305,53.859,55.6412,9.2416,16.9936,29.944,30.3696,49.0,91.0,133.0,105.0,2.0,4.0,4.0,4.0,12.0,20.0,14.0,0.5625,1.14,2.01,1.695,9.2416,16.000533,32.639467,46.866667,49.0,86.333333,165.666667,193.666667,2.0,4.0,6.0,4.0,12.0,22.666667,24.666667,0.5625,1.15,2.19,2.84,3.3489,33.3792,59.5848,72.102,676.0,1092.0,1976.0,1976.0,12.0,16.0,108.0,216.0,240.0,1.5625,5.625,11.45,13.4,443.3281,1071.5572,1969.5104,2713.4332,2441.0,6430.0,11430.0,13712.0,70.0,162.0,290.0,408.0,452.0,1254.0,2210.0,2834.0,30.7078,83.911,147.493,193.1624,0.49,2.31,2.17,1.0,9.0,13.0,-2.0,-2.0,1.0,-0.02,0.32,0.74,0.816667,1.423333,2.823333,1.666667,4.333333,14.333333,-2.0,-3.333333,-0.333333,-0.033333,0.08,0.713333,-7.26,-10.6,-10.12,114.0,236.0,340.0,18.0,36.0,56.0,3.0,5.84,9.28,0,0,0,0,0,0,0,0,0,0,0,0,0,0,0,1,0,0,0,0,0,0,0,0,0,0,0,0,0,0,0,0,0,0,0,1,0,0,0,0,0,0,0,0,0,0,0,0,0,1,0,0
ZEQMEP02,3.0,3.0,265.9696,597.8856,1020.7416,1156.1142,892.0,2178.0,3288.0,3378.0,44.0,92.0,162.0,174.0,254.0,620.0,870.0,990.0,15.8732,40.5352,62.1282,68.7666,265.9696,597.8856,1020.7416,1156.1142,892.0,2178.0,3288.0,3378.0,44.0,92.0,162.0,174.0,254.0,620.0,870.0,990.0,15.8732,40.5352,62.1282,68.7666,9.2416,16.9936,31.008,59.6752,49.0,91.0,168.0,175.0,2.0,4.0,8.0,4.0,12.0,28.0,30.0,0.5625,1.14,2.31,3.09,9.2416,16.9936,31.008,59.6752,49.0,91.0,168.0,175.0,2.0,4.0,8.0,4.0,12.0,28.0,30.0,0.5625,1.14,2.31,3.09,3.3489,33.3792,61.3782,93.33,676.0,1092.0,2028.0,3120.0,12.0,20.0,108.0,216.0,408.0,1.5625,5.625,11.4,19.25,535.2881,1262.5296,2441.4876,3296.706,2460.0,6540.0,12102.0,17280.0,89.0,196.0,378.0,484.0,574.0,1528.0,2610.0,3840.0,33.3089,92.3204,163.9314,230.9332,0.49,1.96,4.69,1.0,4.0,31.0,-2.0,-6.0,1.0,-0.02,-0.08,1.88,0.49,1.96,4.69,1.0,4.0,31.0,-2.0,-6.0,1.0,-0.02,-0.08,1.88,-7.26,-11.58,-14.4,114.0,234.0,400.0,18.0,36.0,52.0,3.0,5.88,9.6,0,0,0,0,0,0,0,0,0,0,0,0,0,0,0,0,0,0,0,0,0,0,0,1,0,0,0,0,0,0,0,0,0,0,0,0,0,0,0,0,0,0,0,0,0,0,0,0,0,0,0,0
ZIKKUC,3.0,3.0,232.6755,539.302,862.8604,1034.1928,942.0,2296.0,3436.0,3388.0,37.0,82.0,132.0,162.0,214.0,546.0,804.0,812.0,15.8573,40.2722,61.6324,65.8158,283.3766,645.7602,1030.5292,1202.4466,1118.0,2682.0,3898.0,4012.0,45.0,98.0,158.0,188.0,256.0,640.0,922.0,974.0,18.7165,47.1722,71.0658,77.3964,9.2416,15.504,32.4976,45.8736,49.0,84.0,175.0,189.0,2.0,4.0,6.0,4.0,12.0,24.0,26.0,0.5625,1.155,2.295,2.85,9.2416,16.000533,30.653333,48.710933,49.0,86.333333,156.333333,212.333333,2.0,4.0,6.0,4.0,12.0,22.666667,26.0,0.5625,1.15,2.21,2.925,3.3489,33.3792,57.7914,75.1764,676.0,1092.0,1924.0,2288.0,12.0,16.0,108.0,216.0,264.0,1.5625,5.625,11.5,14.35,570.1021,1358.2788,2453.8892,3317.3132,2912.0,7548.0,13114.0,16716.0,91.0,208.0,370.0,504.0,578.0,1568.0,2682.0,3496.0,38.9955,105.5944,182.0066,238.7528,0.98,1.47,3.15,2.0,3.0,15.0,-2.0,-4.0,-1.0,-0.04,-0.06,0.7,0.816667,2.076667,2.216667,1.666667,5.666667,11.666667,-2.0,-3.333333,-1.0,-0.033333,0.053333,0.6,-7.26,-9.62,-11.8,114.0,238.0,328.0,18.0,36.0,52.0,3.0,5.8,8.52,0,0,0,0,0,0,0,0,0,0,0,0,0,0,0,0,0,0,0,0,0,0,0,1,0,0,0,0,0,0,0,0,0,0,0,0,1,0,0,0,0,0,0,0,0,0,0,0,0,0,0,0
ZIKKUC04,3.0,3.0,232.6755,539.302,862.8604,1034.1928,942.0,2296.0,3436.0,3388.0,37.0,82.0,132.0,162.0,214.0,546.0,804.0,812.0,15.8573,40.2722,61.6324,65.8158,283.3766,645.7602,1030.5292,1202.4466,1118.0,2682.0,3898.0,4012.0,45.0,98.0,158.0,188.0,256.0,640.0,922.0,974.0,18.7165,47.1722,71.0658,77.3964,9.2416,15.504,32.4976,45.8736,49.0,84.0,175.0,189.0,2.0,4.0,6.0,4.0,12.0,24.0,26.0,0.5625,1.155,2.295,2.85,9.2416,16.000533,30.653333,48.710933,49.0,86.333333,156.333333,212.333333,2.0,4.0,6.0,4.0,12.0,22.666667,26.0,0.5625,1.15,2.21,2.925,3.3489,33.3792,57.7914,75.1764,676.0,1092.0,1924.0,2288.0,12.0,16.0,108.0,216.0,264.0,1.5625,5.625,11.5,14.35,570.1021,1358.2788,2453.8892,3317.3132,2912.0,7548.0,13114.0,16716.0,91.0,208.0,370.0,504.0,578.0,1568.0,2682.0,3496.0,38.9955,105.5944,182.0066,238.7528,0.98,1.47,3.15,2.0,3.0,15.0,-2.0,-4.0,-1.0,-0.04,-0.06,0.7,0.816667,2.076667,2.216667,1.666667,5.666667,11.666667,-2.0,-3.333333,-1.0,-0.033333,0.053333,0.6,-7.26,-9.62,-11.8,114.0,238.0,328.0,18.0,36.0,52.0,3.0,5.8,8.52,0,0,0,0,0,0,0,0,0,0,0,0,0,0,0,0,0,0,0,0,0,0,0,1,0,0,0,0,0,0,0,0,0,0,0,0,1,0,0,0,0,0,0,0,0,0,0,0,0,0,0,0
ZIKMAK05,3.0,3.0,232.6755,539.302,862.8604,1034.1928,942.0,2296.0,3436.0,3388.0,37.0,82.0,132.0,162.0,214.0,546.0,804.0,812.0,15.8573,40.2722,61.6324,65.8158,283.3766,645.7602,1030.5292,1202.4466,1118.0,2682.0,3898.0,4012.0,45.0,98.0,158.0,188.0,256.0,640.0,922.0,974.0,18.7165,47.1722,71.0658,77.3964,9.2416,15.504,32.4976,45.8736,49.0,84.0,175.0,189.0,2.0,4.0,6.0,4.0,12.0,24.0,26.0,0.5625,1.155,2.295,2.85,9.2416,16.000533,30.653333,48.710933,49.0,86.333333,156.333333,212.333333,2.0,4.0,6.0,4.0,12.0,22.666667,26.0,0.5625,1.15,2.21,2.925,3.3489,33.3792,57.7914,75.1764,676.0,1092.0,1924.0,2288.0,12.0,16.0,108.0,216.0,264.0,1.5625,5.625,11.5,14.35,570.1021,1358.2788,2453.8892,3317.3132,2912.0,7548.0,13114.0,16716.0,91.0,208.0,370.0,504.0,578.0,1568.0,2682.0,3496.0,38.9955,105.5944,182.0066,238.7528,0.98,1.47,3.15,2.0,3.0,15.0,-2.0,-4.0,-1.0,-0.04,-0.06,0.7,0.816667,2.076667,2.216667,1.666667,5.666667,11.666667,-2.0,-3.333333,-1.0,-0.033333,0.053333,0.6,-7.26,-9.62,-11.8,114.0,238.0,328.0,18.0,36.0,52.0,3.0,5.8,8.52,0,0,0,0,0,0,0,0,0,0,0,0,0,0,0,0,0,0,0,0,0,0,0,1,0,0,0,0,0,0,0,0,0,0,0,0,0,0,0,0,0,0,0,0,0,0,0,0,0,0,0,0
ZIKMAK09,3.0,3.0,232.6755,539.302,862.8604,1034.1928,942.0,2296.0,3436.0,3388.0,37.0,82.0,132.0,162.0,214.0,546.0,804.0,812.0,15.8573,40.2722,61.6324,65.8158,283.3766,645.7602,1030.5292,1202.4466,1118.0,2682.0,3898.0,4012.0,45.0,98.0,158.0,188.0,256.0,640.0,922.0,974.0,18.7165,47.1722,71.0658,77.3964,9.2416,15.504,32.4976,45.8736,49.0,84.0,175.0,189.0,2.0,4.0,6.0,4.0,12.0,24.0,26.0,0.5625,1.155,2.295,2.85,9.2416,16.000533,30.653333,48.710933,49.0,86.333333,156.333333,212.333333,2.0,4.0,6.0,4.0,12.0,22.666667,26.0,0.5625,1.15,2.21,2.925,3.3489,33.3792,57.7914,75.1764,676.0,1092.0,1924.0,2288.0,12.0,16.0,108.0,216.0,264.0,1.5625,5.625,11.5,14.35,570.1021,1358.2788,2453.8892,3317.3132,2912.0,7548.0,13114.0,16716.0,91.0,208.0,370.0,504.0,578.0,1568.0,2682.0,3496.0,38.9955,105.5944,182.0066,238.7528,0.98,1.47,3.15,2.0,3.0,15.0,-2.0,-4.0,-1.0,-0.04,-0.06,0.7,0.816667,2.076667,2.216667,1.666667,5.666667,11.666667,-2.0,-3.333333,-1.0,-0.033333,0.053333,0.6,-7.26,-9.62,-11.8,114.0,238.0,328.0,18.0,36.0,52.0,3.0,5.8,8.52,0,0,0,0,0,0,0,0,0,0,0,0,0,0,0,0,0,0,0,0,0,0,0,1,0,0,0,0,0,0,0,0,0,0,0,0,0,0,0,0,0,0,0,0,0,0,0,0,0,0,0,0
ZIMMAJ,2.0,2.0,105.0214,234.679,356.2824,334.6888,418.0,964.0,1308.0,868.0,16.0,34.0,52.0,52.0,86.0,210.0,284.0,206.0,6.6288,16.1866,23.0116,18.2268,105.0214,234.679,356.2824,334.6888,418.0,964.0,1308.0,868.0,16.0,34.0,52.0,52.0,86.0,210.0,284.0,206.0,6.6288,16.1866,23.0116,18.2268,9.2416,15.504,31.4336,31.8592,49.0,84.0,140.0,112.0,2.0,4.0,4.0,4.0,12.0,20.0,14.0,0.5625,1.155,1.995,1.68,9.2416,15.504,31.4336,31.8592,49.0,84.0,140.0,112.0,2.0,4.0,4.0,4.0,12.0,20.0,14.0,0.5625,1.155,1.995,1.68,3.3489,33.3792,55.998,85.5342,676.0,1092.0,1872.0,2184.0,12.0,18.0,108.0,216.0,252.0,1.5625,5.625,11.55,14.175,318.4131,770.7954,1458.0912,1956.9012,1930.0,5076.0,9138.0,11214.0,49.0,114.0,210.0,294.0,324.0,918.0,1674.0,2130.0,21.4489,59.8098,109.0098,142.0254,0.98,1.82,1.68,2.0,8.0,12.0,-2.0,-2.0,1.0,-0.04,0.34,0.76,0.98,1.82,1.68,2.0,8.0,12.0,-2.0,-2.0,1.0,-0.04,0.34,0.76,-7.26,-8.64,-13.8,114.0,240.0,384.0,18.0,36.0,66.0,3.0,5.76,11.16,0,0,0,0,1,0,0,0,0,0,0,0,0,0,0,0,0,0,0,0,0,0,0,0,0,0,0,0,0,0,0,0,0,0,0,0,0,0,0,0,0,0,0,0,0,0,0,0,0,0,0,0
ZOKBOQ,3.0,3.0,185.0571,418.191,673.1236,721.356,702.0,1662.0,2326.0,1728.0,29.0,62.0,102.0,114.0,164.0,410.0,574.0,518.0,11.5397,28.9538,43.227,40.327,185.0571,418.191,673.1236,721.356,702.0,1662.0,2326.0,1728.0,29.0,62.0,102.0,114.0,164.0,410.0,574.0,518.0,11.5397,28.9538,43.227,40.327,9.2416,15.504,31.4336,34.504,49.0,84.0,140.0,70.0,2.0,4.0,5.0,4.0,12.0,22.0,14.0,0.5625,1.155,1.995,1.6875,9.2416,15.504,32.142933,48.589333,49.0,84.0,163.333333,107.333333,2.0,4.0,7.0,4.0,12.0,26.0,20.666667,0.5625,1.155,2.195,2.4425,3.3489,33.3792,55.998,96.1482,676.0,1092.0,1872.0,2756.0,12.0,20.0,108.0,216.0,336.0,1.5625,5.625,11.55,17.1,373.4631,903.1404,1735.4912,2441.2164,2080.0,5508.0,9866.0,13336.0,59.0,136.0,258.0,372.0,394.0,1108.0,1994.0,2748.0,24.6419,69.1576,126.429,174.914,0.98,1.82,3.85,2.0,8.0,25.0,-2.0,-3.0,3.0,-0.04,0.34,1.5,0.98,1.586667,5.296667,2.0,4.666667,33.666667,-2.0,-5.0,3.666667,-0.04,0.073333,1.993333,-7.26,-8.64,-15.94,114.0,240.0,414.0,18.0,36.0,64.0,3.0,5.76,11.32,0,0,0,0,0,0,0,0,0,0,0,0,0,0,0,0,0,0,0,0,1,0,0,0,0,0,0,0,0,0,0,0,0,0,0,0,0,0,0,0,0,0,0,0,0,0,0,0,0,0,0,0
ZOYKUV,1.0,2.0,22.4005,28.662,15.6864,0.0,341.0,276.0,224.0,0.0,3.0,4.0,2.0,0.0,6.0,8.0,2.0,0.0,2.1958,2.7258,1.53,0.0,442.9532,970.1274,1683.5826,2213.5554,1406.0,3330.0,4512.0,4728.0,75.0,154.0,278.0,380.0,432.0,1112.0,1516.0,1596.0,25.9851,66.1914,101.079,115.9736,9.2416,7.752,7.8432,0.0,49.0,42.0,112.0,0.0,1.0,1.0,0.0,1.0,2.0,1.0,0.0,0.5625,0.5775,0.765,0.0,9.2416,16.2488,27.3448,36.7992,49.0,87.5,133.0,168.0,2.0,3.5,4.5,4.0,11.0,19.0,21.0,0.5625,1.1475,1.86375,2.26875,3.3489,33.3792,48.4584,56.6202,676.0,1092.0,1612.0,2184.0,10.0,12.0,96.0,156.0,168.0,1.5625,5.625,9.575,11.125,934.0563,2064.3372,3772.7028,5246.3608,4170.0,9396.0,14166.0,17632.0,157.0,328.0,610.0,872.0,938.0,2484.0,3640.0,4192.0,57.9243,149.0844,241.243,304.7772,0.49,0.46,0.0,1.0,-9.0,0.0,-1.0,0.0,0.0,-0.02,-0.27,0.0,0.735,1.645,1.575,1.5,5.5,7.5,-1.5,-2.5,-1.5,-0.03,0.14,0.35,-7.26,-8.18,-8.98,114.0,198.0,228.0,20.0,34.0,44.0,3.0,4.84,6.1,0,0,0,0,0,0,0,0,0,0,0,0,0,0,0,0,0,0,0,0,0,0,0,0,0,0,0,0,0,0,0,0,0,0,0,0,0,0,0,0,0,0,0,0,0,0,0,0,0,0,0,0
ZOYKUV01,1.0,2.0,22.4005,28.662,15.6864,0.0,341.0,276.0,224.0,0.0,3.0,4.0,2.0,0.0,6.0,8.0,2.0,0.0,2.1958,2.7258,1.53,0.0,442.9532,970.1274,1683.5826,2213.5554,1406.0,3330.0,4512.0,4728.0,75.0,154.0,278.0,380.0,432.0,1112.0,1516.0,1596.0,25.9851,66.1914,101.079,115.9736,9.2416,7.752,7.8432,0.0,49.0,42.0,112.0,0.0,1.0,1.0,0.0,1.0,2.0,1.0,0.0,0.5625,0.5775,0.765,0.0,9.2416,16.2488,27.3448,36.7992,49.0,87.5,133.0,168.0,2.0,3.5,4.5,4.0,11.0,19.0,21.0,0.5625,1.1475,1.86375,2.26875,3.3489,33.3792,48.4584,56.6202,676.0,1092.0,1612.0,2184.0,10.0,12.0,96.0,156.0,168.0,1.5625,5.625,9.575,11.125,934.0563,2064.3372,3772.7028,5246.3608,4170.0,9396.0,14166.0,17632.0,157.0,328.0,610.0,872.0,938.0,2484.0,3640.0,4192.0,57.9243,149.0844,241.243,304.7772,0.49,0.46,0.0,1.0,-9.0,0.0,-1.0,0.0,0.0,-0.02,-0.27,0.0,0.735,1.645,1.575,1.5,5.5,7.5,-1.5,-2.5,-1.5,-0.03,0.14,0.35,-7.26,-8.18,-8.98,114.0,198.0,228.0,20.0,34.0,44.0,3.0,4.84,6.1,0,0,0,0,0,0,0,0,0,0,0,0,0,0,0,0,0,0,0,0,0,0,0,0,0,0,0,0,0,0,0,0,0,0,0,0,0,0,0,0,0,0,0,0,0,0,0,0,0,0,0,0
ZUBNAO,2.0,1.5,289.9739,682.853,1114.0932,1413.2752,1184.0,2954.0,4518.0,5140.0,47.0,106.0,174.0,226.0,280.0,726.0,1118.0,1288.0,20.4487,52.7302,82.9926,98.4054,156.1872,355.7575,564.8898,706.6376,762.5,1615.0,2371.0,2570.0,25.0,55.0,88.0,113.0,143.0,367.0,560.0,644.0,11.32225,27.728,42.2613,49.2027,9.2416,15.504,29.944,39.1856,49.0,84.0,133.0,182.0,2.0,4.0,5.0,4.0,12.0,20.0,24.0,0.5625,1.155,2.01,2.5725,9.2416,11.628,18.8936,19.5928,49.0,63.0,122.5,91.0,1.5,2.5,2.5,2.5,7.0,10.5,12.0,0.5625,0.86625,1.3875,1.28625,3.3489,33.3792,46.665,62.8788,676.0,1092.0,1560.0,2184.0,10.0,14.0,96.0,168.0,180.0,1.5625,5.625,9.625,12.1,628.0977,1489.7884,2630.1372,3628.5256,3726.0,8644.0,14074.0,18316.0,101.0,232.0,402.0,568.0,634.0,1716.0,2872.0,3664.0,46.8515,122.162,205.1702,271.8908,0.98,2.31,2.31,2.0,9.0,9.0,-2.0,-2.0,-2.0,-0.04,0.32,0.32,0.735,1.385,1.155,1.5,0.0,4.5,-1.5,-1.0,-1.0,-0.03,0.025,0.16,-7.26,-7.2,-8.74,114.0,200.0,280.0,20.0,32.0,54.0,3.0,4.8,7.82,0,0,0,0,0,0,0,0,0,0,0,0,0,0,0,0,0,0,0,0,0,0,0,0,0,0,0,0,0,0,0,0,0,0,0,0,0,0,0,0,0,0,0,0,0,0,0,0,0,1,0,0
ZUBNAO01,2.0,1.5,289.9739,682.853,1114.0932,1413.2752,1184.0,2954.0,4518.0,5140.0,47.0,106.0,174.0,226.0,280.0,726.0,1118.0,1288.0,20.4487,52.7302,82.9926,98.4054,156.1872,355.7575,564.8898,706.6376,762.5,1615.0,2371.0,2570.0,25.0,55.0,88.0,113.0,143.0,367.0,560.0,644.0,11.32225,27.728,42.2613,49.2027,9.2416,15.504,29.944,39.1856,49.0,84.0,133.0,182.0,2.0,4.0,5.0,4.0,12.0,20.0,24.0,0.5625,1.155,2.01,2.5725,9.2416,11.628,18.8936,19.5928,49.0,63.0,122.5,91.0,1.5,2.5,2.5,2.5,7.0,10.5,12.0,0.5625,0.86625,1.3875,1.28625,3.3489,33.3792,46.665,62.8788,676.0,1092.0,1560.0,2184.0,10.0,14.0,96.0,168.0,180.0,1.5625,5.625,9.625,12.1,628.0977,1489.7884,2630.1372,3628.5256,3726.0,8644.0,14074.0,18316.0,101.0,232.0,402.0,568.0,634.0,1716.0,2872.0,3664.0,46.8515,122.162,205.1702,271.8908,0.98,2.31,2.31,2.0,9.0,9.0,-2.0,-2.0,-2.0,-0.04,0.32,0.32,0.735,1.385,1.155,1.5,0.0,4.5,-1.5,-1.0,-1.0,-0.03,0.025,0.16,-7.26,-7.2,-8.74,114.0,200.0,280.0,20.0,32.0,54.0,3.0,4.8,7.82,0,0,0,0,0,0,0,0,0,0,0,0,0,0,0,0,0,0,0,0,0,0,0,0,0,0,0,0,0,0,0,0,0,0,0,0,0,0,0,0,0,0,0,0,0,0,0,0,0,1,0,0
ZUBNES,2.0,1.5,289.9739,682.853,1114.0932,1413.2752,1184.0,2954.0,4518.0,5140.0,47.0,106.0,174.0,226.0,280.0,726.0,1118.0,1288.0,20.4487,52.7302,82.9926,98.4054,156.1872,355.7575,564.8898,706.6376,762.5,1615.0,2371.0,2570.0,25.0,55.0,88.0,113.0,143.0,367.0,560.0,644.0,11.32225,27.728,42.2613,49.2027,9.2416,15.504,29.944,39.1856,49.0,84.0,133.0,182.0,2.0,4.0,5.0,4.0,12.0,20.0,24.0,0.5625,1.155,2.01,2.5725,9.2416,11.628,18.8936,19.5928,49.0,63.0,122.5,91.0,1.5,2.5,2.5,2.5,7.0,10.5,12.0,0.5625,0.86625,1.3875,1.28625,3.3489,33.3792,46.665,62.8788,676.0,1092.0,1560.0,2184.0,10.0,14.0,96.0,168.0,180.0,1.5625,5.625,9.625,12.1,628.0977,1489.7884,2630.1372,3628.5256,3726.0,8644.0,14074.0,18316.0,101.0,232.0,402.0,568.0,634.0,1716.0,2872.0,3664.0,46.8515,122.162,205.1702,271.8908,0.98,2.31,2.31,2.0,9.0,9.0,-2.0,-2.0,-2.0,-0.04,0.32,0.32,0.735,1.385,1.155,1.5,0.0,4.5,-1.5,-1.0,-1.0,-0.03,0.025,0.16,-7.26,-7.2,-8.74,114.0,200.0,280.0,20.0,32.0,54.0,3.0,4.8,7.82,0,0,0,0,0,0,0,0,0,0,0,0,0,0,0,0,0,0,0,0,0,0,0,0,0,0,0,0,0,0,0,0,0,0,0,0,0,0,0,0,0,0,0,0,0,0,1,0,0,0,0,0
ZUBNIW01,2.0,1.5,289.9739,682.853,1114.0932,1413.2752,1184.0,2954.0,4518.0,5140.0,47.0,106.0,174.0,226.0,280.0,726.0,1118.0,1288.0,20.4487,52.7302,82.9926,98.4054,156.1872,355.7575,564.8898,706.6376,762.5,1615.0,2371.0,2570.0,25.0,55.0,88.0,113.0,143.0,367.0,560.0,644.0,11.32225,27.728,42.2613,49.2027,9.2416,15.504,29.944,39.1856,49.0,84.0,133.0,182.0,2.0,4.0,5.0,4.0,12.0,20.0,24.0,0.5625,1.155,2.01,2.5725,9.2416,11.628,18.8936,19.5928,49.0,63.0,122.5,91.0,1.5,2.5,2.5,2.5,7.0,10.5,12.0,0.5625,0.86625,1.3875,1.28625,3.3489,33.3792,46.665,62.8788,676.0,1092.0,1560.0,2184.0,10.0,14.0,96.0,168.0,180.0,1.5625,5.625,9.625,12.1,628.0977,1489.7884,2630.1372,3628.5256,3726.0,8644.0,14074.0,18316.0,101.0,232.0,402.0,568.0,634.0,1716.0,2872.0,3664.0,46.8515,122.162,205.1702,271.8908,0.98,2.31,2.31,2.0,9.0,9.0,-2.0,-2.0,-2.0,-0.04,0.32,0.32,0.735,1.385,1.155,1.5,0.0,4.5,-1.5,-1.0,-1.0,-0.03,0.025,0.16,-7.26,-7.2,-8.74,114.0,200.0,280.0,20.0,32.0,54.0,3.0,4.8,7.82,0,0,0,0,0,0,0,0,0,0,0,0,0,0,0,0,0,0,0,0,0,0,0,0,0,0,0,0,0,0,0,0,0,0,0,0,0,0,0,0,0,0,0,0,0,0,1,0,0,0,0,0
ZUBNOC,2.0,1.5,289.9739,682.853,1114.0932,1413.2752,1184.0,2954.0,4518.0,5140.0,47.0,106.0,174.0,226.0,280.0,726.0,1118.0,1288.0,20.4487,52.7302,82.9926,98.4054,156.1872,355.7575,564.8898,706.6376,762.5,1615.0,2371.0,2570.0,25.0,55.0,88.0,113.0,143.0,367.0,560.0,644.0,11.32225,27.728,42.2613,49.2027,9.2416,15.504,29.944,39.1856,49.0,84.0,133.0,182.0,2.0,4.0,5.0,4.0,12.0,20.0,24.0,0.5625,1.155,2.01,2.5725,9.2416,11.628,18.8936,19.5928,49.0,63.0,122.5,91.0,1.5,2.5,2.5,2.5,7.0,10.5,12.0,0.5625,0.86625,1.3875,1.28625,3.3489,33.3792,46.665,62.8788,676.0,1092.0,1560.0,2184.0,10.0,14.0,96.0,168.0,180.0,1.5625,5.625,9.625,12.1,628.0977,1489.7884,2630.1372,3628.5256,3726.0,8644.0,14074.0,18316.0,101.0,232.0,402.0,568.0,634.0,1716.0,2872.0,3664.0,46.8515,122.162,205.1702,271.8908,0.98,2.31,2.31,2.0,9.0,9.0,-2.0,-2.0,-2.0,-0.04,0.32,0.32,0.735,1.385,1.155,1.5,0.0,4.5,-1.5,-1.0,-1.0,-0.03,0.025,0.16,-7.26,-7.2,-8.74,114.0,200.0,280.0,20.0,32.0,54.0,3.0,4.8,7.82,0,0,0,0,0,0,0,0,0,0,0,0,0,0,0,0,0,0,0,0,0,0,0,0,0,0,0,0,0,0,0,0,0,0,0,0,0,0,0,0,0,0,0,0,0,0,0,0,0,0,0,0
ZUCROE,1.0,2.0,134.3564,262.956,359.856,473.107,632.0,1248.0,1584.0,1900.0,20.0,40.0,56.0,74.0,96.0,232.0,316.0,338.0,9.9124,21.1288,28.1512,34.4122,181.8796,407.5604,617.3414,709.5332,736.0,1712.0,2390.0,2432.0,28.0,60.0,92.0,108.0,152.0,374.0,520.0,524.0,11.8588,29.0164,41.9348,44.2772,9.2416,7.752,7.752,15.504,49.0,42.0,42.0,84.0,1.0,1.0,2.0,1.0,2.0,3.0,5.0,0.5625,0.5775,0.5775,1.155,9.2416,16.2488,27.3448,36.7992,49.0,87.5,133.0,168.0,2.0,3.5,4.5,4.0,11.0,19.0,21.0,0.5625,1.1475,1.86375,2.26875,3.3489,33.3792,48.4584,56.5104,676.0,1092.0,1612.0,1664.0,10.0,12.0,96.0,156.0,192.0,1.5625,5.625,9.575,10.5,635.8209,1407.7912,2328.5596,3184.3108,3412.0,8104.0,12642.0,15800.0,97.0,212.0,346.0,476.0,558.0,1456.0,2284.0,2792.0,45.1049,111.5404,176.197,228.9588,0.49,0.49,0.98,1.0,1.0,2.0,-1.0,-2.0,-3.0,-0.02,-0.02,-0.04,0.735,1.645,1.575,1.5,5.5,7.5,-1.5,-2.5,-1.5,-0.03,0.14,0.35,-7.26,-8.18,-8.92,114.0,198.0,248.0,20.0,34.0,40.0,3.0,4.84,6.6,0,0,0,0,0,0,0,0,0,0,0,0,0,0,0,0,0,0,0,0,0,0,0,0,0,0,0,0,0,0,0,0,0,0,0,0,0,0,0,0,0,0,0,0,0,0,0,0,0,0,0,0
ZUCROE01,1.0,2.0,134.3564,262.956,359.856,473.107,632.0,1248.0,1584.0,1900.0,20.0,40.0,56.0,74.0,96.0,232.0,316.0,338.0,9.9124,21.1288,28.1512,34.4122,181.8796,407.5604,617.3414,709.5332,736.0,1712.0,2390.0,2432.0,28.0,60.0,92.0,108.0,152.0,374.0,520.0,524.0,11.8588,29.0164,41.9348,44.2772,9.2416,7.752,7.752,15.504,49.0,42.0,42.0,84.0,1.0,1.0,2.0,1.0,2.0,3.0,5.0,0.5625,0.5775,0.5775,1.155,9.2416,16.2488,27.3448,36.7992,49.0,87.5,133.0,168.0,2.0,3.5,4.5,4.0,11.0,19.0,21.0,0.5625,1.1475,1.86375,2.26875,3.3489,33.3792,48.4584,56.5104,676.0,1092.0,1612.0,1664.0,10.0,12.0,96.0,156.0,192.0,1.5625,5.625,9.575,10.5,635.8209,1407.7912,2328.5596,3184.3108,3412.0,8104.0,12642.0,15800.0,97.0,212.0,346.0,476.0,558.0,1456.0,2284.0,2792.0,45.1049,111.5404,176.197,228.9588,0.49,0.49,0.98,1.0,1.0,2.0,-1.0,-2.0,-3.0,-0.02,-0.02,-0.04,0.735,1.645,1.575,1.5,5.5,7.5,-1.5,-2.5,-1.5,-0.03,0.14,0.35,-7.26,-8.18,-8.92,114.0,198.0,248.0,20.0,34.0,40.0,3.0,4.84,6.6,0,0,0,0,0,0,0,0,0,0,0,0,0,0,0,0,0,0,0,0,0,0,0,0,0,0,0,0,0,0,0,0,0,0,0,0,0,0,0,0,0,0,0,0,0,0,0,0,0,0,0,0
