ccdc_id,mc-chi-0-all,mc-chi-1-all,mc-chi-2-all,mc-chi-3-all,mc-Z-0-all,mc-Z-1-all,mc-Z-2-all,mc-Z-3-all,mc-I-2-all,mc-I-3-all,mc-T-1-all,mc-T-2-all,mc-T-3-all,mc-S-0-all,mc-S-1-all,mc-S-2-all,mc-S-3-all,f-chi-0-all,f-chi-1-all,f-chi-2-all,f-chi-3-all,f-Z-0-all,f-Z-1-all,f-Z-2-all,f-Z-3-all,f-I-0-all,f-I-1-all,f-I-2-all,f-I-3-all,f-T-0-all,f-T-1-all,f-T-2-all,f-T-3-all,f-S-0-all,f-S-1-all,f-S-2-all,f-S-3-all,D_mc-chi-1-all,D_mc-chi-2-all,D_mc-chi-3-all,D_mc-Z-1-all,D_mc-Z-2-all,D_mc-Z-3-all,D_mc-T-1-all,D_mc-T-2-all,D_mc-T-3-all,D_mc-S-1-all,D_mc-S-2-all,D_mc-S-3-all
ABISOV,3.348900,33.379200,51.331500,73.675800,676.000000,1092.000000,1716.000000,2002.000000,11.000000,17.000000,102.000000,204.000000,174.000000,1.562500,5.625000,10.587500,12.487500,289.281300,660.653400,1283.785800,1919.373600,2220.000000,4788.000000,8110.000000,10574.000000,47.000000,104.000000,194.000000,300.000000,298.000000,840.000000,1524.000000,2016.000000,21.340500,55.140000,97.515400,141.190800,-7.260000,-7.920000,-9.150000,114.000000,220.000000,365.000000,19.000000,32.000000,73.000000,3.000000,5.280000,11.260000
ABISOV02,3.348900,33.379200,51.331500,73.675800,676.000000,1092.000000,1716.000000,2002.000000,11.000000,17.000000,102.000000,204.000000,174.000000,1.562500,5.625000,10.587500,12.487500,289.281300,660.653400,1283.785800,1919.373600,2220.000000,4788.000000,8110.000000,10574.000000,47.000000,104.000000,194.000000,300.000000,298.000000,840.000000,1524.000000,2016.000000,21.340500,55.140000,97.515400,141.190800,-7.260000,-7.920000,-9.150000,114.000000,220.000000,365.000000,19.000000,32.000000,73.000000,3.000000,5.280000,11.260000
ABITEM,3.348900,33.379200,51.331500,73.675800,676.000000,1092.000000,1716.000000,2002.000000,11.000000,17.000000,102.000000,204.000000,174.000000,1.562500,5.625000,10.587500,12.487500,289.281300,660.653400,1283.785800,1919.373600,2220.000000,4788.000000,8110.000000,10574.000000,47.000000,104.000000,194.000000,300.000000,298.000000,840.000000,1524.000000,2016.000000,21.340500,55.140000,97.515400,141.190800,-7.260000,-7.920000,-9.150000,114.000000,220.000000,365.000000,19.000000,32.000000,73.000000,3.000000,5.280000,11.260000
ABITEM01,3.348900,33.379200,51.331500,73.675800,676.000000,1092.000000,1716.000000,2002.000000,11.000000,17.000000,102.000000,204.000000,174.000000,1.562500,5.625000,10.587500,12.487500,289.281300,660.653400,1283.785800,1919.373600,2220.000000,4788.000000,8110.000000,10574.000000,47.000000,104.000000,194.000000,300.000000,298.000000,840.000000,1524.000000,2016.000000,21.340500,55.140000,97.515400,141.190800,-7.260000,-7.920000,-9.150000,114.000000,220.000000,365.000000,19.000000,32.000000,73.000000,3.000000,5.280000,11.260000
ABITUC,3.348900,33.379200,51.331500,73.675800,676.000000,1092.000000,1716.000000,2002.000000,11.000000,17.000000,102.000000,204.000000,174.000000,1.562500,5.625000,10.587500,12.487500,289.281300,660.653400,1283.785800,1919.373600,2220.000000,4788.000000,8110.000000,10574.000000,47.000000,104.000000,194.000000,300.000000,298.000000,840.000000,1524.000000,2016.000000,21.340500,55.140000,97.515400,141.190800,-7.260000,-7.920000,-9.150000,114.000000,220.000000,365.000000,19.000000,32.000000,73.000000,3.000000,5.280000,11.260000
ABITUC01,3.348900,33.379200,51.331500,73.675800,676.000000,1092.000000,1716.000000,2002.000000,11.000000,17.000000,102.000000,204.000000,174.000000,1.562500,5.625000,10.587500,12.487500,289.281300,660.653400,1283.785800,1919.373600,2220.000000,4788.000000,8110.000000,10574.000000,47.000000,104.000000,194.000000,300.000000,298.000000,840.000000,1524.000000,2016.000000,21.340500,55.140000,97.515400,141.190800,-7.260000,-7.920000,-9.150000,114.000000,220.000000,365.000000,19.000000,32.000000,73.000000,3.000000,5.280000,11.260000
ABIVAK,3.348900,33.379200,51.331500,73.675800,676.000000,1092.000000,1716.000000,2002.000000,11.000000,17.000000,102.000000,204.000000,174.000000,1.562500,5.625000,10.587500,12.487500,289.281300,660.653400,1283.785800,1919.373600,2220.000000,4788.000000,8110.000000,10574.000000,47.000000,104.000000,194.000000,300.000000,298.000000,840.000000,1524.000000,2016.000000,21.340500,55.140000,97.515400,141.190800,-7.260000,-7.920000,-9.150000,114.000000,220.000000,365.000000,19.000000,32.000000,73.000000,3.000000,5.280000,11.260000
ABIVAK01,3.348900,33.379200,51.331500,73.675800,676.000000,1092.000000,1716.000000,2002.000000,11.000000,17.000000,102.000000,204.000000,174.000000,1.562500,5.625000,10.587500,12.487500,289.281300,660.653400,1283.785800,1919.373600,2220.000000,4788.000000,8110.000000,10574.000000,47.000000,104.000000,194.000000,300.000000,298.000000,840.000000,1524.000000,2016.000000,21.340500,55.140000,97.515400,141.190800,-7.260000,-7.920000,-9.150000,114.000000,220.000000,365.000000,19.000000,32.000000,73.000000,3.000000,5.280000,11.260000
ABIWAK,3.348900,33.379200,55.998000,85.534200,676.000000,1092.000000,1872.000000,2184.000000,12.000000,18.000000,108.000000,216.000000,234.000000,1.562500,5.625000,11.550000,14.175000,380.165400,893.481000,1669.462200,2159.694600,2188.000000,5646.000000,9864.000000,12456.000000,58.000000,132.000000,240.000000,318.000000,372.000000,1008.000000,1746.000000,2322.000000,25.325800,68.448000,120.074400,160.443000,-7.260000,-8.640000,-13.800000,114.000000,240.000000,384.000000,18.000000,36.000000,69.000000,3.000000,5.760000,11.160000
ABUFOV,3.348900,33.379200,55.998000,78.250800,676.000000,1092.000000,1872.000000,2600.000000,12.000000,16.000000,108.000000,216.000000,276.000000,1.562500,5.625000,11.550000,15.300000,491.384900,1190.186400,2215.560800,3012.696400,2634.000000,6960.000000,12374.000000,16496.000000,79.000000,184.000000,334.000000,460.000000,518.000000,1428.000000,2502.000000,3328.000000,34.736700,95.303200,168.397400,224.996400,-7.260000,-8.640000,-13.480000,114.000000,240.000000,316.000000,18.000000,36.000000,50.000000,3.000000,5.760000,7.760000
ABUGAI,3.348900,33.379200,55.998000,78.250800,676.000000,1092.000000,1872.000000,2600.000000,12.000000,16.000000,108.000000,216.000000,276.000000,1.562500,5.625000,11.550000,15.300000,523.749900,1261.076400,2351.376800,3216.252400,2710.000000,7152.000000,12638.000000,16844.000000,85.000000,196.000000,358.000000,496.000000,554.000000,1524.000000,2622.000000,3460.000000,36.470100,99.954000,175.843000,234.076000,-7.260000,-8.640000,-13.480000,114.000000,240.000000,316.000000,18.000000,36.000000,50.000000,3.000000,5.760000,7.760000
ADIYOB,3.348900,33.379200,59.584800,72.102000,676.000000,1092.000000,1976.000000,1976.000000,12.000000,16.000000,108.000000,216.000000,240.000000,1.562500,5.625000,11.450000,13.400000,325.939900,798.795200,1533.710400,2146.815200,1976.000000,5288.000000,9766.000000,11808.000000,51.000000,120.000000,222.000000,316.000000,342.000000,972.000000,1782.000000,2316.000000,22.695500,63.459200,115.982200,154.144400,-7.260000,-10.600000,-10.120000,114.000000,236.000000,340.000000,18.000000,36.000000,56.000000,3.000000,5.840000,9.280000
ADIYUH,3.348900,33.379200,59.584800,72.102000,676.000000,1092.000000,1976.000000,1976.000000,12.000000,16.000000,108.000000,216.000000,240.000000,1.562500,5.625000,11.450000,13.400000,325.939900,798.795200,1533.710400,2146.815200,1976.000000,5288.000000,9766.000000,11808.000000,51.000000,120.000000,222.000000,316.000000,342.000000,972.000000,1782.000000,2316.000000,22.695500,63.459200,115.982200,154.144400,-7.260000,-10.600000,-10.120000,114.000000,236.000000,340.000000,18.000000,36.000000,56.000000,3.000000,5.840000,9.280000
AFANEB,3.348900,33.379200,59.584800,74.664000,676.000000,1092.000000,1976.000000,2496.000000,12.000000,16.000000,108.000000,216.000000,312.000000,1.562500,5.625000,11.450000,15.400000,390.669900,940.575200,1800.162400,2468.903200,2128.000000,5672.000000,10454.000000,13720.000000,63.000000,144.000000,270.000000,364.000000,414.000000,1140.000000,2022.000000,2772.000000,26.162300,72.760800,130.969400,177.690000,-7.260000,-10.600000,-11.520000,114.000000,236.000000,320.000000,18.000000,36.000000,44.000000,3.000000,5.840000,7.680000
AFANEB02,3.348900,33.379200,59.584800,74.664000,676.000000,1092.000000,1976.000000,2496.000000,12.000000,16.000000,108.000000,216.000000,312.000000,1.562500,5.625000,11.450000,15.400000,390.669900,940.575200,1800.162400,2468.903200,2128.000000,5672.000000,10454.000000,13720.000000,63.000000,144.000000,270.000000,364.000000,414.000000,1140.000000,2022.000000,2772.000000,26.162300,72.760800,130.969400,177.690000,-7.260000,-10.600000,-11.520000,114.000000,236.000000,320.000000,18.000000,36.000000,44.000000,3.000000,5.840000,7.680000
AFANIF02,3.348900,33.379200,59.584800,74.664000,676.000000,1092.000000,1976.000000,2496.000000,12.000000,16.000000,108.000000,216.000000,312.000000,1.562500,5.625000,11.450000,15.400000,390.669900,940.575200,1800.162400,2468.903200,2128.000000,5672.000000,10454.000000,13720.000000,63.000000,144.000000,270.000000,364.000000,414.000000,1140.000000,2022.000000,2772.000000,26.162300,72.760800,130.969400,177.690000,-7.260000,-10.600000,-11.520000,114.000000,236.000000,320.000000,18.000000,36.000000,44.000000,3.000000,5.840000,7.680000
AFOYOM,3.348900,33.379200,51.331500,73.566000,676.000000,1092.000000,1716.000000,2938.000000,11.000000,17.000000,102.000000,204.000000,174.000000,1.562500,5.625000,10.587500,12.837500,288.973500,660.347400,1283.421000,1919.154000,4020.000000,5220.000000,8614.000000,12446.000000,47.000000,104.000000,194.000000,300.000000,298.000000,840.000000,1524.000000,2016.000000,21.950900,55.571200,97.935400,141.890800,-7.260000,-7.920000,-9.090000,114.000000,220.000000,329.000000,19.000000,32.000000,73.000000,3.000000,5.280000,10.980000
AFOYUS,3.348900,33.379200,51.331500,73.566000,676.000000,1092.000000,1716.000000,2938.000000,11.000000,17.000000,102.000000,204.000000,174.000000,1.562500,5.625000,10.587500,12.837500,288.973500,660.347400,1283.421000,1919.154000,4020.000000,5220.000000,8614.000000,12446.000000,47.000000,104.000000,194.000000,300.000000,298.000000,840.000000,1524.000000,2016.000000,21.950900,55.571200,97.935400,141.890800,-7.260000,-7.920000,-9.090000,114.000000,220.000000,329.000000,19.000000,32.000000,73.000000,3.000000,5.280000,10.980000
AFOYUS02,3.348900,33.379200,51.331500,73.566000,676.000000,1092.000000,1716.000000,2938.000000,11.000000,17.000000,102.000000,204.000000,174.000000,1.562500,5.625000,10.587500,12.837500,288.973500,660.347400,1283.421000,1919.154000,4020.000000,5220.000000,8614.000000,12446.000000,47.000000,104.000000,194.000000,300.000000,298.000000,840.000000,1524.000000,2016.000000,21.950900,55.571200,97.935400,141.890800,-7.260000,-7.920000,-9.090000,114.000000,220.000000,329.000000,19.000000,32.000000,73.000000,3.000000,5.280000,10.980000
AFUJOD01,3.348900,33.379200,51.331500,73.566000,676.000000,1092.000000,1716.000000,2938.000000,11.000000,17.000000,102.000000,204.000000,174.000000,1.562500,5.625000,10.587500,12.837500,288.973500,660.347400,1283.421000,1919.154000,4020.000000,5220.000000,8614.000000,12446.000000,47.000000,104.000000,194.000000,300.000000,298.000000,840.000000,1524.000000,2016.000000,21.950900,55.571200,97.935400,141.890800,-7.260000,-7.920000,-9.090000,114.000000,220.000000,329.000000,19.000000,32.000000,73.000000,3.000000,5.280000,10.980000
AJAXEP,3.348900,33.379200,46.665000,72.211800,676.000000,1092.000000,1560.000000,2496.000000,10.000000,16.000000,96.000000,168.000000,216.000000,1.562500,5.625000,9.625000,14.025000,590.313900,1295.858400,2239.809600,2986.440400,5270.000000,9504.000000,16214.000000,20768.000000,95.000000,204.000000,350.000000,472.000000,554.000000,1432.000000,2160.000000,2728.000000,46.874100,111.873600,180.421400,233.905600,-7.260000,-7.200000,-10.180000,114.000000,200.000000,320.000000,20.000000,32.000000,60.000000,3.000000,4.800000,8.780000
AKEMUY,3.348900,33.379200,46.665000,70.821000,676.000000,1092.000000,1560.000000,3172.000000,10.000000,16.000000,96.000000,180.000000,216.000000,1.562500,5.625000,9.625000,13.375000,318.013500,699.158400,1325.160000,1872.960000,4026.000000,5136.000000,8050.000000,12224.000000,53.000000,112.000000,206.000000,296.000000,318.000000,852.000000,1396.000000,1872.000000,22.772300,56.649200,94.915400,134.253200,-7.260000,-7.200000,-9.420000,114.000000,200.000000,294.000000,20.000000,30.000000,60.000000,3.000000,4.800000,9.300000
AKENAF,3.348900,33.379200,46.665000,70.930800,676.000000,1092.000000,1560.000000,2236.000000,10.000000,16.000000,96.000000,180.000000,216.000000,1.562500,5.625000,9.625000,13.025000,318.321300,699.464400,1325.524800,1873.179600,2226.000000,4704.000000,7546.000000,10352.000000,53.000000,112.000000,206.000000,296.000000,318.000000,852.000000,1396.000000,1872.000000,22.161900,56.218000,94.495400,133.553200,-7.260000,-7.200000,-9.480000,114.000000,200.000000,330.000000,20.000000,30.000000,60.000000,3.000000,4.800000,9.580000
AKENAF01,3.348900,33.379200,46.665000,70.930800,676.000000,1092.000000,1560.000000,2236.000000,10.000000,16.000000,96.000000,180.000000,216.000000,1.562500,5.625000,9.625000,13.025000,318.321300,699.464400,1325.524800,1873.179600,2226.000000,4704.000000,7546.000000,10352.000000,53.000000,112.000000,206.000000,296.000000,318.000000,852.000000,1396.000000,1872.000000,22.161900,56.218000,94.495400,133.553200,-7.260000,-7.200000,-9.480000,114.000000,200.000000,330.000000,20.000000,30.000000,60.000000,3.000000,4.800000,9.580000
APAFEH,3.348900,33.379200,66.154500,64.233000,676.000000,1092.000000,1560.000000,1170.000000,15.000000,15.000000,126.000000,216.000000,162.000000,1.562500,5.625000,11.437500,9.937500,292.003500,683.585400,1339.404000,2117.538000,1642.000000,4320.000000,7212.000000,8010.000000,49.000000,108.000000,210.000000,336.000000,318.000000,912.000000,1626.000000,2136.000000,18.895300,53.018400,96.838200,133.942800,-7.260000,-8.700000,-7.650000,114.000000,330.000000,345.000000,15.000000,54.000000,63.000000,3.000000,9.600000,10.800000
APAFEM01,3.348900,33.379200,66.154500,64.233000,676.000000,1092.000000,1560.000000,1170.000000,15.000000,15.000000,126.000000,216.000000,162.000000,1.562500,5.625000,11.437500,9.937500,292.003500,683.585400,1339.404000,2117.538000,1642.000000,4320.000000,7212.000000,8010.000000,49.000000,108.000000,210.000000,336.000000,318.000000,912.000000,1626.000000,2136.000000,18.895300,53.018400,96.838200,133.942800,-7.260000,-8.700000,-7.650000,114.000000,330.000000,345.000000,15.000000,54.000000,63.000000,3.000000,9.600000,10.800000
APAFEM05,3.348900,33.379200,66.154500,64.233000,676.000000,1092.000000,1560.000000,1170.000000,15.000000,15.000000,126.000000,216.000000,162.000000,1.562500,5.625000,11.437500,9.937500,292.003500,683.585400,1339.404000,2117.538000,1642.000000,4320.000000,7212.000000,8010.000000,49.000000,108.000000,210.000000,336.000000,318.000000,912.000000,1626.000000,2136.000000,18.895300,53.018400,96.838200,133.942800,-7.260000,-8.700000,-7.650000,114.000000,330.000000,345.000000,15.000000,54.000000,63.000000,3.000000,9.600000,10.800000
ATAVAU,3.348900,33.379200,46.665000,62.878800,676.000000,1092.000000,1560.000000,2184.000000,10.000000,14.000000,96.000000,168.000000,180.000000,1.562500,5.625000,9.625000,12.100000,453.280500,1069.650400,1919.827200,2575.025600,3506.000000,7396.000000,11898.000000,14880.000000,71.000000,164.000000,286.000000,392.000000,450.000000,1224.000000,2084.000000,2608.000000,35.431500,90.776800,153.457800,197.512400,-7.260000,-7.200000,-8.740000,114.000000,200.000000,280.000000,20.000000,32.000000,54.000000,3.000000,4.800000,7.820000
ATAVEY,3.348900,33.379200,46.665000,62.878800,676.000000,1092.000000,1560.000000,2184.000000,10.000000,14.000000,96.000000,168.000000,180.000000,1.562500,5.625000,9.625000,12.100000,453.280500,1069.650400,1919.869200,2572.633200,3506.000000,7396.000000,12098.000000,15220.000000,71.000000,164.000000,286.000000,392.000000,450.000000,1224.000000,2076.000000,2588.000000,35.431500,90.776800,153.857800,198.020400,-7.260000,-7.200000,-8.740000,114.000000,200.000000,280.000000,20.000000,32.000000,54.000000,3.000000,4.800000,7.820000
ATAVEY01,3.348900,33.379200,46.665000,62.878800,676.000000,1092.000000,1560.000000,2184.000000,10.000000,14.000000,96.000000,168.000000,180.000000,1.562500,5.625000,9.625000,12.100000,453.280500,1069.650400,1919.869200,2572.633200,3506.000000,7396.000000,12098.000000,15220.000000,71.000000,164.000000,286.000000,392.000000,450.000000,1224.000000,2076.000000,2588.000000,35.431500,90.776800,153.857800,198.020400,-7.260000,-7.200000,-8.740000,114.000000,200.000000,280.000000,20.000000,32.000000,54.000000,3.000000,4.800000,7.820000
AWUKEK01,3.348900,33.379200,55.998000,99.844800,676.000000,1092.000000,1872.000000,3328.000000,12.000000,20.000000,108.000000,240.000000,408.000000,1.562500,5.625000,11.550000,19.050000,485.127900,1131.638400,2287.320800,3219.986400,2344.000000,6144.000000,11462.000000,16664.000000,79.000000,176.000000,350.000000,492.000000,526.000000,1460.000000,2622.000000,3660.000000,30.058300,84.215200,156.073400,225.101200,-7.260000,-8.640000,-17.960000,114.000000,240.000000,392.000000,18.000000,32.000000,52.000000,3.000000,5.760000,9.760000
BAXXAB01,3.348900,33.379200,54.717000,68.368800,676.000000,1092.000000,1612.000000,1716.000000,12.000000,16.000000,108.000000,204.000000,144.000000,1.562500,5.625000,10.550000,11.025000,263.271300,597.441400,1193.354800,1842.101600,2076.000000,4420.000000,7306.000000,9032.000000,43.000000,94.000000,182.000000,292.000000,276.000000,792.000000,1426.000000,1804.000000,18.968900,49.212200,88.274600,125.952000,-7.260000,-7.940000,-8.080000,114.000000,250.000000,350.000000,18.000000,38.000000,72.000000,3.000000,6.560000,11.180000
BAYZEH,3.348900,33.379200,46.665000,72.211800,676.000000,1092.000000,1560.000000,2496.000000,10.000000,16.000000,96.000000,168.000000,216.000000,1.562500,5.625000,9.625000,14.025000,390.611900,889.898400,1567.990400,2160.035600,3606.000000,6912.000000,11334.000000,14068.000000,63.000000,140.000000,238.000000,336.000000,378.000000,1008.000000,1656.000000,2196.000000,31.704900,78.363200,128.819800,170.334800,-7.260000,-7.200000,-10.180000,114.000000,200.000000,320.000000,20.000000,32.000000,60.000000,3.000000,4.800000,8.780000
BAYZEH01,3.348900,33.379200,46.665000,72.211800,676.000000,1092.000000,1560.000000,2496.000000,10.000000,16.000000,96.000000,168.000000,216.000000,1.562500,5.625000,9.625000,14.025000,390.611900,889.898400,1567.990400,2160.035600,3606.000000,6912.000000,11334.000000,14068.000000,63.000000,140.000000,238.000000,336.000000,378.000000,1008.000000,1656.000000,2196.000000,31.704900,78.363200,128.819800,170.334800,-7.260000,-7.200000,-10.180000,114.000000,200.000000,320.000000,20.000000,32.000000,60.000000,3.000000,4.800000,8.780000
BOCYOK,3.348900,33.379200,46.665000,75.798600,676.000000,1092.000000,1560.000000,2600.000000,10.000000,16.000000,96.000000,168.000000,216.000000,1.562500,5.625000,9.625000,13.925000,359.594900,797.690400,1501.653600,1975.878800,2546.000000,5424.000000,8854.000000,12672.000000,55.000000,120.000000,218.000000,292.000000,338.000000,900.000000,1504.000000,2000.000000,24.930100,62.932400,106.950200,148.620800,-7.260000,-7.200000,-12.140000,114.000000,200.000000,316.000000,20.000000,32.000000,60.000000,3.000000,4.800000,8.860000
BOCYOK02,3.348900,33.379200,46.665000,75.798600,676.000000,1092.000000,1560.000000,2600.000000,10.000000,16.000000,96.000000,168.000000,216.000000,1.562500,5.625000,9.625000,13.925000,359.594900,797.690400,1501.653600,1975.878800,2546.000000,5424.000000,8854.000000,12672.000000,55.000000,120.000000,218.000000,292.000000,338.000000,900.000000,1504.000000,2000.000000,24.930100,62.932400,106.950200,148.620800,-7.260000,-7.200000,-12.140000,114.000000,200.000000,316.000000,20.000000,32.000000,60.000000,3.000000,4.800000,8.860000
BOCZEB,3.348900,33.379200,46.665000,75.688800,676.000000,1092.000000,1560.000000,3536.000000,10.000000,16.000000,96.000000,168.000000,216.000000,1.562500,5.625000,9.625000,14.275000,359.287100,797.384400,1501.288800,1975.659200,4346.000000,5856.000000,9358.000000,14544.000000,55.000000,120.000000,218.000000,292.000000,338.000000,900.000000,1504.000000,2000.000000,25.540500,63.363600,107.370200,149.320800,-7.260000,-7.200000,-12.080000,114.000000,200.000000,280.000000,20.000000,32.000000,60.000000,3.000000,4.800000,8.580000
BOCZEB03,3.348900,33.379200,46.665000,75.688800,676.000000,1092.000000,1560.000000,3536.000000,10.000000,16.000000,96.000000,168.000000,216.000000,1.562500,5.625000,9.625000,14.275000,359.287100,797.384400,1501.288800,1975.659200,4346.000000,5856.000000,9358.000000,14544.000000,55.000000,120.000000,218.000000,292.000000,338.000000,900.000000,1504.000000,2000.000000,25.540500,63.363600,107.370200,149.320800,-7.260000,-7.200000,-12.080000,114.000000,200.000000,280.000000,20.000000,32.000000,60.000000,3.000000,4.800000,8.580000
BUNSIN,3.348900,33.379200,73.383000,116.571000,676.000000,1092.000000,2236.000000,1508.000000,16.000000,28.000000,132.000000,324.000000,252.000000,1.562500,5.625000,14.400000,15.950000,366.413500,877.686400,1858.730000,3086.790000,1796.000000,4924.000000,9610.000000,11584.000000,63.000000,140.000000,294.000000,504.000000,434.000000,1296.000000,2514.000000,3696.000000,22.635900,65.736400,129.577400,201.191200,-7.260000,-10.820000,-12.460000,114.000000,330.000000,670.000000,14.000000,42.000000,126.000000,3.000000,8.480000,22.240000
BUNSIN01,3.348900,33.379200,73.383000,116.571000,676.000000,1092.000000,2236.000000,1508.000000,16.000000,28.000000,132.000000,324.000000,252.000000,1.562500,5.625000,14.400000,15.950000,366.413500,877.686400,1858.730000,3086.790000,1796.000000,4924.000000,9610.000000,11584.000000,63.000000,140.000000,294.000000,504.000000,434.000000,1296.000000,2514.000000,3696.000000,22.635900,65.736400,129.577400,201.191200,-7.260000,-10.820000,-12.460000,114.000000,330.000000,670.000000,14.000000,42.000000,126.000000,3.000000,8.480000,22.240000
CATWUS,3.348900,33.379200,55.998000,80.154000,676.000000,1092.000000,1872.000000,2028.000000,12.000000,18.000000,108.000000,216.000000,252.000000,1.562500,5.625000,11.550000,14.325000,396.001800,936.563400,1775.661000,2555.640000,2368.000000,6072.000000,10986.000000,14388.000000,61.000000,144.000000,264.000000,384.000000,408.000000,1152.000000,2088.000000,2796.000000,28.566100,77.870400,141.295200,195.117600,-7.260000,-8.640000,-10.860000,114.000000,240.000000,390.000000,18.000000,36.000000,66.000000,3.000000,5.760000,11.040000
CECVUD,3.348900,33.379200,51.331500,74.316300,676.000000,1092.000000,1716.000000,2132.000000,11.000000,17.000000,102.000000,204.000000,186.000000,1.562500,5.625000,10.587500,12.987500,324.971300,748.118400,1433.048800,2130.917600,2366.000000,5172.000000,8744.000000,11592.000000,53.000000,118.000000,218.000000,334.000000,336.000000,942.000000,1692.000000,2246.000000,23.985900,62.208600,109.265000,157.063800,-7.260000,-7.920000,-9.500000,114.000000,220.000000,360.000000,19.000000,32.000000,71.000000,3.000000,5.280000,10.860000
CERDEJ01,3.348900,33.379200,61.378200,91.463400,676.000000,1092.000000,2028.000000,3068.000000,12.000000,20.000000,108.000000,216.000000,408.000000,1.562500,5.625000,11.400000,19.450000,550.261300,1297.882800,2442.442800,3429.056800,2650.000000,6960.000000,12678.000000,18108.000000,91.000000,204.000000,378.000000,520.000000,582.000000,1584.000000,2754.000000,3960.000000,36.577900,100.494000,177.371400,249.761600,-7.260000,-11.580000,-13.380000,114.000000,234.000000,402.000000,18.000000,36.000000,52.000000,3.000000,5.880000,9.440000
COLJAO,3.348900,33.379200,55.998000,83.338200,676.000000,1092.000000,1872.000000,2860.000000,12.000000,18.000000,108.000000,216.000000,264.000000,1.562500,5.625000,11.550000,15.900000,356.459500,856.266400,1596.120400,2281.606400,2536.000000,5980.000000,10630.000000,14528.000000,57.000000,132.000000,238.000000,348.000000,370.000000,1032.000000,1838.000000,2516.000000,26.296700,71.095600,126.150200,174.496400,-7.260000,-8.640000,-12.600000,114.000000,240.000000,358.000000,18.000000,36.000000,64.000000,3.000000,5.760000,9.780000
COMQUR,3.348900,33.379200,46.665000,62.878800,676.000000,1092.000000,1560.000000,2184.000000,10.000000,14.000000,96.000000,168.000000,180.000000,1.562500,5.625000,9.625000,12.100000,552.116300,1257.404400,2147.022800,2952.933600,3314.000000,7392.000000,11430.000000,14580.000000,91.000000,200.000000,334.000000,472.000000,534.000000,1408.000000,2236.000000,2744.000000,41.044100,103.465200,165.344200,215.652400,-7.260000,-7.200000,-8.740000,114.000000,200.000000,280.000000,20.000000,32.000000,54.000000,3.000000,4.800000,7.820000
COMQUR01,3.348900,33.379200,46.665000,62.878800,676.000000,1092.000000,1560.000000,2184.000000,10.000000,14.000000,96.000000,168.000000,180.000000,1.562500,5.625000,9.625000,12.100000,552.116300,1257.404400,2147.022800,2952.933600,3314.000000,7392.000000,11430.000000,14580.000000,91.000000,200.000000,334.000000,472.000000,534.000000,1408.000000,2236.000000,2744.000000,41.044100,103.465200,165.344200,215.652400,-7.260000,-7.200000,-8.740000,114.000000,200.000000,280.000000,20.000000,32.000000,54.000000,3.000000,4.800000,7.820000
COMRAY,3.348900,33.379200,59.584800,72.102000,676.000000,1092.000000,1976.000000,1976.000000,12.000000,16.000000,108.000000,216.000000,240.000000,1.562500,5.625000,11.450000,13.400000,330.411100,803.487200,1543.094400,2164.295200,7592.000000,6536.000000,12262.000000,14720.000000,51.000000,120.000000,222.000000,316.000000,342.000000,972.000000,1782.000000,2316.000000,26.341700,66.631600,122.327000,163.538000,-7.260000,-10.600000,-10.120000,114.000000,236.000000,340.000000,18.000000,36.000000,56.000000,3.000000,5.840000,9.280000
COMREC,3.348900,33.379200,59.584800,72.102000,676.000000,1092.000000,1976.000000,1976.000000,12.000000,16.000000,108.000000,216.000000,240.000000,1.562500,5.625000,11.450000,13.400000,466.357100,1113.545200,2021.066400,2832.925200,2544.000000,6592.000000,11758.000000,14128.000000,73.000000,168.000000,298.000000,424.000000,466.000000,1292.000000,2274.000000,2920.000000,31.971300,86.808000,152.172200,200.564800,-7.260000,-10.600000,-10.120000,114.000000,236.000000,340.000000,18.000000,36.000000,56.000000,3.000000,5.840000,9.280000
DEDNOQ,3.348900,33.379200,59.584800,72.102000,676.000000,1092.000000,1976.000000,1976.000000,12.000000,16.000000,108.000000,216.000000,240.000000,1.562500,5.625000,11.450000,13.400000,321.738100,786.351200,1507.450400,2081.090400,2000.000000,5312.000000,9774.000000,11836.000000,49.000000,116.000000,214.000000,300.000000,330.000000,936.000000,1726.000000,2248.000000,22.360900,62.196400,113.520600,150.590000,-7.260000,-10.600000,-10.120000,114.000000,236.000000,340.000000,18.000000,36.000000,56.000000,3.000000,5.840000,9.280000
DEVDUD,3.348900,33.379200,55.998000,80.483400,676.000000,1092.000000,1872.000000,3588.000000,12.000000,18.000000,108.000000,216.000000,216.000000,1.562500,5.625000,11.550000,16.200000,273.861900,662.387400,1266.248400,1636.735800,3166.000000,6288.000000,10554.000000,14388.000000,43.000000,102.000000,186.000000,246.000000,288.000000,810.000000,1506.000000,1926.000000,23.494900,61.469400,109.590600,138.802200,-7.260000,-8.640000,-11.040000,114.000000,240.000000,330.000000,18.000000,36.000000,72.000000,3.000000,5.760000,9.540000
DIXLUR10,3.348900,33.379200,66.154500,64.233000,676.000000,1092.000000,1560.000000,1170.000000,15.000000,15.000000,126.000000,216.000000,162.000000,1.562500,5.625000,11.437500,9.937500,292.003500,683.585400,1339.404000,2117.538000,1642.000000,4320.000000,7212.000000,8010.000000,49.000000,108.000000,210.000000,336.000000,318.000000,912.000000,1626.000000,2136.000000,18.895300,53.018400,96.838200,133.942800,-7.260000,-8.700000,-7.650000,114.000000,330.000000,345.000000,15.000000,54.000000,63.000000,3.000000,9.600000,10.800000
DOMQED,3.348900,33.379200,55.998000,75.176400,676.000000,1092.000000,1872.000000,2288.000000,12.000000,16.000000,108.000000,216.000000,264.000000,1.562500,5.625000,11.550000,14.350000,440.536700,1082.604400,2022.436400,2887.463200,2460.000000,6556.000000,11774.000000,15452.000000,71.000000,168.000000,306.000000,444.000000,474.000000,1332.000000,2394.000000,3220.000000,31.878300,88.436000,158.865800,216.940400,-7.260000,-8.640000,-11.800000,114.000000,240.000000,328.000000,18.000000,36.000000,52.000000,3.000000,5.760000,8.520000
DOMQIH,3.348900,33.379200,55.998000,75.176400,676.000000,1092.000000,1872.000000,2288.000000,12.000000,16.000000,108.000000,216.000000,252.000000,1.562500,5.625000,11.550000,14.350000,430.856700,1055.852400,1977.556400,2793.391200,2458.000000,6528.000000,11726.000000,15352.000000,69.000000,164.000000,298.000000,428.000000,462.000000,1296.000000,2322.000000,3096.000000,31.604500,87.326000,156.586600,212.411600,-7.260000,-8.640000,-11.800000,114.000000,240.000000,328.000000,18.000000,36.000000,54.000000,3.000000,5.760000,8.520000
DOMQON,3.348900,33.379200,55.998000,76.457400,676.000000,1092.000000,1872.000000,2548.000000,12.000000,16.000000,108.000000,216.000000,300.000000,1.562500,5.625000,11.550000,15.350000,472.901700,1153.494400,2155.662400,3047.821200,2536.000000,6748.000000,12118.000000,16388.000000,77.000000,180.000000,330.000000,468.000000,510.000000,1416.000000,2514.000000,3448.000000,33.611700,93.086800,166.359400,228.745200,-7.260000,-8.640000,-12.500000,114.000000,240.000000,318.000000,18.000000,36.000000,46.000000,3.000000,5.760000,7.720000
DOMQUT,3.348900,33.379200,55.998000,76.457400,676.000000,1092.000000,1872.000000,2548.000000,12.000000,16.000000,108.000000,216.000000,288.000000,1.562500,5.625000,11.550000,15.350000,463.221700,1126.742400,2110.782400,2953.749200,2534.000000,6720.000000,12070.000000,16288.000000,75.000000,176.000000,322.000000,452.000000,498.000000,1380.000000,2442.000000,3324.000000,33.337900,91.976800,164.080200,224.216400,-7.260000,-8.640000,-12.500000,114.000000,240.000000,318.000000,18.000000,36.000000,48.000000,3.000000,5.760000,7.720000
DOMQUT01,3.348900,33.379200,55.998000,76.457400,676.000000,1092.000000,1872.000000,2548.000000,12.000000,16.000000,108.000000,216.000000,288.000000,1.562500,5.625000,11.550000,15.350000,463.221700,1126.742400,2110.782400,2953.749200,2534.000000,6720.000000,12070.000000,16288.000000,75.000000,176.000000,322.000000,452.000000,498.000000,1380.000000,2442.000000,3324.000000,33.337900,91.976800,164.080200,224.216400,-7.260000,-8.640000,-12.500000,114.000000,240.000000,318.000000,18.000000,36.000000,48.000000,3.000000,5.760000,7.720000
DOMQUT02,3.348900,33.379200,55.998000,76.457400,676.000000,1092.000000,1872.000000,2548.000000,12.000000,16.000000,108.000000,216.000000,288.000000,1.562500,5.625000,11.550000,15.350000,463.221700,1126.742400,2110.782400,2953.749200,2534.000000,6720.000000,12070.000000,16288.000000,75.000000,176.000000,322.000000,452.000000,498.000000,1380.000000,2442.000000,3324.000000,33.337900,91.976800,164.080200,224.216400,-7.260000,-8.640000,-12.500000,114.000000,240.000000,318.000000,18.000000,36.000000,48.000000,3.000000,5.760000,7.720000
DOQRAC,3.348900,33.379200,55.998000,98.545500,676.000000,1092.000000,1872.000000,1014.000000,12.000000,24.000000,108.000000,252.000000,198.000000,1.562500,5.625000,11.550000,12.600000,301.536000,667.436400,1394.661000,2058.663000,1540.000000,3984.000000,7212.000000,8250.000000,52.000000,108.000000,222.000000,330.000000,330.000000,912.000000,1644.000000,2280.000000,17.938000,49.318800,91.234200,140.671800,-7.260000,-8.640000,-9.930000,114.000000,240.000000,585.000000,18.000000,30.000000,111.000000,3.000000,5.760000,19.920000
DOQRAC01,3.348900,33.379200,55.998000,98.545500,676.000000,1092.000000,1872.000000,1014.000000,12.000000,24.000000,108.000000,252.000000,198.000000,1.562500,5.625000,11.550000,12.600000,301.536000,667.436400,1394.661000,2058.663000,1540.000000,3984.000000,7212.000000,8250.000000,52.000000,108.000000,222.000000,330.000000,330.000000,912.000000,1644.000000,2280.000000,17.938000,49.318800,91.234200,140.671800,-7.260000,-8.640000,-9.930000,114.000000,240.000000,585.000000,18.000000,30.000000,111.000000,3.000000,5.760000,19.920000
DUCFOW,3.348900,33.379200,69.997500,112.545000,676.000000,1092.000000,2340.000000,1482.000000,15.000000,27.000000,126.000000,324.000000,234.000000,1.562500,5.625000,14.437500,15.487500,360.058500,870.008400,1814.031000,2916.180000,1864.000000,5100.000000,10170.000000,12054.000000,61.000000,138.000000,282.000000,468.000000,420.000000,1248.000000,2472.000000,3576.000000,23.274100,67.013400,131.340600,201.211200,-7.260000,-10.800000,-12.090000,114.000000,300.000000,645.000000,15.000000,36.000000,123.000000,3.000000,7.200000,21.360000
DUKJAW,3.348900,33.379200,46.665000,62.878800,676.000000,1092.000000,1560.000000,2184.000000,10.000000,14.000000,96.000000,168.000000,180.000000,1.562500,5.625000,9.625000,12.100000,481.135900,1127.484400,2008.197200,2731.033600,3166.000000,7132.000000,11586.000000,15136.000000,75.000000,172.000000,298.000000,416.000000,470.000000,1272.000000,2144.000000,2732.000000,35.935300,92.624800,155.646200,206.161200,-7.260000,-7.200000,-8.740000,114.000000,200.000000,280.000000,20.000000,32.000000,54.000000,3.000000,4.800000,7.820000
DUKJAW01,3.348900,33.379200,46.665000,62.878800,676.000000,1092.000000,1560.000000,2184.000000,10.000000,14.000000,96.000000,168.000000,180.000000,1.562500,5.625000,9.625000,12.100000,481.135900,1127.484400,2008.197200,2731.033600,3166.000000,7132.000000,11586.000000,15136.000000,75.000000,172.000000,298.000000,416.000000,470.000000,1272.000000,2144.000000,2732.000000,35.935300,92.624800,155.646200,206.161200,-7.260000,-7.200000,-8.740000,114.000000,200.000000,280.000000,20.000000,32.000000,54.000000,3.000000,4.800000,7.820000
DUKJIE,3.348900,33.379200,46.665000,62.878800,676.000000,1092.000000,1560.000000,2184.000000,10.000000,14.000000,96.000000,168.000000,180.000000,1.562500,5.625000,9.625000,12.100000,481.135900,1127.484400,2008.197200,2730.347600,3166.000000,7132.000000,11586.000000,15116.000000,75.000000,172.000000,298.000000,416.000000,470.000000,1272.000000,2144.000000,2740.000000,35.935300,92.624800,155.646200,206.193200,-7.260000,-7.200000,-8.740000,114.000000,200.000000,280.000000,20.000000,32.000000,54.000000,3.000000,4.800000,7.820000
DULBUK,3.348900,33.379200,55.998000,93.549600,676.000000,1092.000000,1872.000000,4160.000000,12.000000,20.000000,108.000000,240.000000,408.000000,1.562500,5.625000,11.550000,20.500000,464.419100,1096.550400,2201.045600,3133.848800,3112.000000,6912.000000,12806.000000,19928.000000,79.000000,176.000000,350.000000,492.000000,526.000000,1460.000000,2622.000000,3660.000000,32.088300,87.788000,163.103000,235.100400,-7.260000,-8.640000,-14.520000,114.000000,240.000000,360.000000,18.000000,32.000000,52.000000,3.000000,5.760000,8.600000
DULBUK02,3.348900,33.379200,55.998000,93.549600,676.000000,1092.000000,1872.000000,4160.000000,12.000000,20.000000,108.000000,240.000000,408.000000,1.562500,5.625000,11.550000,20.500000,464.419100,1096.550400,2201.045600,3133.848800,3112.000000,6912.000000,12806.000000,19928.000000,79.000000,176.000000,350.000000,492.000000,526.000000,1460.000000,2622.000000,3660.000000,32.088300,87.788000,163.103000,235.100400,-7.260000,-8.640000,-14.520000,114.000000,240.000000,360.000000,18.000000,32.000000,52.000000,3.000000,5.760000,8.600000
DULCIZ,3.348900,33.379200,55.998000,93.549600,676.000000,1092.000000,1872.000000,4160.000000,12.000000,20.000000,108.000000,240.000000,408.000000,1.562500,5.625000,11.550000,20.500000,464.419100,1096.550400,2201.045600,3133.848800,3112.000000,6912.000000,12806.000000,19928.000000,79.000000,176.000000,350.000000,492.000000,526.000000,1460.000000,2622.000000,3660.000000,32.088300,87.788000,163.103000,235.100400,-7.260000,-8.640000,-14.520000,114.000000,240.000000,360.000000,18.000000,32.000000,52.000000,3.000000,5.760000,8.600000
DULCOF,3.348900,33.379200,55.998000,93.549600,676.000000,1092.000000,1872.000000,4160.000000,12.000000,20.000000,108.000000,240.000000,408.000000,1.562500,5.625000,11.550000,20.500000,464.419100,1096.550400,2201.045600,3133.848800,3112.000000,6912.000000,12806.000000,19928.000000,79.000000,176.000000,350.000000,492.000000,526.000000,1460.000000,2622.000000,3660.000000,32.088300,87.788000,163.103000,235.100400,-7.260000,-8.640000,-14.520000,114.000000,240.000000,360.000000,18.000000,32.000000,52.000000,3.000000,5.760000,8.600000
DULDAS,3.348900,33.379200,55.998000,88.425600,676.000000,1092.000000,1872.000000,3120.000000,12.000000,20.000000,108.000000,240.000000,264.000000,1.562500,5.625000,11.550000,16.500000,334.959100,812.990400,1654.841600,2210.648800,2808.000000,6144.000000,11150.000000,15016.000000,55.000000,128.000000,254.000000,348.000000,382.000000,1076.000000,1926.000000,2508.000000,25.154700,69.184800,129.480600,170.238000,-7.260000,-8.640000,-11.720000,114.000000,240.000000,400.000000,18.000000,32.000000,76.000000,3.000000,5.760000,11.800000
DUSMAH,3.348900,33.379200,55.998000,99.844800,676.000000,1092.000000,1872.000000,3328.000000,12.000000,20.000000,108.000000,240.000000,408.000000,1.562500,5.625000,11.550000,19.050000,485.127900,1131.638400,2287.320800,3219.986400,2344.000000,6144.000000,11462.000000,16664.000000,79.000000,176.000000,350.000000,492.000000,526.000000,1460.000000,2622.000000,3660.000000,30.058300,84.215200,156.073400,225.101200,-7.260000,-8.640000,-17.960000,114.000000,240.000000,392.000000,18.000000,32.000000,52.000000,3.000000,5.760000,9.760000
DUSMAH03,3.348900,33.379200,55.998000,99.844800,676.000000,1092.000000,1872.000000,3328.000000,12.000000,20.000000,108.000000,240.000000,408.000000,1.562500,5.625000,11.550000,19.050000,485.127900,1131.638400,2287.320800,3219.986400,2344.000000,6144.000000,11462.000000,16664.000000,79.000000,176.000000,350.000000,492.000000,526.000000,1460.000000,2622.000000,3660.000000,30.058300,84.215200,156.073400,225.101200,-7.260000,-8.640000,-17.960000,114.000000,240.000000,392.000000,18.000000,32.000000,52.000000,3.000000,5.760000,9.760000
DUSMUB,3.348900,33.379200,55.998000,99.844800,676.000000,1092.000000,1872.000000,3328.000000,12.000000,20.000000,108.000000,240.000000,408.000000,1.562500,5.625000,11.550000,19.050000,485.127900,1131.638400,2287.320800,3219.986400,2344.000000,6144.000000,11462.000000,16664.000000,79.000000,176.000000,350.000000,492.000000,526.000000,1460.000000,2622.000000,3660.000000,30.058300,84.215200,156.073400,225.101200,-7.260000,-8.640000,-17.960000,114.000000,240.000000,392.000000,18.000000,32.000000,52.000000,3.000000,5.760000,9.760000
DUWHIO,3.348900,33.379200,46.665000,60.390000,676.000000,1092.000000,1560.000000,2314.000000,10.000000,13.000000,96.000000,168.000000,186.000000,1.562500,5.625000,9.625000,12.112500,297.007900,683.668400,1269.990200,1829.144000,2338.000000,5054.000000,8286.000000,11440.000000,47.000000,106.000000,188.000000,278.000000,294.000000,810.000000,1402.000000,1860.000000,22.678100,58.128200,99.571200,139.143800,-7.260000,-7.200000,-9.210000,114.000000,200.000000,249.000000,20.000000,32.000000,47.000000,3.000000,4.800000,6.560000
DUWHIO03,3.348900,33.379200,46.665000,60.390000,676.000000,1092.000000,1560.000000,2314.000000,10.000000,13.000000,96.000000,168.000000,186.000000,1.562500,5.625000,9.625000,12.112500,297.007900,683.668400,1269.990200,1829.144000,2338.000000,5054.000000,8286.000000,11440.000000,47.000000,106.000000,188.000000,278.000000,294.000000,810.000000,1402.000000,1860.000000,22.678100,58.128200,99.571200,139.143800,-7.260000,-7.200000,-9.210000,114.000000,200.000000,249.000000,20.000000,32.000000,47.000000,3.000000,4.800000,6.560000
EBOTOG,3.348900,33.379200,51.331500,73.675800,676.000000,1092.000000,1716.000000,2002.000000,11.000000,17.000000,102.000000,204.000000,174.000000,1.562500,5.625000,10.587500,12.487500,289.281300,660.653400,1283.785800,1919.373600,2220.000000,4788.000000,8110.000000,10574.000000,47.000000,104.000000,194.000000,300.000000,298.000000,840.000000,1524.000000,2016.000000,21.340500,55.140000,97.515400,141.190800,-7.260000,-7.920000,-9.150000,114.000000,220.000000,365.000000,19.000000,32.000000,73.000000,3.000000,5.280000,11.260000
EBOTOG01,3.348900,33.379200,51.331500,73.675800,676.000000,1092.000000,1716.000000,2002.000000,11.000000,17.000000,102.000000,204.000000,174.000000,1.562500,5.625000,10.587500,12.487500,289.281300,660.653400,1283.785800,1919.373600,2220.000000,4788.000000,8110.000000,10574.000000,47.000000,104.000000,194.000000,300.000000,298.000000,840.000000,1524.000000,2016.000000,21.340500,55.140000,97.515400,141.190800,-7.260000,-7.920000,-9.150000,114.000000,220.000000,365.000000,19.000000,32.000000,73.000000,3.000000,5.280000,11.260000
EBOVAU,3.348900,33.379200,51.331500,73.675800,676.000000,1092.000000,1716.000000,2002.000000,11.000000,17.000000,102.000000,204.000000,174.000000,1.562500,5.625000,10.587500,12.487500,289.281300,660.653400,1283.785800,1919.373600,2220.000000,4788.000000,8110.000000,10574.000000,47.000000,104.000000,194.000000,300.000000,298.000000,840.000000,1524.000000,2016.000000,21.340500,55.140000,97.515400,141.190800,-7.260000,-7.920000,-9.150000,114.000000,220.000000,365.000000,19.000000,32.000000,73.000000,3.000000,5.280000,11.260000
EBUQAU,3.348900,33.379200,55.998000,93.000600,676.000000,1092.000000,1872.000000,1794.000000,12.000000,21.000000,108.000000,234.000000,252.000000,1.562500,5.625000,11.550000,14.137500,328.969900,785.135400,1567.224600,2259.481800,1838.000000,4890.000000,8736.000000,10800.000000,53.000000,120.000000,234.000000,354.000000,354.000000,1002.000000,1806.000000,2544.000000,21.145300,59.808000,110.565000,157.542600,-7.260000,-8.640000,-12.390000,114.000000,240.000000,477.000000,18.000000,33.000000,84.000000,3.000000,5.760000,14.940000
EBUQAU01,3.348900,33.379200,55.998000,93.000600,676.000000,1092.000000,1872.000000,1794.000000,12.000000,21.000000,108.000000,234.000000,252.000000,1.562500,5.625000,11.550000,14.137500,328.969900,785.135400,1567.224600,2259.481800,1838.000000,4890.000000,8736.000000,10800.000000,53.000000,120.000000,234.000000,354.000000,354.000000,1002.000000,1806.000000,2544.000000,21.145300,59.808000,110.565000,157.542600,-7.260000,-8.640000,-12.390000,114.000000,240.000000,477.000000,18.000000,33.000000,84.000000,3.000000,5.760000,14.940000
ECELAA,3.348900,33.379200,59.584800,72.102000,676.000000,1092.000000,1976.000000,1976.000000,12.000000,16.000000,108.000000,216.000000,240.000000,1.562500,5.625000,11.450000,13.400000,325.939900,798.795200,1533.710400,2146.815200,1976.000000,5288.000000,9766.000000,11808.000000,51.000000,120.000000,222.000000,316.000000,342.000000,972.000000,1782.000000,2316.000000,22.695500,63.459200,115.982200,154.144400,-7.260000,-10.600000,-10.120000,114.000000,236.000000,340.000000,18.000000,36.000000,56.000000,3.000000,5.840000,9.280000
ECELEE01,3.348900,33.379200,59.584800,72.102000,676.000000,1092.000000,1976.000000,1976.000000,12.000000,16.000000,108.000000,216.000000,240.000000,1.562500,5.625000,11.450000,13.400000,325.939900,798.795200,1533.710400,2146.815200,1976.000000,5288.000000,9766.000000,11808.000000,51.000000,120.000000,222.000000,316.000000,342.000000,972.000000,1782.000000,2316.000000,22.695500,63.459200,115.982200,154.144400,-7.260000,-10.600000,-10.120000,114.000000,236.000000,340.000000,18.000000,36.000000,56.000000,3.000000,5.840000,9.280000
ECELII,3.348900,33.379200,59.584800,74.664000,676.000000,1092.000000,1976.000000,2496.000000,12.000000,16.000000,108.000000,216.000000,312.000000,1.562500,5.625000,11.450000,15.400000,390.669900,940.575200,1800.162400,2468.903200,2128.000000,5672.000000,10454.000000,13720.000000,63.000000,144.000000,270.000000,364.000000,414.000000,1140.000000,2022.000000,2772.000000,26.162300,72.760800,130.969400,177.690000,-7.260000,-10.600000,-11.520000,114.000000,236.000000,320.000000,18.000000,36.000000,44.000000,3.000000,5.840000,7.680000
EGIPOC,3.348900,33.379200,55.998000,78.250800,676.000000,1092.000000,1872.000000,2600.000000,12.000000,16.000000,108.000000,216.000000,288.000000,1.562500,5.625000,11.550000,15.300000,2045.887100,4593.620400,8689.586800,12157.930400,6336.000000,16272.000000,24406.000000,29760.000000,365.000000,756.000000,1474.000000,2140.000000,2230.000000,5960.000000,8694.000000,10180.000000,117.546100,317.094000,523.950600,661.550800,-7.260000,-8.640000,-13.480000,114.000000,240.000000,316.000000,18.000000,36.000000,48.000000,3.000000,5.760000,7.760000
EMIPIZ01,3.348900,33.379200,59.584800,72.102000,676.000000,1092.000000,1976.000000,1976.000000,12.000000,16.000000,108.000000,216.000000,240.000000,1.562500,5.625000,11.450000,13.400000,321.738100,786.351200,1507.450400,2081.090400,2000.000000,5312.000000,9774.000000,11836.000000,49.000000,116.000000,214.000000,300.000000,330.000000,936.000000,1726.000000,2248.000000,22.360900,62.196400,113.520600,150.590000,-7.260000,-10.600000,-10.120000,114.000000,236.000000,340.000000,18.000000,36.000000,56.000000,3.000000,5.840000,9.280000
ENUBAR,3.348900,33.379200,55.998000,93.000600,676.000000,1092.000000,1872.000000,1794.000000,12.000000,21.000000,108.000000,234.000000,252.000000,1.562500,5.625000,11.550000,14.137500,328.969900,785.135400,1568.253600,2273.858400,1838.000000,4890.000000,8766.000000,10818.000000,53.000000,120.000000,234.000000,354.000000,354.000000,1002.000000,1806.000000,2544.000000,21.145300,59.808000,110.517000,157.456200,-7.260000,-8.640000,-12.390000,114.000000,240.000000,477.000000,18.000000,33.000000,84.000000,3.000000,5.760000,14.940000
ENUBAR02,3.348900,33.379200,55.998000,93.000600,676.000000,1092.000000,1872.000000,1794.000000,12.000000,21.000000,108.000000,234.000000,252.000000,1.562500,5.625000,11.550000,14.137500,328.969900,785.135400,1568.253600,2273.858400,1838.000000,4890.000000,8766.000000,10818.000000,53.000000,120.000000,234.000000,354.000000,354.000000,1002.000000,1806.000000,2544.000000,21.145300,59.808000,110.517000,157.456200,-7.260000,-8.640000,-12.390000,114.000000,240.000000,477.000000,18.000000,33.000000,84.000000,3.000000,5.760000,14.940000
ETUHIM,3.348900,33.379200,73.383000,116.571000,676.000000,1092.000000,2236.000000,1508.000000,16.000000,28.000000,132.000000,324.000000,252.000000,1.562500,5.625000,14.400000,15.950000,366.413500,877.686400,1858.730000,3086.790000,1796.000000,4924.000000,9610.000000,11584.000000,63.000000,140.000000,294.000000,504.000000,434.000000,1296.000000,2514.000000,3696.000000,22.635900,65.736400,129.577400,201.191200,-7.260000,-10.820000,-12.460000,114.000000,330.000000,670.000000,14.000000,42.000000,126.000000,3.000000,8.480000,22.240000
ETUHIM02,3.348900,33.379200,73.383000,116.571000,676.000000,1092.000000,2236.000000,1508.000000,16.000000,28.000000,132.000000,324.000000,252.000000,1.562500,5.625000,14.400000,15.950000,366.413500,877.686400,1858.730000,3086.790000,1796.000000,4924.000000,9610.000000,11584.000000,63.000000,140.000000,294.000000,504.000000,434.000000,1296.000000,2514.000000,3696.000000,22.635900,65.736400,129.577400,201.191200,-7.260000,-10.820000,-12.460000,114.000000,330.000000,670.000000,14.000000,42.000000,126.000000,3.000000,8.480000,22.240000
ETUJEK,3.348900,33.379200,73.383000,116.571000,676.000000,1092.000000,2236.000000,1508.000000,16.000000,28.000000,132.000000,324.000000,252.000000,1.562500,5.625000,14.400000,15.950000,366.413500,877.686400,1858.730000,3086.790000,1796.000000,4924.000000,9610.000000,11584.000000,63.000000,140.000000,294.000000,504.000000,434.000000,1296.000000,2514.000000,3696.000000,22.635900,65.736400,129.577400,201.191200,-7.260000,-10.820000,-12.460000,114.000000,330.000000,670.000000,14.000000,42.000000,126.000000,3.000000,8.480000,22.240000
EYIJEB,3.348900,33.379200,55.998000,93.000600,676.000000,1092.000000,1872.000000,1794.000000,12.000000,21.000000,108.000000,234.000000,252.000000,1.562500,5.625000,11.550000,14.137500,328.969900,785.135400,1568.253600,2273.858400,1838.000000,4890.000000,8766.000000,10818.000000,53.000000,120.000000,234.000000,354.000000,354.000000,1002.000000,1806.000000,2544.000000,21.145300,59.808000,110.517000,157.456200,-7.260000,-8.640000,-12.390000,114.000000,240.000000,477.000000,18.000000,33.000000,84.000000,3.000000,5.760000,14.940000
FADVUC,3.348900,33.379200,48.458400,56.620200,676.000000,1092.000000,1612.000000,2184.000000,10.000000,12.000000,96.000000,156.000000,168.000000,1.562500,5.625000,9.575000,11.125000,532.860900,1218.890800,2132.376400,2874.013600,3246.000000,7252.000000,11578.000000,14920.000000,85.000000,188.000000,322.000000,436.000000,510.000000,1344.000000,2148.000000,2652.000000,38.216300,97.152800,158.081400,204.582400,-7.260000,-8.180000,-8.980000,114.000000,198.000000,228.000000,20.000000,34.000000,44.000000,3.000000,4.840000,6.100000
FEBPYC02,3.348900,33.379200,46.665000,62.878800,676.000000,1092.000000,1560.000000,2184.000000,10.000000,14.000000,96.000000,168.000000,180.000000,1.562500,5.625000,9.625000,12.100000,292.606300,661.724400,1215.762800,1734.391600,2290.000000,4896.000000,7878.000000,10672.000000,47.000000,104.000000,182.000000,268.000000,286.000000,780.000000,1324.000000,1732.000000,22.252500,56.402800,94.935400,131.594400,-7.260000,-7.200000,-8.740000,114.000000,200.000000,280.000000,20.000000,32.000000,54.000000,3.000000,4.800000,7.820000
FEBPYC04,3.348900,33.379200,46.665000,62.878800,676.000000,1092.000000,1560.000000,2184.000000,10.000000,14.000000,96.000000,168.000000,180.000000,1.562500,5.625000,9.625000,12.100000,292.606300,661.724400,1215.762800,1734.391600,2290.000000,4896.000000,7878.000000,10672.000000,47.000000,104.000000,182.000000,268.000000,286.000000,780.000000,1324.000000,1732.000000,22.252500,56.402800,94.935400,131.594400,-7.260000,-7.200000,-8.740000,114.000000,200.000000,280.000000,20.000000,32.000000,54.000000,3.000000,4.800000,7.820000
FEISXC01,3.348900,33.379200,65.770200,80.154000,676.000000,1092.000000,2184.000000,2028.000000,12.000000,18.000000,108.000000,180.000000,252.000000,1.562500,5.625000,11.250000,14.325000,333.965100,748.557600,1323.746400,1845.828000,2020.000000,5016.000000,8898.000000,10464.000000,49.000000,108.000000,186.000000,252.000000,294.000000,792.000000,1302.000000,1620.000000,21.271300,55.981200,94.086600,119.415600,-7.260000,-13.980000,-10.860000,114.000000,228.000000,390.000000,18.000000,42.000000,66.000000,3.000000,6.000000,11.040000
FEKYEA,3.348900,33.379200,55.998000,78.250800,676.000000,1092.000000,1872.000000,2600.000000,12.000000,16.000000,108.000000,216.000000,276.000000,1.562500,5.625000,11.550000,15.300000,459.019900,1118.610400,2070.084800,2863.090400,2558.000000,6748.000000,12038.000000,15852.000000,73.000000,172.000000,310.000000,436.000000,482.000000,1344.000000,2382.000000,3112.000000,33.003300,90.684400,160.960600,213.262800,-7.260000,-8.640000,-13.480000,114.000000,240.000000,316.000000,18.000000,36.000000,50.000000,3.000000,5.760000,7.760000
FENFOW,3.348900,33.379200,57.791400,64.050000,676.000000,1092.000000,1924.000000,1924.000000,12.000000,14.000000,108.000000,204.000000,228.000000,1.562500,5.625000,11.500000,12.475000,437.822900,1037.024800,1905.561200,2763.995600,2964.000000,6652.000000,11878.000000,14940.000000,69.000000,160.000000,286.000000,416.000000,446.000000,1236.000000,2154.000000,2848.000000,32.378900,85.633600,150.850200,205.075200,-7.260000,-9.620000,-9.380000,114.000000,238.000000,290.000000,18.000000,38.000000,46.000000,3.000000,5.800000,7.520000
FEPICC36,3.348900,33.379200,66.154500,64.233000,676.000000,1092.000000,1560.000000,1170.000000,15.000000,15.000000,126.000000,216.000000,162.000000,1.562500,5.625000,11.437500,9.937500,292.003500,683.585400,1339.404000,2117.538000,1642.000000,4320.000000,7212.000000,8010.000000,49.000000,108.000000,210.000000,336.000000,318.000000,912.000000,1626.000000,2136.000000,18.895300,53.018400,96.838200,133.942800,-7.260000,-8.700000,-7.650000,114.000000,330.000000,345.000000,15.000000,54.000000,63.000000,3.000000,9.600000,10.800000
FEPICC37,3.348900,33.379200,66.154500,64.233000,676.000000,1092.000000,1560.000000,1170.000000,15.000000,15.000000,126.000000,216.000000,162.000000,1.562500,5.625000,11.437500,9.937500,292.003500,683.585400,1339.404000,2117.538000,1642.000000,4320.000000,7212.000000,8010.000000,49.000000,108.000000,210.000000,336.000000,318.000000,912.000000,1626.000000,2136.000000,18.895300,53.018400,96.838200,133.942800,-7.260000,-8.700000,-7.650000,114.000000,330.000000,345.000000,15.000000,54.000000,63.000000,3.000000,9.600000,10.800000
FETPYR,3.348900,33.379200,46.665000,78.982800,676.000000,1092.000000,1560.000000,2288.000000,10.000000,18.000000,96.000000,168.000000,204.000000,1.562500,5.625000,9.625000,13.950000,311.966300,680.594400,1200.110800,1720.149600,2294.000000,4800.000000,7358.000000,10216.000000,51.000000,108.000000,182.000000,272.000000,290.000000,768.000000,1228.000000,1632.000000,22.800100,56.310400,90.071400,126.810800,-7.260000,-7.200000,-10.220000,114.000000,200.000000,380.000000,20.000000,32.000000,74.000000,3.000000,4.800000,11.340000
FIJTIC,3.348900,33.379200,48.458400,56.620200,676.000000,1092.000000,1612.000000,2184.000000,10.000000,12.000000,96.000000,156.000000,168.000000,1.562500,5.625000,9.575000,11.125000,413.662700,926.354800,1692.060800,2247.002400,2642.000000,5740.000000,9206.000000,11964.000000,67.000000,144.000000,258.000000,344.000000,402.000000,1056.000000,1660.000000,2036.000000,28.516900,72.420400,119.250200,156.123600,-7.260000,-8.180000,-8.980000,114.000000,198.000000,228.000000,20.000000,34.000000,44.000000,3.000000,4.840000,6.100000
FIWXEP,3.348900,33.379200,61.378200,91.463400,676.000000,1092.000000,2028.000000,3068.000000,12.000000,20.000000,108.000000,216.000000,408.000000,1.562500,5.625000,11.400000,19.450000,693.021300,1621.732800,2934.082800,4049.176800,3234.000000,8352.000000,14598.000000,20132.000000,115.000000,256.000000,458.000000,624.000000,714.000000,1912.000000,3210.000000,4432.000000,47.159500,126.396800,214.947400,292.991200,-7.260000,-11.580000,-13.380000,114.000000,234.000000,402.000000,18.000000,36.000000,52.000000,3.000000,5.880000,9.440000
FIWXIT,3.348900,33.379200,61.378200,91.463400,676.000000,1092.000000,2028.000000,3068.000000,12.000000,20.000000,108.000000,216.000000,408.000000,1.562500,5.625000,11.400000,19.450000,699.946300,1606.942800,2975.752800,4197.666800,3418.000000,8784.000000,14802.000000,20092.000000,119.000000,260.000000,482.000000,652.000000,742.000000,1980.000000,3302.000000,4544.000000,47.388500,128.645200,220.389000,299.609600,-7.260000,-11.580000,-13.380000,114.000000,234.000000,402.000000,18.000000,36.000000,52.000000,3.000000,5.880000,9.440000
FIWXOZ,3.348900,33.379200,61.378200,91.463400,676.000000,1092.000000,2028.000000,3068.000000,12.000000,20.000000,108.000000,216.000000,408.000000,1.562500,5.625000,11.400000,19.450000,576.271300,1349.902800,2498.032800,3516.816800,2794.000000,7248.000000,13086.000000,18700.000000,95.000000,212.000000,386.000000,532.000000,598.000000,1620.000000,2810.000000,4052.000000,38.949500,105.237200,183.346600,259.292400,-7.260000,-11.580000,-13.380000,114.000000,234.000000,402.000000,18.000000,36.000000,52.000000,3.000000,5.880000,9.440000
FIWXOZ01,3.348900,33.379200,61.378200,91.463400,676.000000,1092.000000,2028.000000,3068.000000,12.000000,20.000000,108.000000,216.000000,408.000000,1.562500,5.625000,11.400000,19.450000,576.271300,1349.902800,2498.032800,3516.816800,2794.000000,7248.000000,13086.000000,18700.000000,95.000000,212.000000,386.000000,532.000000,598.000000,1620.000000,2810.000000,4052.000000,38.949500,105.237200,183.346600,259.292400,-7.260000,-11.580000,-13.380000,114.000000,234.000000,402.000000,18.000000,36.000000,52.000000,3.000000,5.880000,9.440000
FIWXOZ02,3.348900,33.379200,61.378200,91.463400,676.000000,1092.000000,2028.000000,3068.000000,12.000000,20.000000,108.000000,216.000000,408.000000,1.562500,5.625000,11.400000,19.450000,576.271300,1349.902800,2498.032800,3516.816800,2794.000000,7248.000000,13086.000000,18700.000000,95.000000,212.000000,386.000000,532.000000,598.000000,1620.000000,2810.000000,4052.000000,38.949500,105.237200,183.346600,259.292400,-7.260000,-11.580000,-13.380000,114.000000,234.000000,402.000000,18.000000,36.000000,52.000000,3.000000,5.880000,9.440000
FOSBOG,3.348900,33.379200,59.584800,72.102000,676.000000,1092.000000,1976.000000,1976.000000,12.000000,16.000000,108.000000,216.000000,240.000000,1.562500,5.625000,11.450000,13.400000,702.199900,1690.943200,2988.089600,4168.292000,3440.000000,8992.000000,15462.000000,18672.000000,115.000000,264.000000,462.000000,652.000000,726.000000,1980.000000,3366.000000,4252.000000,49.697100,134.116800,228.889400,296.594000,-7.260000,-10.600000,-10.120000,114.000000,236.000000,340.000000,18.000000,36.000000,56.000000,3.000000,5.840000,9.280000
FOSCAT,3.348900,33.379200,59.584800,72.102000,676.000000,1092.000000,1976.000000,1976.000000,12.000000,16.000000,108.000000,216.000000,240.000000,1.562500,5.625000,11.450000,13.400000,702.199900,1690.943200,2988.089600,4168.292000,3440.000000,8992.000000,15462.000000,18672.000000,115.000000,264.000000,462.000000,652.000000,726.000000,1980.000000,3366.000000,4252.000000,49.697100,134.116800,228.889400,296.594000,-7.260000,-10.600000,-10.120000,114.000000,236.000000,340.000000,18.000000,36.000000,56.000000,3.000000,5.840000,9.280000
FOSCEX,3.348900,33.379200,59.584800,72.102000,676.000000,1092.000000,1976.000000,1976.000000,12.000000,16.000000,108.000000,216.000000,240.000000,1.562500,5.625000,11.450000,13.400000,702.199900,1690.943200,2988.089600,4168.292000,3440.000000,8992.000000,15462.000000,18672.000000,115.000000,264.000000,462.000000,652.000000,726.000000,1980.000000,3366.000000,4252.000000,49.697100,134.116800,228.889400,296.594000,-7.260000,-10.600000,-10.120000,114.000000,236.000000,340.000000,18.000000,36.000000,56.000000,3.000000,5.840000,9.280000
FOSCEX01,3.348900,33.379200,59.584800,72.102000,676.000000,1092.000000,1976.000000,1976.000000,12.000000,16.000000,108.000000,216.000000,240.000000,1.562500,5.625000,11.450000,13.400000,702.199900,1690.943200,2988.089600,4168.292000,3440.000000,8992.000000,15462.000000,18672.000000,115.000000,264.000000,462.000000,652.000000,726.000000,1980.000000,3366.000000,4252.000000,49.697100,134.116800,228.889400,296.594000,-7.260000,-10.600000,-10.120000,114.000000,236.000000,340.000000,18.000000,36.000000,56.000000,3.000000,5.840000,9.280000
FOSCOH,3.348900,33.379200,59.584800,72.102000,676.000000,1092.000000,1976.000000,1976.000000,12.000000,16.000000,108.000000,216.000000,240.000000,1.562500,5.625000,11.450000,13.400000,702.199900,1690.943200,2988.089600,4168.292000,3440.000000,8992.000000,15462.000000,18672.000000,115.000000,264.000000,462.000000,652.000000,726.000000,1980.000000,3366.000000,4252.000000,49.697100,134.116800,228.889400,296.594000,-7.260000,-10.600000,-10.120000,114.000000,236.000000,340.000000,18.000000,36.000000,56.000000,3.000000,5.840000,9.280000
FOYYAU,3.348900,33.379200,59.584800,72.102000,676.000000,1092.000000,1976.000000,1976.000000,12.000000,16.000000,108.000000,216.000000,240.000000,1.562500,5.625000,11.450000,13.400000,393.425900,930.885200,1734.197200,2404.405200,2732.000000,6392.000000,11162.000000,13312.000000,61.000000,140.000000,254.000000,356.000000,394.000000,1096.000000,1962.000000,2564.000000,28.546700,75.563600,132.865400,175.594800,-7.260000,-10.600000,-10.120000,114.000000,236.000000,340.000000,18.000000,36.000000,56.000000,3.000000,5.840000,9.280000
FOYYAU02,3.348900,33.379200,59.584800,72.102000,676.000000,1092.000000,1976.000000,1976.000000,12.000000,16.000000,108.000000,216.000000,240.000000,1.562500,5.625000,11.450000,13.400000,393.425900,930.885200,1734.197200,2404.405200,2732.000000,6392.000000,11162.000000,13312.000000,61.000000,140.000000,254.000000,356.000000,394.000000,1096.000000,1962.000000,2564.000000,28.546700,75.563600,132.865400,175.594800,-7.260000,-10.600000,-10.120000,114.000000,236.000000,340.000000,18.000000,36.000000,56.000000,3.000000,5.840000,9.280000
FOYYAU06,3.348900,33.379200,59.584800,72.102000,676.000000,1092.000000,1976.000000,1976.000000,12.000000,16.000000,108.000000,216.000000,240.000000,1.562500,5.625000,11.450000,13.400000,393.425900,930.885200,1734.197200,2404.405200,2732.000000,6392.000000,11162.000000,13312.000000,61.000000,140.000000,254.000000,356.000000,394.000000,1096.000000,1962.000000,2564.000000,28.546700,75.563600,132.865400,175.594800,-7.260000,-10.600000,-10.120000,114.000000,236.000000,340.000000,18.000000,36.000000,56.000000,3.000000,5.840000,9.280000
GAKKOS03,3.348900,33.379200,46.665000,79.202400,676.000000,1092.000000,1560.000000,3328.000000,10.000000,18.000000,96.000000,192.000000,204.000000,1.562500,5.625000,9.625000,15.200000,267.211900,610.928400,1252.816400,1597.224000,3026.000000,5568.000000,9294.000000,13608.000000,43.000000,96.000000,190.000000,252.000000,286.000000,788.000000,1348.000000,1640.000000,21.670900,54.739600,98.383400,127.274000,-7.260000,-7.200000,-10.340000,114.000000,200.000000,340.000000,20.000000,28.000000,74.000000,3.000000,4.800000,10.340000
GAKKOS04,3.348900,33.379200,46.665000,79.202400,676.000000,1092.000000,1560.000000,3328.000000,10.000000,18.000000,96.000000,192.000000,204.000000,1.562500,5.625000,9.625000,15.200000,267.211900,610.928400,1252.816400,1597.224000,3026.000000,5568.000000,9294.000000,13608.000000,43.000000,96.000000,190.000000,252.000000,286.000000,788.000000,1348.000000,1640.000000,21.670900,54.739600,98.383400,127.274000,-7.260000,-7.200000,-10.340000,114.000000,200.000000,340.000000,20.000000,28.000000,74.000000,3.000000,4.800000,10.340000
GAKKOS05,3.348900,33.379200,46.665000,79.202400,676.000000,1092.000000,1560.000000,3328.000000,10.000000,18.000000,96.000000,192.000000,204.000000,1.562500,5.625000,9.625000,15.200000,267.211900,610.928400,1252.816400,1597.224000,3026.000000,5568.000000,9294.000000,13608.000000,43.000000,96.000000,190.000000,252.000000,286.000000,788.000000,1348.000000,1640.000000,21.670900,54.739600,98.383400,127.274000,-7.260000,-7.200000,-10.340000,114.000000,200.000000,340.000000,20.000000,28.000000,74.000000,3.000000,4.800000,10.340000
GAPSIA,3.348900,33.379200,59.584800,72.102000,676.000000,1092.000000,1976.000000,1976.000000,12.000000,16.000000,108.000000,216.000000,240.000000,1.562500,5.625000,11.450000,13.400000,325.939900,798.795200,1533.710400,2146.815200,1976.000000,5288.000000,9766.000000,11808.000000,51.000000,120.000000,222.000000,316.000000,342.000000,972.000000,1782.000000,2316.000000,22.695500,63.459200,115.982200,154.144400,-7.260000,-10.600000,-10.120000,114.000000,236.000000,340.000000,18.000000,36.000000,56.000000,3.000000,5.840000,9.280000
GAPSOG,3.348900,33.379200,59.584800,72.102000,676.000000,1092.000000,1976.000000,1976.000000,12.000000,16.000000,108.000000,216.000000,240.000000,1.562500,5.625000,11.450000,13.400000,325.939900,798.795200,1533.710400,2146.815200,1976.000000,5288.000000,9766.000000,11808.000000,51.000000,120.000000,222.000000,316.000000,342.000000,972.000000,1782.000000,2316.000000,22.695500,63.459200,115.982200,154.144400,-7.260000,-10.600000,-10.120000,114.000000,236.000000,340.000000,18.000000,36.000000,56.000000,3.000000,5.840000,9.280000
GAPSUM,3.348900,33.379200,59.584800,74.664000,676.000000,1092.000000,1976.000000,2496.000000,12.000000,16.000000,108.000000,216.000000,288.000000,1.562500,5.625000,11.450000,15.400000,559.439900,1342.455200,2414.322400,3355.363200,2856.000000,7496.000000,13070.000000,16704.000000,91.000000,208.000000,366.000000,516.000000,574.000000,1572.000000,2694.000000,3492.000000,39.115500,105.778400,181.583800,238.366000,-7.260000,-10.600000,-11.520000,114.000000,236.000000,320.000000,18.000000,36.000000,48.000000,3.000000,5.840000,7.680000
GAPSUM01,3.348900,33.379200,59.584800,74.664000,676.000000,1092.000000,1976.000000,2496.000000,12.000000,16.000000,108.000000,216.000000,288.000000,1.562500,5.625000,11.450000,15.400000,559.439900,1342.455200,2414.322400,3355.363200,2856.000000,7496.000000,13070.000000,16704.000000,91.000000,208.000000,366.000000,516.000000,574.000000,1572.000000,2694.000000,3492.000000,39.115500,105.778400,181.583800,238.366000,-7.260000,-10.600000,-11.520000,114.000000,236.000000,320.000000,18.000000,36.000000,48.000000,3.000000,5.840000,7.680000
GAPTAT,3.348900,33.379200,59.584800,74.664000,676.000000,1092.000000,1976.000000,2496.000000,12.000000,16.000000,108.000000,216.000000,312.000000,1.562500,5.625000,11.450000,15.400000,520.129900,1224.135200,2341.662400,3271.087200,2432.000000,6440.000000,11630.000000,15384.000000,87.000000,192.000000,366.000000,508.000000,558.000000,1524.000000,2574.000000,3444.000000,33.095900,91.364000,162.159800,221.339600,-7.260000,-10.600000,-11.520000,114.000000,236.000000,320.000000,18.000000,36.000000,44.000000,3.000000,5.840000,7.680000
GAPTEX,3.348900,33.379200,59.584800,74.664000,676.000000,1092.000000,1976.000000,2496.000000,12.000000,16.000000,108.000000,216.000000,288.000000,1.562500,5.625000,11.450000,15.400000,576.078700,1292.883200,2406.947200,3159.352800,2936.000000,7208.000000,12638.000000,16368.000000,87.000000,192.000000,350.000000,460.000000,542.000000,1444.000000,2350.000000,3036.000000,36.263900,95.552800,163.441400,213.541200,-7.260000,-10.600000,-11.520000,114.000000,236.000000,320.000000,18.000000,36.000000,48.000000,3.000000,5.840000,7.680000
GAPTIB,3.348900,33.379200,59.584800,74.664000,676.000000,1092.000000,1976.000000,2496.000000,12.000000,16.000000,108.000000,216.000000,312.000000,1.562500,5.625000,11.450000,15.400000,438.004300,1026.415200,1913.986400,2646.676000,2384.000000,6072.000000,10950.000000,14512.000000,67.000000,152.000000,278.000000,388.000000,430.000000,1188.000000,2094.000000,2860.000000,28.293900,77.139200,137.597400,186.537200,-7.260000,-10.600000,-11.520000,114.000000,236.000000,320.000000,18.000000,36.000000,44.000000,3.000000,5.840000,7.680000
GAZQUT,3.348900,33.379200,55.998000,93.000600,676.000000,1092.000000,1872.000000,1794.000000,12.000000,21.000000,108.000000,234.000000,252.000000,1.562500,5.625000,11.550000,14.137500,902.892400,2115.734400,3780.675600,5407.267800,3932.000000,10176.000000,16764.000000,21258.000000,152.000000,336.000000,594.000000,876.000000,930.000000,2514.000000,4182.000000,5658.000000,60.690400,161.954400,271.987800,372.546000,-7.260000,-8.640000,-12.390000,114.000000,240.000000,477.000000,18.000000,33.000000,84.000000,3.000000,5.760000,14.940000
GIVZAN,3.348900,33.379200,59.584800,72.102000,676.000000,1092.000000,1976.000000,1976.000000,12.000000,16.000000,108.000000,216.000000,240.000000,1.562500,5.625000,11.450000,13.400000,325.939900,797.423200,1511.797600,2131.488000,1976.000000,5248.000000,9662.000000,11800.000000,51.000000,120.000000,222.000000,316.000000,342.000000,972.000000,1782.000000,2316.000000,22.695500,63.523200,116.225400,154.266000,-7.260000,-10.600000,-10.120000,114.000000,236.000000,340.000000,18.000000,36.000000,56.000000,3.000000,5.840000,9.280000
GIVZER,3.348900,33.379200,59.584800,72.102000,676.000000,1092.000000,1976.000000,1976.000000,12.000000,16.000000,108.000000,216.000000,240.000000,1.562500,5.625000,11.450000,13.400000,325.939900,797.423200,1511.797600,2131.488000,1976.000000,5248.000000,9662.000000,11800.000000,51.000000,120.000000,222.000000,316.000000,342.000000,972.000000,1782.000000,2316.000000,22.695500,63.523200,116.225400,154.266000,-7.260000,-10.600000,-10.120000,114.000000,236.000000,340.000000,18.000000,36.000000,56.000000,3.000000,5.840000,9.280000
GIVZIV,3.348900,33.379200,59.584800,72.102000,676.000000,1092.000000,1976.000000,1976.000000,12.000000,16.000000,108.000000,216.000000,240.000000,1.562500,5.625000,11.450000,13.400000,325.939900,797.423200,1511.797600,2131.488000,1976.000000,5248.000000,9662.000000,11800.000000,51.000000,120.000000,222.000000,316.000000,342.000000,972.000000,1782.000000,2316.000000,22.695500,63.523200,116.225400,154.266000,-7.260000,-10.600000,-10.120000,114.000000,236.000000,340.000000,18.000000,36.000000,56.000000,3.000000,5.840000,9.280000
GOGDUB,3.348900,33.379200,55.998000,83.228400,676.000000,1092.000000,1872.000000,2340.000000,12.000000,18.000000,108.000000,216.000000,276.000000,1.562500,5.625000,11.550000,15.275000,414.526700,1004.574400,1866.650800,2758.054800,2316.000000,6124.000000,10894.000000,14796.000000,67.000000,156.000000,282.000000,424.000000,438.000000,1224.000000,2178.000000,3052.000000,29.506700,81.321200,144.669800,205.764000,-7.260000,-8.640000,-12.540000,114.000000,240.000000,378.000000,18.000000,36.000000,62.000000,3.000000,5.760000,10.280000
HAPDOU,3.348900,33.379200,46.665000,64.159800,676.000000,1092.000000,1560.000000,2444.000000,10.000000,14.000000,96.000000,168.000000,204.000000,1.562500,5.625000,9.625000,13.100000,527.088500,1240.115400,2304.010800,3233.963600,3224.000000,7392.000000,12190.000000,17268.000000,85.000000,194.000000,354.000000,504.000000,548.000000,1486.000000,2512.000000,3448.000000,38.278700,100.893400,173.786200,244.582800,-7.260000,-7.200000,-9.440000,114.000000,200.000000,270.000000,20.000000,32.000000,50.000000,3.000000,4.800000,7.020000
HAXHIY,3.348900,33.379200,60.664500,98.618700,676.000000,1092.000000,2028.000000,1664.000000,13.000000,23.000000,114.000000,264.000000,228.000000,1.562500,5.625000,12.512500,14.612500,406.214200,939.317400,1799.433400,2743.466400,2141.000000,5532.000000,9880.000000,12106.000000,67.000000,148.000000,278.000000,438.000000,426.000000,1206.000000,2214.000000,3070.000000,27.226700,73.527600,131.518200,192.709400,-7.260000,-9.360000,-11.800000,114.000000,260.000000,534.000000,17.000000,34.000000,100.000000,3.000000,6.240000,17.060000
HECBUO,3.348900,33.379200,59.584800,72.102000,676.000000,1092.000000,1976.000000,1976.000000,12.000000,16.000000,108.000000,216.000000,240.000000,1.562500,5.625000,11.450000,13.400000,606.774300,1426.923200,2487.881600,3528.544000,3112.000000,7856.000000,13686.000000,16856.000000,95.000000,216.000000,374.000000,532.000000,590.000000,1612.000000,2766.000000,3540.000000,41.247100,110.220800,188.541400,247.948400,-7.260000,-10.600000,-10.120000,114.000000,236.000000,340.000000,18.000000,36.000000,56.000000,3.000000,5.840000,9.280000
HECCEZ,3.348900,33.379200,59.584800,72.102000,676.000000,1092.000000,1976.000000,1976.000000,12.000000,16.000000,108.000000,216.000000,240.000000,1.562500,5.625000,11.450000,13.400000,606.774300,1426.923200,2487.881600,3528.544000,3112.000000,7856.000000,13686.000000,16856.000000,95.000000,216.000000,374.000000,532.000000,590.000000,1612.000000,2766.000000,3540.000000,41.247100,110.220800,188.541400,247.948400,-7.260000,-10.600000,-10.120000,114.000000,236.000000,340.000000,18.000000,36.000000,56.000000,3.000000,5.840000,9.280000
HECCID,3.348900,33.379200,59.584800,72.102000,676.000000,1092.000000,1976.000000,1976.000000,12.000000,16.000000,108.000000,216.000000,240.000000,1.562500,5.625000,11.450000,13.400000,606.774300,1426.923200,2487.881600,3528.544000,3112.000000,7856.000000,13686.000000,16856.000000,95.000000,216.000000,374.000000,532.000000,590.000000,1612.000000,2766.000000,3540.000000,41.247100,110.220800,188.541400,247.948400,-7.260000,-10.600000,-10.120000,114.000000,236.000000,340.000000,18.000000,36.000000,56.000000,3.000000,5.840000,9.280000
HECCOJ,3.348900,33.379200,59.584800,72.102000,676.000000,1092.000000,1976.000000,1976.000000,12.000000,16.000000,108.000000,216.000000,240.000000,1.562500,5.625000,11.450000,13.400000,325.939900,797.423200,1511.797600,2131.488000,1976.000000,5248.000000,9662.000000,11800.000000,51.000000,120.000000,222.000000,316.000000,342.000000,972.000000,1782.000000,2316.000000,22.695500,63.523200,116.225400,154.266000,-7.260000,-10.600000,-10.120000,114.000000,236.000000,340.000000,18.000000,36.000000,56.000000,3.000000,5.840000,9.280000
HECCOJ01,3.348900,33.379200,59.584800,72.102000,676.000000,1092.000000,1976.000000,1976.000000,12.000000,16.000000,108.000000,216.000000,240.000000,1.562500,5.625000,11.450000,13.400000,325.939900,797.423200,1511.797600,2131.488000,1976.000000,5248.000000,9662.000000,11800.000000,51.000000,120.000000,222.000000,316.000000,342.000000,972.000000,1782.000000,2316.000000,22.695500,63.523200,116.225400,154.266000,-7.260000,-10.600000,-10.120000,114.000000,236.000000,340.000000,18.000000,36.000000,56.000000,3.000000,5.840000,9.280000
HIXDOK,3.348900,33.379200,57.791400,75.176400,676.000000,1092.000000,1924.000000,2288.000000,12.000000,16.000000,108.000000,216.000000,264.000000,1.562500,5.625000,11.500000,14.350000,514.069900,1243.222800,2253.687200,3149.117200,2708.000000,7116.000000,12526.000000,15824.000000,83.000000,192.000000,342.000000,484.000000,534.000000,1476.000000,2574.000000,3324.000000,36.196300,98.818400,172.533400,226.731600,-7.260000,-9.620000,-11.800000,114.000000,238.000000,328.000000,18.000000,36.000000,52.000000,3.000000,5.800000,8.520000
HIXDOK01,3.348900,33.379200,57.791400,75.176400,676.000000,1092.000000,1924.000000,2288.000000,12.000000,16.000000,108.000000,216.000000,264.000000,1.562500,5.625000,11.500000,14.350000,514.069900,1243.222800,2253.687200,3149.117200,2708.000000,7116.000000,12526.000000,15824.000000,83.000000,192.000000,342.000000,484.000000,534.000000,1476.000000,2574.000000,3324.000000,36.196300,98.818400,172.533400,226.731600,-7.260000,-9.620000,-11.800000,114.000000,238.000000,328.000000,18.000000,36.000000,52.000000,3.000000,5.800000,8.520000
HIXFOK,3.348900,33.379200,55.998000,90.310500,676.000000,1092.000000,1872.000000,1716.000000,12.000000,21.000000,108.000000,234.000000,252.000000,1.562500,5.625000,11.550000,14.212500,681.565900,1540.607400,2959.836000,4197.790200,2786.000000,7152.000000,11706.000000,14496.000000,116.000000,246.000000,474.000000,690.000000,720.000000,1932.000000,3012.000000,3948.000000,40.625200,110.349000,188.008200,255.994200,-7.260000,-8.640000,-10.920000,114.000000,240.000000,480.000000,18.000000,33.000000,84.000000,3.000000,5.760000,14.880000
HIXFUQ,3.348900,33.379200,55.998000,92.232000,676.000000,1092.000000,1872.000000,2106.000000,12.000000,21.000000,108.000000,234.000000,306.000000,1.562500,5.625000,11.550000,15.712500,730.113400,1646.942400,3159.675000,4440.931200,2900.000000,7440.000000,12222.000000,16110.000000,125.000000,264.000000,510.000000,726.000000,774.000000,2058.000000,3192.000000,4308.000000,43.225300,117.325200,199.248600,274.565400,-7.260000,-8.640000,-11.970000,114.000000,240.000000,465.000000,18.000000,33.000000,75.000000,3.000000,5.760000,13.680000
HIXFUQ01,3.348900,33.379200,55.998000,92.232000,676.000000,1092.000000,1872.000000,2106.000000,12.000000,21.000000,108.000000,234.000000,306.000000,1.562500,5.625000,11.550000,15.712500,730.113400,1646.942400,3159.675000,4440.931200,2900.000000,7440.000000,12222.000000,16110.000000,125.000000,264.000000,510.000000,726.000000,774.000000,2058.000000,3192.000000,4308.000000,43.225300,117.325200,199.248600,274.565400,-7.260000,-8.640000,-11.970000,114.000000,240.000000,465.000000,18.000000,33.000000,75.000000,3.000000,5.760000,13.680000
HMPBFE,3.348900,33.379200,61.378200,91.463400,676.000000,1092.000000,2028.000000,3068.000000,12.000000,20.000000,108.000000,216.000000,408.000000,1.562500,5.625000,11.400000,19.450000,530.606300,1239.436800,2407.276800,3246.154800,2438.000000,6452.000000,11946.000000,16960.000000,89.000000,196.000000,378.000000,484.000000,574.000000,1528.000000,2610.000000,3840.000000,33.568100,93.158800,165.390600,233.550800,-7.260000,-11.580000,-13.380000,114.000000,234.000000,402.000000,18.000000,36.000000,52.000000,3.000000,5.880000,9.440000
HOLSIN,3.348900,33.379200,55.998000,93.805800,676.000000,1092.000000,1872.000000,2132.000000,12.000000,22.000000,108.000000,240.000000,204.000000,1.562500,5.625000,11.550000,14.800000,367.016300,843.947400,1639.918800,2488.881600,2444.000000,5400.000000,9430.000000,12544.000000,61.000000,134.000000,254.000000,396.000000,388.000000,1092.000000,1990.000000,2732.000000,25.993100,67.968200,121.210600,180.917600,-7.260000,-8.640000,-11.000000,114.000000,240.000000,490.000000,18.000000,32.000000,98.000000,3.000000,5.760000,15.660000
HOLSOT,3.348900,33.379200,55.998000,91.829400,676.000000,1092.000000,1872.000000,1560.000000,12.000000,22.000000,108.000000,240.000000,240.000000,1.562500,5.625000,11.550000,14.375000,436.436700,989.195400,1903.122400,2780.344800,2136.000000,5532.000000,9510.000000,11664.000000,75.000000,162.000000,302.000000,448.000000,464.000000,1268.000000,2194.000000,2996.000000,29.097900,78.241000,135.015800,193.017600,-7.260000,-8.640000,-9.920000,114.000000,240.000000,512.000000,18.000000,32.000000,92.000000,3.000000,5.760000,16.000000
HOLSUZ,3.348900,33.379200,55.998000,93.805800,676.000000,1092.000000,1872.000000,2132.000000,12.000000,22.000000,108.000000,240.000000,204.000000,1.562500,5.625000,11.550000,14.800000,412.386300,940.847400,1784.288800,2704.041600,2592.000000,5736.000000,9734.000000,12724.000000,69.000000,150.000000,278.000000,436.000000,428.000000,1196.000000,2134.000000,2900.000000,28.912300,74.990600,130.464200,190.537600,-7.260000,-8.640000,-11.000000,114.000000,240.000000,490.000000,18.000000,32.000000,98.000000,3.000000,5.760000,15.660000
HOLTAG,3.348900,33.379200,55.998000,93.696000,676.000000,1092.000000,1872.000000,3068.000000,12.000000,22.000000,108.000000,240.000000,204.000000,1.562500,5.625000,11.550000,15.150000,366.708500,843.641400,1639.554000,2488.662000,4244.000000,5832.000000,9934.000000,14416.000000,61.000000,134.000000,254.000000,396.000000,388.000000,1092.000000,1990.000000,2732.000000,26.603500,68.399400,121.630600,181.617600,-7.260000,-8.640000,-10.940000,114.000000,240.000000,454.000000,18.000000,32.000000,98.000000,3.000000,5.760000,15.380000
HOLTEK,3.348900,33.379200,55.998000,91.829400,676.000000,1092.000000,1872.000000,1560.000000,12.000000,22.000000,108.000000,240.000000,240.000000,1.562500,5.625000,11.550000,14.375000,436.436700,989.195400,1903.122400,2780.344800,2136.000000,5532.000000,9510.000000,11664.000000,75.000000,162.000000,302.000000,448.000000,464.000000,1268.000000,2194.000000,2996.000000,29.097900,78.241000,135.015800,193.017600,-7.260000,-8.640000,-9.920000,114.000000,240.000000,512.000000,18.000000,32.000000,92.000000,3.000000,5.760000,16.000000
HOLTOU,3.348900,33.379200,55.998000,93.696000,676.000000,1092.000000,1872.000000,3068.000000,12.000000,22.000000,108.000000,240.000000,204.000000,1.562500,5.625000,11.550000,15.150000,412.078500,940.541400,1783.924000,2703.822000,4392.000000,6168.000000,10238.000000,14596.000000,69.000000,150.000000,278.000000,436.000000,428.000000,1196.000000,2134.000000,2900.000000,29.522700,75.421800,130.884200,191.237600,-7.260000,-8.640000,-10.940000,114.000000,240.000000,454.000000,18.000000,32.000000,98.000000,3.000000,5.760000,15.380000
HOLTUA,3.348900,33.379200,55.998000,93.805800,676.000000,1092.000000,1872.000000,2132.000000,12.000000,22.000000,108.000000,240.000000,204.000000,1.562500,5.625000,11.550000,14.800000,412.386300,940.847400,1784.288800,2704.041600,2592.000000,5736.000000,9734.000000,12724.000000,69.000000,150.000000,278.000000,436.000000,428.000000,1196.000000,2134.000000,2900.000000,28.912300,74.990600,130.464200,190.537600,-7.260000,-8.640000,-11.000000,114.000000,240.000000,490.000000,18.000000,32.000000,98.000000,3.000000,5.760000,15.660000
HOMXIT,3.348900,33.379200,59.584800,72.102000,676.000000,1092.000000,1976.000000,1976.000000,12.000000,16.000000,108.000000,216.000000,240.000000,1.562500,5.625000,11.450000,13.400000,325.939900,797.423200,1511.797600,2131.488000,1976.000000,5248.000000,9662.000000,11800.000000,51.000000,120.000000,222.000000,316.000000,342.000000,972.000000,1782.000000,2316.000000,22.695500,63.523200,116.225400,154.266000,-7.260000,-10.600000,-10.120000,114.000000,236.000000,340.000000,18.000000,36.000000,56.000000,3.000000,5.840000,9.280000
HOMXIT01,3.348900,33.379200,59.584800,72.102000,676.000000,1092.000000,1976.000000,1976.000000,12.000000,16.000000,108.000000,216.000000,240.000000,1.562500,5.625000,11.450000,13.400000,325.939900,797.423200,1511.797600,2131.488000,1976.000000,5248.000000,9662.000000,11800.000000,51.000000,120.000000,222.000000,316.000000,342.000000,972.000000,1782.000000,2316.000000,22.695500,63.523200,116.225400,154.266000,-7.260000,-10.600000,-10.120000,114.000000,236.000000,340.000000,18.000000,36.000000,56.000000,3.000000,5.840000,9.280000
HOMXIT02,3.348900,33.379200,59.584800,72.102000,676.000000,1092.000000,1976.000000,1976.000000,12.000000,16.000000,108.000000,216.000000,240.000000,1.562500,5.625000,11.450000,13.400000,325.939900,797.423200,1511.797600,2131.488000,1976.000000,5248.000000,9662.000000,11800.000000,51.000000,120.000000,222.000000,316.000000,342.000000,972.000000,1782.000000,2316.000000,22.695500,63.523200,116.225400,154.266000,-7.260000,-10.600000,-10.120000,114.000000,236.000000,340.000000,18.000000,36.000000,56.000000,3.000000,5.840000,9.280000
HOQFID,3.348900,33.379200,61.378200,91.463400,676.000000,1092.000000,2028.000000,3068.000000,12.000000,20.000000,108.000000,216.000000,408.000000,1.562500,5.625000,11.400000,19.450000,562.971300,1309.612800,2537.020800,3630.178800,2514.000000,6624.000000,12378.000000,18256.000000,95.000000,208.000000,402.000000,556.000000,610.000000,1660.000000,2922.000000,4308.000000,35.301500,97.937600,176.663400,260.073200,-7.260000,-11.580000,-13.380000,114.000000,234.000000,402.000000,18.000000,36.000000,52.000000,3.000000,5.880000,9.440000
HPZBFE,3.348900,33.379200,61.378200,87.620400,676.000000,1092.000000,2028.000000,2288.000000,12.000000,20.000000,108.000000,216.000000,300.000000,1.562500,5.625000,11.400000,16.450000,336.416300,814.096800,1607.920800,2279.008800,1982.000000,5300.000000,9882.000000,12484.000000,53.000000,124.000000,234.000000,340.000000,358.000000,1024.000000,1890.000000,2544.000000,23.167700,65.254000,120.429000,164.834000,-7.260000,-11.580000,-11.280000,114.000000,234.000000,432.000000,18.000000,36.000000,70.000000,3.000000,5.880000,11.840000
IBIWUM,3.348900,33.379200,66.154500,64.233000,676.000000,1092.000000,1560.000000,1170.000000,15.000000,15.000000,126.000000,216.000000,162.000000,1.562500,5.625000,11.437500,9.937500,292.003500,683.585400,1339.404000,2117.538000,1642.000000,4320.000000,7212.000000,8010.000000,49.000000,108.000000,210.000000,336.000000,318.000000,912.000000,1626.000000,2136.000000,18.895300,53.018400,96.838200,133.942800,-7.260000,-8.700000,-7.650000,114.000000,330.000000,345.000000,15.000000,54.000000,63.000000,3.000000,9.600000,10.800000
IBIXAT10,3.348900,33.379200,66.154500,64.233000,676.000000,1092.000000,1560.000000,1170.000000,15.000000,15.000000,126.000000,216.000000,162.000000,1.562500,5.625000,11.437500,9.937500,292.003500,683.585400,1339.404000,2117.538000,1642.000000,4320.000000,7212.000000,8010.000000,49.000000,108.000000,210.000000,336.000000,318.000000,912.000000,1626.000000,2136.000000,18.895300,53.018400,96.838200,133.942800,-7.260000,-8.700000,-7.650000,114.000000,330.000000,345.000000,15.000000,54.000000,63.000000,3.000000,9.600000,10.800000
IBIXAT14,3.348900,33.379200,66.154500,64.233000,676.000000,1092.000000,1560.000000,1170.000000,15.000000,15.000000,126.000000,216.000000,162.000000,1.562500,5.625000,11.437500,9.937500,292.003500,683.585400,1339.404000,2117.538000,1642.000000,4320.000000,7212.000000,8010.000000,49.000000,108.000000,210.000000,336.000000,318.000000,912.000000,1626.000000,2136.000000,18.895300,53.018400,96.838200,133.942800,-7.260000,-8.700000,-7.650000,114.000000,330.000000,345.000000,15.000000,54.000000,63.000000,3.000000,9.600000,10.800000
IBIXEX,3.348900,33.379200,66.154500,64.233000,676.000000,1092.000000,1560.000000,1170.000000,15.000000,15.000000,126.000000,216.000000,162.000000,1.562500,5.625000,11.437500,9.937500,292.003500,683.585400,1339.404000,2117.538000,1642.000000,4320.000000,7212.000000,8010.000000,49.000000,108.000000,210.000000,336.000000,318.000000,912.000000,1626.000000,2136.000000,18.895300,53.018400,96.838200,133.942800,-7.260000,-8.700000,-7.650000,114.000000,330.000000,345.000000,15.000000,54.000000,63.000000,3.000000,9.600000,10.800000
IBIXIB,3.348900,33.379200,66.154500,64.233000,676.000000,1092.000000,1560.000000,1170.000000,15.000000,15.000000,126.000000,216.000000,162.000000,1.562500,5.625000,11.437500,9.937500,292.003500,683.585400,1339.404000,2117.538000,1642.000000,4320.000000,7212.000000,8010.000000,49.000000,108.000000,210.000000,336.000000,318.000000,912.000000,1626.000000,2136.000000,18.895300,53.018400,96.838200,133.942800,-7.260000,-8.700000,-7.650000,114.000000,330.000000,345.000000,15.000000,54.000000,63.000000,3.000000,9.600000,10.800000
IGEDUU,3.348900,33.379200,59.584800,72.102000,676.000000,1092.000000,1976.000000,1976.000000,12.000000,16.000000,108.000000,216.000000,240.000000,1.562500,5.625000,11.450000,13.400000,334.882300,808.179200,1552.478400,2185.381600,13208.000000,7784.000000,14758.000000,18464.000000,51.000000,120.000000,222.000000,316.000000,342.000000,972.000000,1782.000000,2316.000000,29.987900,69.804000,128.671800,172.602000,-7.260000,-10.600000,-10.120000,114.000000,236.000000,340.000000,18.000000,36.000000,56.000000,3.000000,5.840000,9.280000
ILACON,3.348900,33.379200,59.584800,72.102000,676.000000,1092.000000,1976.000000,1976.000000,12.000000,16.000000,108.000000,216.000000,240.000000,1.562500,5.625000,11.450000,13.400000,325.939900,797.423200,1511.797600,2131.488000,1976.000000,5248.000000,9662.000000,11800.000000,51.000000,120.000000,222.000000,316.000000,342.000000,972.000000,1782.000000,2316.000000,22.695500,63.523200,116.225400,154.266000,-7.260000,-10.600000,-10.120000,114.000000,236.000000,340.000000,18.000000,36.000000,56.000000,3.000000,5.840000,9.280000
ILAWUP,3.348900,33.379200,57.791400,75.176400,676.000000,1092.000000,1924.000000,2288.000000,12.000000,16.000000,108.000000,216.000000,264.000000,1.562500,5.625000,11.500000,14.350000,537.737100,1286.142800,2301.423200,3242.853200,2836.000000,7316.000000,12886.000000,16404.000000,85.000000,196.000000,346.000000,492.000000,542.000000,1496.000000,2610.000000,3388.000000,37.262100,101.007600,175.890600,232.870000,-7.260000,-9.620000,-11.800000,114.000000,238.000000,328.000000,18.000000,36.000000,52.000000,3.000000,5.800000,8.520000
IMAHIO,3.348900,33.379200,55.998000,100.485300,676.000000,1092.000000,1872.000000,2366.000000,12.000000,22.000000,108.000000,240.000000,318.000000,1.562500,5.625000,11.550000,16.575000,455.252400,1071.922400,2119.795800,3059.320800,2176.000000,5768.000000,10134.000000,13660.000000,76.000000,168.000000,330.000000,490.000000,498.000000,1384.000000,2354.000000,3228.000000,28.398000,79.659200,143.764200,202.618200,-7.260000,-8.640000,-14.650000,114.000000,240.000000,481.000000,18.000000,32.000000,79.000000,3.000000,5.760000,14.240000
IMAHIO01,3.348900,33.379200,55.998000,100.485300,676.000000,1092.000000,1872.000000,2366.000000,12.000000,22.000000,108.000000,240.000000,318.000000,1.562500,5.625000,11.550000,16.575000,455.252400,1071.922400,2119.795800,3059.320800,2176.000000,5768.000000,10134.000000,13660.000000,76.000000,168.000000,330.000000,490.000000,498.000000,1384.000000,2354.000000,3228.000000,28.398000,79.659200,143.764200,202.618200,-7.260000,-8.640000,-14.650000,114.000000,240.000000,481.000000,18.000000,32.000000,79.000000,3.000000,5.760000,14.240000
IQIJAT,3.348900,33.379200,68.332200,86.540700,676.000000,1092.000000,1846.000000,1586.000000,15.000000,20.000000,126.000000,246.000000,228.000000,1.562500,5.625000,12.412500,13.225000,406.704900,955.355800,1844.971800,2890.441400,2062.000000,5404.000000,9464.000000,11646.000000,67.000000,148.000000,286.000000,456.000000,434.000000,1236.000000,2202.000000,3042.000000,25.797900,71.500000,129.826200,186.481200,-7.260000,-9.890000,-10.690000,114.000000,319.000000,459.000000,15.000000,49.000000,82.000000,3.000000,8.820000,14.420000
IQIJAT02,3.348900,33.379200,68.332200,86.540700,676.000000,1092.000000,1846.000000,1586.000000,15.000000,20.000000,126.000000,246.000000,228.000000,1.562500,5.625000,12.412500,13.225000,406.704900,955.355800,1844.971800,2890.441400,2062.000000,5404.000000,9464.000000,11646.000000,67.000000,148.000000,286.000000,456.000000,434.000000,1236.000000,2202.000000,3042.000000,25.797900,71.500000,129.826200,186.481200,-7.260000,-9.890000,-10.690000,114.000000,319.000000,459.000000,15.000000,49.000000,82.000000,3.000000,8.820000,14.420000
ISULAJ,3.348900,33.379200,58.688100,90.310500,676.000000,1092.000000,1950.000000,1716.000000,12.000000,21.000000,108.000000,234.000000,252.000000,1.562500,5.625000,11.475000,14.212500,328.969900,786.576000,1564.696200,2305.257600,1838.000000,4896.000000,8880.000000,10860.000000,53.000000,120.000000,234.000000,354.000000,354.000000,1002.000000,1806.000000,2544.000000,21.145300,59.810400,110.457000,157.198200,-7.260000,-10.110000,-10.920000,114.000000,237.000000,480.000000,18.000000,33.000000,84.000000,3.000000,5.820000,14.880000
ITINOP,3.348900,33.379200,59.584800,72.102000,676.000000,1092.000000,1976.000000,1976.000000,12.000000,16.000000,108.000000,216.000000,240.000000,1.562500,5.625000,11.450000,13.400000,606.774300,1426.923200,2487.881600,3528.544000,3112.000000,7856.000000,13686.000000,16856.000000,95.000000,216.000000,374.000000,532.000000,590.000000,1612.000000,2766.000000,3540.000000,41.247100,110.220800,188.541400,247.948400,-7.260000,-10.600000,-10.120000,114.000000,236.000000,340.000000,18.000000,36.000000,56.000000,3.000000,5.840000,9.280000
ITINOP03,3.348900,33.379200,59.584800,72.102000,676.000000,1092.000000,1976.000000,1976.000000,12.000000,16.000000,108.000000,216.000000,240.000000,1.562500,5.625000,11.450000,13.400000,606.774300,1426.923200,2487.881600,3528.544000,3112.000000,7856.000000,13686.000000,16856.000000,95.000000,216.000000,374.000000,532.000000,590.000000,1612.000000,2766.000000,3540.000000,41.247100,110.220800,188.541400,247.948400,-7.260000,-10.600000,-10.120000,114.000000,236.000000,340.000000,18.000000,36.000000,56.000000,3.000000,5.840000,9.280000
IYUFOX,3.348900,33.379200,59.584800,72.102000,676.000000,1092.000000,1976.000000,1976.000000,12.000000,16.000000,108.000000,216.000000,240.000000,1.562500,5.625000,11.450000,13.400000,381.972100,912.605200,1723.162400,2381.211200,2180.000000,5680.000000,10338.000000,12600.000000,59.000000,136.000000,250.000000,352.000000,386.000000,1080.000000,1938.000000,2528.000000,25.494700,70.299200,126.821800,169.082400,-7.260000,-10.600000,-10.120000,114.000000,236.000000,340.000000,18.000000,36.000000,56.000000,3.000000,5.840000,9.280000
IYUFOX01,3.348900,33.379200,59.584800,72.102000,676.000000,1092.000000,1976.000000,1976.000000,12.000000,16.000000,108.000000,216.000000,240.000000,1.562500,5.625000,11.450000,13.400000,381.972100,912.605200,1723.162400,2381.211200,2180.000000,5680.000000,10338.000000,12600.000000,59.000000,136.000000,250.000000,352.000000,386.000000,1080.000000,1938.000000,2528.000000,25.494700,70.299200,126.821800,169.082400,-7.260000,-10.600000,-10.120000,114.000000,236.000000,340.000000,18.000000,36.000000,56.000000,3.000000,5.840000,9.280000
IZADEU,3.348900,33.379200,55.998000,99.844800,676.000000,1092.000000,1872.000000,3328.000000,12.000000,20.000000,108.000000,240.000000,408.000000,1.562500,5.625000,11.550000,19.050000,485.127900,1131.638400,2287.320800,3219.986400,2344.000000,6144.000000,11462.000000,16664.000000,79.000000,176.000000,350.000000,492.000000,526.000000,1460.000000,2622.000000,3660.000000,30.058300,84.215200,156.073400,225.101200,-7.260000,-8.640000,-17.960000,114.000000,240.000000,392.000000,18.000000,32.000000,52.000000,3.000000,5.760000,9.760000
IZADEU01,3.348900,33.379200,55.998000,99.844800,676.000000,1092.000000,1872.000000,3328.000000,12.000000,20.000000,108.000000,240.000000,408.000000,1.562500,5.625000,11.550000,19.050000,485.127900,1131.638400,2287.320800,3219.986400,2344.000000,6144.000000,11462.000000,16664.000000,79.000000,176.000000,350.000000,492.000000,526.000000,1460.000000,2622.000000,3660.000000,30.058300,84.215200,156.073400,225.101200,-7.260000,-8.640000,-17.960000,114.000000,240.000000,392.000000,18.000000,32.000000,52.000000,3.000000,5.760000,9.760000
IZADOE,3.348900,33.379200,55.998000,99.844800,676.000000,1092.000000,1872.000000,3328.000000,12.000000,20.000000,108.000000,240.000000,408.000000,1.562500,5.625000,11.550000,19.050000,485.127900,1131.638400,2287.320800,3219.986400,2344.000000,6144.000000,11462.000000,16664.000000,79.000000,176.000000,350.000000,492.000000,526.000000,1460.000000,2622.000000,3660.000000,30.058300,84.215200,156.073400,225.101200,-7.260000,-8.640000,-17.960000,114.000000,240.000000,392.000000,18.000000,32.000000,52.000000,3.000000,5.760000,9.760000
IZADUK,3.348900,33.379200,55.998000,99.844800,676.000000,1092.000000,1872.000000,3328.000000,12.000000,20.000000,108.000000,240.000000,408.000000,1.562500,5.625000,11.550000,19.050000,485.127900,1131.638400,2287.320800,3219.986400,2344.000000,6144.000000,11462.000000,16664.000000,79.000000,176.000000,350.000000,492.000000,526.000000,1460.000000,2622.000000,3660.000000,30.058300,84.215200,156.073400,225.101200,-7.260000,-8.640000,-17.960000,114.000000,240.000000,392.000000,18.000000,32.000000,52.000000,3.000000,5.760000,9.760000
IZADUK01,3.348900,33.379200,55.998000,99.844800,676.000000,1092.000000,1872.000000,3328.000000,12.000000,20.000000,108.000000,240.000000,408.000000,1.562500,5.625000,11.550000,19.050000,485.127900,1131.638400,2287.320800,3219.986400,2344.000000,6144.000000,11462.000000,16664.000000,79.000000,176.000000,350.000000,492.000000,526.000000,1460.000000,2622.000000,3660.000000,30.058300,84.215200,156.073400,225.101200,-7.260000,-8.640000,-17.960000,114.000000,240.000000,392.000000,18.000000,32.000000,52.000000,3.000000,5.760000,9.760000
IZAFEW,3.348900,33.379200,55.998000,94.720800,676.000000,1092.000000,1872.000000,2288.000000,12.000000,20.000000,108.000000,240.000000,264.000000,1.562500,5.625000,11.550000,15.050000,355.667900,848.078400,1741.116800,2291.970400,2040.000000,5376.000000,9806.000000,12392.000000,55.000000,128.000000,254.000000,348.000000,382.000000,1076.000000,1926.000000,2508.000000,23.124700,65.612000,122.451000,162.094800,-7.260000,-8.640000,-15.160000,114.000000,240.000000,432.000000,18.000000,32.000000,76.000000,3.000000,5.760000,12.960000
IZAFEW03,3.348900,33.379200,55.998000,94.720800,676.000000,1092.000000,1872.000000,2288.000000,12.000000,20.000000,108.000000,240.000000,264.000000,1.562500,5.625000,11.550000,15.050000,355.667900,848.078400,1741.116800,2291.970400,2040.000000,5376.000000,9806.000000,12392.000000,55.000000,128.000000,254.000000,348.000000,382.000000,1076.000000,1926.000000,2508.000000,23.124700,65.612000,122.451000,162.094800,-7.260000,-8.640000,-15.160000,114.000000,240.000000,432.000000,18.000000,32.000000,76.000000,3.000000,5.760000,12.960000
IZAFIA,3.348900,33.379200,55.998000,94.720800,676.000000,1092.000000,1872.000000,2288.000000,12.000000,20.000000,108.000000,240.000000,264.000000,1.562500,5.625000,11.550000,15.050000,355.667900,848.078400,1741.116800,2291.970400,2040.000000,5376.000000,9806.000000,12392.000000,55.000000,128.000000,254.000000,348.000000,382.000000,1076.000000,1926.000000,2508.000000,23.124700,65.612000,122.451000,162.094800,-7.260000,-8.640000,-15.160000,114.000000,240.000000,432.000000,18.000000,32.000000,76.000000,3.000000,5.760000,12.960000
IZAFOG,3.348900,33.379200,55.998000,94.720800,676.000000,1092.000000,1872.000000,2288.000000,12.000000,20.000000,108.000000,240.000000,264.000000,1.562500,5.625000,11.550000,15.050000,355.667900,848.078400,1741.116800,2291.970400,2040.000000,5376.000000,9806.000000,12392.000000,55.000000,128.000000,254.000000,348.000000,382.000000,1076.000000,1926.000000,2508.000000,23.124700,65.612000,122.451000,162.094800,-7.260000,-8.640000,-15.160000,114.000000,240.000000,432.000000,18.000000,32.000000,76.000000,3.000000,5.760000,12.960000
IZAFOG01,3.348900,33.379200,55.998000,94.720800,676.000000,1092.000000,1872.000000,2288.000000,12.000000,20.000000,108.000000,240.000000,264.000000,1.562500,5.625000,11.550000,15.050000,355.667900,848.078400,1741.116800,2291.970400,2040.000000,5376.000000,9806.000000,12392.000000,55.000000,128.000000,254.000000,348.000000,382.000000,1076.000000,1926.000000,2508.000000,23.124700,65.612000,122.451000,162.094800,-7.260000,-8.640000,-15.160000,114.000000,240.000000,432.000000,18.000000,32.000000,76.000000,3.000000,5.760000,12.960000
IZAGAT,3.348900,33.379200,55.998000,94.720800,676.000000,1092.000000,1872.000000,2288.000000,12.000000,20.000000,108.000000,240.000000,264.000000,1.562500,5.625000,11.550000,15.050000,355.667900,848.078400,1741.116800,2291.970400,2040.000000,5376.000000,9806.000000,12392.000000,55.000000,128.000000,254.000000,348.000000,382.000000,1076.000000,1926.000000,2508.000000,23.124700,65.612000,122.451000,162.094800,-7.260000,-8.640000,-15.160000,114.000000,240.000000,432.000000,18.000000,32.000000,76.000000,3.000000,5.760000,12.960000
IZAGAT02,3.348900,33.379200,55.998000,94.720800,676.000000,1092.000000,1872.000000,2288.000000,12.000000,20.000000,108.000000,240.000000,264.000000,1.562500,5.625000,11.550000,15.050000,355.667900,848.078400,1741.116800,2291.970400,2040.000000,5376.000000,9806.000000,12392.000000,55.000000,128.000000,254.000000,348.000000,382.000000,1076.000000,1926.000000,2508.000000,23.124700,65.612000,122.451000,162.094800,-7.260000,-8.640000,-15.160000,114.000000,240.000000,432.000000,18.000000,32.000000,76.000000,3.000000,5.760000,12.960000
JAFBOI01,3.348900,33.379200,59.584800,74.664000,676.000000,1092.000000,1976.000000,2496.000000,12.000000,16.000000,108.000000,216.000000,312.000000,1.562500,5.625000,11.450000,15.400000,386.468100,928.131200,1773.902400,2403.178400,2152.000000,5696.000000,10462.000000,13748.000000,61.000000,140.000000,262.000000,348.000000,402.000000,1104.000000,1966.000000,2704.000000,25.827700,71.498000,128.507800,174.135600,-7.260000,-10.600000,-11.520000,114.000000,236.000000,320.000000,18.000000,36.000000,44.000000,3.000000,5.840000,7.680000
JAFBOI03,3.348900,33.379200,59.584800,74.664000,676.000000,1092.000000,1976.000000,2496.000000,12.000000,16.000000,108.000000,216.000000,312.000000,1.562500,5.625000,11.450000,15.400000,386.468100,928.131200,1773.902400,2403.178400,2152.000000,5696.000000,10462.000000,13748.000000,61.000000,140.000000,262.000000,348.000000,402.000000,1104.000000,1966.000000,2704.000000,25.827700,71.498000,128.507800,174.135600,-7.260000,-10.600000,-11.520000,114.000000,236.000000,320.000000,18.000000,36.000000,44.000000,3.000000,5.840000,7.680000
JAFBUO01,3.348900,33.379200,59.584800,74.664000,676.000000,1092.000000,1976.000000,2496.000000,12.000000,16.000000,108.000000,216.000000,312.000000,1.562500,5.625000,11.450000,15.400000,386.468100,928.131200,1773.902400,2403.178400,2152.000000,5696.000000,10462.000000,13748.000000,61.000000,140.000000,262.000000,348.000000,402.000000,1104.000000,1966.000000,2704.000000,25.827700,71.498000,128.507800,174.135600,-7.260000,-10.600000,-11.520000,114.000000,236.000000,320.000000,18.000000,36.000000,44.000000,3.000000,5.840000,7.680000
JAFBUO03,3.348900,33.379200,59.584800,74.664000,676.000000,1092.000000,1976.000000,2496.000000,12.000000,16.000000,108.000000,216.000000,312.000000,1.562500,5.625000,11.450000,15.400000,386.468100,928.131200,1773.902400,2403.178400,2152.000000,5696.000000,10462.000000,13748.000000,61.000000,140.000000,262.000000,348.000000,402.000000,1104.000000,1966.000000,2704.000000,25.827700,71.498000,128.507800,174.135600,-7.260000,-10.600000,-11.520000,114.000000,236.000000,320.000000,18.000000,36.000000,44.000000,3.000000,5.840000,7.680000
JAFCEZ,3.348900,33.379200,59.584800,72.102000,676.000000,1092.000000,1976.000000,1976.000000,12.000000,16.000000,108.000000,216.000000,240.000000,1.562500,5.625000,11.450000,13.400000,321.738100,786.351200,1507.450400,2081.090400,2000.000000,5312.000000,9774.000000,11836.000000,49.000000,116.000000,214.000000,300.000000,330.000000,936.000000,1726.000000,2248.000000,22.360900,62.196400,113.520600,150.590000,-7.260000,-10.600000,-10.120000,114.000000,236.000000,340.000000,18.000000,36.000000,56.000000,3.000000,5.840000,9.280000
JAFCEZ01,3.348900,33.379200,59.584800,72.102000,676.000000,1092.000000,1976.000000,1976.000000,12.000000,16.000000,108.000000,216.000000,240.000000,1.562500,5.625000,11.450000,13.400000,321.738100,786.351200,1507.450400,2081.090400,2000.000000,5312.000000,9774.000000,11836.000000,49.000000,116.000000,214.000000,300.000000,330.000000,936.000000,1726.000000,2248.000000,22.360900,62.196400,113.520600,150.590000,-7.260000,-10.600000,-10.120000,114.000000,236.000000,340.000000,18.000000,36.000000,56.000000,3.000000,5.840000,9.280000
JANSAS,3.348900,33.379200,61.378200,90.914400,676.000000,1092.000000,2028.000000,2340.000000,12.000000,18.000000,108.000000,180.000000,216.000000,1.562500,5.625000,11.400000,14.025000,613.527300,1373.148000,2478.162000,3252.466800,2764.000000,6900.000000,11214.000000,13788.000000,97.000000,204.000000,378.000000,504.000000,582.000000,1524.000000,2238.000000,2604.000000,35.863300,93.870000,154.177800,195.043200,-7.260000,-11.580000,-16.740000,114.000000,234.000000,378.000000,18.000000,42.000000,72.000000,3.000000,5.880000,11.280000
JANSAS06,3.348900,33.379200,61.378200,90.914400,676.000000,1092.000000,2028.000000,2340.000000,12.000000,18.000000,108.000000,180.000000,216.000000,1.562500,5.625000,11.400000,14.025000,613.527300,1373.148000,2478.162000,3252.466800,2764.000000,6900.000000,11214.000000,13788.000000,97.000000,204.000000,378.000000,504.000000,582.000000,1524.000000,2238.000000,2604.000000,35.863300,93.870000,154.177800,195.043200,-7.260000,-11.580000,-16.740000,114.000000,234.000000,378.000000,18.000000,42.000000,72.000000,3.000000,5.880000,11.280000
JAQQIB,3.348900,33.379200,64.690500,95.855400,676.000000,1092.000000,2054.000000,1508.000000,14.000000,23.000000,120.000000,282.000000,186.000000,1.562500,5.625000,12.975000,13.450000,310.002400,733.189400,1537.704400,2478.476800,1935.000000,4706.000000,8854.000000,10526.000000,52.000000,116.000000,238.000000,398.000000,354.000000,1052.000000,2050.000000,2828.000000,20.665500,57.481400,111.097600,168.381600,-7.260000,-9.730000,-10.290000,114.000000,285.000000,540.000000,16.000000,37.000000,107.000000,3.000000,7.120000,17.990000
JAQVIG,3.348900,33.379200,55.998000,75.688800,676.000000,1092.000000,1872.000000,2080.000000,12.000000,16.000000,108.000000,216.000000,228.000000,1.562500,5.625000,11.550000,13.300000,338.944900,818.160800,1537.552800,2137.000000,2048.000000,5384.000000,9630.000000,12180.000000,53.000000,124.000000,226.000000,324.000000,350.000000,984.000000,1778.000000,2360.000000,23.881300,65.922800,118.738600,160.578800,-7.260000,-8.640000,-12.080000,114.000000,240.000000,336.000000,18.000000,36.000000,58.000000,3.000000,5.760000,9.360000
JAQVOM,3.348900,33.379200,55.998000,75.688800,676.000000,1092.000000,1872.000000,2080.000000,12.000000,16.000000,108.000000,216.000000,228.000000,1.562500,5.625000,11.550000,13.300000,371.309900,889.736800,1683.714800,2295.482000,2124.000000,5596.000000,9986.000000,12616.000000,59.000000,136.000000,250.000000,348.000000,386.000000,1068.000000,1886.000000,2504.000000,25.614700,70.541600,126.143400,170.351600,-7.260000,-8.640000,-12.080000,114.000000,240.000000,336.000000,18.000000,36.000000,58.000000,3.000000,5.760000,9.360000
JAQVUS,3.348900,33.379200,55.998000,76.969800,676.000000,1092.000000,1872.000000,2340.000000,12.000000,16.000000,108.000000,216.000000,264.000000,1.562500,5.625000,11.550000,14.300000,371.309900,889.050800,1671.464800,2310.980000,2124.000000,5576.000000,9994.000000,13148.000000,59.000000,136.000000,250.000000,348.000000,386.000000,1068.000000,1898.000000,2576.000000,25.614700,70.573600,126.200200,172.262800,-7.260000,-8.640000,-12.780000,114.000000,240.000000,326.000000,18.000000,36.000000,52.000000,3.000000,5.760000,8.560000
JAQWAZ,3.348900,33.379200,55.998000,76.969800,676.000000,1092.000000,1872.000000,2340.000000,12.000000,16.000000,108.000000,216.000000,264.000000,1.562500,5.625000,11.550000,14.300000,403.674900,960.626800,1817.626800,2469.952000,2200.000000,5788.000000,10350.000000,13684.000000,65.000000,148.000000,274.000000,372.000000,422.000000,1152.000000,2006.000000,2756.000000,27.348100,75.192400,133.605000,182.675600,-7.260000,-8.640000,-12.780000,114.000000,240.000000,326.000000,18.000000,36.000000,52.000000,3.000000,5.760000,8.560000
JIQDAP,3.348900,33.379200,58.688100,90.310500,676.000000,1092.000000,1950.000000,1716.000000,12.000000,21.000000,108.000000,234.000000,252.000000,1.562500,5.625000,11.475000,14.212500,328.969900,786.576000,1564.696200,2305.257600,1838.000000,4896.000000,8880.000000,10860.000000,53.000000,120.000000,234.000000,354.000000,354.000000,1002.000000,1806.000000,2544.000000,21.145300,59.810400,110.457000,157.198200,-7.260000,-10.110000,-10.920000,114.000000,237.000000,480.000000,18.000000,33.000000,84.000000,3.000000,5.820000,14.880000
JIQDET,3.348900,33.379200,58.688100,90.310500,676.000000,1092.000000,1950.000000,1716.000000,12.000000,21.000000,108.000000,234.000000,252.000000,1.562500,5.625000,11.475000,14.212500,328.969900,786.576000,1564.696200,2305.257600,1838.000000,4896.000000,8880.000000,10860.000000,53.000000,120.000000,234.000000,354.000000,354.000000,1002.000000,1806.000000,2544.000000,21.145300,59.810400,110.457000,157.198200,-7.260000,-10.110000,-10.920000,114.000000,237.000000,480.000000,18.000000,33.000000,84.000000,3.000000,5.820000,14.880000
JIQDET04,3.348900,33.379200,58.688100,90.310500,676.000000,1092.000000,1950.000000,1716.000000,12.000000,21.000000,108.000000,234.000000,252.000000,1.562500,5.625000,11.475000,14.212500,328.969900,786.576000,1564.696200,2305.257600,1838.000000,4896.000000,8880.000000,10860.000000,53.000000,120.000000,234.000000,354.000000,354.000000,1002.000000,1806.000000,2544.000000,21.145300,59.810400,110.457000,157.198200,-7.260000,-10.110000,-10.920000,114.000000,237.000000,480.000000,18.000000,33.000000,84.000000,3.000000,5.820000,14.880000
JOJQEE,3.348900,33.379200,55.998000,73.383000,676.000000,1092.000000,1872.000000,2236.000000,12.000000,16.000000,108.000000,216.000000,264.000000,1.562500,5.625000,11.550000,14.400000,593.853500,1407.446400,2497.714000,3545.518000,2952.000000,7680.000000,13018.000000,16788.000000,99.000000,224.000000,390.000000,564.000000,614.000000,1668.000000,2814.000000,3724.000000,42.156300,113.167200,191.666200,257.809200,-7.260000,-8.640000,-10.820000,114.000000,240.000000,330.000000,18.000000,36.000000,52.000000,3.000000,5.760000,8.480000
JUVGUC,3.348900,33.379200,61.378200,90.914400,676.000000,1092.000000,2028.000000,2340.000000,12.000000,18.000000,108.000000,180.000000,216.000000,1.562500,5.625000,11.400000,14.025000,613.527300,1373.148000,2478.162000,3252.466800,2764.000000,6900.000000,11214.000000,13788.000000,97.000000,204.000000,378.000000,504.000000,582.000000,1524.000000,2238.000000,2604.000000,35.863300,93.870000,154.177800,195.043200,-7.260000,-11.580000,-16.740000,114.000000,234.000000,378.000000,18.000000,42.000000,72.000000,3.000000,5.880000,11.280000
JUVHEN,3.348900,33.379200,61.378200,90.914400,676.000000,1092.000000,2028.000000,2340.000000,12.000000,18.000000,108.000000,180.000000,216.000000,1.562500,5.625000,11.400000,14.025000,419.337300,947.808000,1665.324000,2058.052800,2308.000000,5748.000000,9690.000000,11856.000000,61.000000,132.000000,234.000000,288.000000,366.000000,948.000000,1482.000000,1848.000000,25.462900,65.965200,109.408200,140.635200,-7.260000,-11.580000,-16.740000,114.000000,234.000000,378.000000,18.000000,42.000000,72.000000,3.000000,5.880000,11.280000
JUVHIR01,3.348900,33.379200,61.378200,90.914400,676.000000,1092.000000,2028.000000,2340.000000,12.000000,18.000000,108.000000,180.000000,216.000000,1.562500,5.625000,11.400000,14.025000,419.337300,947.808000,1665.324000,2058.052800,2308.000000,5748.000000,9690.000000,11856.000000,61.000000,132.000000,234.000000,288.000000,366.000000,948.000000,1482.000000,1848.000000,25.462900,65.965200,109.408200,140.635200,-7.260000,-11.580000,-16.740000,114.000000,234.000000,378.000000,18.000000,42.000000,72.000000,3.000000,5.880000,11.280000
JUVHIR03,3.348900,33.379200,61.378200,90.914400,676.000000,1092.000000,2028.000000,2340.000000,12.000000,18.000000,108.000000,180.000000,216.000000,1.562500,5.625000,11.400000,14.025000,419.337300,947.808000,1665.324000,2058.052800,2308.000000,5748.000000,9690.000000,11856.000000,61.000000,132.000000,234.000000,288.000000,366.000000,948.000000,1482.000000,1848.000000,25.462900,65.965200,109.408200,140.635200,-7.260000,-11.580000,-16.740000,114.000000,234.000000,378.000000,18.000000,42.000000,72.000000,3.000000,5.880000,11.280000
KABYER,3.348900,33.379200,55.998000,80.154000,676.000000,1092.000000,1872.000000,2028.000000,12.000000,18.000000,108.000000,216.000000,252.000000,1.562500,5.625000,11.550000,14.325000,467.128500,1085.891400,2007.582000,2788.047000,2302.000000,6000.000000,10446.000000,13884.000000,79.000000,174.000000,318.000000,438.000000,492.000000,1314.000000,2214.000000,3114.000000,31.210300,84.754200,146.177400,205.697400,-7.260000,-8.640000,-10.860000,114.000000,240.000000,390.000000,18.000000,36.000000,66.000000,3.000000,5.760000,11.040000
KALWUR,3.348900,33.379200,59.584800,72.102000,676.000000,1092.000000,1976.000000,1976.000000,12.000000,16.000000,108.000000,216.000000,240.000000,1.562500,5.625000,11.450000,13.400000,390.669900,939.203200,1778.249600,2454.612000,2128.000000,5632.000000,10350.000000,12712.000000,63.000000,144.000000,270.000000,364.000000,414.000000,1140.000000,2022.000000,2652.000000,26.162300,72.824800,131.212600,174.995600,-7.260000,-10.600000,-10.120000,114.000000,236.000000,340.000000,18.000000,36.000000,56.000000,3.000000,5.840000,9.280000
KALXAY,3.348900,33.379200,59.584800,72.102000,676.000000,1092.000000,1976.000000,1976.000000,12.000000,16.000000,108.000000,216.000000,240.000000,1.562500,5.625000,11.450000,13.400000,390.669900,939.203200,1778.249600,2454.612000,2128.000000,5632.000000,10350.000000,12712.000000,63.000000,144.000000,270.000000,364.000000,414.000000,1140.000000,2022.000000,2652.000000,26.162300,72.824800,131.212600,174.995600,-7.260000,-10.600000,-10.120000,114.000000,236.000000,340.000000,18.000000,36.000000,56.000000,3.000000,5.840000,9.280000
KALXAY01,3.348900,33.379200,59.584800,72.102000,676.000000,1092.000000,1976.000000,1976.000000,12.000000,16.000000,108.000000,216.000000,240.000000,1.562500,5.625000,11.450000,13.400000,390.669900,939.203200,1778.249600,2454.612000,2128.000000,5632.000000,10350.000000,12712.000000,63.000000,144.000000,270.000000,364.000000,414.000000,1140.000000,2022.000000,2652.000000,26.162300,72.824800,131.212600,174.995600,-7.260000,-10.600000,-10.120000,114.000000,236.000000,340.000000,18.000000,36.000000,56.000000,3.000000,5.840000,9.280000
KEKVIF,3.348900,33.379200,46.665000,62.878800,676.000000,1092.000000,1560.000000,2184.000000,10.000000,14.000000,96.000000,168.000000,180.000000,1.562500,5.625000,9.625000,12.100000,318.616300,739.754400,1371.822800,1969.363600,2434.000000,5328.000000,8742.000000,11908.000000,51.000000,116.000000,206.000000,304.000000,322.000000,888.000000,1540.000000,2040.000000,24.624100,63.517600,109.165000,152.234800,-7.260000,-7.200000,-8.740000,114.000000,200.000000,280.000000,20.000000,32.000000,54.000000,3.000000,4.800000,7.820000
KEKVIF01,3.348900,33.379200,46.665000,62.878800,676.000000,1092.000000,1560.000000,2184.000000,10.000000,14.000000,96.000000,168.000000,180.000000,1.562500,5.625000,9.625000,12.100000,318.616300,739.754400,1371.822800,1969.363600,2434.000000,5328.000000,8742.000000,11908.000000,51.000000,116.000000,206.000000,304.000000,322.000000,888.000000,1540.000000,2040.000000,24.624100,63.517600,109.165000,152.234800,-7.260000,-7.200000,-8.740000,114.000000,200.000000,280.000000,20.000000,32.000000,54.000000,3.000000,4.800000,7.820000
KEZPEK,3.348900,33.379200,65.331000,101.748000,676.000000,1092.000000,2184.000000,1664.000000,14.000000,24.000000,120.000000,288.000000,240.000000,1.562500,5.625000,13.475000,15.100000,363.383500,871.079400,1746.008000,2717.508000,1934.000000,5208.000000,9938.000000,12088.000000,61.000000,138.000000,270.000000,432.000000,408.000000,1184.000000,2264.000000,3208.000000,24.186100,68.276200,128.760600,191.611200,-7.260000,-10.080000,-11.680000,114.000000,280.000000,560.000000,16.000000,36.000000,104.000000,3.000000,6.720000,17.920000
KEZPIO,3.348900,33.379200,65.331000,101.748000,676.000000,1092.000000,2184.000000,1664.000000,14.000000,24.000000,120.000000,288.000000,240.000000,1.562500,5.625000,13.475000,15.100000,363.383500,871.079400,1746.008000,2717.508000,1934.000000,5208.000000,9938.000000,12088.000000,61.000000,138.000000,270.000000,432.000000,408.000000,1184.000000,2264.000000,3208.000000,24.186100,68.276200,128.760600,191.611200,-7.260000,-10.080000,-11.680000,114.000000,280.000000,560.000000,16.000000,36.000000,104.000000,3.000000,6.720000,17.920000
KEZPIO01,3.348900,33.379200,65.331000,101.748000,676.000000,1092.000000,2184.000000,1664.000000,14.000000,24.000000,120.000000,288.000000,240.000000,1.562500,5.625000,13.475000,15.100000,363.383500,871.079400,1746.008000,2717.508000,1934.000000,5208.000000,9938.000000,12088.000000,61.000000,138.000000,270.000000,432.000000,408.000000,1184.000000,2264.000000,3208.000000,24.186100,68.276200,128.760600,191.611200,-7.260000,-10.080000,-11.680000,114.000000,280.000000,560.000000,16.000000,36.000000,104.000000,3.000000,6.720000,17.920000
KIFLOD,3.348900,33.379200,74.664000,132.675000,676.000000,1092.000000,2496.000000,1612.000000,16.000000,32.000000,132.000000,360.000000,276.000000,1.562500,5.625000,15.400000,17.800000,389.098500,939.827400,2017.184000,3362.734000,1870.000000,5184.000000,10646.000000,13092.000000,67.000000,150.000000,318.000000,548.000000,468.000000,1408.000000,2814.000000,4272.000000,24.095500,70.401400,141.398200,226.030000,-7.260000,-11.520000,-13.940000,114.000000,320.000000,770.000000,14.000000,36.000000,146.000000,3.000000,7.680000,25.760000
KIFLUJ,3.348900,33.379200,74.664000,132.675000,676.000000,1092.000000,2496.000000,1612.000000,16.000000,32.000000,132.000000,360.000000,276.000000,1.562500,5.625000,15.400000,17.800000,389.098500,939.827400,2017.184000,3362.734000,1870.000000,5184.000000,10646.000000,13092.000000,67.000000,150.000000,318.000000,548.000000,468.000000,1408.000000,2814.000000,4272.000000,24.095500,70.401400,141.398200,226.030000,-7.260000,-11.520000,-13.940000,114.000000,320.000000,770.000000,14.000000,36.000000,146.000000,3.000000,7.680000,25.760000
KIFMAQ,3.348900,33.379200,74.664000,132.675000,676.000000,1092.000000,2496.000000,1612.000000,16.000000,32.000000,132.000000,360.000000,276.000000,1.562500,5.625000,15.400000,17.800000,389.098500,939.827400,2017.184000,3362.734000,1870.000000,5184.000000,10646.000000,13092.000000,67.000000,150.000000,318.000000,548.000000,468.000000,1408.000000,2814.000000,4272.000000,24.095500,70.401400,141.398200,226.030000,-7.260000,-11.520000,-13.940000,114.000000,320.000000,770.000000,14.000000,36.000000,146.000000,3.000000,7.680000,25.760000
KIFMAQ01,3.348900,33.379200,74.664000,132.675000,676.000000,1092.000000,2496.000000,1612.000000,16.000000,32.000000,132.000000,360.000000,276.000000,1.562500,5.625000,15.400000,17.800000,389.098500,939.827400,2017.184000,3362.734000,1870.000000,5184.000000,10646.000000,13092.000000,67.000000,150.000000,318.000000,548.000000,468.000000,1408.000000,2814.000000,4272.000000,24.095500,70.401400,141.398200,226.030000,-7.260000,-11.520000,-13.940000,114.000000,320.000000,770.000000,14.000000,36.000000,146.000000,3.000000,7.680000,25.760000
KOKKUR,3.348900,33.379200,57.791400,81.435000,676.000000,1092.000000,1924.000000,2288.000000,12.000000,18.000000,108.000000,216.000000,288.000000,1.562500,5.625000,11.500000,15.325000,375.511700,902.180800,1713.544800,2486.096000,2100.000000,5572.000000,9974.000000,13140.000000,61.000000,140.000000,258.000000,380.000000,398.000000,1112.000000,1978.000000,2736.000000,25.949300,71.804400,128.485800,179.695600,-7.260000,-9.620000,-11.560000,114.000000,238.000000,380.000000,18.000000,36.000000,60.000000,3.000000,5.800000,10.240000
KOKKUR02,3.348900,33.379200,57.791400,81.435000,676.000000,1092.000000,1924.000000,2288.000000,12.000000,18.000000,108.000000,216.000000,288.000000,1.562500,5.625000,11.500000,15.325000,375.511700,902.180800,1713.544800,2486.096000,2100.000000,5572.000000,9974.000000,13140.000000,61.000000,140.000000,258.000000,380.000000,398.000000,1112.000000,1978.000000,2736.000000,25.949300,71.804400,128.485800,179.695600,-7.260000,-9.620000,-11.560000,114.000000,238.000000,380.000000,18.000000,36.000000,60.000000,3.000000,5.800000,10.240000
KUHRUC,3.348900,33.379200,46.665000,65.953200,676.000000,1092.000000,1560.000000,2496.000000,10.000000,14.000000,96.000000,168.000000,204.000000,1.562500,5.625000,9.625000,13.050000,343.454500,785.937400,1448.931600,2065.401400,2464.000000,5356.000000,8758.000000,12424.000000,55.000000,122.000000,218.000000,314.000000,340.000000,918.000000,1552.000000,2106.000000,25.110900,64.458200,109.300600,154.755000,-7.260000,-7.200000,-10.420000,114.000000,200.000000,268.000000,20.000000,32.000000,50.000000,3.000000,4.800000,7.060000
KULTAO04,3.348900,33.379200,46.665000,62.878800,676.000000,1092.000000,1560.000000,2184.000000,10.000000,14.000000,96.000000,168.000000,180.000000,1.562500,5.625000,9.625000,12.100000,583.705100,1265.286400,2353.470000,3057.691600,3698.000000,7876.000000,13438.000000,16816.000000,83.000000,188.000000,330.000000,456.000000,518.000000,1392.000000,2320.000000,2984.000000,40.206500,101.680000,173.181400,227.097200,-7.260000,-7.200000,-8.740000,114.000000,200.000000,280.000000,20.000000,32.000000,54.000000,3.000000,4.800000,7.820000
KULTAO05,3.348900,33.379200,46.665000,62.878800,676.000000,1092.000000,1560.000000,2184.000000,10.000000,14.000000,96.000000,168.000000,180.000000,1.562500,5.625000,9.625000,12.100000,583.705100,1265.286400,2353.470000,3057.691600,3698.000000,7876.000000,13438.000000,16816.000000,83.000000,188.000000,330.000000,456.000000,518.000000,1392.000000,2320.000000,2984.000000,40.206500,101.680000,173.181400,227.097200,-7.260000,-7.200000,-8.740000,114.000000,200.000000,280.000000,20.000000,32.000000,54.000000,3.000000,4.800000,7.820000
LAGJEK01,3.348900,33.379200,61.378200,90.914400,676.000000,1092.000000,2028.000000,2340.000000,12.000000,18.000000,108.000000,180.000000,216.000000,1.562500,5.625000,11.400000,14.025000,419.337300,947.808000,1665.324000,2058.052800,2308.000000,5748.000000,9690.000000,11856.000000,61.000000,132.000000,234.000000,288.000000,366.000000,948.000000,1482.000000,1848.000000,25.462900,65.965200,109.408200,140.635200,-7.260000,-11.580000,-16.740000,114.000000,234.000000,378.000000,18.000000,42.000000,72.000000,3.000000,5.880000,11.280000
LAGJEK02,3.348900,33.379200,61.378200,90.914400,676.000000,1092.000000,2028.000000,2340.000000,12.000000,18.000000,108.000000,180.000000,216.000000,1.562500,5.625000,11.400000,14.025000,419.337300,947.808000,1665.324000,2058.052800,2308.000000,5748.000000,9690.000000,11856.000000,61.000000,132.000000,234.000000,288.000000,366.000000,948.000000,1482.000000,1848.000000,25.462900,65.965200,109.408200,140.635200,-7.260000,-11.580000,-16.740000,114.000000,234.000000,378.000000,18.000000,42.000000,72.000000,3.000000,5.880000,11.280000
LAQYIM,3.348900,33.379200,59.584800,72.102000,676.000000,1092.000000,1976.000000,1976.000000,12.000000,16.000000,108.000000,216.000000,240.000000,1.562500,5.625000,11.450000,13.400000,325.939900,797.423200,1511.797600,2131.488000,1976.000000,5248.000000,9662.000000,11800.000000,51.000000,120.000000,222.000000,316.000000,342.000000,972.000000,1782.000000,2316.000000,22.695500,63.523200,116.225400,154.266000,-7.260000,-10.600000,-10.120000,114.000000,236.000000,340.000000,18.000000,36.000000,56.000000,3.000000,5.840000,9.280000
LARZAF,3.348900,33.379200,55.998000,79.275600,676.000000,1092.000000,1872.000000,2184.000000,12.000000,16.000000,108.000000,216.000000,216.000000,1.562500,5.625000,11.550000,13.200000,317.536300,772.535200,1457.317600,1926.180000,2024.000000,5296.000000,9526.000000,11880.000000,47.000000,112.000000,206.000000,284.000000,318.000000,900.000000,1654.000000,2132.000000,22.026300,60.997600,111.444600,146.349200,-7.260000,-8.640000,-14.040000,114.000000,240.000000,332.000000,18.000000,36.000000,60.000000,3.000000,5.760000,9.440000
LAYQUY,3.348900,33.379200,48.458400,62.878800,676.000000,1092.000000,1612.000000,2184.000000,10.000000,14.000000,96.000000,168.000000,180.000000,1.562500,5.625000,9.575000,12.100000,275.399500,628.542800,1162.767600,1626.225600,2242.000000,4784.000000,7842.000000,10332.000000,43.000000,96.000000,170.000000,244.000000,266.000000,732.000000,1264.000000,1596.000000,20.732100,52.740400,90.031800,121.323200,-7.260000,-8.180000,-8.740000,114.000000,198.000000,280.000000,20.000000,32.000000,54.000000,3.000000,4.840000,7.820000
LAYRAF,3.348900,33.379200,46.665000,64.672200,676.000000,1092.000000,1560.000000,2236.000000,10.000000,14.000000,96.000000,168.000000,180.000000,1.562500,5.625000,9.625000,12.050000,275.399500,627.582400,1165.139200,1605.978800,2242.000000,4780.000000,7766.000000,10324.000000,43.000000,96.000000,170.000000,244.000000,266.000000,732.000000,1264.000000,1596.000000,20.732100,52.738800,90.071800,121.463200,-7.260000,-7.200000,-9.720000,114.000000,200.000000,278.000000,20.000000,32.000000,54.000000,3.000000,4.800000,7.860000
LAYREJ01,3.348900,33.379200,48.458400,62.878800,676.000000,1092.000000,1612.000000,2184.000000,10.000000,14.000000,96.000000,168.000000,180.000000,1.562500,5.625000,9.575000,12.100000,275.399500,628.542800,1162.767600,1626.225600,2242.000000,4784.000000,7842.000000,10332.000000,43.000000,96.000000,170.000000,244.000000,266.000000,732.000000,1264.000000,1596.000000,20.732100,52.740400,90.031800,121.323200,-7.260000,-8.180000,-8.740000,114.000000,198.000000,280.000000,20.000000,32.000000,54.000000,3.000000,4.840000,7.820000
LINRAC,3.348900,33.379200,60.664500,97.776900,676.000000,1092.000000,2028.000000,1898.000000,13.000000,23.000000,114.000000,264.000000,222.000000,1.562500,5.625000,12.512500,14.950000,387.884900,905.963400,1765.148400,2710.774800,2263.000000,5472.000000,9836.000000,12406.000000,65.000000,144.000000,274.000000,434.000000,418.000000,1190.000000,2198.000000,3046.000000,26.549200,71.633400,129.612400,191.074400,-7.260000,-9.360000,-11.340000,114.000000,260.000000,525.000000,17.000000,34.000000,101.000000,3.000000,6.240000,16.790000
LOQPAI,3.348900,33.379200,46.665000,64.159800,676.000000,1092.000000,1560.000000,2444.000000,10.000000,14.000000,96.000000,168.000000,204.000000,1.562500,5.625000,9.625000,13.100000,472.332700,1083.596400,1903.446800,2636.164400,3070.000000,6816.000000,10854.000000,14772.000000,75.000000,168.000000,286.000000,404.000000,454.000000,1212.000000,1980.000000,2552.000000,35.084100,89.174000,146.248200,195.641600,-7.260000,-7.200000,-9.440000,114.000000,200.000000,270.000000,20.000000,32.000000,50.000000,3.000000,4.800000,7.020000
LUWSUS,3.348900,33.379200,51.331500,73.675800,676.000000,1092.000000,1716.000000,2002.000000,11.000000,17.000000,102.000000,204.000000,174.000000,1.562500,5.625000,10.587500,12.487500,289.281300,660.653400,1283.785800,1919.373600,2220.000000,4788.000000,8110.000000,10574.000000,47.000000,104.000000,194.000000,300.000000,298.000000,840.000000,1524.000000,2016.000000,21.340500,55.140000,97.515400,141.190800,-7.260000,-7.920000,-9.150000,114.000000,220.000000,365.000000,19.000000,32.000000,73.000000,3.000000,5.280000,11.260000
LUWSUS01,3.348900,33.379200,51.331500,73.675800,676.000000,1092.000000,1716.000000,2002.000000,11.000000,17.000000,102.000000,204.000000,174.000000,1.562500,5.625000,10.587500,12.487500,289.281300,660.653400,1283.785800,1919.373600,2220.000000,4788.000000,8110.000000,10574.000000,47.000000,104.000000,194.000000,300.000000,298.000000,840.000000,1524.000000,2016.000000,21.340500,55.140000,97.515400,141.190800,-7.260000,-7.920000,-9.150000,114.000000,220.000000,365.000000,19.000000,32.000000,73.000000,3.000000,5.280000,11.260000
LUWSUS02,3.348900,33.379200,51.331500,73.675800,676.000000,1092.000000,1716.000000,2002.000000,11.000000,17.000000,102.000000,204.000000,174.000000,1.562500,5.625000,10.587500,12.487500,289.281300,660.653400,1283.785800,1919.373600,2220.000000,4788.000000,8110.000000,10574.000000,47.000000,104.000000,194.000000,300.000000,298.000000,840.000000,1524.000000,2016.000000,21.340500,55.140000,97.515400,141.190800,-7.260000,-7.920000,-9.150000,114.000000,220.000000,365.000000,19.000000,32.000000,73.000000,3.000000,5.280000,11.260000
LUWSUS03,3.348900,33.379200,51.331500,73.675800,676.000000,1092.000000,1716.000000,2002.000000,11.000000,17.000000,102.000000,204.000000,174.000000,1.562500,5.625000,10.587500,12.487500,289.281300,660.653400,1283.785800,1919.373600,2220.000000,4788.000000,8110.000000,10574.000000,47.000000,104.000000,194.000000,300.000000,298.000000,840.000000,1524.000000,2016.000000,21.340500,55.140000,97.515400,141.190800,-7.260000,-7.920000,-9.150000,114.000000,220.000000,365.000000,19.000000,32.000000,73.000000,3.000000,5.280000,11.260000
LUWSUS04,3.348900,33.379200,51.331500,73.675800,676.000000,1092.000000,1716.000000,2002.000000,11.000000,17.000000,102.000000,204.000000,174.000000,1.562500,5.625000,10.587500,12.487500,289.281300,660.653400,1283.785800,1919.373600,2220.000000,4788.000000,8110.000000,10574.000000,47.000000,104.000000,194.000000,300.000000,298.000000,840.000000,1524.000000,2016.000000,21.340500,55.140000,97.515400,141.190800,-7.260000,-7.920000,-9.150000,114.000000,220.000000,365.000000,19.000000,32.000000,73.000000,3.000000,5.280000,11.260000
LUWSUS05,3.348900,33.379200,51.331500,73.675800,676.000000,1092.000000,1716.000000,2002.000000,11.000000,17.000000,102.000000,204.000000,174.000000,1.562500,5.625000,10.587500,12.487500,289.281300,660.653400,1283.785800,1919.373600,2220.000000,4788.000000,8110.000000,10574.000000,47.000000,104.000000,194.000000,300.000000,298.000000,840.000000,1524.000000,2016.000000,21.340500,55.140000,97.515400,141.190800,-7.260000,-7.920000,-9.150000,114.000000,220.000000,365.000000,19.000000,32.000000,73.000000,3.000000,5.280000,11.260000
LUWSUS06,3.348900,33.379200,51.331500,73.675800,676.000000,1092.000000,1716.000000,2002.000000,11.000000,17.000000,102.000000,204.000000,174.000000,1.562500,5.625000,10.587500,12.487500,289.281300,660.653400,1283.785800,1919.373600,2220.000000,4788.000000,8110.000000,10574.000000,47.000000,104.000000,194.000000,300.000000,298.000000,840.000000,1524.000000,2016.000000,21.340500,55.140000,97.515400,141.190800,-7.260000,-7.920000,-9.150000,114.000000,220.000000,365.000000,19.000000,32.000000,73.000000,3.000000,5.280000,11.260000
LUWSUS07,3.348900,33.379200,51.331500,73.675800,676.000000,1092.000000,1716.000000,2002.000000,11.000000,17.000000,102.000000,204.000000,174.000000,1.562500,5.625000,10.587500,12.487500,289.281300,660.653400,1283.785800,1919.373600,2220.000000,4788.000000,8110.000000,10574.000000,47.000000,104.000000,194.000000,300.000000,298.000000,840.000000,1524.000000,2016.000000,21.340500,55.140000,97.515400,141.190800,-7.260000,-7.920000,-9.150000,114.000000,220.000000,365.000000,19.000000,32.000000,73.000000,3.000000,5.280000,11.260000
LUWSUS09,3.348900,33.379200,51.331500,73.675800,676.000000,1092.000000,1716.000000,2002.000000,11.000000,17.000000,102.000000,204.000000,174.000000,1.562500,5.625000,10.587500,12.487500,289.281300,660.653400,1283.785800,1919.373600,2220.000000,4788.000000,8110.000000,10574.000000,47.000000,104.000000,194.000000,300.000000,298.000000,840.000000,1524.000000,2016.000000,21.340500,55.140000,97.515400,141.190800,-7.260000,-7.920000,-9.150000,114.000000,220.000000,365.000000,19.000000,32.000000,73.000000,3.000000,5.280000,11.260000
LUWTED,3.348900,33.379200,51.331500,73.675800,676.000000,1092.000000,1716.000000,2002.000000,11.000000,17.000000,102.000000,204.000000,174.000000,1.562500,5.625000,10.587500,12.487500,289.281300,660.653400,1283.785800,1919.373600,2220.000000,4788.000000,8110.000000,10574.000000,47.000000,104.000000,194.000000,300.000000,298.000000,840.000000,1524.000000,2016.000000,21.340500,55.140000,97.515400,141.190800,-7.260000,-7.920000,-9.150000,114.000000,220.000000,365.000000,19.000000,32.000000,73.000000,3.000000,5.280000,11.260000
LUWTED01,3.348900,33.379200,51.331500,73.675800,676.000000,1092.000000,1716.000000,2002.000000,11.000000,17.000000,102.000000,204.000000,174.000000,1.562500,5.625000,10.587500,12.487500,289.281300,660.653400,1283.785800,1919.373600,2220.000000,4788.000000,8110.000000,10574.000000,47.000000,104.000000,194.000000,300.000000,298.000000,840.000000,1524.000000,2016.000000,21.340500,55.140000,97.515400,141.190800,-7.260000,-7.920000,-9.150000,114.000000,220.000000,365.000000,19.000000,32.000000,73.000000,3.000000,5.280000,11.260000
LUWTED02,3.348900,33.379200,51.331500,73.675800,676.000000,1092.000000,1716.000000,2002.000000,11.000000,17.000000,102.000000,204.000000,174.000000,1.562500,5.625000,10.587500,12.487500,289.281300,660.653400,1283.785800,1919.373600,2220.000000,4788.000000,8110.000000,10574.000000,47.000000,104.000000,194.000000,300.000000,298.000000,840.000000,1524.000000,2016.000000,21.340500,55.140000,97.515400,141.190800,-7.260000,-7.920000,-9.150000,114.000000,220.000000,365.000000,19.000000,32.000000,73.000000,3.000000,5.280000,11.260000
LUXMOH,3.348900,33.379200,59.584800,72.102000,676.000000,1092.000000,1976.000000,1976.000000,12.000000,16.000000,108.000000,216.000000,240.000000,1.562500,5.625000,11.450000,13.400000,325.939900,798.795200,1533.710400,2146.815200,1976.000000,5288.000000,9766.000000,11808.000000,51.000000,120.000000,222.000000,316.000000,342.000000,972.000000,1782.000000,2316.000000,22.695500,63.459200,115.982200,154.144400,-7.260000,-10.600000,-10.120000,114.000000,236.000000,340.000000,18.000000,36.000000,56.000000,3.000000,5.840000,9.280000
LUXMOH01,3.348900,33.379200,59.584800,72.102000,676.000000,1092.000000,1976.000000,1976.000000,12.000000,16.000000,108.000000,216.000000,240.000000,1.562500,5.625000,11.450000,13.400000,325.939900,798.795200,1533.710400,2146.815200,1976.000000,5288.000000,9766.000000,11808.000000,51.000000,120.000000,222.000000,316.000000,342.000000,972.000000,1782.000000,2316.000000,22.695500,63.459200,115.982200,154.144400,-7.260000,-10.600000,-10.120000,114.000000,236.000000,340.000000,18.000000,36.000000,56.000000,3.000000,5.840000,9.280000
MALJEP,3.348900,33.379200,61.378200,87.620400,676.000000,1092.000000,2028.000000,2288.000000,12.000000,20.000000,108.000000,216.000000,300.000000,1.562500,5.625000,11.400000,16.450000,457.637500,1089.904800,2052.148800,2963.404800,8038.000000,7632.000000,14142.000000,18152.000000,73.000000,168.000000,306.000000,448.000000,474.000000,1332.000000,2394.000000,3276.000000,35.023900,89.714000,161.235400,223.836800,-7.260000,-11.580000,-11.280000,114.000000,234.000000,432.000000,18.000000,36.000000,70.000000,3.000000,5.880000,11.840000
MALJIT,3.348900,33.379200,61.378200,91.463400,676.000000,1092.000000,2028.000000,3068.000000,12.000000,20.000000,108.000000,216.000000,408.000000,1.562500,5.625000,11.400000,19.450000,554.732500,1302.574800,2451.826800,3446.536800,8266.000000,8208.000000,15174.000000,21020.000000,91.000000,204.000000,378.000000,520.000000,582.000000,1584.000000,2754.000000,3960.000000,40.224100,103.666400,183.716200,259.155200,-7.260000,-11.580000,-13.380000,114.000000,234.000000,402.000000,18.000000,36.000000,52.000000,3.000000,5.880000,9.440000
MALJIT01,3.348900,33.379200,61.378200,91.463400,676.000000,1092.000000,2028.000000,3068.000000,12.000000,20.000000,108.000000,216.000000,408.000000,1.562500,5.625000,11.400000,19.450000,554.732500,1302.574800,2451.826800,3446.536800,8266.000000,8208.000000,15174.000000,21020.000000,91.000000,204.000000,378.000000,520.000000,582.000000,1584.000000,2754.000000,3960.000000,40.224100,103.666400,183.716200,259.155200,-7.260000,-11.580000,-13.380000,114.000000,234.000000,402.000000,18.000000,36.000000,52.000000,3.000000,5.880000,9.440000
MALJIT03,3.348900,33.379200,61.378200,91.463400,676.000000,1092.000000,2028.000000,3068.000000,12.000000,20.000000,108.000000,216.000000,408.000000,1.562500,5.625000,11.400000,19.450000,554.732500,1302.574800,2451.826800,3446.536800,8266.000000,8208.000000,15174.000000,21020.000000,91.000000,204.000000,378.000000,520.000000,582.000000,1584.000000,2754.000000,3960.000000,40.224100,103.666400,183.716200,259.155200,-7.260000,-11.580000,-13.380000,114.000000,234.000000,402.000000,18.000000,36.000000,52.000000,3.000000,5.880000,9.440000
MALJOZ,3.348900,33.379200,61.378200,91.463400,676.000000,1092.000000,2028.000000,3068.000000,12.000000,20.000000,108.000000,216.000000,408.000000,1.562500,5.625000,11.400000,19.450000,554.732500,1302.574800,2451.826800,3446.536800,8266.000000,8208.000000,15174.000000,21020.000000,91.000000,204.000000,378.000000,520.000000,582.000000,1584.000000,2754.000000,3960.000000,40.224100,103.666400,183.716200,259.155200,-7.260000,-11.580000,-13.380000,114.000000,234.000000,402.000000,18.000000,36.000000,52.000000,3.000000,5.880000,9.440000
MALJOZ01,3.348900,33.379200,61.378200,91.463400,676.000000,1092.000000,2028.000000,3068.000000,12.000000,20.000000,108.000000,216.000000,408.000000,1.562500,5.625000,11.400000,19.450000,554.732500,1302.574800,2451.826800,3446.536800,8266.000000,8208.000000,15174.000000,21020.000000,91.000000,204.000000,378.000000,520.000000,582.000000,1584.000000,2754.000000,3960.000000,40.224100,103.666400,183.716200,259.155200,-7.260000,-11.580000,-13.380000,114.000000,234.000000,402.000000,18.000000,36.000000,52.000000,3.000000,5.880000,9.440000
MEGDEH,3.348900,33.379200,55.998000,74.664000,676.000000,1092.000000,1872.000000,2496.000000,12.000000,16.000000,108.000000,216.000000,312.000000,1.562500,5.625000,11.550000,15.400000,627.887900,1429.478400,2568.204000,3372.452000,2928.000000,7392.000000,12366.000000,16688.000000,103.000000,224.000000,398.000000,516.000000,622.000000,1612.000000,2598.000000,3644.000000,40.639900,107.746400,178.569400,241.978800,-7.260000,-8.640000,-11.520000,114.000000,240.000000,320.000000,18.000000,36.000000,44.000000,3.000000,5.760000,7.680000
MELLOF,3.348900,33.379200,68.716500,105.774000,676.000000,1092.000000,2080.000000,1690.000000,15.000000,25.000000,126.000000,288.000000,258.000000,1.562500,5.625000,13.437500,15.562500,369.738500,878.757400,1790.707000,2888.118000,1866.000000,5032.000000,9378.000000,11618.000000,63.000000,140.000000,282.000000,468.000000,422.000000,1232.000000,2304.000000,3328.000000,23.547900,66.999200,126.997400,191.591200,-7.260000,-10.100000,-12.050000,114.000000,310.000000,585.000000,15.000000,42.000000,107.000000,3.000000,8.000000,18.800000
MELLOF01,3.348900,33.379200,68.716500,105.774000,676.000000,1092.000000,2080.000000,1690.000000,15.000000,25.000000,126.000000,288.000000,258.000000,1.562500,5.625000,13.437500,15.562500,369.738500,878.757400,1790.707000,2888.118000,1866.000000,5032.000000,9378.000000,11618.000000,63.000000,140.000000,282.000000,468.000000,422.000000,1232.000000,2304.000000,3328.000000,23.547900,66.999200,126.997400,191.591200,-7.260000,-10.100000,-12.050000,114.000000,310.000000,585.000000,15.000000,42.000000,107.000000,3.000000,8.000000,18.800000
MELLOF02,3.348900,33.379200,68.716500,105.774000,676.000000,1092.000000,2080.000000,1690.000000,15.000000,25.000000,126.000000,288.000000,258.000000,1.562500,5.625000,13.437500,15.562500,369.738500,878.757400,1790.707000,2888.118000,1866.000000,5032.000000,9378.000000,11618.000000,63.000000,140.000000,282.000000,468.000000,422.000000,1232.000000,2304.000000,3328.000000,23.547900,66.999200,126.997400,191.591200,-7.260000,-10.100000,-12.050000,114.000000,310.000000,585.000000,15.000000,42.000000,107.000000,3.000000,8.000000,18.800000
MEQVEM,3.348900,33.379200,55.998000,74.883600,676.000000,1092.000000,1872.000000,3536.000000,12.000000,16.000000,108.000000,216.000000,288.000000,1.562500,5.625000,11.550000,16.650000,360.969100,865.010400,1655.181600,2194.651200,2952.000000,6432.000000,11542.000000,15976.000000,59.000000,136.000000,254.000000,332.000000,390.000000,1068.000000,1886.000000,2588.000000,27.526300,73.928000,132.479800,177.044400,-7.260000,-8.640000,-11.640000,114.000000,240.000000,280.000000,18.000000,36.000000,48.000000,3.000000,5.760000,6.680000
MEQVEM02,3.348900,33.379200,55.998000,74.883600,676.000000,1092.000000,1872.000000,3536.000000,12.000000,16.000000,108.000000,216.000000,288.000000,1.562500,5.625000,11.550000,16.650000,360.969100,865.010400,1655.181600,2194.651200,2952.000000,6432.000000,11542.000000,15976.000000,59.000000,136.000000,254.000000,332.000000,390.000000,1068.000000,1886.000000,2588.000000,27.526300,73.928000,132.479800,177.044400,-7.260000,-8.640000,-11.640000,114.000000,240.000000,280.000000,18.000000,36.000000,48.000000,3.000000,5.760000,6.680000
MEQXIS,3.348900,33.379200,55.998000,74.883600,676.000000,1092.000000,1872.000000,3536.000000,12.000000,16.000000,108.000000,216.000000,288.000000,1.562500,5.625000,11.550000,16.650000,360.969100,865.010400,1655.181600,2194.651200,2952.000000,6432.000000,11542.000000,15976.000000,59.000000,136.000000,254.000000,332.000000,390.000000,1068.000000,1886.000000,2588.000000,27.526300,73.928000,132.479800,177.044400,-7.260000,-8.640000,-11.640000,114.000000,240.000000,280.000000,18.000000,36.000000,48.000000,3.000000,5.760000,6.680000
MEQXIS01,3.348900,33.379200,55.998000,74.883600,676.000000,1092.000000,1872.000000,3536.000000,12.000000,16.000000,108.000000,216.000000,288.000000,1.562500,5.625000,11.550000,16.650000,360.969100,865.010400,1655.181600,2194.651200,2952.000000,6432.000000,11542.000000,15976.000000,59.000000,136.000000,254.000000,332.000000,390.000000,1068.000000,1886.000000,2588.000000,27.526300,73.928000,132.479800,177.044400,-7.260000,-8.640000,-11.640000,114.000000,240.000000,280.000000,18.000000,36.000000,48.000000,3.000000,5.760000,6.680000
MIFRIF,3.348900,33.379200,54.717000,68.368800,676.000000,1092.000000,1612.000000,1716.000000,12.000000,16.000000,108.000000,204.000000,144.000000,1.562500,5.625000,10.550000,11.025000,273.562500,607.233400,1212.938800,1878.581600,2652.000000,4804.000000,8074.000000,9928.000000,43.000000,94.000000,182.000000,292.000000,276.000000,792.000000,1426.000000,1804.000000,20.655300,51.121800,92.093800,131.606400,-7.260000,-7.940000,-8.080000,114.000000,250.000000,350.000000,18.000000,38.000000,72.000000,3.000000,6.560000,11.180000
MIFROL,3.348900,33.379200,54.717000,68.259000,676.000000,1092.000000,1612.000000,2652.000000,12.000000,16.000000,108.000000,204.000000,144.000000,1.562500,5.625000,10.550000,11.375000,273.254700,606.927400,1212.574000,1878.362000,4452.000000,5236.000000,8578.000000,11800.000000,43.000000,94.000000,182.000000,292.000000,276.000000,792.000000,1426.000000,1804.000000,21.265700,51.553000,92.513800,132.306400,-7.260000,-7.940000,-8.020000,114.000000,250.000000,314.000000,18.000000,38.000000,72.000000,3.000000,6.560000,10.900000
MIFROL01,3.348900,33.379200,54.717000,68.259000,676.000000,1092.000000,1612.000000,2652.000000,12.000000,16.000000,108.000000,204.000000,144.000000,1.562500,5.625000,10.550000,11.375000,273.254700,606.927400,1212.574000,1878.362000,4452.000000,5236.000000,8578.000000,11800.000000,43.000000,94.000000,182.000000,292.000000,276.000000,792.000000,1426.000000,1804.000000,21.265700,51.553000,92.513800,132.306400,-7.260000,-7.940000,-8.020000,114.000000,250.000000,314.000000,18.000000,38.000000,72.000000,3.000000,6.560000,10.900000
MIFSAY,3.348900,33.379200,54.717000,66.392400,676.000000,1092.000000,1612.000000,1144.000000,12.000000,16.000000,108.000000,204.000000,180.000000,1.562500,5.625000,10.550000,10.600000,297.612900,655.581400,1331.772400,1954.884800,2196.000000,4600.000000,7850.000000,8868.000000,49.000000,106.000000,206.000000,304.000000,312.000000,864.000000,1486.000000,1900.000000,20.840900,54.372200,96.645400,134.086400,-7.260000,-7.940000,-7.000000,114.000000,250.000000,372.000000,18.000000,38.000000,66.000000,3.000000,6.560000,11.520000
MIFSEC,3.348900,33.379200,54.717000,66.392400,676.000000,1092.000000,1612.000000,1144.000000,12.000000,16.000000,108.000000,204.000000,180.000000,1.562500,5.625000,10.550000,10.600000,297.612900,655.581400,1331.772400,1954.884800,2196.000000,4600.000000,7850.000000,8868.000000,49.000000,106.000000,206.000000,304.000000,312.000000,864.000000,1486.000000,1900.000000,20.840900,54.372200,96.645400,134.086400,-7.260000,-7.940000,-7.000000,114.000000,250.000000,372.000000,18.000000,38.000000,66.000000,3.000000,6.560000,11.520000
MIWJUZ,3.348900,33.379200,46.665000,64.159800,676.000000,1092.000000,1560.000000,2444.000000,10.000000,14.000000,96.000000,168.000000,216.000000,1.562500,5.625000,9.625000,13.100000,315.291300,723.179400,1358.718800,1999.180600,2364.000000,5136.000000,8382.000000,11996.000000,51.000000,114.000000,206.000000,310.000000,320.000000,880.000000,1504.000000,2082.000000,23.712100,61.099800,104.845000,150.391400,-7.260000,-7.200000,-9.440000,114.000000,200.000000,270.000000,20.000000,32.000000,48.000000,3.000000,4.800000,7.020000
MOFRAA,3.348900,33.379200,61.378200,93.330000,676.000000,1092.000000,2028.000000,3120.000000,12.000000,20.000000,108.000000,216.000000,408.000000,1.562500,5.625000,11.400000,19.250000,535.288100,1262.529600,2441.487600,3296.706000,2460.000000,6540.000000,12102.000000,17280.000000,89.000000,196.000000,378.000000,484.000000,574.000000,1528.000000,2610.000000,3840.000000,33.308900,92.320400,163.931400,230.933200,-7.260000,-11.580000,-14.400000,114.000000,234.000000,400.000000,18.000000,36.000000,52.000000,3.000000,5.880000,9.600000
MOFREE,3.348900,33.379200,61.378200,93.330000,676.000000,1092.000000,2028.000000,3120.000000,12.000000,20.000000,108.000000,216.000000,408.000000,1.562500,5.625000,11.400000,19.250000,535.288100,1262.529600,2441.487600,3296.706000,2460.000000,6540.000000,12102.000000,17280.000000,89.000000,196.000000,378.000000,484.000000,574.000000,1528.000000,2610.000000,3840.000000,33.308900,92.320400,163.931400,230.933200,-7.260000,-11.580000,-14.400000,114.000000,234.000000,400.000000,18.000000,36.000000,52.000000,3.000000,5.880000,9.600000
NAVYEP,3.348900,33.379200,55.998000,94.922100,676.000000,1092.000000,1872.000000,2184.000000,12.000000,21.000000,108.000000,234.000000,306.000000,1.562500,5.625000,11.550000,15.637500,377.517400,891.470400,1768.092600,2519.422800,1952.000000,5178.000000,9282.000000,12222.000000,62.000000,138.000000,270.000000,390.000000,408.000000,1128.000000,1986.000000,2886.000000,23.745400,66.784200,121.757400,175.116600,-7.260000,-8.640000,-13.440000,114.000000,240.000000,462.000000,18.000000,33.000000,75.000000,3.000000,5.760000,13.740000
NAVYEP01,3.348900,33.379200,55.998000,94.922100,676.000000,1092.000000,1872.000000,2184.000000,12.000000,21.000000,108.000000,234.000000,306.000000,1.562500,5.625000,11.550000,15.637500,377.517400,891.470400,1768.092600,2519.422800,1952.000000,5178.000000,9282.000000,12222.000000,62.000000,138.000000,270.000000,390.000000,408.000000,1128.000000,1986.000000,2886.000000,23.745400,66.784200,121.757400,175.116600,-7.260000,-8.640000,-13.440000,114.000000,240.000000,462.000000,18.000000,33.000000,75.000000,3.000000,5.760000,13.740000
NEFSIA01,3.348900,33.379200,54.717000,68.368800,676.000000,1092.000000,1612.000000,1716.000000,12.000000,16.000000,108.000000,204.000000,144.000000,1.562500,5.625000,10.550000,11.025000,263.271300,597.441400,1193.599800,1851.831600,2076.000000,4420.000000,7356.000000,9192.000000,43.000000,94.000000,182.000000,292.000000,276.000000,792.000000,1444.000000,1864.000000,18.968900,49.212200,88.594600,128.368000,-7.260000,-7.940000,-8.080000,114.000000,250.000000,350.000000,18.000000,38.000000,72.000000,3.000000,6.560000,11.180000
NEFSIA02,3.348900,33.379200,54.717000,68.368800,676.000000,1092.000000,1612.000000,1716.000000,12.000000,16.000000,108.000000,204.000000,144.000000,1.562500,5.625000,10.550000,11.025000,263.271300,597.441400,1193.599800,1851.831600,2076.000000,4420.000000,7356.000000,9192.000000,43.000000,94.000000,182.000000,292.000000,276.000000,792.000000,1444.000000,1864.000000,18.968900,49.212200,88.594600,128.368000,-7.260000,-7.940000,-8.080000,114.000000,250.000000,350.000000,18.000000,38.000000,72.000000,3.000000,6.560000,11.180000
NEFVID,3.348900,33.379200,61.378200,90.914400,676.000000,1092.000000,2028.000000,2340.000000,12.000000,18.000000,108.000000,180.000000,216.000000,1.562500,5.625000,11.400000,14.025000,613.527300,1373.148000,2478.162000,3252.466800,2764.000000,6900.000000,11214.000000,13788.000000,97.000000,204.000000,378.000000,504.000000,582.000000,1524.000000,2238.000000,2604.000000,35.863300,93.870000,154.177800,195.043200,-7.260000,-11.580000,-16.740000,114.000000,234.000000,378.000000,18.000000,42.000000,72.000000,3.000000,5.880000,11.280000
NEMSAZ,3.348900,33.379200,59.584800,72.102000,676.000000,1092.000000,1976.000000,1976.000000,12.000000,16.000000,108.000000,216.000000,240.000000,1.562500,5.625000,11.450000,13.400000,325.939900,797.423200,1511.797600,2131.488000,1976.000000,5248.000000,9662.000000,11800.000000,51.000000,120.000000,222.000000,316.000000,342.000000,972.000000,1782.000000,2316.000000,22.695500,63.523200,116.225400,154.266000,-7.260000,-10.600000,-10.120000,114.000000,236.000000,340.000000,18.000000,36.000000,56.000000,3.000000,5.840000,9.280000
NEMSED,3.348900,33.379200,59.584800,72.102000,676.000000,1092.000000,1976.000000,1976.000000,12.000000,16.000000,108.000000,216.000000,240.000000,1.562500,5.625000,11.450000,13.400000,325.939900,797.423200,1511.797600,2131.488000,1976.000000,5248.000000,9662.000000,11800.000000,51.000000,120.000000,222.000000,316.000000,342.000000,972.000000,1782.000000,2316.000000,22.695500,63.523200,116.225400,154.266000,-7.260000,-10.600000,-10.120000,114.000000,236.000000,340.000000,18.000000,36.000000,56.000000,3.000000,5.840000,9.280000
NERDIA,3.348900,33.379200,59.584800,72.102000,676.000000,1092.000000,1976.000000,1976.000000,12.000000,16.000000,108.000000,216.000000,240.000000,1.562500,5.625000,11.450000,13.400000,325.939900,797.423200,1511.797600,2131.488000,1976.000000,5248.000000,9662.000000,11800.000000,51.000000,120.000000,222.000000,316.000000,342.000000,972.000000,1782.000000,2316.000000,22.695500,63.523200,116.225400,154.266000,-7.260000,-10.600000,-10.120000,114.000000,236.000000,340.000000,18.000000,36.000000,56.000000,3.000000,5.840000,9.280000
NERDIA01,3.348900,33.379200,59.584800,72.102000,676.000000,1092.000000,1976.000000,1976.000000,12.000000,16.000000,108.000000,216.000000,240.000000,1.562500,5.625000,11.450000,13.400000,325.939900,797.423200,1511.797600,2131.488000,1976.000000,5248.000000,9662.000000,11800.000000,51.000000,120.000000,222.000000,316.000000,342.000000,972.000000,1782.000000,2316.000000,22.695500,63.523200,116.225400,154.266000,-7.260000,-10.600000,-10.120000,114.000000,236.000000,340.000000,18.000000,36.000000,56.000000,3.000000,5.840000,9.280000
NESVOX,3.348900,33.379200,59.584800,72.102000,676.000000,1092.000000,1976.000000,1976.000000,12.000000,16.000000,108.000000,216.000000,240.000000,1.562500,5.625000,11.450000,13.400000,381.972100,912.605200,1723.162400,2381.211200,2180.000000,5680.000000,10338.000000,12600.000000,59.000000,136.000000,250.000000,352.000000,386.000000,1080.000000,1938.000000,2528.000000,25.494700,70.299200,126.821800,169.082400,-7.260000,-10.600000,-10.120000,114.000000,236.000000,340.000000,18.000000,36.000000,56.000000,3.000000,5.840000,9.280000
NESVOX02,3.348900,33.379200,59.584800,72.102000,676.000000,1092.000000,1976.000000,1976.000000,12.000000,16.000000,108.000000,216.000000,240.000000,1.562500,5.625000,11.450000,13.400000,381.972100,912.605200,1723.162400,2381.211200,2180.000000,5680.000000,10338.000000,12600.000000,59.000000,136.000000,250.000000,352.000000,386.000000,1080.000000,1938.000000,2528.000000,25.494700,70.299200,126.821800,169.082400,-7.260000,-10.600000,-10.120000,114.000000,236.000000,340.000000,18.000000,36.000000,56.000000,3.000000,5.840000,9.280000
NESVUD,3.348900,33.379200,59.584800,72.102000,676.000000,1092.000000,1976.000000,1976.000000,12.000000,16.000000,108.000000,216.000000,240.000000,1.562500,5.625000,11.450000,13.400000,390.669900,940.575200,1798.790400,2445.439200,2128.000000,5672.000000,10414.000000,12736.000000,63.000000,144.000000,270.000000,364.000000,414.000000,1140.000000,2022.000000,2652.000000,26.162300,72.760800,131.033400,174.987600,-7.260000,-10.600000,-10.120000,114.000000,236.000000,340.000000,18.000000,36.000000,56.000000,3.000000,5.840000,9.280000
NESVUD01,3.348900,33.379200,59.584800,72.102000,676.000000,1092.000000,1976.000000,1976.000000,12.000000,16.000000,108.000000,216.000000,240.000000,1.562500,5.625000,11.450000,13.400000,390.669900,940.575200,1798.790400,2445.439200,2128.000000,5672.000000,10414.000000,12736.000000,63.000000,144.000000,270.000000,364.000000,414.000000,1140.000000,2022.000000,2652.000000,26.162300,72.760800,131.033400,174.987600,-7.260000,-10.600000,-10.120000,114.000000,236.000000,340.000000,18.000000,36.000000,56.000000,3.000000,5.840000,9.280000
NESWAK,3.348900,33.379200,59.584800,72.102000,676.000000,1092.000000,1976.000000,1976.000000,12.000000,16.000000,108.000000,216.000000,240.000000,1.562500,5.625000,11.450000,13.400000,390.669900,940.575200,1798.790400,2445.439200,2128.000000,5672.000000,10414.000000,12736.000000,63.000000,144.000000,270.000000,364.000000,414.000000,1140.000000,2022.000000,2652.000000,26.162300,72.760800,131.033400,174.987600,-7.260000,-10.600000,-10.120000,114.000000,236.000000,340.000000,18.000000,36.000000,56.000000,3.000000,5.840000,9.280000
NETBUJ,3.348900,33.379200,55.998000,78.250800,676.000000,1092.000000,1872.000000,2600.000000,12.000000,16.000000,108.000000,216.000000,288.000000,1.562500,5.625000,11.550000,15.300000,468.699900,1145.362400,2114.964800,2957.162400,2560.000000,6776.000000,12086.000000,15952.000000,75.000000,176.000000,318.000000,452.000000,494.000000,1380.000000,2454.000000,3236.000000,33.277100,91.794400,163.239800,217.791600,-7.260000,-8.640000,-13.480000,114.000000,240.000000,316.000000,18.000000,36.000000,48.000000,3.000000,5.760000,7.760000
NICSEA,3.348900,33.379200,58.688100,80.154000,676.000000,1092.000000,1950.000000,2028.000000,12.000000,18.000000,108.000000,216.000000,252.000000,1.562500,5.625000,11.475000,14.325000,434.732400,980.505000,1767.539400,2499.491400,2494.000000,6090.000000,10854.000000,13404.000000,64.000000,144.000000,252.000000,366.000000,396.000000,1092.000000,1920.000000,2562.000000,28.705600,75.474000,131.410800,179.211000,-7.260000,-10.110000,-10.860000,114.000000,237.000000,390.000000,18.000000,36.000000,66.000000,3.000000,5.820000,11.040000
NIGXUY01,3.348900,33.379200,61.378200,90.914400,676.000000,1092.000000,2028.000000,2340.000000,12.000000,18.000000,108.000000,180.000000,216.000000,1.562500,5.625000,11.400000,14.025000,710.622300,1585.818000,2885.022000,3889.594800,2992.000000,7476.000000,12246.000000,14976.000000,115.000000,240.000000,450.000000,612.000000,690.000000,1812.000000,2742.000000,3216.000000,41.063500,107.822400,178.530600,232.964400,-7.260000,-11.580000,-16.740000,114.000000,234.000000,378.000000,18.000000,42.000000,72.000000,3.000000,5.880000,11.280000
NIGXUY02,3.348900,33.379200,61.378200,90.914400,676.000000,1092.000000,2028.000000,2340.000000,12.000000,18.000000,108.000000,180.000000,216.000000,1.562500,5.625000,11.400000,14.025000,710.622300,1585.818000,2885.022000,3889.594800,2992.000000,7476.000000,12246.000000,14976.000000,115.000000,240.000000,450.000000,612.000000,690.000000,1812.000000,2742.000000,3216.000000,41.063500,107.822400,178.530600,232.964400,-7.260000,-11.580000,-16.740000,114.000000,234.000000,378.000000,18.000000,42.000000,72.000000,3.000000,5.880000,11.280000
NIQFUP,3.348900,33.379200,55.998000,92.232000,676.000000,1092.000000,1872.000000,2106.000000,12.000000,21.000000,108.000000,234.000000,306.000000,1.562500,5.625000,11.550000,15.712500,403.327600,942.683400,1844.028000,2708.043600,2024.000000,5352.000000,9450.000000,12774.000000,68.000000,150.000000,288.000000,426.000000,438.000000,1200.000000,2076.000000,3090.000000,26.026000,72.280200,129.052800,190.312200,-7.260000,-8.640000,-11.970000,114.000000,240.000000,465.000000,18.000000,33.000000,75.000000,3.000000,5.760000,13.680000
NIQFUP11,3.348900,33.379200,55.998000,92.232000,676.000000,1092.000000,1872.000000,2106.000000,12.000000,21.000000,108.000000,234.000000,306.000000,1.562500,5.625000,11.550000,15.712500,403.327600,942.683400,1844.028000,2708.043600,2024.000000,5352.000000,9450.000000,12774.000000,68.000000,150.000000,288.000000,426.000000,438.000000,1200.000000,2076.000000,3090.000000,26.026000,72.280200,129.052800,190.312200,-7.260000,-8.640000,-11.970000,114.000000,240.000000,465.000000,18.000000,33.000000,75.000000,3.000000,5.760000,13.680000
NIXWEZ,3.348900,33.379200,57.791400,75.176400,676.000000,1092.000000,1924.000000,2288.000000,12.000000,16.000000,108.000000,216.000000,264.000000,1.562500,5.625000,11.500000,14.350000,546.434900,1314.112800,2386.227200,3297.057200,2784.000000,7308.000000,12850.000000,16248.000000,89.000000,204.000000,366.000000,508.000000,570.000000,1560.000000,2694.000000,3492.000000,37.929700,103.469200,180.059000,237.217200,-7.260000,-9.620000,-11.800000,114.000000,238.000000,328.000000,18.000000,36.000000,52.000000,3.000000,5.800000,8.520000
NIXXAW,3.348900,33.379200,57.791400,75.176400,676.000000,1092.000000,1924.000000,2288.000000,12.000000,16.000000,108.000000,216.000000,264.000000,1.562500,5.625000,11.500000,14.350000,611.164900,1455.892800,2651.307200,3593.917200,2936.000000,7692.000000,13498.000000,17296.000000,101.000000,228.000000,414.000000,556.000000,642.000000,1728.000000,2934.000000,3876.000000,41.396500,112.770800,195.110200,259.468400,-7.260000,-9.620000,-11.800000,114.000000,238.000000,328.000000,18.000000,36.000000,52.000000,3.000000,5.800000,8.520000
NIXXEA,3.348900,33.379200,57.791400,75.176400,676.000000,1092.000000,1924.000000,2288.000000,12.000000,16.000000,108.000000,216.000000,264.000000,1.562500,5.625000,11.500000,14.350000,675.894900,1597.672800,2916.387200,3891.757200,3088.000000,8076.000000,14146.000000,18544.000000,113.000000,252.000000,462.000000,604.000000,714.000000,1896.000000,3174.000000,4356.000000,44.863300,122.072400,210.161400,282.999600,-7.260000,-9.620000,-11.800000,114.000000,238.000000,328.000000,18.000000,36.000000,52.000000,3.000000,5.800000,8.520000
NOWBIK,3.348900,33.379200,46.665000,62.878800,676.000000,1092.000000,1560.000000,2184.000000,10.000000,14.000000,96.000000,168.000000,180.000000,1.562500,5.625000,9.625000,12.100000,480.736300,1082.474400,1849.182800,2538.833600,3022.000000,6624.000000,10182.000000,12992.000000,79.000000,172.000000,286.000000,404.000000,458.000000,1204.000000,1900.000000,2316.000000,35.753300,89.328000,141.813000,184.551200,-7.260000,-7.200000,-8.740000,114.000000,200.000000,280.000000,20.000000,32.000000,54.000000,3.000000,4.800000,7.820000
NOWBIK01,3.348900,33.379200,46.665000,62.878800,676.000000,1092.000000,1560.000000,2184.000000,10.000000,14.000000,96.000000,168.000000,180.000000,1.562500,5.625000,9.625000,12.100000,480.736300,1082.474400,1849.182800,2538.833600,3022.000000,6624.000000,10182.000000,12992.000000,79.000000,172.000000,286.000000,404.000000,458.000000,1204.000000,1900.000000,2316.000000,35.753300,89.328000,141.813000,184.551200,-7.260000,-7.200000,-8.740000,114.000000,200.000000,280.000000,20.000000,32.000000,54.000000,3.000000,4.800000,7.820000
NOZJAN,3.348900,33.379200,55.998000,92.232000,676.000000,1092.000000,1872.000000,2106.000000,12.000000,21.000000,108.000000,234.000000,288.000000,1.562500,5.625000,11.550000,15.712500,508.349000,1188.554400,2300.514000,3386.230800,2442.000000,6396.000000,10914.000000,14766.000000,84.000000,186.000000,354.000000,534.000000,540.000000,1476.000000,2490.000000,3624.000000,32.654800,89.651400,157.485000,229.919400,-7.260000,-8.640000,-11.970000,114.000000,240.000000,465.000000,18.000000,33.000000,78.000000,3.000000,5.760000,13.680000
NUMBEC,3.348900,33.379200,54.717000,73.035300,676.000000,1092.000000,1612.000000,1872.000000,12.000000,17.000000,108.000000,204.000000,168.000000,1.562500,5.625000,10.550000,11.987500,279.453800,632.886400,1261.164800,1975.772600,2114.000000,4516.000000,7478.000000,9728.000000,46.000000,100.000000,194.000000,314.000000,294.000000,840.000000,1510.000000,2016.000000,19.835600,51.537600,92.333400,135.977400,-7.260000,-7.940000,-8.800000,114.000000,250.000000,370.000000,18.000000,38.000000,74.000000,3.000000,6.560000,11.660000
NUMBEC01,3.348900,33.379200,54.717000,73.035300,676.000000,1092.000000,1612.000000,1872.000000,12.000000,17.000000,108.000000,204.000000,168.000000,1.562500,5.625000,10.550000,11.987500,279.453800,632.886400,1261.164800,1975.772600,2114.000000,4516.000000,7478.000000,9728.000000,46.000000,100.000000,194.000000,314.000000,294.000000,840.000000,1510.000000,2016.000000,19.835600,51.537600,92.333400,135.977400,-7.260000,-7.940000,-8.800000,114.000000,250.000000,370.000000,18.000000,38.000000,74.000000,3.000000,6.560000,11.660000
NUMBEC02,3.348900,33.379200,54.717000,73.035300,676.000000,1092.000000,1612.000000,1872.000000,12.000000,17.000000,108.000000,204.000000,168.000000,1.562500,5.625000,10.550000,11.987500,279.453800,632.886400,1261.164800,1975.772600,2114.000000,4516.000000,7478.000000,9728.000000,46.000000,100.000000,194.000000,314.000000,294.000000,840.000000,1510.000000,2016.000000,19.835600,51.537600,92.333400,135.977400,-7.260000,-7.940000,-8.800000,114.000000,250.000000,370.000000,18.000000,38.000000,74.000000,3.000000,6.560000,11.660000
OBUJAW,3.348900,33.379200,61.378200,91.463400,676.000000,1092.000000,2028.000000,3068.000000,12.000000,20.000000,108.000000,216.000000,408.000000,1.562500,5.625000,11.400000,19.450000,631.518500,1190.170800,2567.017200,3120.348000,3650.000000,7604.000000,15522.000000,19096.000000,71.000000,160.000000,306.000000,412.000000,466.000000,1276.000000,2250.000000,3228.000000,34.977500,88.631200,165.553800,218.757200,-7.260000,-11.580000,-13.380000,114.000000,234.000000,402.000000,18.000000,36.000000,52.000000,3.000000,5.880000,9.440000
OCEVEA,3.348900,33.379200,55.998000,74.883600,676.000000,1092.000000,1872.000000,3536.000000,12.000000,16.000000,108.000000,216.000000,288.000000,1.562500,5.625000,11.550000,16.650000,360.969100,865.010400,1655.181600,2194.651200,2952.000000,6432.000000,11542.000000,15976.000000,59.000000,136.000000,254.000000,332.000000,390.000000,1068.000000,1886.000000,2588.000000,27.526300,73.928000,132.479800,177.044400,-7.260000,-8.640000,-11.640000,114.000000,240.000000,280.000000,18.000000,36.000000,48.000000,3.000000,5.760000,6.680000
OCEVEA01,3.348900,33.379200,55.998000,74.883600,676.000000,1092.000000,1872.000000,3536.000000,12.000000,16.000000,108.000000,216.000000,288.000000,1.562500,5.625000,11.550000,16.650000,360.969100,865.010400,1655.181600,2194.651200,2952.000000,6432.000000,11542.000000,15976.000000,59.000000,136.000000,254.000000,332.000000,390.000000,1068.000000,1886.000000,2588.000000,27.526300,73.928000,132.479800,177.044400,-7.260000,-8.640000,-11.640000,114.000000,240.000000,280.000000,18.000000,36.000000,48.000000,3.000000,5.760000,6.680000
OCOPAA,3.348900,33.379200,55.998000,80.154000,676.000000,1092.000000,1872.000000,2028.000000,12.000000,18.000000,108.000000,216.000000,252.000000,1.562500,5.625000,11.550000,14.325000,409.048500,990.266400,1844.052000,2693.157000,2290.000000,6072.000000,10770.000000,14106.000000,67.000000,156.000000,282.000000,420.000000,438.000000,1224.000000,2178.000000,3000.000000,29.567500,81.474000,144.945000,203.377200,-7.260000,-8.640000,-10.860000,114.000000,240.000000,390.000000,18.000000,36.000000,66.000000,3.000000,5.760000,11.040000
OJIVOS,3.348900,33.379200,58.688100,70.766100,676.000000,1092.000000,1950.000000,2028.000000,12.000000,15.000000,108.000000,198.000000,234.000000,1.562500,5.625000,11.475000,12.862500,444.990600,1069.647600,1942.366800,2724.826200,2476.000000,6480.000000,11400.000000,14232.000000,70.000000,162.000000,288.000000,408.000000,450.000000,1242.000000,2142.000000,2748.000000,31.163800,84.574200,147.708000,195.054000,-7.260000,-10.110000,-11.220000,114.000000,237.000000,312.000000,18.000000,39.000000,51.000000,3.000000,5.820000,8.460000
OLAYAC,3.348900,33.379200,59.383500,94.537800,676.000000,1092.000000,1768.000000,1950.000000,13.000000,21.000000,114.000000,240.000000,270.000000,1.562500,5.625000,11.512500,14.612500,413.059900,973.265400,1962.996800,2904.754800,1994.000000,5304.000000,9208.000000,11778.000000,69.000000,152.000000,306.000000,468.000000,458.000000,1292.000000,2216.000000,2988.000000,25.159700,71.406000,131.096600,183.891200,-7.260000,-8.660000,-13.230000,114.000000,270.000000,471.000000,17.000000,38.000000,81.000000,3.000000,7.040000,14.560000
OLAYAC01,3.348900,33.379200,59.383500,94.537800,676.000000,1092.000000,1768.000000,1950.000000,13.000000,21.000000,114.000000,240.000000,270.000000,1.562500,5.625000,11.512500,14.612500,413.059900,973.265400,1962.996800,2904.754800,1994.000000,5304.000000,9208.000000,11778.000000,69.000000,152.000000,306.000000,468.000000,458.000000,1292.000000,2216.000000,2988.000000,25.159700,71.406000,131.096600,183.891200,-7.260000,-8.660000,-13.230000,114.000000,270.000000,471.000000,17.000000,38.000000,81.000000,3.000000,7.040000,14.560000
OZOGIV,3.348900,33.379200,59.584800,72.102000,676.000000,1092.000000,1976.000000,1976.000000,12.000000,16.000000,108.000000,216.000000,240.000000,1.562500,5.625000,11.450000,13.400000,325.939900,798.795200,1533.710400,2146.815200,1976.000000,5288.000000,9766.000000,11808.000000,51.000000,120.000000,222.000000,316.000000,342.000000,972.000000,1782.000000,2316.000000,22.695500,63.459200,115.982200,154.144400,-7.260000,-10.600000,-10.120000,114.000000,236.000000,340.000000,18.000000,36.000000,56.000000,3.000000,5.840000,9.280000
PAGXAW,3.348900,33.379200,46.665000,65.440800,676.000000,1092.000000,1560.000000,2704.000000,10.000000,14.000000,96.000000,168.000000,252.000000,1.562500,5.625000,9.625000,14.100000,383.346300,881.534400,1638.274800,2290.079600,2586.000000,5712.000000,9430.000000,13780.000000,63.000000,140.000000,254.000000,352.000000,394.000000,1056.000000,1780.000000,2496.000000,28.090900,72.819200,124.152200,175.844400,-7.260000,-7.200000,-10.140000,114.000000,200.000000,260.000000,20.000000,32.000000,42.000000,3.000000,4.800000,6.220000
PASDOD,3.348900,33.379200,55.998000,93.000600,676.000000,1092.000000,1872.000000,1794.000000,12.000000,21.000000,108.000000,234.000000,252.000000,1.562500,5.625000,11.550000,14.137500,377.517400,891.470400,1767.063600,2502.559800,1952.000000,5178.000000,9252.000000,11634.000000,62.000000,138.000000,270.000000,390.000000,408.000000,1128.000000,1986.000000,2832.000000,23.745400,66.784200,121.805400,174.049800,-7.260000,-8.640000,-12.390000,114.000000,240.000000,477.000000,18.000000,33.000000,84.000000,3.000000,5.760000,14.940000
PASDOD01,3.348900,33.379200,55.998000,93.000600,676.000000,1092.000000,1872.000000,1794.000000,12.000000,21.000000,108.000000,234.000000,252.000000,1.562500,5.625000,11.550000,14.137500,377.517400,891.470400,1767.063600,2502.559800,1952.000000,5178.000000,9252.000000,11634.000000,62.000000,138.000000,270.000000,390.000000,408.000000,1128.000000,1986.000000,2832.000000,23.745400,66.784200,121.805400,174.049800,-7.260000,-8.640000,-12.390000,114.000000,240.000000,477.000000,18.000000,33.000000,84.000000,3.000000,5.760000,14.940000
PASGOF,3.348900,33.379200,46.665000,79.202400,676.000000,1092.000000,1560.000000,3328.000000,10.000000,18.000000,96.000000,192.000000,204.000000,1.562500,5.625000,9.625000,15.200000,331.941900,752.708400,1523.076400,2098.292000,3178.000000,5952.000000,9782.000000,15224.000000,55.000000,120.000000,238.000000,340.000000,358.000000,980.000000,1612.000000,2056.000000,25.137700,64.041200,113.338600,156.418000,-7.260000,-7.200000,-10.340000,114.000000,200.000000,340.000000,20.000000,28.000000,74.000000,3.000000,4.800000,10.340000
PASGOF01,3.348900,33.379200,46.665000,79.202400,676.000000,1092.000000,1560.000000,3328.000000,10.000000,18.000000,96.000000,192.000000,204.000000,1.562500,5.625000,9.625000,15.200000,331.941900,752.708400,1523.076400,2098.292000,3178.000000,5952.000000,9782.000000,15224.000000,55.000000,120.000000,238.000000,340.000000,358.000000,980.000000,1612.000000,2056.000000,25.137700,64.041200,113.338600,156.418000,-7.260000,-7.200000,-10.340000,114.000000,200.000000,340.000000,20.000000,28.000000,74.000000,3.000000,4.800000,10.340000
PEJQIF,3.348900,33.379200,61.378200,90.914400,676.000000,1092.000000,2028.000000,2340.000000,12.000000,18.000000,108.000000,180.000000,216.000000,1.562500,5.625000,11.400000,14.025000,547.305900,1189.854000,2152.836000,2756.487600,4264.000000,7476.000000,12018.000000,14688.000000,79.000000,168.000000,306.000000,396.000000,474.000000,1236.000000,1842.000000,2208.000000,35.722300,85.646400,142.979400,178.863600,-7.260000,-11.580000,-16.740000,114.000000,234.000000,378.000000,18.000000,42.000000,72.000000,3.000000,5.880000,11.280000
PEJQIF01,3.348900,33.379200,61.378200,90.914400,676.000000,1092.000000,2028.000000,2340.000000,12.000000,18.000000,108.000000,180.000000,216.000000,1.562500,5.625000,11.400000,14.025000,547.305900,1189.854000,2152.836000,2756.487600,4264.000000,7476.000000,12018.000000,14688.000000,79.000000,168.000000,306.000000,396.000000,474.000000,1236.000000,1842.000000,2208.000000,35.722300,85.646400,142.979400,178.863600,-7.260000,-11.580000,-16.740000,114.000000,234.000000,378.000000,18.000000,42.000000,72.000000,3.000000,5.880000,11.280000
PIVFEG,3.348900,33.379200,61.378200,90.914400,676.000000,1092.000000,2028.000000,2340.000000,12.000000,18.000000,108.000000,180.000000,216.000000,1.562500,5.625000,11.400000,14.025000,555.447300,1316.538000,2305.980000,2890.672800,2752.000000,7188.000000,11238.000000,13848.000000,85.000000,192.000000,342.000000,432.000000,570.000000,1620.000000,2166.000000,2448.000000,34.220500,94.147200,149.153400,181.689600,-7.260000,-11.580000,-16.740000,114.000000,234.000000,378.000000,18.000000,42.000000,72.000000,3.000000,5.880000,11.280000
POGMED,3.348900,33.379200,46.665000,64.672200,676.000000,1092.000000,1560.000000,2236.000000,10.000000,14.000000,96.000000,168.000000,180.000000,1.562500,5.625000,9.625000,12.050000,353.134500,795.372400,1439.459200,1938.730800,2466.000000,5308.000000,8474.000000,11144.000000,57.000000,124.000000,218.000000,300.000000,342.000000,912.000000,1504.000000,1900.000000,25.384700,64.412000,106.899000,142.316000,-7.260000,-7.200000,-9.720000,114.000000,200.000000,278.000000,20.000000,32.000000,54.000000,3.000000,4.800000,7.860000
POGXOA,3.348900,33.379200,46.665000,66.063000,676.000000,1092.000000,1560.000000,3016.000000,10.000000,14.000000,96.000000,168.000000,192.000000,1.562500,5.625000,9.625000,13.675000,288.712300,653.518400,1184.314800,1621.934000,2754.000000,5384.000000,8842.000000,12480.000000,45.000000,100.000000,174.000000,244.000000,274.000000,744.000000,1276.000000,1664.000000,22.812900,56.682400,95.782600,129.869600,-7.260000,-7.200000,-10.480000,114.000000,200.000000,248.000000,20.000000,32.000000,52.000000,3.000000,4.800000,6.560000
POGXUG,3.348900,33.379200,46.665000,65.953200,676.000000,1092.000000,1560.000000,3952.000000,10.000000,14.000000,96.000000,168.000000,192.000000,1.562500,5.625000,9.625000,14.025000,288.404500,653.212400,1183.950000,1621.714400,4554.000000,5816.000000,9346.000000,14352.000000,45.000000,100.000000,174.000000,244.000000,274.000000,744.000000,1276.000000,1664.000000,23.423300,57.113600,96.202600,130.569600,-7.260000,-7.200000,-10.420000,114.000000,200.000000,212.000000,20.000000,32.000000,52.000000,3.000000,4.800000,6.280000
POHLON,3.348900,33.379200,46.665000,62.878800,676.000000,1092.000000,1560.000000,2184.000000,10.000000,14.000000,96.000000,168.000000,180.000000,1.562500,5.625000,9.625000,12.100000,310.212700,724.546400,1320.674800,1835.480400,2482.000000,5378.000000,8798.000000,11922.000000,47.000000,110.000000,190.000000,270.000000,304.000000,836.000000,1436.000000,1902.000000,23.954900,61.265800,104.177800,143.543400,-7.260000,-7.200000,-8.740000,114.000000,200.000000,280.000000,20.000000,32.000000,54.000000,3.000000,4.800000,7.820000
POHLON01,3.348900,33.379200,46.665000,62.878800,676.000000,1092.000000,1560.000000,2184.000000,10.000000,14.000000,96.000000,168.000000,180.000000,1.562500,5.625000,9.625000,12.100000,310.212700,714.866400,1320.674800,1845.160400,2482.000000,5376.000000,8798.000000,11924.000000,47.000000,108.000000,190.000000,272.000000,298.000000,816.000000,1412.000000,1872.000000,23.954900,60.992000,104.177800,143.817200,-7.260000,-7.200000,-8.740000,114.000000,200.000000,280.000000,20.000000,32.000000,54.000000,3.000000,4.800000,7.820000
POWSID,3.348900,33.379200,46.665000,62.878800,676.000000,1092.000000,1560.000000,2184.000000,10.000000,14.000000,96.000000,168.000000,180.000000,1.562500,5.625000,9.625000,12.100000,452.972700,1064.726400,1917.726800,2687.604000,3066.000000,6912.000000,11334.000000,15192.000000,71.000000,164.000000,286.000000,408.000000,450.000000,1224.000000,2068.000000,2668.000000,34.536500,89.266400,151.176200,204.523600,-7.260000,-7.200000,-8.740000,114.000000,200.000000,280.000000,20.000000,32.000000,54.000000,3.000000,4.800000,7.820000
POWSID01,3.348900,33.379200,46.665000,62.878800,676.000000,1092.000000,1560.000000,2184.000000,10.000000,14.000000,96.000000,168.000000,180.000000,1.562500,5.625000,9.625000,12.100000,452.972700,1064.726400,1917.726800,2687.604000,3066.000000,6912.000000,11334.000000,15192.000000,71.000000,164.000000,286.000000,408.000000,450.000000,1224.000000,2068.000000,2668.000000,34.536500,89.266400,151.176200,204.523600,-7.260000,-7.200000,-8.740000,114.000000,200.000000,280.000000,20.000000,32.000000,54.000000,3.000000,4.800000,7.820000
PUBBOD,3.348900,33.379200,55.998000,73.492800,676.000000,1092.000000,1872.000000,2756.000000,12.000000,16.000000,108.000000,216.000000,264.000000,1.562500,5.625000,11.550000,15.025000,360.661300,864.398400,1636.484800,2271.114400,2512.000000,5952.000000,10638.000000,14628.000000,59.000000,136.000000,250.000000,348.000000,386.000000,1068.000000,1898.000000,2576.000000,26.631300,72.388000,129.256200,176.336400,-7.260000,-8.640000,-10.880000,114.000000,240.000000,310.000000,18.000000,36.000000,52.000000,3.000000,5.760000,7.980000
PUTGOC,3.348900,33.379200,66.154500,64.233000,676.000000,1092.000000,1560.000000,1170.000000,15.000000,15.000000,126.000000,216.000000,162.000000,1.562500,5.625000,11.437500,9.937500,292.003500,683.585400,1339.404000,2117.538000,1642.000000,4320.000000,7212.000000,8010.000000,49.000000,108.000000,210.000000,336.000000,318.000000,912.000000,1626.000000,2136.000000,18.895300,53.018400,96.838200,133.942800,-7.260000,-8.700000,-7.650000,114.000000,330.000000,345.000000,15.000000,54.000000,63.000000,3.000000,9.600000,10.800000
PUTGOC01,3.348900,33.379200,66.154500,64.233000,676.000000,1092.000000,1560.000000,1170.000000,15.000000,15.000000,126.000000,216.000000,162.000000,1.562500,5.625000,11.437500,9.937500,292.003500,683.585400,1339.404000,2117.538000,1642.000000,4320.000000,7212.000000,8010.000000,49.000000,108.000000,210.000000,336.000000,318.000000,912.000000,1626.000000,2136.000000,18.895300,53.018400,96.838200,133.942800,-7.260000,-8.700000,-7.650000,114.000000,330.000000,345.000000,15.000000,54.000000,63.000000,3.000000,9.600000,10.800000
PUTHAP,3.348900,33.379200,66.154500,64.233000,676.000000,1092.000000,1560.000000,1170.000000,15.000000,15.000000,126.000000,216.000000,162.000000,1.562500,5.625000,11.437500,9.937500,292.003500,683.585400,1339.404000,2117.538000,1642.000000,4320.000000,7212.000000,8010.000000,49.000000,108.000000,210.000000,336.000000,318.000000,912.000000,1626.000000,2136.000000,18.895300,53.018400,96.838200,133.942800,-7.260000,-8.700000,-7.650000,114.000000,330.000000,345.000000,15.000000,54.000000,63.000000,3.000000,9.600000,10.800000
PUTHAP01,3.348900,33.379200,66.154500,64.233000,676.000000,1092.000000,1560.000000,1170.000000,15.000000,15.000000,126.000000,216.000000,162.000000,1.562500,5.625000,11.437500,9.937500,292.003500,683.585400,1339.404000,2117.538000,1642.000000,4320.000000,7212.000000,8010.000000,49.000000,108.000000,210.000000,336.000000,318.000000,912.000000,1626.000000,2136.000000,18.895300,53.018400,96.838200,133.942800,-7.260000,-8.700000,-7.650000,114.000000,330.000000,345.000000,15.000000,54.000000,63.000000,3.000000,9.600000,10.800000
PUTHIX,3.348900,33.379200,66.154500,64.233000,676.000000,1092.000000,1560.000000,1170.000000,15.000000,15.000000,126.000000,216.000000,162.000000,1.562500,5.625000,11.437500,9.937500,292.003500,683.585400,1339.404000,2117.538000,1642.000000,4320.000000,7212.000000,8010.000000,49.000000,108.000000,210.000000,336.000000,318.000000,912.000000,1626.000000,2136.000000,18.895300,53.018400,96.838200,133.942800,-7.260000,-8.700000,-7.650000,114.000000,330.000000,345.000000,15.000000,54.000000,63.000000,3.000000,9.600000,10.800000
PUTHIX01,3.348900,33.379200,66.154500,64.233000,676.000000,1092.000000,1560.000000,1170.000000,15.000000,15.000000,126.000000,216.000000,162.000000,1.562500,5.625000,11.437500,9.937500,292.003500,683.585400,1339.404000,2117.538000,1642.000000,4320.000000,7212.000000,8010.000000,49.000000,108.000000,210.000000,336.000000,318.000000,912.000000,1626.000000,2136.000000,18.895300,53.018400,96.838200,133.942800,-7.260000,-8.700000,-7.650000,114.000000,330.000000,345.000000,15.000000,54.000000,63.000000,3.000000,9.600000,10.800000
QAHPIY01,3.348900,33.379200,65.770200,80.154000,676.000000,1092.000000,2184.000000,2028.000000,12.000000,18.000000,108.000000,180.000000,252.000000,1.562500,5.625000,11.250000,14.325000,333.965100,748.557600,1323.746400,1845.828000,2020.000000,5016.000000,8898.000000,10464.000000,49.000000,108.000000,186.000000,252.000000,294.000000,792.000000,1302.000000,1620.000000,21.271300,55.981200,94.086600,119.415600,-7.260000,-13.980000,-10.860000,114.000000,228.000000,390.000000,18.000000,42.000000,66.000000,3.000000,6.000000,11.040000
QAHPIY02,3.348900,33.379200,65.770200,80.154000,676.000000,1092.000000,2184.000000,2028.000000,12.000000,18.000000,108.000000,180.000000,252.000000,1.562500,5.625000,11.250000,14.325000,333.965100,748.557600,1323.746400,1845.828000,2020.000000,5016.000000,8898.000000,10464.000000,49.000000,108.000000,186.000000,252.000000,294.000000,792.000000,1302.000000,1620.000000,21.271300,55.981200,94.086600,119.415600,-7.260000,-13.980000,-10.860000,114.000000,228.000000,390.000000,18.000000,42.000000,66.000000,3.000000,6.000000,11.040000
QAHVIE,3.348900,33.379200,48.458400,56.620200,676.000000,1092.000000,1612.000000,2184.000000,10.000000,12.000000,96.000000,156.000000,168.000000,1.562500,5.625000,9.575000,11.125000,411.909100,939.203200,1640.220400,2238.316400,2830.000000,6160.000000,9922.000000,13040.000000,63.000000,140.000000,238.000000,328.000000,378.000000,1008.000000,1648.000000,2048.000000,29.671700,74.734400,122.954600,161.384400,-7.260000,-8.180000,-8.980000,114.000000,198.000000,228.000000,20.000000,34.000000,44.000000,3.000000,4.840000,6.100000
QAHVOK,3.348900,33.379200,48.458400,56.510400,676.000000,1092.000000,1612.000000,3120.000000,10.000000,12.000000,96.000000,156.000000,168.000000,1.562500,5.625000,9.575000,11.475000,411.601300,938.897200,1639.855600,2238.096800,4630.000000,6592.000000,10426.000000,14912.000000,63.000000,140.000000,238.000000,328.000000,378.000000,1008.000000,1648.000000,2048.000000,30.282100,75.165600,123.374600,162.084400,-7.260000,-8.180000,-8.920000,114.000000,198.000000,192.000000,20.000000,34.000000,44.000000,3.000000,4.840000,5.820000
QALMAR,3.348900,33.379200,55.998000,85.534200,676.000000,1092.000000,1872.000000,2184.000000,12.000000,18.000000,108.000000,216.000000,234.000000,1.562500,5.625000,11.550000,14.175000,337.920600,804.783000,1489.609200,2024.469000,2038.000000,5292.000000,9318.000000,11802.000000,52.000000,120.000000,216.000000,306.000000,336.000000,936.000000,1668.000000,2196.000000,23.227600,63.414000,112.659600,151.072200,-7.260000,-8.640000,-13.800000,114.000000,240.000000,384.000000,18.000000,36.000000,69.000000,3.000000,5.760000,11.160000
QALMAR01,3.348900,33.379200,55.998000,85.534200,676.000000,1092.000000,1872.000000,2184.000000,12.000000,18.000000,108.000000,216.000000,234.000000,1.562500,5.625000,11.550000,14.175000,337.920600,804.783000,1489.609200,2024.469000,2038.000000,5292.000000,9318.000000,11802.000000,52.000000,120.000000,216.000000,306.000000,336.000000,936.000000,1668.000000,2196.000000,23.227600,63.414000,112.659600,151.072200,-7.260000,-8.640000,-13.800000,114.000000,240.000000,384.000000,18.000000,36.000000,69.000000,3.000000,5.760000,11.160000
QERDIB,3.348900,33.379200,55.998000,96.148200,676.000000,1092.000000,1872.000000,2756.000000,12.000000,20.000000,108.000000,216.000000,336.000000,1.562500,5.625000,11.550000,17.100000,373.463100,903.140400,1735.491200,2441.216400,2080.000000,5508.000000,9866.000000,13336.000000,59.000000,136.000000,258.000000,372.000000,394.000000,1108.000000,1994.000000,2748.000000,24.641900,69.157600,126.429000,174.914000,-7.260000,-8.640000,-15.940000,114.000000,240.000000,414.000000,18.000000,36.000000,64.000000,3.000000,5.760000,11.320000
QERDIB01,3.348900,33.379200,55.998000,96.148200,676.000000,1092.000000,1872.000000,2756.000000,12.000000,20.000000,108.000000,216.000000,336.000000,1.562500,5.625000,11.550000,17.100000,373.463100,903.140400,1735.491200,2441.216400,2080.000000,5508.000000,9866.000000,13336.000000,59.000000,136.000000,258.000000,372.000000,394.000000,1108.000000,1994.000000,2748.000000,24.641900,69.157600,126.429000,174.914000,-7.260000,-8.640000,-15.940000,114.000000,240.000000,414.000000,18.000000,36.000000,64.000000,3.000000,5.760000,11.320000
QERDOH,3.348900,33.379200,55.998000,96.148200,676.000000,1092.000000,1872.000000,2756.000000,12.000000,20.000000,108.000000,216.000000,336.000000,1.562500,5.625000,11.550000,17.100000,373.463100,903.140400,1735.491200,2441.216400,2080.000000,5508.000000,9866.000000,13336.000000,59.000000,136.000000,258.000000,372.000000,394.000000,1108.000000,1994.000000,2748.000000,24.641900,69.157600,126.429000,174.914000,-7.260000,-8.640000,-15.940000,114.000000,240.000000,414.000000,18.000000,36.000000,64.000000,3.000000,5.760000,11.320000
QIDJET,3.348900,33.379200,57.791400,67.636800,676.000000,1092.000000,1924.000000,2028.000000,12.000000,14.000000,108.000000,204.000000,204.000000,1.562500,5.625000,11.500000,12.375000,351.073100,858.915600,1605.460000,2272.914000,2214.000000,5820.000000,10542.000000,13368.000000,53.000000,128.000000,234.000000,336.000000,362.000000,1028.000000,1882.000000,2488.000000,25.644500,70.668000,128.277000,173.960800,-7.260000,-9.620000,-11.340000,114.000000,238.000000,286.000000,18.000000,38.000000,50.000000,3.000000,5.800000,7.600000
QIDJET01,3.348900,33.379200,57.791400,67.636800,676.000000,1092.000000,1924.000000,2028.000000,12.000000,14.000000,108.000000,204.000000,204.000000,1.562500,5.625000,11.500000,12.375000,351.073100,858.915600,1605.460000,2272.914000,2214.000000,5820.000000,10542.000000,13368.000000,53.000000,128.000000,234.000000,336.000000,362.000000,1028.000000,1882.000000,2488.000000,25.644500,70.668000,128.277000,173.960800,-7.260000,-9.620000,-11.340000,114.000000,238.000000,286.000000,18.000000,38.000000,50.000000,3.000000,5.800000,7.600000
QIDJIX,3.348900,33.379200,57.791400,67.636800,676.000000,1092.000000,1924.000000,2028.000000,12.000000,14.000000,108.000000,204.000000,204.000000,1.562500,5.625000,11.500000,12.375000,351.073100,858.915600,1605.460000,2272.914000,2214.000000,5820.000000,10542.000000,13368.000000,53.000000,128.000000,234.000000,336.000000,362.000000,1028.000000,1882.000000,2488.000000,25.644500,70.668000,128.277000,173.960800,-7.260000,-9.620000,-11.340000,114.000000,238.000000,286.000000,18.000000,38.000000,50.000000,3.000000,5.800000,7.600000
QIDJOD,3.348900,33.379200,57.791400,67.636800,676.000000,1092.000000,1924.000000,2028.000000,12.000000,14.000000,108.000000,204.000000,216.000000,1.562500,5.625000,11.500000,12.375000,393.118100,957.243600,1805.812000,2490.444000,2292.000000,6060.000000,10974.000000,13848.000000,61.000000,144.000000,266.000000,368.000000,410.000000,1140.000000,2018.000000,2668.000000,27.651700,76.396800,137.869800,185.302400,-7.260000,-9.620000,-11.340000,114.000000,238.000000,286.000000,18.000000,38.000000,48.000000,3.000000,5.800000,7.600000
QIDJUJ,3.348900,33.379200,57.791400,67.636800,676.000000,1092.000000,1924.000000,2028.000000,12.000000,14.000000,108.000000,204.000000,216.000000,1.562500,5.625000,11.500000,12.375000,393.118100,957.243600,1805.812000,2490.444000,2292.000000,6060.000000,10974.000000,13848.000000,61.000000,144.000000,266.000000,368.000000,410.000000,1140.000000,2018.000000,2668.000000,27.651700,76.396800,137.869800,185.302400,-7.260000,-9.620000,-11.340000,114.000000,238.000000,286.000000,18.000000,38.000000,48.000000,3.000000,5.800000,7.600000
QIDKAQ,3.348900,33.379200,57.791400,67.636800,676.000000,1092.000000,1924.000000,2028.000000,12.000000,14.000000,108.000000,204.000000,216.000000,1.562500,5.625000,11.500000,12.375000,425.483100,1028.133600,1941.628000,2695.372000,2368.000000,6252.000000,11238.000000,14236.000000,67.000000,156.000000,290.000000,404.000000,446.000000,1236.000000,2138.000000,2776.000000,29.385100,81.047600,145.315400,194.318000,-7.260000,-9.620000,-11.340000,114.000000,238.000000,286.000000,18.000000,38.000000,48.000000,3.000000,5.800000,7.600000
QIDKEU,3.348900,33.379200,57.791400,67.636800,676.000000,1092.000000,1924.000000,2028.000000,12.000000,14.000000,108.000000,204.000000,216.000000,1.562500,5.625000,11.500000,12.375000,425.483100,1028.133600,1941.628000,2695.372000,2368.000000,6252.000000,11238.000000,14236.000000,67.000000,156.000000,290.000000,404.000000,446.000000,1236.000000,2138.000000,2776.000000,29.385100,81.047600,145.315400,194.318000,-7.260000,-9.620000,-11.340000,114.000000,238.000000,286.000000,18.000000,38.000000,48.000000,3.000000,5.800000,7.600000
QIDKIY,3.348900,33.379200,57.791400,67.636800,676.000000,1092.000000,1924.000000,2028.000000,12.000000,14.000000,108.000000,204.000000,216.000000,1.562500,5.625000,11.500000,12.375000,490.213100,1169.913600,2211.888000,3082.478000,2520.000000,6636.000000,11726.000000,14768.000000,79.000000,180.000000,338.000000,476.000000,518.000000,1428.000000,2402.000000,3052.000000,32.851900,90.349200,160.270600,212.526800,-7.260000,-9.620000,-11.340000,114.000000,238.000000,286.000000,18.000000,38.000000,48.000000,3.000000,5.800000,7.600000
QIDKOE,3.348900,33.379200,57.791400,67.636800,676.000000,1092.000000,1924.000000,2028.000000,12.000000,14.000000,108.000000,204.000000,216.000000,1.562500,5.625000,11.500000,12.375000,522.578100,1240.803600,2347.018000,3275.688000,2596.000000,6828.000000,11970.000000,15024.000000,85.000000,192.000000,362.000000,512.000000,554.000000,1524.000000,2534.000000,3196.000000,34.585300,95.000000,167.748200,221.647200,-7.260000,-9.620000,-11.340000,114.000000,238.000000,286.000000,18.000000,38.000000,48.000000,3.000000,5.800000,7.600000
QIDKUK,3.348900,33.379200,57.791400,67.636800,676.000000,1092.000000,1924.000000,2028.000000,12.000000,14.000000,108.000000,204.000000,216.000000,1.562500,5.625000,11.500000,12.375000,522.578100,1240.803600,2347.018000,3275.688000,2596.000000,6828.000000,11970.000000,15024.000000,85.000000,192.000000,362.000000,512.000000,554.000000,1524.000000,2534.000000,3196.000000,34.585300,95.000000,167.748200,221.647200,-7.260000,-9.620000,-11.340000,114.000000,238.000000,286.000000,18.000000,38.000000,48.000000,3.000000,5.800000,7.600000
QIDLAR,3.348900,33.379200,57.791400,67.636800,676.000000,1092.000000,1924.000000,2028.000000,12.000000,14.000000,108.000000,204.000000,216.000000,1.562500,5.625000,11.500000,12.375000,554.943100,1311.693600,2482.148000,3468.898000,2672.000000,7020.000000,12214.000000,15280.000000,91.000000,204.000000,386.000000,548.000000,590.000000,1620.000000,2666.000000,3340.000000,36.318700,99.650800,175.225800,230.767600,-7.260000,-9.620000,-11.340000,114.000000,238.000000,286.000000,18.000000,38.000000,48.000000,3.000000,5.800000,7.600000
QIDLEV,3.348900,33.379200,57.791400,67.636800,676.000000,1092.000000,1924.000000,2028.000000,12.000000,14.000000,108.000000,204.000000,216.000000,1.562500,5.625000,11.500000,12.375000,554.943100,1311.693600,2482.148000,3468.898000,2672.000000,7020.000000,12214.000000,15280.000000,91.000000,204.000000,386.000000,548.000000,590.000000,1620.000000,2666.000000,3340.000000,36.318700,99.650800,175.225800,230.767600,-7.260000,-9.620000,-11.340000,114.000000,238.000000,286.000000,18.000000,38.000000,48.000000,3.000000,5.800000,7.600000
QIDLIZ,3.348900,33.379200,57.791400,67.636800,676.000000,1092.000000,1924.000000,2028.000000,12.000000,14.000000,108.000000,204.000000,216.000000,1.562500,5.625000,11.500000,12.375000,587.308100,1382.583600,2617.278000,3662.108000,2748.000000,7212.000000,12458.000000,15536.000000,97.000000,216.000000,410.000000,584.000000,626.000000,1716.000000,2798.000000,3484.000000,38.052100,104.301600,182.703400,239.888000,-7.260000,-9.620000,-11.340000,114.000000,238.000000,286.000000,18.000000,38.000000,48.000000,3.000000,5.800000,7.600000
QIDLOF,3.348900,33.379200,57.791400,67.636800,676.000000,1092.000000,1924.000000,2028.000000,12.000000,14.000000,108.000000,204.000000,216.000000,1.562500,5.625000,11.500000,12.375000,587.308100,1382.583600,2617.278000,3662.108000,2748.000000,7212.000000,12458.000000,15536.000000,97.000000,216.000000,410.000000,584.000000,626.000000,1716.000000,2798.000000,3484.000000,38.052100,104.301600,182.703400,239.888000,-7.260000,-9.620000,-11.340000,114.000000,238.000000,286.000000,18.000000,38.000000,48.000000,3.000000,5.800000,7.600000
QIDLUL,3.348900,33.379200,57.791400,67.636800,676.000000,1092.000000,1924.000000,2028.000000,12.000000,14.000000,108.000000,204.000000,216.000000,1.562500,5.625000,11.500000,12.375000,878.593100,2020.593600,3833.448000,5400.998000,3432.000000,8940.000000,14654.000000,17840.000000,151.000000,324.000000,626.000000,908.000000,950.000000,2580.000000,3986.000000,4780.000000,53.652700,146.158800,250.001800,321.971600,-7.260000,-9.620000,-11.340000,114.000000,238.000000,286.000000,18.000000,38.000000,48.000000,3.000000,5.800000,7.600000
QIDLUL01,3.348900,33.379200,57.791400,67.636800,676.000000,1092.000000,1924.000000,2028.000000,12.000000,14.000000,108.000000,204.000000,216.000000,1.562500,5.625000,11.500000,12.375000,878.593100,2020.593600,3833.448000,5400.998000,3432.000000,8940.000000,14654.000000,17840.000000,151.000000,324.000000,626.000000,908.000000,950.000000,2580.000000,3986.000000,4780.000000,53.652700,146.158800,250.001800,321.971600,-7.260000,-9.620000,-11.340000,114.000000,238.000000,286.000000,18.000000,38.000000,48.000000,3.000000,5.800000,7.600000
QOMDAY,3.348900,33.379200,46.665000,65.953200,676.000000,1092.000000,1560.000000,2496.000000,10.000000,14.000000,96.000000,168.000000,204.000000,1.562500,5.625000,9.625000,13.050000,311.089500,715.047400,1316.391600,1916.775400,2388.000000,5164.000000,8434.000000,11980.000000,49.000000,110.000000,194.000000,290.000000,304.000000,834.000000,1432.000000,1938.000000,23.377500,59.807400,101.775000,144.301400,-7.260000,-7.200000,-10.420000,114.000000,200.000000,268.000000,20.000000,32.000000,50.000000,3.000000,4.800000,7.060000
QOMDAY01,3.348900,33.379200,46.665000,65.953200,676.000000,1092.000000,1560.000000,2496.000000,10.000000,14.000000,96.000000,168.000000,204.000000,1.562500,5.625000,9.625000,13.050000,311.089500,715.047400,1316.391600,1916.775400,2388.000000,5164.000000,8434.000000,11980.000000,49.000000,110.000000,194.000000,290.000000,304.000000,834.000000,1432.000000,1938.000000,23.377500,59.807400,101.775000,144.301400,-7.260000,-7.200000,-10.420000,114.000000,200.000000,268.000000,20.000000,32.000000,50.000000,3.000000,4.800000,7.060000
QOMDAY02,3.348900,33.379200,46.665000,65.953200,676.000000,1092.000000,1560.000000,2496.000000,10.000000,14.000000,96.000000,168.000000,204.000000,1.562500,5.625000,9.625000,13.050000,311.089500,715.047400,1316.391600,1916.775400,2388.000000,5164.000000,8434.000000,11980.000000,49.000000,110.000000,194.000000,290.000000,304.000000,834.000000,1432.000000,1938.000000,23.377500,59.807400,101.775000,144.301400,-7.260000,-7.200000,-10.420000,114.000000,200.000000,268.000000,20.000000,32.000000,50.000000,3.000000,4.800000,7.060000
QOSVOJ,3.348900,33.379200,55.998000,94.922100,676.000000,1092.000000,1872.000000,2184.000000,12.000000,21.000000,108.000000,234.000000,288.000000,1.562500,5.625000,11.550000,15.637500,504.094900,1192.880400,2228.712600,3179.857800,2498.000000,6546.000000,11244.000000,14514.000000,83.000000,186.000000,342.000000,504.000000,528.000000,1452.000000,2490.000000,3426.000000,33.460300,91.547400,159.718200,220.572000,-7.260000,-8.640000,-13.440000,114.000000,240.000000,462.000000,18.000000,33.000000,78.000000,3.000000,5.760000,13.740000
QOZNOL,3.348900,33.379200,55.998000,97.282800,676.000000,1092.000000,1872.000000,2808.000000,12.000000,20.000000,108.000000,240.000000,336.000000,1.562500,5.625000,11.550000,17.050000,653.897900,1533.518400,2898.148800,3996.410400,3072.000000,7968.000000,13638.000000,17784.000000,107.000000,240.000000,446.000000,636.000000,686.000000,1884.000000,3198.000000,4172.000000,43.011500,117.232800,204.191800,270.144400,-7.260000,-8.640000,-16.560000,114.000000,240.000000,412.000000,18.000000,32.000000,64.000000,3.000000,5.760000,11.360000
QUHWAT,3.348900,33.379200,55.998000,92.415000,676.000000,1092.000000,1872.000000,2808.000000,12.000000,22.000000,108.000000,240.000000,180.000000,1.562500,5.625000,11.550000,14.150000,295.328500,668.711400,1341.028000,2065.574000,3952.000000,5064.000000,8666.000000,12380.000000,49.000000,106.000000,206.000000,328.000000,312.000000,888.000000,1654.000000,2272.000000,21.312700,54.262200,98.131400,149.871600,-7.260000,-8.640000,-10.240000,114.000000,240.000000,464.000000,18.000000,32.000000,102.000000,3.000000,5.760000,16.180000
QUHWAT01,3.348900,33.379200,55.998000,92.415000,676.000000,1092.000000,1872.000000,2808.000000,12.000000,22.000000,108.000000,240.000000,180.000000,1.562500,5.625000,11.550000,14.150000,295.328500,668.711400,1341.028000,2065.574000,3952.000000,5064.000000,8666.000000,12380.000000,49.000000,106.000000,206.000000,328.000000,312.000000,888.000000,1654.000000,2272.000000,21.312700,54.262200,98.131400,149.871600,-7.260000,-8.640000,-10.240000,114.000000,240.000000,464.000000,18.000000,32.000000,102.000000,3.000000,5.760000,16.180000
QUHWAT02,3.348900,33.379200,55.998000,92.415000,676.000000,1092.000000,1872.000000,2808.000000,12.000000,22.000000,108.000000,240.000000,180.000000,1.562500,5.625000,11.550000,14.150000,295.328500,668.711400,1341.028000,2065.574000,3952.000000,5064.000000,8666.000000,12380.000000,49.000000,106.000000,206.000000,328.000000,312.000000,888.000000,1654.000000,2272.000000,21.312700,54.262200,98.131400,149.871600,-7.260000,-8.640000,-10.240000,114.000000,240.000000,464.000000,18.000000,32.000000,102.000000,3.000000,5.760000,16.180000
QUNYAA,3.348900,33.379200,46.665000,62.878800,676.000000,1092.000000,1560.000000,2184.000000,10.000000,14.000000,96.000000,168.000000,180.000000,1.562500,5.625000,9.625000,12.100000,349.535500,819.636000,1495.693200,2054.043600,3138.000000,6512.000000,10282.000000,13536.000000,53.000000,124.000000,218.000000,308.000000,342.000000,944.000000,1652.000000,2156.000000,28.407300,71.978400,122.379800,164.992800,-7.260000,-7.200000,-8.740000,114.000000,200.000000,280.000000,20.000000,32.000000,54.000000,3.000000,4.800000,7.820000
QUNYEE,3.348900,33.379200,46.665000,62.878800,676.000000,1092.000000,1560.000000,2184.000000,10.000000,14.000000,96.000000,168.000000,180.000000,1.562500,5.625000,9.625000,12.100000,349.535500,819.636000,1495.693200,2054.043600,3138.000000,6512.000000,10282.000000,13536.000000,53.000000,124.000000,218.000000,308.000000,342.000000,944.000000,1652.000000,2156.000000,28.407300,71.978400,122.379800,164.992800,-7.260000,-7.200000,-8.740000,114.000000,200.000000,280.000000,20.000000,32.000000,54.000000,3.000000,4.800000,7.820000
QUNYEE01,3.348900,33.379200,46.665000,62.878800,676.000000,1092.000000,1560.000000,2184.000000,10.000000,14.000000,96.000000,168.000000,180.000000,1.562500,5.625000,9.625000,12.100000,349.535500,819.636000,1495.693200,2054.043600,3138.000000,6512.000000,10282.000000,13536.000000,53.000000,124.000000,218.000000,308.000000,342.000000,944.000000,1652.000000,2156.000000,28.407300,71.978400,122.379800,164.992800,-7.260000,-7.200000,-8.740000,114.000000,200.000000,280.000000,20.000000,32.000000,54.000000,3.000000,4.800000,7.820000
RAKZIM,3.348900,33.379200,61.378200,90.914400,676.000000,1092.000000,2028.000000,2340.000000,12.000000,18.000000,108.000000,180.000000,216.000000,1.562500,5.625000,11.400000,14.025000,547.305900,1189.854000,2152.836000,2756.487600,4264.000000,7476.000000,12018.000000,14688.000000,79.000000,168.000000,306.000000,396.000000,474.000000,1236.000000,1842.000000,2208.000000,35.722300,85.646400,142.979400,178.863600,-7.260000,-11.580000,-16.740000,114.000000,234.000000,378.000000,18.000000,42.000000,72.000000,3.000000,5.880000,11.280000
RAKZIM01,3.348900,33.379200,61.378200,90.914400,676.000000,1092.000000,2028.000000,2340.000000,12.000000,18.000000,108.000000,180.000000,216.000000,1.562500,5.625000,11.400000,14.025000,547.305900,1189.854000,2152.836000,2756.487600,4264.000000,7476.000000,12018.000000,14688.000000,79.000000,168.000000,306.000000,396.000000,474.000000,1236.000000,1842.000000,2208.000000,35.722300,85.646400,142.979400,178.863600,-7.260000,-11.580000,-16.740000,114.000000,234.000000,378.000000,18.000000,42.000000,72.000000,3.000000,5.880000,11.280000
RESWES,3.348900,33.379200,61.378200,91.463400,676.000000,1092.000000,2028.000000,3068.000000,12.000000,20.000000,108.000000,216.000000,408.000000,1.562500,5.625000,11.400000,19.450000,627.701300,1452.106800,2804.896800,3697.030800,2666.000000,7028.000000,12918.000000,18952.000000,107.000000,232.000000,450.000000,556.000000,682.000000,1780.000000,2970.000000,4560.000000,38.768300,107.111200,187.967400,268.655600,-7.260000,-11.580000,-13.380000,114.000000,234.000000,402.000000,18.000000,36.000000,52.000000,3.000000,5.880000,9.440000
RESWIW,3.348900,33.379200,61.378200,91.463400,676.000000,1092.000000,2028.000000,3068.000000,12.000000,20.000000,108.000000,216.000000,408.000000,1.562500,5.625000,11.400000,19.450000,742.697700,1814.473600,3359.108400,4472.237200,3294.000000,9000.000000,14894.000000,20836.000000,123.000000,284.000000,526.000000,696.000000,858.000000,2480.000000,3646.000000,4752.000000,48.133100,137.757200,230.631000,300.057600,-7.260000,-11.580000,-13.380000,114.000000,234.000000,402.000000,18.000000,36.000000,52.000000,3.000000,5.880000,9.440000
RESWIW01,3.348900,33.379200,61.378200,91.463400,676.000000,1092.000000,2028.000000,3068.000000,12.000000,20.000000,108.000000,216.000000,408.000000,1.562500,5.625000,11.400000,19.450000,742.697700,1814.473600,3359.108400,4472.237200,3294.000000,9000.000000,14894.000000,20836.000000,123.000000,284.000000,526.000000,696.000000,858.000000,2480.000000,3646.000000,4752.000000,48.133100,137.757200,230.631000,300.057600,-7.260000,-11.580000,-13.380000,114.000000,234.000000,402.000000,18.000000,36.000000,52.000000,3.000000,5.880000,9.440000
REWPOZ,3.348900,33.379200,59.584800,72.102000,676.000000,1092.000000,1976.000000,1976.000000,12.000000,16.000000,108.000000,216.000000,240.000000,1.562500,5.625000,11.450000,13.400000,341.626300,814.299200,1564.718400,2210.533600,6872.000000,6920.000000,13030.000000,16160.000000,51.000000,120.000000,222.000000,316.000000,342.000000,972.000000,1782.000000,2316.000000,27.346300,68.202400,125.468600,167.942800,-7.260000,-10.600000,-10.120000,114.000000,236.000000,340.000000,18.000000,36.000000,56.000000,3.000000,5.840000,9.280000
REWPUF,3.348900,33.379200,59.584800,72.102000,676.000000,1092.000000,1976.000000,1976.000000,12.000000,16.000000,108.000000,216.000000,240.000000,1.562500,5.625000,11.450000,13.400000,346.522300,818.379200,1572.878400,2227.301600,3128.000000,6056.000000,11302.000000,13856.000000,51.000000,120.000000,222.000000,316.000000,342.000000,972.000000,1782.000000,2316.000000,26.068300,67.278400,123.620600,165.254800,-7.260000,-10.600000,-10.120000,114.000000,236.000000,340.000000,18.000000,36.000000,56.000000,3.000000,5.840000,9.280000
REWPUF02,3.348900,33.379200,59.584800,72.102000,676.000000,1092.000000,1976.000000,1976.000000,12.000000,16.000000,108.000000,216.000000,240.000000,1.562500,5.625000,11.450000,13.400000,346.522300,818.379200,1572.878400,2227.301600,3128.000000,6056.000000,11302.000000,13856.000000,51.000000,120.000000,222.000000,316.000000,342.000000,972.000000,1782.000000,2316.000000,26.068300,67.278400,123.620600,165.254800,-7.260000,-10.600000,-10.120000,114.000000,236.000000,340.000000,18.000000,36.000000,56.000000,3.000000,5.840000,9.280000
RIZSOI,3.348900,33.379200,55.998000,83.338200,676.000000,1092.000000,1872.000000,2860.000000,12.000000,18.000000,108.000000,216.000000,264.000000,1.562500,5.625000,11.550000,15.900000,352.257700,843.822400,1569.860400,2214.235200,2560.000000,6004.000000,10638.000000,14532.000000,55.000000,128.000000,230.000000,332.000000,358.000000,996.000000,1782.000000,2456.000000,25.962100,69.832800,123.688600,170.972400,-7.260000,-8.640000,-12.600000,114.000000,240.000000,358.000000,18.000000,36.000000,64.000000,3.000000,5.760000,9.780000
RONPIT26,3.348900,33.379200,46.665000,62.878800,676.000000,1092.000000,1560.000000,2184.000000,10.000000,14.000000,96.000000,168.000000,180.000000,1.562500,5.625000,9.625000,12.100000,454.726300,1030.454400,1797.162800,2512.823600,2878.000000,6336.000000,9894.000000,12848.000000,75.000000,164.000000,278.000000,400.000000,442.000000,1176.000000,1900.000000,2392.000000,33.381700,84.584800,137.069800,182.179600,-7.260000,-7.200000,-8.740000,114.000000,200.000000,280.000000,20.000000,32.000000,54.000000,3.000000,4.800000,7.820000
RONPIT34,3.348900,33.379200,46.665000,62.878800,676.000000,1092.000000,1560.000000,2184.000000,10.000000,14.000000,96.000000,168.000000,180.000000,1.562500,5.625000,9.625000,12.100000,454.726300,1030.454400,1797.162800,2512.823600,2878.000000,6336.000000,9894.000000,12848.000000,75.000000,164.000000,278.000000,400.000000,442.000000,1176.000000,1900.000000,2392.000000,33.381700,84.584800,137.069800,182.179600,-7.260000,-7.200000,-8.740000,114.000000,200.000000,280.000000,20.000000,32.000000,54.000000,3.000000,4.800000,7.820000
RONPIT39,3.348900,33.379200,46.665000,62.878800,676.000000,1092.000000,1560.000000,2184.000000,10.000000,14.000000,96.000000,168.000000,180.000000,1.562500,5.625000,9.625000,12.100000,454.726300,1030.454400,1797.162800,2512.823600,2878.000000,6336.000000,9894.000000,12848.000000,75.000000,164.000000,278.000000,400.000000,442.000000,1176.000000,1900.000000,2392.000000,33.381700,84.584800,137.069800,182.179600,-7.260000,-7.200000,-8.740000,114.000000,200.000000,280.000000,20.000000,32.000000,54.000000,3.000000,4.800000,7.820000
RONPIT41,3.348900,33.379200,46.665000,62.878800,676.000000,1092.000000,1560.000000,2184.000000,10.000000,14.000000,96.000000,168.000000,180.000000,1.562500,5.625000,9.625000,12.100000,454.726300,1030.454400,1797.162800,2512.823600,2878.000000,6336.000000,9894.000000,12848.000000,75.000000,164.000000,278.000000,400.000000,442.000000,1176.000000,1900.000000,2392.000000,33.381700,84.584800,137.069800,182.179600,-7.260000,-7.200000,-8.740000,114.000000,200.000000,280.000000,20.000000,32.000000,54.000000,3.000000,4.800000,7.820000
RUCJEF,3.348900,33.379200,55.998000,89.487000,676.000000,1092.000000,1872.000000,2340.000000,12.000000,20.000000,108.000000,216.000000,300.000000,1.562500,5.625000,11.550000,16.250000,505.266700,1194.062400,2172.928000,3222.230000,2612.000000,6792.000000,11758.000000,16376.000000,83.000000,188.000000,334.000000,504.000000,522.000000,1440.000000,2506.000000,3584.000000,35.345100,95.395600,165.705400,238.664800,-7.260000,-8.640000,-12.300000,114.000000,240.000000,430.000000,18.000000,36.000000,70.000000,3.000000,5.760000,12.000000
SIXJUE,3.348900,33.379200,61.378200,55.998000,676.000000,1092.000000,2028.000000,1872.000000,12.000000,12.000000,108.000000,180.000000,216.000000,1.562500,5.625000,11.400000,11.550000,357.428100,838.770600,1516.070400,2231.967000,2146.000000,5508.000000,9786.000000,12360.000000,55.000000,126.000000,222.000000,318.000000,348.000000,954.000000,1626.000000,2118.000000,25.006300,67.018200,116.093400,157.027800,-7.260000,-11.580000,-8.640000,114.000000,234.000000,240.000000,18.000000,42.000000,36.000000,3.000000,5.880000,5.760000
SOJKUY,3.348900,33.379200,59.584800,72.102000,676.000000,1092.000000,1976.000000,1976.000000,12.000000,16.000000,108.000000,216.000000,240.000000,1.562500,5.625000,11.450000,13.400000,325.939900,797.423200,1511.797600,2131.488000,1976.000000,5248.000000,9662.000000,11800.000000,51.000000,120.000000,222.000000,316.000000,342.000000,972.000000,1782.000000,2316.000000,22.695500,63.523200,116.225400,154.266000,-7.260000,-10.600000,-10.120000,114.000000,236.000000,340.000000,18.000000,36.000000,56.000000,3.000000,5.840000,9.280000
TEKHAU,3.348900,33.379200,51.331500,79.623300,676.000000,1092.000000,1716.000000,2418.000000,11.000000,18.000000,102.000000,204.000000,234.000000,1.562500,5.625000,10.587500,14.450000,337.828800,766.988400,1484.576800,2205.485600,2334.000000,5076.000000,8576.000000,12038.000000,56.000000,122.000000,230.000000,346.000000,352.000000,972.000000,1710.000000,2392.000000,23.940600,62.116200,108.747800,160.606200,-7.260000,-7.920000,-10.570000,114.000000,220.000000,375.000000,19.000000,32.000000,69.000000,3.000000,5.280000,10.940000
TEKHEY,3.348900,33.379200,55.998000,93.805800,676.000000,1092.000000,1872.000000,2132.000000,12.000000,22.000000,108.000000,240.000000,216.000000,1.562500,5.625000,11.550000,14.800000,328.001300,739.907400,1474.618800,2226.151600,2228.000000,4824.000000,8506.000000,11444.000000,55.000000,118.000000,230.000000,352.000000,348.000000,972.000000,1774.000000,2500.000000,22.435700,58.481800,105.205000,160.976400,-7.260000,-8.640000,-11.000000,114.000000,240.000000,490.000000,18.000000,32.000000,96.000000,3.000000,5.760000,15.660000
TEKHIC,3.348900,33.379200,55.998000,92.524800,676.000000,1092.000000,1872.000000,1872.000000,12.000000,22.000000,108.000000,240.000000,180.000000,1.562500,5.625000,11.550000,13.800000,295.636300,669.017400,1341.392800,2065.793600,2152.000000,4632.000000,8162.000000,10508.000000,49.000000,106.000000,206.000000,328.000000,312.000000,888.000000,1654.000000,2272.000000,20.702300,53.831000,97.711400,149.171600,-7.260000,-8.640000,-10.300000,114.000000,240.000000,500.000000,18.000000,32.000000,102.000000,3.000000,5.760000,16.460000
TEKHOI,3.348900,33.379200,51.331500,77.701800,676.000000,1092.000000,1716.000000,2028.000000,11.000000,18.000000,102.000000,210.000000,192.000000,1.562500,5.625000,10.587500,12.950000,302.138800,679.523400,1337.126800,1962.128600,2188.000000,4692.000000,7934.000000,10460.000000,50.000000,108.000000,206.000000,308.000000,314.000000,870.000000,1550.000000,2096.000000,21.295200,55.047600,96.999400,141.654000,-7.260000,-7.920000,-9.520000,114.000000,220.000000,390.000000,19.000000,31.000000,76.000000,3.000000,5.280000,12.140000
TEKHUO,3.348900,33.379200,51.331500,79.495200,676.000000,1092.000000,1716.000000,2080.000000,11.000000,18.000000,102.000000,210.000000,180.000000,1.562500,5.625000,10.587500,12.900000,362.667000,813.857400,1577.865400,2216.449400,2364.000000,5124.000000,8528.000000,11392.000000,60.000000,128.000000,242.000000,348.000000,370.000000,1002.000000,1732.000000,2332.000000,24.427400,63.024800,108.877400,157.658800,-7.260000,-7.920000,-10.500000,114.000000,220.000000,388.000000,19.000000,31.000000,78.000000,3.000000,5.280000,12.180000
TESLUY,3.348900,33.379200,55.998000,76.969800,676.000000,1092.000000,1872.000000,2340.000000,12.000000,16.000000,108.000000,216.000000,264.000000,1.562500,5.625000,11.550000,14.300000,429.684900,1038.656800,1973.686800,2704.924000,2344.000000,6220.000000,11214.000000,14920.000000,69.000000,160.000000,298.000000,408.000000,458.000000,1260.000000,2222.000000,3064.000000,29.719700,82.307200,147.834600,203.316000,-7.260000,-8.640000,-12.780000,114.000000,240.000000,326.000000,18.000000,36.000000,52.000000,3.000000,5.760000,8.560000
TESMAF,3.348900,33.379200,55.998000,76.969800,676.000000,1092.000000,1872.000000,2340.000000,12.000000,16.000000,108.000000,216.000000,264.000000,1.562500,5.625000,11.550000,14.300000,429.684900,1038.656800,1973.686800,2704.924000,2344.000000,6220.000000,11214.000000,14920.000000,69.000000,160.000000,298.000000,408.000000,458.000000,1260.000000,2222.000000,3064.000000,29.719700,82.307200,147.834600,203.316000,-7.260000,-8.640000,-12.780000,114.000000,240.000000,326.000000,18.000000,36.000000,52.000000,3.000000,5.760000,8.560000
TETXAR,3.348900,33.379200,55.998000,76.969800,676.000000,1092.000000,1872.000000,2340.000000,12.000000,16.000000,108.000000,216.000000,264.000000,1.562500,5.625000,11.550000,14.300000,397.319900,967.080800,1827.524800,2545.952000,2268.000000,6008.000000,10858.000000,14384.000000,63.000000,148.000000,274.000000,384.000000,422.000000,1176.000000,2114.000000,2884.000000,27.986300,77.688400,140.429800,192.903200,-7.260000,-8.640000,-12.780000,114.000000,240.000000,326.000000,18.000000,36.000000,52.000000,3.000000,5.760000,8.560000
TIHTAF,3.348900,33.379200,64.050000,87.437400,676.000000,1092.000000,1924.000000,1612.000000,14.000000,20.000000,120.000000,252.000000,216.000000,1.562500,5.625000,12.475000,13.200000,323.491700,774.796400,1537.175400,2330.206400,1812.000000,4832.000000,8840.000000,10426.000000,53.000000,120.000000,234.000000,366.000000,354.000000,1026.000000,1922.000000,2590.000000,21.206100,59.947200,112.396200,159.059800,-7.260000,-9.380000,-11.180000,114.000000,290.000000,458.000000,16.000000,42.000000,84.000000,3.000000,7.520000,14.440000
TIHTAF01,3.348900,33.379200,64.050000,87.437400,676.000000,1092.000000,1924.000000,1612.000000,14.000000,20.000000,120.000000,252.000000,216.000000,1.562500,5.625000,12.475000,13.200000,323.491700,774.796400,1537.175400,2330.206400,1812.000000,4832.000000,8840.000000,10426.000000,53.000000,120.000000,234.000000,366.000000,354.000000,1026.000000,1922.000000,2590.000000,21.206100,59.947200,112.396200,159.059800,-7.260000,-9.380000,-11.180000,114.000000,290.000000,458.000000,16.000000,42.000000,84.000000,3.000000,7.520000,14.440000
TISWIC,3.348900,33.379200,46.665000,70.930800,676.000000,1092.000000,1560.000000,2236.000000,10.000000,16.000000,96.000000,168.000000,192.000000,1.562500,5.625000,9.625000,13.025000,362.962000,820.640400,1475.925800,2069.396800,2572.000000,5568.000000,8874.000000,12150.000000,58.000000,128.000000,222.000000,318.000000,350.000000,936.000000,1542.000000,2038.000000,26.889600,68.045200,112.637000,156.038200,-7.260000,-7.200000,-9.480000,114.000000,200.000000,330.000000,20.000000,32.000000,64.000000,3.000000,4.800000,9.580000
TISWIC01,3.348900,33.379200,46.665000,70.930800,676.000000,1092.000000,1560.000000,2236.000000,10.000000,16.000000,96.000000,168.000000,192.000000,1.562500,5.625000,9.625000,13.025000,362.962000,820.640400,1475.925800,2069.396800,2572.000000,5568.000000,8874.000000,12150.000000,58.000000,128.000000,222.000000,318.000000,350.000000,936.000000,1542.000000,2038.000000,26.889600,68.045200,112.637000,156.038200,-7.260000,-7.200000,-9.480000,114.000000,200.000000,330.000000,20.000000,32.000000,64.000000,3.000000,4.800000,9.580000
TULHEQ,3.348900,33.379200,59.584800,74.664000,676.000000,1092.000000,1976.000000,2496.000000,12.000000,16.000000,108.000000,216.000000,288.000000,1.562500,5.625000,11.450000,15.400000,865.694300,1995.415200,3583.414400,4935.804800,3720.000000,9432.000000,16110.000000,21512.000000,143.000000,312.000000,566.000000,772.000000,878.000000,2332.000000,3726.000000,4916.000000,55.114300,147.363200,248.250200,331.394800,-7.260000,-10.600000,-11.520000,114.000000,236.000000,320.000000,18.000000,36.000000,48.000000,3.000000,5.840000,7.680000
TULHIU,3.348900,33.379200,59.584800,74.664000,676.000000,1092.000000,1976.000000,2496.000000,12.000000,16.000000,108.000000,216.000000,288.000000,1.562500,5.625000,11.450000,15.400000,694.777500,1500.919200,2657.982400,3871.344000,3752.000000,8664.000000,15374.000000,20552.000000,95.000000,216.000000,374.000000,532.000000,590.000000,1612.000000,2766.000000,3620.000000,44.184700,114.345600,196.615000,264.817200,-7.260000,-10.600000,-11.520000,114.000000,236.000000,320.000000,18.000000,36.000000,48.000000,3.000000,5.840000,7.680000
TUNBIN,3.348900,33.379200,61.378200,90.914400,676.000000,1092.000000,2028.000000,2340.000000,12.000000,18.000000,108.000000,180.000000,216.000000,1.562500,5.625000,11.400000,14.025000,516.432300,1160.478000,2072.772000,2670.778800,2536.000000,6324.000000,10482.000000,12960.000000,79.000000,168.000000,306.000000,396.000000,474.000000,1236.000000,1842.000000,2208.000000,30.663100,79.917600,131.745000,167.778000,-7.260000,-11.580000,-16.740000,114.000000,234.000000,378.000000,18.000000,42.000000,72.000000,3.000000,5.880000,11.280000
UCIGUJ,3.348900,33.379200,55.998000,72.102000,676.000000,1092.000000,1872.000000,1976.000000,12.000000,16.000000,108.000000,216.000000,240.000000,1.562500,5.625000,11.550000,13.400000,407.910500,937.736400,1677.167600,2398.619200,3358.000000,7128.000000,12166.000000,16184.000000,63.000000,144.000000,250.000000,364.000000,394.000000,1092.000000,1954.000000,2656.000000,32.512300,82.244000,140.253000,194.556800,-7.260000,-8.640000,-10.120000,114.000000,240.000000,340.000000,18.000000,36.000000,56.000000,3.000000,5.760000,9.280000
UFIPIJ,3.348900,33.379200,46.665000,64.159800,676.000000,1092.000000,1560.000000,2444.000000,10.000000,14.000000,96.000000,168.000000,204.000000,1.562500,5.625000,9.625000,13.100000,450.524500,1018.010400,1772.274800,2461.376000,2902.000000,6360.000000,9942.000000,13524.000000,73.000000,160.000000,270.000000,384.000000,430.000000,1140.000000,1836.000000,2364.000000,33.047100,83.322000,134.544200,179.863600,-7.260000,-7.200000,-9.440000,114.000000,200.000000,270.000000,20.000000,32.000000,50.000000,3.000000,4.800000,7.020000
UFIPIJ01,3.348900,33.379200,46.665000,64.159800,676.000000,1092.000000,1560.000000,2444.000000,10.000000,14.000000,96.000000,168.000000,204.000000,1.562500,5.625000,9.625000,13.100000,450.524500,1018.010400,1772.274800,2461.376000,2902.000000,6360.000000,9942.000000,13524.000000,73.000000,160.000000,270.000000,384.000000,430.000000,1140.000000,1836.000000,2364.000000,33.047100,83.322000,134.544200,179.863600,-7.260000,-7.200000,-9.440000,114.000000,200.000000,270.000000,20.000000,32.000000,50.000000,3.000000,4.800000,7.020000
UJEDOC,3.348900,33.379200,59.584800,72.102000,676.000000,1092.000000,1976.000000,1976.000000,12.000000,16.000000,108.000000,216.000000,240.000000,1.562500,5.625000,11.450000,13.400000,325.939900,797.423200,1511.797600,2131.488000,1976.000000,5248.000000,9662.000000,11800.000000,51.000000,120.000000,222.000000,316.000000,342.000000,972.000000,1782.000000,2316.000000,22.695500,63.523200,116.225400,154.266000,-7.260000,-10.600000,-10.120000,114.000000,236.000000,340.000000,18.000000,36.000000,56.000000,3.000000,5.840000,9.280000
UJEDOC01,3.348900,33.379200,59.584800,72.102000,676.000000,1092.000000,1976.000000,1976.000000,12.000000,16.000000,108.000000,216.000000,240.000000,1.562500,5.625000,11.450000,13.400000,325.939900,797.423200,1511.797600,2131.488000,1976.000000,5248.000000,9662.000000,11800.000000,51.000000,120.000000,222.000000,316.000000,342.000000,972.000000,1782.000000,2316.000000,22.695500,63.523200,116.225400,154.266000,-7.260000,-10.600000,-10.120000,114.000000,236.000000,340.000000,18.000000,36.000000,56.000000,3.000000,5.840000,9.280000
ULAHIY,3.348900,33.379200,55.998000,109.690200,676.000000,1092.000000,1872.000000,2340.000000,12.000000,24.000000,108.000000,216.000000,288.000000,1.562500,5.625000,11.550000,16.950000,347.453100,799.100400,1432.555200,1901.228400,1936.000000,4932.000000,8298.000000,10368.000000,55.000000,120.000000,210.000000,300.000000,330.000000,900.000000,1530.000000,1980.000000,22.270300,59.671200,101.809800,135.212400,-7.260000,-8.640000,-16.020000,114.000000,240.000000,534.000000,18.000000,36.000000,96.000000,3.000000,5.760000,16.440000
ULODIJ,3.348900,33.379200,55.998000,94.922100,676.000000,1092.000000,1872.000000,2184.000000,12.000000,21.000000,108.000000,234.000000,306.000000,1.562500,5.625000,11.550000,15.637500,377.517400,891.470400,1768.092600,2519.422800,1952.000000,5178.000000,9282.000000,12222.000000,62.000000,138.000000,270.000000,390.000000,408.000000,1128.000000,1986.000000,2886.000000,23.745400,66.784200,121.757400,175.116600,-7.260000,-8.640000,-13.440000,114.000000,240.000000,462.000000,18.000000,33.000000,75.000000,3.000000,5.760000,13.740000
ULODIJ01,3.348900,33.379200,55.998000,94.922100,676.000000,1092.000000,1872.000000,2184.000000,12.000000,21.000000,108.000000,234.000000,306.000000,1.562500,5.625000,11.550000,15.637500,377.517400,891.470400,1768.092600,2519.422800,1952.000000,5178.000000,9282.000000,12222.000000,62.000000,138.000000,270.000000,390.000000,408.000000,1128.000000,1986.000000,2886.000000,23.745400,66.784200,121.757400,175.116600,-7.260000,-8.640000,-13.440000,114.000000,240.000000,462.000000,18.000000,33.000000,75.000000,3.000000,5.760000,13.740000
ULODUV,3.348900,33.379200,55.998000,94.922100,676.000000,1092.000000,1872.000000,2184.000000,12.000000,21.000000,108.000000,234.000000,306.000000,1.562500,5.625000,11.550000,15.637500,377.517400,891.470400,1768.092600,2519.422800,1952.000000,5178.000000,9282.000000,12222.000000,62.000000,138.000000,270.000000,390.000000,408.000000,1128.000000,1986.000000,2886.000000,23.745400,66.784200,121.757400,175.116600,-7.260000,-8.640000,-13.440000,114.000000,240.000000,462.000000,18.000000,33.000000,75.000000,3.000000,5.760000,13.740000
ULOFAD,3.348900,33.379200,55.998000,94.922100,676.000000,1092.000000,1872.000000,2184.000000,12.000000,21.000000,108.000000,234.000000,306.000000,1.562500,5.625000,11.550000,15.637500,377.517400,891.470400,1768.092600,2519.422800,1952.000000,5178.000000,9282.000000,12222.000000,62.000000,138.000000,270.000000,390.000000,408.000000,1128.000000,1986.000000,2886.000000,23.745400,66.784200,121.757400,175.116600,-7.260000,-8.640000,-13.440000,114.000000,240.000000,462.000000,18.000000,33.000000,75.000000,3.000000,5.760000,13.740000
ULOFEH,3.348900,33.379200,55.998000,94.922100,676.000000,1092.000000,1872.000000,2184.000000,12.000000,21.000000,108.000000,234.000000,306.000000,1.562500,5.625000,11.550000,15.637500,377.517400,891.470400,1768.092600,2519.422800,1952.000000,5178.000000,9282.000000,12222.000000,62.000000,138.000000,270.000000,390.000000,408.000000,1128.000000,1986.000000,2886.000000,23.745400,66.784200,121.757400,175.116600,-7.260000,-8.640000,-13.440000,114.000000,240.000000,462.000000,18.000000,33.000000,75.000000,3.000000,5.760000,13.740000
UZAXUQ,3.348900,33.379200,48.458400,56.620200,676.000000,1092.000000,1612.000000,2184.000000,10.000000,12.000000,96.000000,156.000000,168.000000,1.562500,5.625000,9.575000,11.125000,613.044100,1408.347200,2408.884400,3256.102400,3634.000000,8192.000000,12890.000000,16424.000000,97.000000,216.000000,362.000000,496.000000,578.000000,1524.000000,2420.000000,2924.000000,44.358300,112.400400,180.956600,230.713200,-7.260000,-8.180000,-8.980000,114.000000,198.000000,228.000000,20.000000,34.000000,44.000000,3.000000,4.840000,6.100000
UZELAN,3.348900,33.379200,54.021600,75.597300,676.000000,1092.000000,1794.000000,2392.000000,11.000000,17.000000,102.000000,204.000000,228.000000,1.562500,5.625000,10.512500,13.987500,360.566100,824.580000,1625.844600,2246.796000,2376.000000,5226.000000,9142.000000,12332.000000,59.000000,128.000000,248.000000,336.000000,376.000000,1020.000000,1794.000000,2460.000000,24.260100,63.550800,112.462000,159.903600,-7.260000,-9.390000,-10.200000,114.000000,217.000000,350.000000,19.000000,32.000000,64.000000,3.000000,5.340000,10.060000
VASYOF,3.348900,33.379200,46.665000,65.953200,676.000000,1092.000000,1560.000000,2496.000000,10.000000,14.000000,96.000000,168.000000,204.000000,1.562500,5.625000,9.625000,13.050000,343.454500,785.937400,1448.931600,2064.715400,2464.000000,5356.000000,8758.000000,12404.000000,55.000000,122.000000,218.000000,314.000000,340.000000,918.000000,1552.000000,2106.000000,25.110900,64.458200,109.300600,154.787000,-7.260000,-7.200000,-10.420000,114.000000,200.000000,268.000000,20.000000,32.000000,50.000000,3.000000,4.800000,7.060000
VASYUL,3.348900,33.379200,46.665000,65.953200,676.000000,1092.000000,1560.000000,2496.000000,10.000000,14.000000,96.000000,168.000000,204.000000,1.562500,5.625000,9.625000,13.050000,343.454500,785.937400,1448.931600,2066.577400,2464.000000,5356.000000,8758.000000,12544.000000,55.000000,122.000000,218.000000,314.000000,340.000000,918.000000,1552.000000,2130.000000,25.110900,64.458200,109.300600,155.363000,-7.260000,-7.200000,-10.420000,114.000000,200.000000,268.000000,20.000000,32.000000,50.000000,3.000000,4.800000,7.060000
VASYUL01,3.348900,33.379200,46.665000,65.953200,676.000000,1092.000000,1560.000000,2496.000000,10.000000,14.000000,96.000000,168.000000,204.000000,1.562500,5.625000,9.625000,13.050000,343.454500,785.937400,1448.931600,2066.577400,2464.000000,5356.000000,8758.000000,12544.000000,55.000000,122.000000,218.000000,314.000000,340.000000,918.000000,1552.000000,2130.000000,25.110900,64.458200,109.300600,155.363000,-7.260000,-7.200000,-10.420000,114.000000,200.000000,268.000000,20.000000,32.000000,50.000000,3.000000,4.800000,7.060000
VASZEW,3.348900,33.379200,46.665000,65.953200,676.000000,1092.000000,1560.000000,2496.000000,10.000000,14.000000,96.000000,168.000000,204.000000,1.562500,5.625000,9.625000,13.050000,382.469500,889.977400,1614.231600,2332.247400,2680.000000,5932.000000,9682.000000,13608.000000,61.000000,138.000000,242.000000,358.000000,380.000000,1038.000000,1768.000000,2374.000000,28.668300,73.944600,125.306200,175.338600,-7.260000,-7.200000,-10.420000,114.000000,200.000000,268.000000,20.000000,32.000000,50.000000,3.000000,4.800000,7.060000
VASZEW01,3.348900,33.379200,46.665000,65.953200,676.000000,1092.000000,1560.000000,2496.000000,10.000000,14.000000,96.000000,168.000000,204.000000,1.562500,5.625000,9.625000,13.050000,382.469500,889.977400,1614.231600,2332.247400,2680.000000,5932.000000,9682.000000,13608.000000,61.000000,138.000000,242.000000,358.000000,380.000000,1038.000000,1768.000000,2374.000000,28.668300,73.944600,125.306200,175.338600,-7.260000,-7.200000,-10.420000,114.000000,200.000000,268.000000,20.000000,32.000000,50.000000,3.000000,4.800000,7.060000
VEVQOE,3.348900,33.379200,59.584800,72.102000,676.000000,1092.000000,1976.000000,1976.000000,12.000000,16.000000,108.000000,216.000000,240.000000,1.562500,5.625000,11.450000,13.400000,325.939900,797.423200,1511.797600,2131.488000,1976.000000,5248.000000,9662.000000,11800.000000,51.000000,120.000000,222.000000,316.000000,342.000000,972.000000,1782.000000,2316.000000,22.695500,63.523200,116.225400,154.266000,-7.260000,-10.600000,-10.120000,114.000000,236.000000,340.000000,18.000000,36.000000,56.000000,3.000000,5.840000,9.280000
VEWVEY,3.348900,33.379200,55.998000,82.075500,676.000000,1092.000000,1872.000000,2418.000000,12.000000,18.000000,108.000000,216.000000,306.000000,1.562500,5.625000,11.550000,15.825000,418.581000,979.556400,1809.801000,2581.236000,2188.000000,5712.000000,9990.000000,13656.000000,70.000000,156.000000,282.000000,402.000000,438.000000,1188.000000,2034.000000,2880.000000,28.610200,77.778000,134.841000,190.123800,-7.260000,-8.640000,-11.910000,114.000000,240.000000,375.000000,18.000000,36.000000,57.000000,3.000000,5.760000,9.840000
VEYTEY,3.348900,33.379200,55.998000,89.377200,676.000000,1092.000000,1872.000000,2964.000000,12.000000,18.000000,108.000000,216.000000,324.000000,1.562500,5.625000,11.550000,17.175000,532.553100,1295.585400,2355.727200,3256.153200,2806.000000,7380.000000,13002.000000,17466.000000,85.000000,198.000000,354.000000,498.000000,552.000000,1530.000000,2682.000000,3510.000000,37.321300,102.221400,179.411400,236.893800,-7.260000,-8.640000,-15.900000,114.000000,240.000000,354.000000,18.000000,36.000000,54.000000,3.000000,5.760000,8.760000
VEYTIC,3.348900,33.379200,55.998000,89.377200,676.000000,1092.000000,1872.000000,2964.000000,12.000000,18.000000,108.000000,216.000000,324.000000,1.562500,5.625000,11.550000,17.175000,532.553100,1295.585400,2355.727200,3256.153200,2806.000000,7380.000000,13002.000000,17466.000000,85.000000,198.000000,354.000000,498.000000,552.000000,1530.000000,2682.000000,3510.000000,37.321300,102.221400,179.411400,236.893800,-7.260000,-8.640000,-15.900000,114.000000,240.000000,354.000000,18.000000,36.000000,54.000000,3.000000,5.760000,8.760000
VIFNAC,3.348900,33.379200,61.378200,90.914400,676.000000,1092.000000,2028.000000,2340.000000,12.000000,18.000000,108.000000,180.000000,216.000000,1.562500,5.625000,11.400000,14.025000,644.400900,1402.524000,2558.226000,3332.530800,4492.000000,8052.000000,12750.000000,15324.000000,97.000000,204.000000,378.000000,504.000000,582.000000,1524.000000,2238.000000,2604.000000,40.922500,99.598800,165.412200,206.277600,-7.260000,-11.580000,-16.740000,114.000000,234.000000,378.000000,18.000000,42.000000,72.000000,3.000000,5.880000,11.280000
VIFNAC01,3.348900,33.379200,61.378200,90.914400,676.000000,1092.000000,2028.000000,2340.000000,12.000000,18.000000,108.000000,180.000000,216.000000,1.562500,5.625000,11.400000,14.025000,644.400900,1402.524000,2558.226000,3332.530800,4492.000000,8052.000000,12750.000000,15324.000000,97.000000,204.000000,378.000000,504.000000,582.000000,1524.000000,2238.000000,2604.000000,40.922500,99.598800,165.412200,206.277600,-7.260000,-11.580000,-16.740000,114.000000,234.000000,378.000000,18.000000,42.000000,72.000000,3.000000,5.880000,11.280000
VILZAT,3.348900,33.379200,59.584800,74.664000,676.000000,1092.000000,1976.000000,2496.000000,12.000000,16.000000,108.000000,216.000000,312.000000,1.562500,5.625000,11.450000,15.400000,481.409900,1134.375200,2095.213600,2917.776000,2424.000000,6344.000000,11222.000000,14808.000000,79.000000,176.000000,318.000000,444.000000,494.000000,1348.000000,2310.000000,3108.000000,32.000700,86.805600,150.758200,203.077200,-7.260000,-10.600000,-11.520000,114.000000,236.000000,320.000000,18.000000,36.000000,44.000000,3.000000,5.840000,7.680000
VILZEX,3.348900,33.379200,59.584800,74.664000,676.000000,1092.000000,1976.000000,2496.000000,12.000000,16.000000,108.000000,216.000000,312.000000,1.562500,5.625000,11.450000,15.400000,624.169900,1484.235200,2689.913600,3724.948000,3008.000000,7880.000000,13518.000000,17104.000000,103.000000,232.000000,414.000000,580.000000,646.000000,1756.000000,2966.000000,3852.000000,42.582300,115.080000,196.540600,256.543600,-7.260000,-10.600000,-11.520000,114.000000,236.000000,320.000000,18.000000,36.000000,44.000000,3.000000,5.840000,7.680000
VILZOH,3.348900,33.379200,59.584800,74.664000,676.000000,1092.000000,1976.000000,2496.000000,12.000000,16.000000,108.000000,216.000000,312.000000,1.562500,5.625000,11.450000,15.400000,390.669900,940.575200,1804.121600,2452.204000,2128.000000,5672.000000,10374.000000,13672.000000,63.000000,144.000000,270.000000,364.000000,414.000000,1140.000000,2022.000000,2772.000000,26.162300,72.760800,131.035000,177.875600,-7.260000,-10.600000,-11.520000,114.000000,236.000000,320.000000,18.000000,36.000000,44.000000,3.000000,5.840000,7.680000
VIMBAW,3.348900,33.379200,59.584800,74.664000,676.000000,1092.000000,1976.000000,2496.000000,12.000000,16.000000,108.000000,216.000000,312.000000,1.562500,5.625000,11.450000,15.400000,390.669900,940.575200,1804.121600,2452.204000,2128.000000,5672.000000,10374.000000,13672.000000,63.000000,144.000000,270.000000,364.000000,414.000000,1140.000000,2022.000000,2772.000000,26.162300,72.760800,131.035000,177.875600,-7.260000,-10.600000,-11.520000,114.000000,236.000000,320.000000,18.000000,36.000000,44.000000,3.000000,5.840000,7.680000
VISCAD,3.348900,33.379200,59.584800,72.102000,676.000000,1092.000000,1976.000000,1976.000000,12.000000,16.000000,108.000000,216.000000,240.000000,1.562500,5.625000,11.450000,13.400000,606.774300,1426.923200,2487.881600,3528.544000,3112.000000,7856.000000,13686.000000,16856.000000,95.000000,216.000000,374.000000,532.000000,590.000000,1612.000000,2766.000000,3540.000000,41.247100,110.220800,188.541400,247.948400,-7.260000,-10.600000,-10.120000,114.000000,236.000000,340.000000,18.000000,36.000000,56.000000,3.000000,5.840000,9.280000
VOJPAM,3.348900,33.379200,61.378200,90.914400,676.000000,1092.000000,2028.000000,2340.000000,12.000000,18.000000,108.000000,180.000000,216.000000,1.562500,5.625000,11.400000,14.025000,710.622300,1585.818000,2883.552000,3832.096800,2992.000000,7476.000000,11946.000000,14556.000000,115.000000,240.000000,450.000000,612.000000,690.000000,1812.000000,2634.000000,3036.000000,41.063500,107.822400,176.610600,222.404400,-7.260000,-11.580000,-16.740000,114.000000,234.000000,378.000000,18.000000,42.000000,72.000000,3.000000,5.880000,11.280000
VUJRIC,3.348900,33.379200,61.378200,93.330000,676.000000,1092.000000,2028.000000,3120.000000,12.000000,20.000000,108.000000,216.000000,396.000000,1.562500,5.625000,11.400000,19.250000,525.608100,1240.089600,2361.231600,3149.130000,2458.000000,6516.000000,12018.000000,17124.000000,87.000000,192.000000,366.000000,460.000000,558.000000,1476.000000,2502.000000,3624.000000,33.035100,91.180800,160.601400,224.184400,-7.260000,-11.580000,-14.400000,114.000000,234.000000,400.000000,18.000000,36.000000,54.000000,3.000000,5.880000,9.600000
WAHKEX,3.348900,33.379200,51.331500,78.342300,676.000000,1092.000000,1716.000000,2158.000000,11.000000,18.000000,102.000000,204.000000,198.000000,1.562500,5.625000,10.587500,13.450000,305.463800,696.098400,1351.350800,2045.127600,2258.000000,4884.000000,8232.000000,11102.000000,50.000000,110.000000,206.000000,322.000000,316.000000,888.000000,1590.000000,2164.000000,22.207200,57.465400,101.254200,148.801400,-7.260000,-7.920000,-9.870000,114.000000,220.000000,385.000000,19.000000,32.000000,75.000000,3.000000,5.280000,11.740000
WAHKEX01,3.348900,33.379200,51.331500,78.342300,676.000000,1092.000000,1716.000000,2158.000000,11.000000,18.000000,102.000000,204.000000,198.000000,1.562500,5.625000,10.587500,13.450000,305.463800,696.098400,1351.350800,2045.127600,2258.000000,4884.000000,8232.000000,11102.000000,50.000000,110.000000,206.000000,322.000000,316.000000,888.000000,1590.000000,2164.000000,22.207200,57.465400,101.254200,148.801400,-7.260000,-7.920000,-9.870000,114.000000,220.000000,385.000000,19.000000,32.000000,75.000000,3.000000,5.280000,11.740000
WATJEJ,3.348900,33.379200,46.665000,62.769000,676.000000,1092.000000,1560.000000,3120.000000,10.000000,14.000000,96.000000,168.000000,180.000000,1.562500,5.625000,9.625000,12.450000,480.428500,1082.168400,1848.818000,2538.614000,4822.000000,7056.000000,10686.000000,14864.000000,79.000000,172.000000,286.000000,404.000000,458.000000,1204.000000,1900.000000,2316.000000,36.363700,89.759200,142.233000,185.251200,-7.260000,-7.200000,-8.680000,114.000000,200.000000,244.000000,20.000000,32.000000,54.000000,3.000000,4.800000,7.540000
WATJEJ01,3.348900,33.379200,46.665000,62.769000,676.000000,1092.000000,1560.000000,3120.000000,10.000000,14.000000,96.000000,168.000000,180.000000,1.562500,5.625000,9.625000,12.450000,480.428500,1082.168400,1848.818000,2538.614000,4822.000000,7056.000000,10686.000000,14864.000000,79.000000,172.000000,286.000000,404.000000,458.000000,1204.000000,1900.000000,2316.000000,36.363700,89.759200,142.233000,185.251200,-7.260000,-7.200000,-8.680000,114.000000,200.000000,244.000000,20.000000,32.000000,54.000000,3.000000,4.800000,7.540000
WEKJED,3.348900,33.379200,62.769000,68.259000,676.000000,1092.000000,1664.000000,1196.000000,14.000000,16.000000,120.000000,228.000000,180.000000,1.562500,5.625000,11.475000,10.400000,301.683500,704.212400,1410.872000,2124.198000,1644.000000,4352.000000,7530.000000,8488.000000,51.000000,112.000000,222.000000,336.000000,334.000000,944.000000,1676.000000,2252.000000,19.169100,54.156800,99.665400,138.280800,-7.260000,-8.680000,-8.020000,114.000000,300.000000,370.000000,16.000000,46.000000,66.000000,3.000000,8.320000,11.680000
WEKJIH,3.348900,33.379200,64.050000,92.415000,676.000000,1092.000000,1924.000000,1352.000000,14.000000,22.000000,120.000000,264.000000,216.000000,1.562500,5.625000,12.475000,13.175000,334.048500,775.788400,1558.420000,2328.920000,1720.000000,4564.000000,8286.000000,9744.000000,57.000000,124.000000,246.000000,372.000000,370.000000,1040.000000,1868.000000,2648.000000,20.902500,58.775600,108.462200,157.308400,-7.260000,-9.380000,-10.240000,114.000000,290.000000,520.000000,16.000000,40.000000,96.000000,3.000000,7.520000,16.960000
WIDGEW,3.348900,33.379200,48.458400,64.159800,676.000000,1092.000000,1612.000000,2444.000000,10.000000,14.000000,96.000000,168.000000,216.000000,1.562500,5.625000,9.575000,13.100000,298.084500,690.683800,1319.345600,1879.102600,2316.000000,5044.000000,8378.000000,11540.000000,47.000000,106.000000,194.000000,282.000000,300.000000,830.000000,1448.000000,1930.000000,22.191700,57.405400,99.820600,138.905400,-7.260000,-8.180000,-9.440000,114.000000,198.000000,270.000000,20.000000,32.000000,48.000000,3.000000,4.840000,7.020000
WIDGIA,3.348900,33.379200,48.458400,65.440800,676.000000,1092.000000,1612.000000,2704.000000,10.000000,14.000000,96.000000,168.000000,252.000000,1.562500,5.625000,9.575000,14.100000,362.814500,832.463800,1585.797600,2202.198600,2468.000000,5428.000000,9066.000000,13052.000000,59.000000,130.000000,242.000000,330.000000,372.000000,998.000000,1688.000000,2362.000000,25.658500,66.707000,114.807800,161.683000,-7.260000,-8.180000,-10.140000,114.000000,198.000000,260.000000,20.000000,32.000000,42.000000,3.000000,4.840000,6.220000
WIDGOG,3.348900,33.379200,48.458400,67.124400,676.000000,1092.000000,1612.000000,2236.000000,10.000000,14.000000,96.000000,168.000000,264.000000,1.562500,5.625000,9.575000,13.425000,399.473100,899.171800,1654.367600,2267.581800,2224.000000,5548.000000,9154.000000,12452.000000,63.000000,138.000000,250.000000,338.000000,388.000000,1030.000000,1720.000000,2410.000000,27.013500,70.495400,118.619400,164.953000,-7.260000,-8.180000,-11.060000,114.000000,198.000000,278.000000,20.000000,32.000000,40.000000,3.000000,4.840000,6.760000
WIFZUG,3.348900,33.379200,46.665000,78.982800,676.000000,1092.000000,1560.000000,2288.000000,10.000000,18.000000,96.000000,168.000000,204.000000,1.562500,5.625000,9.625000,13.950000,636.206300,1418.054400,2362.910800,3268.389600,3470.000000,7680.000000,11390.000000,14560.000000,107.000000,228.000000,374.000000,536.000000,602.000000,1560.000000,2380.000000,2952.000000,45.058500,112.674400,174.340200,228.040400,-7.260000,-7.200000,-10.220000,114.000000,200.000000,380.000000,20.000000,32.000000,74.000000,3.000000,4.800000,11.340000
WIGBAP,3.348900,33.379200,46.665000,78.982800,676.000000,1092.000000,1560.000000,2288.000000,10.000000,18.000000,96.000000,168.000000,204.000000,1.562500,5.625000,9.625000,13.950000,636.206300,1418.054400,2362.910800,3268.389600,3470.000000,7680.000000,11390.000000,14560.000000,107.000000,228.000000,374.000000,536.000000,602.000000,1560.000000,2380.000000,2952.000000,45.058500,112.674400,174.340200,228.040400,-7.260000,-7.200000,-10.220000,114.000000,200.000000,380.000000,20.000000,32.000000,74.000000,3.000000,4.800000,11.340000
XADFEN,3.348900,33.379200,55.998000,78.433800,676.000000,1092.000000,1872.000000,2392.000000,12.000000,16.000000,108.000000,216.000000,252.000000,1.562500,5.625000,11.550000,14.250000,366.813900,871.242800,1635.296800,2256.916000,2152.000000,5600.000000,10018.000000,13212.000000,57.000000,132.000000,242.000000,336.000000,374.000000,1036.000000,1838.000000,2488.000000,25.281700,69.342000,123.767400,168.623200,-7.260000,-8.640000,-13.580000,114.000000,240.000000,324.000000,18.000000,36.000000,54.000000,3.000000,5.760000,8.600000
XAMNII,3.348900,33.379200,61.378200,89.487000,676.000000,1092.000000,2028.000000,2340.000000,12.000000,20.000000,108.000000,216.000000,300.000000,1.562500,5.625000,11.400000,16.250000,341.098100,837.189600,1642.131600,2327.418000,2004.000000,5388.000000,10038.000000,12744.000000,53.000000,124.000000,234.000000,340.000000,358.000000,1024.000000,1890.000000,2544.000000,22.908500,64.415600,118.969800,162.600400,-7.260000,-11.580000,-12.300000,114.000000,234.000000,430.000000,18.000000,36.000000,70.000000,3.000000,5.880000,12.000000
XAMNII01,3.348900,33.379200,61.378200,89.487000,676.000000,1092.000000,2028.000000,2340.000000,12.000000,20.000000,108.000000,216.000000,300.000000,1.562500,5.625000,11.400000,16.250000,341.098100,837.189600,1642.131600,2327.418000,2004.000000,5388.000000,10038.000000,12744.000000,53.000000,124.000000,234.000000,340.000000,358.000000,1024.000000,1890.000000,2544.000000,22.908500,64.415600,118.969800,162.600400,-7.260000,-11.580000,-12.300000,114.000000,234.000000,430.000000,18.000000,36.000000,70.000000,3.000000,5.880000,12.000000
XECMIB01,3.348900,33.379200,46.665000,62.878800,676.000000,1092.000000,1560.000000,2184.000000,10.000000,14.000000,96.000000,168.000000,180.000000,1.562500,5.625000,9.625000,12.100000,571.476300,1302.284400,2236.782800,3106.933600,3318.000000,7440.000000,11526.000000,14728.000000,95.000000,208.000000,350.000000,500.000000,558.000000,1476.000000,2356.000000,2940.000000,41.591700,105.744400,169.902600,223.037600,-7.260000,-7.200000,-8.740000,114.000000,200.000000,280.000000,20.000000,32.000000,54.000000,3.000000,4.800000,7.820000
XECMIB02,3.348900,33.379200,46.665000,62.878800,676.000000,1092.000000,1560.000000,2184.000000,10.000000,14.000000,96.000000,168.000000,180.000000,1.562500,5.625000,9.625000,12.100000,571.476300,1302.284400,2236.782800,3106.933600,3318.000000,7440.000000,11526.000000,14728.000000,95.000000,208.000000,350.000000,500.000000,558.000000,1476.000000,2356.000000,2940.000000,41.591700,105.744400,169.902600,223.037600,-7.260000,-7.200000,-8.740000,114.000000,200.000000,280.000000,20.000000,32.000000,54.000000,3.000000,4.800000,7.820000
XECNAU,3.348900,33.379200,46.665000,62.878800,676.000000,1092.000000,1560.000000,2184.000000,10.000000,14.000000,96.000000,168.000000,180.000000,1.562500,5.625000,9.625000,12.100000,491.692700,1103.426800,1879.170800,2596.065600,3074.000000,6724.000000,10326.000000,13200.000000,79.000000,172.000000,286.000000,404.000000,458.000000,1204.000000,1900.000000,2316.000000,35.631700,89.083200,141.443400,183.940000,-7.260000,-7.200000,-8.740000,114.000000,200.000000,280.000000,20.000000,32.000000,54.000000,3.000000,4.800000,7.820000
XECNAU01,3.348900,33.379200,46.665000,62.878800,676.000000,1092.000000,1560.000000,2184.000000,10.000000,14.000000,96.000000,168.000000,180.000000,1.562500,5.625000,9.625000,12.100000,491.692700,1103.426800,1879.170800,2596.065600,3074.000000,6724.000000,10326.000000,13200.000000,79.000000,172.000000,286.000000,404.000000,458.000000,1204.000000,1900.000000,2316.000000,35.631700,89.083200,141.443400,183.940000,-7.260000,-7.200000,-8.740000,114.000000,200.000000,280.000000,20.000000,32.000000,54.000000,3.000000,4.800000,7.820000
XEFDER02,3.348900,33.379200,61.378200,93.330000,676.000000,1092.000000,2028.000000,3120.000000,12.000000,20.000000,108.000000,216.000000,408.000000,1.562500,5.625000,11.400000,19.250000,535.288100,1262.529600,2441.487600,3296.706000,2460.000000,6540.000000,12102.000000,17280.000000,89.000000,196.000000,378.000000,484.000000,574.000000,1528.000000,2610.000000,3840.000000,33.308900,92.320400,163.931400,230.933200,-7.260000,-11.580000,-14.400000,114.000000,234.000000,400.000000,18.000000,36.000000,52.000000,3.000000,5.880000,9.600000
XEFDER06,3.348900,33.379200,61.378200,93.330000,676.000000,1092.000000,2028.000000,3120.000000,12.000000,20.000000,108.000000,216.000000,408.000000,1.562500,5.625000,11.400000,19.250000,535.288100,1262.529600,2441.487600,3296.706000,2460.000000,6540.000000,12102.000000,17280.000000,89.000000,196.000000,378.000000,484.000000,574.000000,1528.000000,2610.000000,3840.000000,33.308900,92.320400,163.931400,230.933200,-7.260000,-11.580000,-14.400000,114.000000,234.000000,400.000000,18.000000,36.000000,52.000000,3.000000,5.880000,9.600000
XENBEX06,3.348900,33.379200,59.584800,72.102000,676.000000,1092.000000,1976.000000,1976.000000,12.000000,16.000000,108.000000,216.000000,240.000000,1.562500,5.625000,11.450000,13.400000,325.939900,798.795200,1533.710400,2146.815200,1976.000000,5288.000000,9766.000000,11808.000000,51.000000,120.000000,222.000000,316.000000,342.000000,972.000000,1782.000000,2316.000000,22.695500,63.459200,115.982200,154.144400,-7.260000,-10.600000,-10.120000,114.000000,236.000000,340.000000,18.000000,36.000000,56.000000,3.000000,5.840000,9.280000
XENBEX07,3.348900,33.379200,59.584800,72.102000,676.000000,1092.000000,1976.000000,1976.000000,12.000000,16.000000,108.000000,216.000000,240.000000,1.562500,5.625000,11.450000,13.400000,325.939900,798.795200,1533.710400,2146.815200,1976.000000,5288.000000,9766.000000,11808.000000,51.000000,120.000000,222.000000,316.000000,342.000000,972.000000,1782.000000,2316.000000,22.695500,63.459200,115.982200,154.144400,-7.260000,-10.600000,-10.120000,114.000000,236.000000,340.000000,18.000000,36.000000,56.000000,3.000000,5.840000,9.280000
XEVYUS,3.348900,33.379200,61.378200,89.487000,676.000000,1092.000000,2028.000000,2340.000000,12.000000,20.000000,108.000000,216.000000,300.000000,1.562500,5.625000,11.400000,16.250000,341.098100,837.189600,1642.131600,2327.418000,2004.000000,5388.000000,10038.000000,12744.000000,53.000000,124.000000,234.000000,340.000000,358.000000,1024.000000,1890.000000,2544.000000,22.908500,64.415600,118.969800,162.600400,-7.260000,-11.580000,-12.300000,114.000000,234.000000,430.000000,18.000000,36.000000,70.000000,3.000000,5.880000,12.000000
XOCFIF,3.348900,33.379200,59.584800,72.102000,676.000000,1092.000000,1976.000000,1976.000000,12.000000,16.000000,108.000000,216.000000,240.000000,1.562500,5.625000,11.450000,13.400000,551.049900,1281.255200,2281.417200,3053.421200,3348.000000,7832.000000,13722.000000,15584.000000,87.000000,196.000000,342.000000,460.000000,538.000000,1444.000000,2402.000000,2988.000000,39.342900,102.544400,173.363800,220.435200,-7.260000,-10.600000,-10.120000,114.000000,236.000000,340.000000,18.000000,36.000000,56.000000,3.000000,5.840000,9.280000
XODCEB,3.348900,33.379200,57.791400,75.176400,676.000000,1092.000000,1924.000000,2288.000000,12.000000,16.000000,108.000000,216.000000,252.000000,1.562500,5.625000,11.500000,14.350000,504.389900,1216.470800,2208.807200,3055.045200,2706.000000,7088.000000,12478.000000,15724.000000,81.000000,188.000000,334.000000,468.000000,522.000000,1440.000000,2502.000000,3200.000000,35.922500,97.708400,170.254200,222.202800,-7.260000,-9.620000,-11.800000,114.000000,238.000000,328.000000,18.000000,36.000000,54.000000,3.000000,5.800000,8.520000
XUGGEO,3.348900,33.379200,54.717000,69.540000,676.000000,1092.000000,1612.000000,2912.000000,12.000000,16.000000,108.000000,204.000000,180.000000,1.562500,5.625000,10.550000,12.375000,318.013500,729.480400,1474.156000,2329.117000,4026.000000,5284.000000,8578.000000,12410.000000,53.000000,116.000000,230.000000,376.000000,346.000000,1000.000000,1798.000000,2362.000000,22.772300,58.991200,106.673800,154.718800,-7.260000,-7.940000,-8.720000,114.000000,250.000000,304.000000,18.000000,38.000000,66.000000,3.000000,6.560000,10.100000
XUGGEO01,3.348900,33.379200,54.717000,69.540000,676.000000,1092.000000,1612.000000,2912.000000,12.000000,16.000000,108.000000,204.000000,180.000000,1.562500,5.625000,10.550000,12.375000,318.013500,729.480400,1474.156000,2329.117000,4026.000000,5284.000000,8578.000000,12410.000000,53.000000,116.000000,230.000000,376.000000,346.000000,1000.000000,1798.000000,2362.000000,22.772300,58.991200,106.673800,154.718800,-7.260000,-7.940000,-8.720000,114.000000,250.000000,304.000000,18.000000,38.000000,66.000000,3.000000,6.560000,10.100000
XUGGEO02,3.348900,33.379200,54.717000,69.540000,676.000000,1092.000000,1612.000000,2912.000000,12.000000,16.000000,108.000000,204.000000,180.000000,1.562500,5.625000,10.550000,12.375000,318.013500,729.480400,1474.156000,2329.117000,4026.000000,5284.000000,8578.000000,12410.000000,53.000000,116.000000,230.000000,376.000000,346.000000,1000.000000,1798.000000,2362.000000,22.772300,58.991200,106.673800,154.718800,-7.260000,-7.940000,-8.720000,114.000000,250.000000,304.000000,18.000000,38.000000,66.000000,3.000000,6.560000,10.100000
XUGGEO03,3.348900,33.379200,54.717000,69.540000,676.000000,1092.000000,1612.000000,2912.000000,12.000000,16.000000,108.000000,204.000000,180.000000,1.562500,5.625000,10.550000,12.375000,318.013500,729.480400,1474.156000,2329.117000,4026.000000,5284.000000,8578.000000,12410.000000,53.000000,116.000000,230.000000,376.000000,346.000000,1000.000000,1798.000000,2362.000000,22.772300,58.991200,106.673800,154.718800,-7.260000,-7.940000,-8.720000,114.000000,250.000000,304.000000,18.000000,38.000000,66.000000,3.000000,6.560000,10.100000
XUGGIS,3.348900,33.379200,54.717000,69.540000,676.000000,1092.000000,1612.000000,2912.000000,12.000000,16.000000,108.000000,204.000000,180.000000,1.562500,5.625000,10.550000,12.375000,318.013500,729.480400,1474.156000,2329.117000,4026.000000,5284.000000,8578.000000,12410.000000,53.000000,116.000000,230.000000,376.000000,346.000000,1000.000000,1798.000000,2362.000000,22.772300,58.991200,106.673800,154.718800,-7.260000,-7.940000,-8.720000,114.000000,250.000000,304.000000,18.000000,38.000000,66.000000,3.000000,6.560000,10.100000
XUGGIS01,3.348900,33.379200,54.717000,69.540000,676.000000,1092.000000,1612.000000,2912.000000,12.000000,16.000000,108.000000,204.000000,180.000000,1.562500,5.625000,10.550000,12.375000,318.013500,729.480400,1474.156000,2329.117000,4026.000000,5284.000000,8578.000000,12410.000000,53.000000,116.000000,230.000000,376.000000,346.000000,1000.000000,1798.000000,2362.000000,22.772300,58.991200,106.673800,154.718800,-7.260000,-7.940000,-8.720000,114.000000,250.000000,304.000000,18.000000,38.000000,66.000000,3.000000,6.560000,10.100000
XUGGIS02,3.348900,33.379200,54.717000,69.540000,676.000000,1092.000000,1612.000000,2912.000000,12.000000,16.000000,108.000000,204.000000,180.000000,1.562500,5.625000,10.550000,12.375000,318.013500,729.480400,1474.156000,2329.117000,4026.000000,5284.000000,8578.000000,12410.000000,53.000000,116.000000,230.000000,376.000000,346.000000,1000.000000,1798.000000,2362.000000,22.772300,58.991200,106.673800,154.718800,-7.260000,-7.940000,-8.720000,114.000000,250.000000,304.000000,18.000000,38.000000,66.000000,3.000000,6.560000,10.100000
XUGGUE,3.348900,33.379200,54.717000,69.540000,676.000000,1092.000000,1612.000000,2912.000000,12.000000,16.000000,108.000000,204.000000,180.000000,1.562500,5.625000,10.550000,12.375000,318.013500,729.480400,1474.156000,2329.117000,4026.000000,5284.000000,8578.000000,12410.000000,53.000000,116.000000,230.000000,376.000000,346.000000,1000.000000,1798.000000,2362.000000,22.772300,58.991200,106.673800,154.718800,-7.260000,-7.940000,-8.720000,114.000000,250.000000,304.000000,18.000000,38.000000,66.000000,3.000000,6.560000,10.100000
XUGHAL,3.348900,33.379200,54.717000,69.540000,676.000000,1092.000000,1612.000000,2912.000000,12.000000,16.000000,108.000000,204.000000,180.000000,1.562500,5.625000,10.550000,12.375000,318.013500,729.480400,1474.156000,2329.117000,4026.000000,5284.000000,8578.000000,12410.000000,53.000000,116.000000,230.000000,376.000000,346.000000,1000.000000,1798.000000,2362.000000,22.772300,58.991200,106.673800,154.718800,-7.260000,-7.940000,-8.720000,114.000000,250.000000,304.000000,18.000000,38.000000,66.000000,3.000000,6.560000,10.100000
YAGYIP,3.348900,33.379200,61.378200,90.914400,676.000000,1092.000000,2028.000000,2340.000000,12.000000,18.000000,108.000000,180.000000,228.000000,1.562500,5.625000,11.400000,14.025000,539.961900,1219.727600,2239.151200,2822.327600,9880.000000,9752.000000,15874.000000,17528.000000,79.000000,172.000000,318.000000,408.000000,490.000000,1296.000000,1994.000000,2312.000000,37.639300,90.452400,154.847400,187.276800,-7.260000,-11.580000,-16.740000,114.000000,234.000000,378.000000,18.000000,42.000000,70.000000,3.000000,5.880000,11.280000
YAGYIP01,3.348900,33.379200,61.378200,90.914400,676.000000,1092.000000,2028.000000,2340.000000,12.000000,18.000000,108.000000,180.000000,228.000000,1.562500,5.625000,11.400000,14.025000,539.961900,1219.727600,2239.151200,2822.327600,9880.000000,9752.000000,15874.000000,17528.000000,79.000000,172.000000,318.000000,408.000000,490.000000,1296.000000,1994.000000,2312.000000,37.639300,90.452400,154.847400,187.276800,-7.260000,-11.580000,-16.740000,114.000000,234.000000,378.000000,18.000000,42.000000,70.000000,3.000000,5.880000,11.280000
YAGYUB,3.348900,33.379200,61.378200,90.914400,676.000000,1092.000000,2028.000000,2340.000000,12.000000,18.000000,108.000000,180.000000,216.000000,1.562500,5.625000,11.400000,14.025000,529.845900,1174.554000,2111.136000,2711.847600,19384.000000,10068.000000,15474.000000,18576.000000,79.000000,168.000000,306.000000,396.000000,474.000000,1236.000000,1842.000000,2208.000000,41.601700,89.434800,150.408600,186.194400,-7.260000,-11.580000,-16.740000,114.000000,234.000000,378.000000,18.000000,42.000000,72.000000,3.000000,5.880000,11.280000
YAGYUB01,3.348900,33.379200,61.378200,90.914400,676.000000,1092.000000,2028.000000,2340.000000,12.000000,18.000000,108.000000,180.000000,216.000000,1.562500,5.625000,11.400000,14.025000,529.845900,1174.554000,2111.136000,2711.847600,19384.000000,10068.000000,15474.000000,18576.000000,79.000000,168.000000,306.000000,396.000000,474.000000,1236.000000,1842.000000,2208.000000,41.601700,89.434800,150.408600,186.194400,-7.260000,-11.580000,-16.740000,114.000000,234.000000,378.000000,18.000000,42.000000,72.000000,3.000000,5.880000,11.280000
YAMXAL,3.348900,33.379200,65.331000,103.029000,676.000000,1092.000000,2184.000000,1924.000000,14.000000,24.000000,120.000000,288.000000,276.000000,1.562500,5.625000,13.475000,16.100000,418.433500,1003.424400,2027.174000,3205.233000,2084.000000,5640.000000,10706.000000,13694.000000,71.000000,160.000000,318.000000,516.000000,478.000000,1392.000000,2636.000000,3802.000000,27.379100,77.624000,146.739800,220.318000,-7.260000,-10.080000,-12.380000,114.000000,280.000000,550.000000,16.000000,36.000000,98.000000,3.000000,6.720000,17.120000
YECMAW,3.348900,33.379200,55.998000,94.354800,676.000000,1092.000000,1872.000000,2704.000000,12.000000,20.000000,108.000000,216.000000,312.000000,1.562500,5.625000,11.550000,17.150000,641.776300,1509.446400,2653.398400,3793.761600,3200.000000,8208.000000,13750.000000,18992.000000,103.000000,232.000000,398.000000,580.000000,630.000000,1692.000000,2806.000000,3892.000000,44.284700,117.294400,195.283000,270.860400,-7.260000,-8.640000,-14.960000,114.000000,240.000000,416.000000,18.000000,36.000000,68.000000,3.000000,5.760000,11.280000
YELWOC,3.348900,33.379200,55.998000,94.922100,676.000000,1092.000000,1872.000000,2184.000000,12.000000,21.000000,108.000000,234.000000,306.000000,1.562500,5.625000,11.550000,15.637500,377.517400,891.470400,1768.092600,2519.422800,1952.000000,5178.000000,9282.000000,12222.000000,62.000000,138.000000,270.000000,390.000000,408.000000,1128.000000,1986.000000,2886.000000,23.745400,66.784200,121.757400,175.116600,-7.260000,-8.640000,-13.440000,114.000000,240.000000,462.000000,18.000000,33.000000,75.000000,3.000000,5.760000,13.740000
YELWOC01,3.348900,33.379200,55.998000,94.922100,676.000000,1092.000000,1872.000000,2184.000000,12.000000,21.000000,108.000000,234.000000,306.000000,1.562500,5.625000,11.550000,15.637500,377.517400,891.470400,1768.092600,2519.422800,1952.000000,5178.000000,9282.000000,12222.000000,62.000000,138.000000,270.000000,390.000000,408.000000,1128.000000,1986.000000,2886.000000,23.745400,66.784200,121.757400,175.116600,-7.260000,-8.640000,-13.440000,114.000000,240.000000,462.000000,18.000000,33.000000,75.000000,3.000000,5.760000,13.740000
YELWUI,3.348900,33.379200,55.998000,94.922100,676.000000,1092.000000,1872.000000,2184.000000,12.000000,21.000000,108.000000,234.000000,306.000000,1.562500,5.625000,11.550000,15.637500,377.517400,891.470400,1768.092600,2519.422800,1952.000000,5178.000000,9282.000000,12222.000000,62.000000,138.000000,270.000000,390.000000,408.000000,1128.000000,1986.000000,2886.000000,23.745400,66.784200,121.757400,175.116600,-7.260000,-8.640000,-13.440000,114.000000,240.000000,462.000000,18.000000,33.000000,75.000000,3.000000,5.760000,13.740000
YELWUI02,3.348900,33.379200,55.998000,94.922100,676.000000,1092.000000,1872.000000,2184.000000,12.000000,21.000000,108.000000,234.000000,306.000000,1.562500,5.625000,11.550000,15.637500,377.517400,891.470400,1768.092600,2519.422800,1952.000000,5178.000000,9282.000000,12222.000000,62.000000,138.000000,270.000000,390.000000,408.000000,1128.000000,1986.000000,2886.000000,23.745400,66.784200,121.757400,175.116600,-7.260000,-8.640000,-13.440000,114.000000,240.000000,462.000000,18.000000,33.000000,75.000000,3.000000,5.760000,13.740000
YELXAP,3.348900,33.379200,55.998000,94.922100,676.000000,1092.000000,1872.000000,2184.000000,12.000000,21.000000,108.000000,234.000000,306.000000,1.562500,5.625000,11.550000,15.637500,377.517400,891.470400,1768.092600,2519.422800,1952.000000,5178.000000,9282.000000,12222.000000,62.000000,138.000000,270.000000,390.000000,408.000000,1128.000000,1986.000000,2886.000000,23.745400,66.784200,121.757400,175.116600,-7.260000,-8.640000,-13.440000,114.000000,240.000000,462.000000,18.000000,33.000000,75.000000,3.000000,5.760000,13.740000
YELXET,3.348900,33.379200,55.998000,94.922100,676.000000,1092.000000,1872.000000,2184.000000,12.000000,21.000000,108.000000,234.000000,306.000000,1.562500,5.625000,11.550000,15.637500,377.517400,891.470400,1768.092600,2519.422800,1952.000000,5178.000000,9282.000000,12222.000000,62.000000,138.000000,270.000000,390.000000,408.000000,1128.000000,1986.000000,2886.000000,23.745400,66.784200,121.757400,175.116600,-7.260000,-8.640000,-13.440000,114.000000,240.000000,462.000000,18.000000,33.000000,75.000000,3.000000,5.760000,13.740000
YELXET01,3.348900,33.379200,55.998000,94.922100,676.000000,1092.000000,1872.000000,2184.000000,12.000000,21.000000,108.000000,234.000000,306.000000,1.562500,5.625000,11.550000,15.637500,377.517400,891.470400,1768.092600,2519.422800,1952.000000,5178.000000,9282.000000,12222.000000,62.000000,138.000000,270.000000,390.000000,408.000000,1128.000000,1986.000000,2886.000000,23.745400,66.784200,121.757400,175.116600,-7.260000,-8.640000,-13.440000,114.000000,240.000000,462.000000,18.000000,33.000000,75.000000,3.000000,5.760000,13.740000
YEQKIR,3.348900,33.379200,61.378200,90.914400,676.000000,1092.000000,2028.000000,2340.000000,12.000000,18.000000,108.000000,180.000000,216.000000,1.562500,5.625000,11.400000,14.025000,613.527300,1373.148000,2481.690000,3338.944800,2764.000000,6900.000000,11574.000000,14424.000000,97.000000,204.000000,378.000000,504.000000,582.000000,1524.000000,2310.000000,2784.000000,35.863300,93.870000,156.001800,205.576800,-7.260000,-11.580000,-16.740000,114.000000,234.000000,378.000000,18.000000,42.000000,72.000000,3.000000,5.880000,11.280000
YIMYEZ,3.348900,33.379200,61.378200,91.408500,676.000000,1092.000000,2028.000000,2730.000000,12.000000,20.000000,108.000000,216.000000,354.000000,1.562500,5.625000,11.400000,17.750000,438.193100,1049.859600,2041.809600,2812.062000,2232.000000,5964.000000,11070.000000,15012.000000,71.000000,160.000000,306.000000,412.000000,466.000000,1276.000000,2250.000000,3192.000000,28.108700,78.368000,141.450600,196.766800,-7.260000,-11.580000,-13.350000,114.000000,234.000000,415.000000,18.000000,36.000000,61.000000,3.000000,5.880000,10.800000
YIMYEZ01,3.348900,33.379200,61.378200,91.408500,676.000000,1092.000000,2028.000000,2730.000000,12.000000,20.000000,108.000000,216.000000,354.000000,1.562500,5.625000,11.400000,17.750000,438.193100,1049.859600,2041.809600,2812.062000,2232.000000,5964.000000,11070.000000,15012.000000,71.000000,160.000000,306.000000,412.000000,466.000000,1276.000000,2250.000000,3192.000000,28.108700,78.368000,141.450600,196.766800,-7.260000,-11.580000,-13.350000,114.000000,234.000000,415.000000,18.000000,36.000000,61.000000,3.000000,5.880000,10.800000
YIMYEZ02,3.348900,33.379200,61.378200,91.408500,676.000000,1092.000000,2028.000000,2730.000000,12.000000,20.000000,108.000000,216.000000,354.000000,1.562500,5.625000,11.400000,17.750000,438.193100,1049.859600,2041.809600,2812.062000,2232.000000,5964.000000,11070.000000,15012.000000,71.000000,160.000000,306.000000,412.000000,466.000000,1276.000000,2250.000000,3192.000000,28.108700,78.368000,141.450600,196.766800,-7.260000,-11.580000,-13.350000,114.000000,234.000000,415.000000,18.000000,36.000000,61.000000,3.000000,5.880000,10.800000
YIMYID02,3.348900,33.379200,61.378200,91.408500,676.000000,1092.000000,2028.000000,2730.000000,12.000000,20.000000,108.000000,216.000000,354.000000,1.562500,5.625000,11.400000,17.750000,486.740600,1156.194600,2240.619600,3036.030000,2346.000000,6252.000000,11556.000000,15708.000000,80.000000,178.000000,342.000000,448.000000,520.000000,1402.000000,2430.000000,3444.000000,30.708800,85.344200,152.739000,212.399200,-7.260000,-11.580000,-13.350000,114.000000,234.000000,415.000000,18.000000,36.000000,61.000000,3.000000,5.880000,10.800000
YIMYID04,3.348900,33.379200,61.378200,91.408500,676.000000,1092.000000,2028.000000,2730.000000,12.000000,20.000000,108.000000,216.000000,354.000000,1.562500,5.625000,11.400000,17.750000,486.740600,1156.194600,2240.619600,3036.030000,2346.000000,6252.000000,11556.000000,15708.000000,80.000000,178.000000,342.000000,448.000000,520.000000,1402.000000,2430.000000,3444.000000,30.708800,85.344200,152.739000,212.399200,-7.260000,-11.580000,-13.350000,114.000000,234.000000,415.000000,18.000000,36.000000,61.000000,3.000000,5.880000,10.800000
YIMYOJ,3.348900,33.379200,61.378200,91.408500,676.000000,1092.000000,2028.000000,2730.000000,12.000000,20.000000,108.000000,216.000000,354.000000,1.562500,5.625000,11.400000,17.750000,466.209200,1106.764600,2139.349600,2997.382600,2334.000000,6160.000000,11446.000000,15838.000000,75.000000,168.000000,320.000000,436.000000,488.000000,1336.000000,2354.000000,3384.000000,29.508300,81.788000,147.438400,208.147200,-7.260000,-11.580000,-13.350000,114.000000,234.000000,415.000000,18.000000,36.000000,61.000000,3.000000,5.880000,10.800000
YIVSEB,3.348900,33.379200,55.998000,87.455700,676.000000,1092.000000,1872.000000,2574.000000,12.000000,18.000000,108.000000,216.000000,288.000000,1.562500,5.625000,11.550000,15.675000,435.015600,1018.482000,1909.720200,2523.897000,2266.000000,5898.000000,10398.000000,14058.000000,70.000000,156.000000,288.000000,378.000000,444.000000,1188.000000,2010.000000,2790.000000,28.427800,77.318400,134.959200,184.217400,-7.260000,-8.640000,-14.850000,114.000000,240.000000,369.000000,18.000000,36.000000,60.000000,3.000000,5.760000,9.960000
YUJBUB,3.348900,33.379200,61.378200,92.049000,676.000000,1092.000000,2028.000000,2860.000000,12.000000,20.000000,108.000000,216.000000,372.000000,1.562500,5.625000,11.400000,18.250000,438.193100,1049.859600,2041.809600,2811.558000,2232.000000,5964.000000,11070.000000,15212.000000,71.000000,160.000000,306.000000,412.000000,466.000000,1276.000000,2250.000000,3204.000000,28.108700,78.368000,141.450600,197.150800,-7.260000,-11.580000,-13.700000,114.000000,234.000000,410.000000,18.000000,36.000000,58.000000,3.000000,5.880000,10.400000
YUJBUB01,3.348900,33.379200,61.378200,92.049000,676.000000,1092.000000,2028.000000,2860.000000,12.000000,20.000000,108.000000,216.000000,372.000000,1.562500,5.625000,11.400000,18.250000,438.193100,1049.859600,2041.809600,2811.558000,2232.000000,5964.000000,11070.000000,15212.000000,71.000000,160.000000,306.000000,412.000000,466.000000,1276.000000,2250.000000,3204.000000,28.108700,78.368000,141.450600,197.150800,-7.260000,-11.580000,-13.700000,114.000000,234.000000,410.000000,18.000000,36.000000,58.000000,3.000000,5.880000,10.400000
YUYHOR,3.348900,33.379200,54.717000,66.392400,676.000000,1092.000000,1612.000000,1144.000000,12.000000,16.000000,108.000000,204.000000,180.000000,1.562500,5.625000,10.550000,10.600000,287.321700,645.789400,1312.188400,1918.404800,1620.000000,4216.000000,7082.000000,7972.000000,49.000000,106.000000,206.000000,304.000000,312.000000,864.000000,1486.000000,1900.000000,19.154500,52.462600,92.826200,128.432000,-7.260000,-7.940000,-7.000000,114.000000,250.000000,372.000000,18.000000,38.000000,66.000000,3.000000,6.560000,11.520000
YUYHOR01,3.348900,33.379200,54.717000,66.392400,676.000000,1092.000000,1612.000000,1144.000000,12.000000,16.000000,108.000000,204.000000,180.000000,1.562500,5.625000,10.550000,10.600000,287.321700,645.789400,1312.188400,1918.404800,1620.000000,4216.000000,7082.000000,7972.000000,49.000000,106.000000,206.000000,304.000000,312.000000,864.000000,1486.000000,1900.000000,19.154500,52.462600,92.826200,128.432000,-7.260000,-7.940000,-7.000000,114.000000,250.000000,372.000000,18.000000,38.000000,66.000000,3.000000,6.560000,11.520000
YUZTIX,3.348900,33.379200,59.584800,72.102000,676.000000,1092.000000,1976.000000,1976.000000,12.000000,16.000000,108.000000,216.000000,240.000000,1.562500,5.625000,11.450000,13.400000,438.488100,1058.181200,1947.070400,2671.633200,2440.000000,6416.000000,11406.000000,13684.000000,69.000000,160.000000,286.000000,400.000000,446.000000,1236.000000,2182.000000,2804.000000,30.570900,83.356000,146.353400,191.475200,-7.260000,-10.600000,-10.120000,114.000000,236.000000,340.000000,18.000000,36.000000,56.000000,3.000000,5.840000,9.280000
YUZTOD,3.348900,33.379200,59.584800,72.102000,676.000000,1092.000000,1976.000000,1976.000000,12.000000,16.000000,108.000000,216.000000,240.000000,1.562500,5.625000,11.450000,13.400000,438.488100,1058.181200,1947.070400,2671.633200,2440.000000,6416.000000,11406.000000,13684.000000,69.000000,160.000000,286.000000,400.000000,446.000000,1236.000000,2182.000000,2804.000000,30.570900,83.356000,146.353400,191.475200,-7.260000,-10.600000,-10.120000,114.000000,236.000000,340.000000,18.000000,36.000000,56.000000,3.000000,5.840000,9.280000
YUZTUJ,3.348900,33.379200,59.584800,72.102000,676.000000,1092.000000,1976.000000,1976.000000,12.000000,16.000000,108.000000,216.000000,240.000000,1.562500,5.625000,11.450000,13.400000,443.328100,1071.557200,1969.510400,2713.433200,2441.000000,6430.000000,11430.000000,13712.000000,70.000000,162.000000,290.000000,408.000000,452.000000,1254.000000,2210.000000,2834.000000,30.707800,83.911000,147.493000,193.162400,-7.260000,-10.600000,-10.120000,114.000000,236.000000,340.000000,18.000000,36.000000,56.000000,3.000000,5.840000,9.280000
ZEQMEP02,3.348900,33.379200,61.378200,93.330000,676.000000,1092.000000,2028.000000,3120.000000,12.000000,20.000000,108.000000,216.000000,408.000000,1.562500,5.625000,11.400000,19.250000,535.288100,1262.529600,2441.487600,3296.706000,2460.000000,6540.000000,12102.000000,17280.000000,89.000000,196.000000,378.000000,484.000000,574.000000,1528.000000,2610.000000,3840.000000,33.308900,92.320400,163.931400,230.933200,-7.260000,-11.580000,-14.400000,114.000000,234.000000,400.000000,18.000000,36.000000,52.000000,3.000000,5.880000,9.600000
ZIKKUC,3.348900,33.379200,57.791400,75.176400,676.000000,1092.000000,1924.000000,2288.000000,12.000000,16.000000,108.000000,216.000000,264.000000,1.562500,5.625000,11.500000,14.350000,570.102100,1358.278800,2453.889200,3317.313200,2912.000000,7548.000000,13114.000000,16716.000000,91.000000,208.000000,370.000000,504.000000,578.000000,1568.000000,2682.000000,3496.000000,38.995500,105.594400,182.006600,238.752800,-7.260000,-9.620000,-11.800000,114.000000,238.000000,328.000000,18.000000,36.000000,52.000000,3.000000,5.800000,8.520000
ZIKKUC04,3.348900,33.379200,57.791400,75.176400,676.000000,1092.000000,1924.000000,2288.000000,12.000000,16.000000,108.000000,216.000000,264.000000,1.562500,5.625000,11.500000,14.350000,570.102100,1358.278800,2453.889200,3317.313200,2912.000000,7548.000000,13114.000000,16716.000000,91.000000,208.000000,370.000000,504.000000,578.000000,1568.000000,2682.000000,3496.000000,38.995500,105.594400,182.006600,238.752800,-7.260000,-9.620000,-11.800000,114.000000,238.000000,328.000000,18.000000,36.000000,52.000000,3.000000,5.800000,8.520000
ZIKMAK05,3.348900,33.379200,57.791400,75.176400,676.000000,1092.000000,1924.000000,2288.000000,12.000000,16.000000,108.000000,216.000000,264.000000,1.562500,5.625000,11.500000,14.350000,570.102100,1358.278800,2453.889200,3317.313200,2912.000000,7548.000000,13114.000000,16716.000000,91.000000,208.000000,370.000000,504.000000,578.000000,1568.000000,2682.000000,3496.000000,38.995500,105.594400,182.006600,238.752800,-7.260000,-9.620000,-11.800000,114.000000,238.000000,328.000000,18.000000,36.000000,52.000000,3.000000,5.800000,8.520000
ZIKMAK09,3.348900,33.379200,57.791400,75.176400,676.000000,1092.000000,1924.000000,2288.000000,12.000000,16.000000,108.000000,216.000000,264.000000,1.562500,5.625000,11.500000,14.350000,570.102100,1358.278800,2453.889200,3317.313200,2912.000000,7548.000000,13114.000000,16716.000000,91.000000,208.000000,370.000000,504.000000,578.000000,1568.000000,2682.000000,3496.000000,38.995500,105.594400,182.006600,238.752800,-7.260000,-9.620000,-11.800000,114.000000,238.000000,328.000000,18.000000,36.000000,52.000000,3.000000,5.800000,8.520000
ZIMMAJ,3.348900,33.379200,55.998000,85.534200,676.000000,1092.000000,1872.000000,2184.000000,12.000000,18.000000,108.000000,216.000000,252.000000,1.562500,5.625000,11.550000,14.175000,318.413100,770.795400,1458.091200,1956.901200,1930.000000,5076.000000,9138.000000,11214.000000,49.000000,114.000000,210.000000,294.000000,324.000000,918.000000,1674.000000,2130.000000,21.448900,59.809800,109.009800,142.025400,-7.260000,-8.640000,-13.800000,114.000000,240.000000,384.000000,18.000000,36.000000,66.000000,3.000000,5.760000,11.160000
ZOKBOQ,3.348900,33.379200,55.998000,96.148200,676.000000,1092.000000,1872.000000,2756.000000,12.000000,20.000000,108.000000,216.000000,336.000000,1.562500,5.625000,11.550000,17.100000,373.463100,903.140400,1735.491200,2441.216400,2080.000000,5508.000000,9866.000000,13336.000000,59.000000,136.000000,258.000000,372.000000,394.000000,1108.000000,1994.000000,2748.000000,24.641900,69.157600,126.429000,174.914000,-7.260000,-8.640000,-15.940000,114.000000,240.000000,414.000000,18.000000,36.000000,64.000000,3.000000,5.760000,11.320000
ZOYKUV,3.348900,33.379200,48.458400,56.620200,676.000000,1092.000000,1612.000000,2184.000000,10.000000,12.000000,96.000000,156.000000,168.000000,1.562500,5.625000,9.575000,11.125000,934.056300,2064.337200,3772.702800,5246.360800,4170.000000,9396.000000,14166.000000,17632.000000,157.000000,328.000000,610.000000,872.000000,938.000000,2484.000000,3640.000000,4192.000000,57.924300,149.084400,241.243000,304.777200,-7.260000,-8.180000,-8.980000,114.000000,198.000000,228.000000,20.000000,34.000000,44.000000,3.000000,4.840000,6.100000
ZOYKUV01,3.348900,33.379200,48.458400,56.620200,676.000000,1092.000000,1612.000000,2184.000000,10.000000,12.000000,96.000000,156.000000,168.000000,1.562500,5.625000,9.575000,11.125000,934.056300,2064.337200,3772.702800,5246.360800,4170.000000,9396.000000,14166.000000,17632.000000,157.000000,328.000000,610.000000,872.000000,938.000000,2484.000000,3640.000000,4192.000000,57.924300,149.084400,241.243000,304.777200,-7.260000,-8.180000,-8.980000,114.000000,198.000000,228.000000,20.000000,34.000000,44.000000,3.000000,4.840000,6.100000
ZUBNAO,3.348900,33.379200,46.665000,62.878800,676.000000,1092.000000,1560.000000,2184.000000,10.000000,14.000000,96.000000,168.000000,180.000000,1.562500,5.625000,9.625000,12.100000,628.097700,1489.788400,2630.137200,3628.525600,3726.000000,8644.000000,14074.000000,18316.000000,101.000000,232.000000,402.000000,568.000000,634.000000,1716.000000,2872.000000,3664.000000,46.851500,122.162000,205.170200,271.890800,-7.260000,-7.200000,-8.740000,114.000000,200.000000,280.000000,20.000000,32.000000,54.000000,3.000000,4.800000,7.820000
ZUBNAO01,3.348900,33.379200,46.665000,62.878800,676.000000,1092.000000,1560.000000,2184.000000,10.000000,14.000000,96.000000,168.000000,180.000000,1.562500,5.625000,9.625000,12.100000,628.097700,1489.788400,2630.137200,3628.525600,3726.000000,8644.000000,14074.000000,18316.000000,101.000000,232.000000,402.000000,568.000000,634.000000,1716.000000,2872.000000,3664.000000,46.851500,122.162000,205.170200,271.890800,-7.260000,-7.200000,-8.740000,114.000000,200.000000,280.000000,20.000000,32.000000,54.000000,3.000000,4.800000,7.820000
ZUBNES,3.348900,33.379200,46.665000,62.878800,676.000000,1092.000000,1560.000000,2184.000000,10.000000,14.000000,96.000000,168.000000,180.000000,1.562500,5.625000,9.625000,12.100000,628.097700,1489.788400,2630.137200,3628.525600,3726.000000,8644.000000,14074.000000,18316.000000,101.000000,232.000000,402.000000,568.000000,634.000000,1716.000000,2872.000000,3664.000000,46.851500,122.162000,205.170200,271.890800,-7.260000,-7.200000,-8.740000,114.000000,200.000000,280.000000,20.000000,32.000000,54.000000,3.000000,4.800000,7.820000
ZUBNIW01,3.348900,33.379200,46.665000,62.878800,676.000000,1092.000000,1560.000000,2184.000000,10.000000,14.000000,96.000000,168.000000,180.000000,1.562500,5.625000,9.625000,12.100000,628.097700,1489.788400,2630.137200,3628.525600,3726.000000,8644.000000,14074.000000,18316.000000,101.000000,232.000000,402.000000,568.000000,634.000000,1716.000000,2872.000000,3664.000000,46.851500,122.162000,205.170200,271.890800,-7.260000,-7.200000,-8.740000,114.000000,200.000000,280.000000,20.000000,32.000000,54.000000,3.000000,4.800000,7.820000
ZUBNOC,3.348900,33.379200,46.665000,62.878800,676.000000,1092.000000,1560.000000,2184.000000,10.000000,14.000000,96.000000,168.000000,180.000000,1.562500,5.625000,9.625000,12.100000,628.097700,1489.788400,2630.137200,3628.525600,3726.000000,8644.000000,14074.000000,18316.000000,101.000000,232.000000,402.000000,568.000000,634.000000,1716.000000,2872.000000,3664.000000,46.851500,122.162000,205.170200,271.890800,-7.260000,-7.200000,-8.740000,114.000000,200.000000,280.000000,20.000000,32.000000,54.000000,3.000000,4.800000,7.820000
ZUCROE,3.348900,33.379200,48.458400,56.510400,676.000000,1092.000000,1612.000000,1664.000000,10.000000,12.000000,96.000000,156.000000,192.000000,1.562500,5.625000,9.575000,10.500000,635.820900,1407.791200,2328.559600,3184.310800,3412.000000,8104.000000,12642.000000,15800.000000,97.000000,212.000000,346.000000,476.000000,558.000000,1456.000000,2284.000000,2792.000000,45.104900,111.540400,176.197000,228.958800,-7.260000,-8.180000,-8.920000,114.000000,198.000000,248.000000,20.000000,34.000000,40.000000,3.000000,4.840000,6.600000
ZUCROE01,3.348900,33.379200,48.458400,56.510400,676.000000,1092.000000,1612.000000,1664.000000,10.000000,12.000000,96.000000,156.000000,192.000000,1.562500,5.625000,9.575000,10.500000,635.820900,1407.791200,2328.559600,3184.310800,3412.000000,8104.000000,12642.000000,15800.000000,97.000000,212.000000,346.000000,476.000000,558.000000,1456.000000,2284.000000,2792.000000,45.104900,111.540400,176.197000,228.958800,-7.260000,-8.180000,-8.920000,114.000000,198.000000,248.000000,20.000000,34.000000,40.000000,3.000000,4.840000,6.600000
